run_id,test_scope,model_key,ollama_tag,scope,use_rag,phase,question_id,question_index,question,repeat,status,status_code,error_type,answer_status,answer,request_id,response_style,top_k,expansion_s,search_rerank_s,retrieval_s,generation_s,citation_s,first_token_s,processing_s,queue_s,backend_total_s,client_total_s,client_overhead_s,failure_wall_s,ttft_approx_s,load_s,prompt_eval_s,ollama_total_s,eval_count,prompt_eval_count,tokens_per_s,answer_tokens_per_s,baseline_ram_mb,peak_ram_mb,ram_delta_mb,baseline_gpu_mb,peak_gpu_mb,gpu_delta_mb,baseline_system_ram_used_mb,peak_system_ram_used_mb,system_ram_delta_mb,baseline_system_ram_available_mb,min_system_ram_available_mb,baseline_cpu_percent,peak_cpu_percent,ollama_process_count,resource_samples,ram_scope,gpu_scope,memory_unit,sample_interval_s,cache_enabled,cache_expansion,cache_search_rerank,source_count,answer_chars,response_chars,expanded_query_count,expansion_note,warnings,citation_statuses,kb_fingerprint,num_ctx,threshold,ollama_load_duration,ollama_prompt_eval_count,ollama_prompt_eval_duration,ollama_eval_count,ollama_eval_duration,ollama_total_duration,ollama_done_reason,num_predict,prompt_chars,prompt_index,seed,total_s
20260927-214705-5142d6fe,e2e_system,llama3.2-finetuned,,production,True,measured,Q01,1,Berapa persentase penduduk lanjut usia di Indonesia menurut publikasi Statistik Penduduk Lanjut Usia edisi terbaru?,1,ok,200,,unverified,Jawaban model belum dapat diverifikasi terhadap sumber yang terambil. Silakan periksa cuplikan sumber di bawah.,d59b680dde314596adfbe1ac77c436f2,detail,5.0,0.0,0.001,0.001,4.672,39.16,0.391,43.833,0.0,43.833,43.86456899999757,0.031568999997574565,,,,,,,,,18.444972110735208,38.6640625,38.98828125,0.32421875,,,,15747.8828125,15917.29296875,169.41015625,419.421875,250.01171875,60.2,100.0,2,703,Ollama process RSS; excludes backend RAM,Whole NVIDIA devices,MiB,0.05,True,True,True,4.0,111.0,,1.0,,"[""Sebagian sumber tidak masuk karena batas konteks; isi sumber tidak dipotong."", ""Jawaban tidak memiliki sitasi."", ""Sebagian ringkasan sumber tidak tersedia; cuplikan asli tetap ditampilkan.""]","[""excerpt_only"", ""excerpt_only"", ""excerpt_only"", ""excerpt_only""]",7cc7181d5cacb1ed77f70456fabe4983f0565fde851c7b87e1f3eb8468905ff1,8192,-1.0,6626800.0,2051.0,70983000.0,79.0,4283010000.0,4666438200.0,stop,,,,,43.833
20260927-214705-5142d6fe,e2e_system,llama3.2-finetuned,,production,True,measured,Q02,2,Apa yang dimaksud dengan Indeks Khusus Penanganan Stunting (IKPS) menurut publikasi BPS?,1,ok,200,,unverified,Jawaban model belum dapat diverifikasi terhadap sumber yang terambil. Silakan periksa cuplikan sumber di bawah.,1df5ed6f2d784f29958887aa45ee2e6c,detail,5.0,0.0,0.001,0.001,19.342,37.712,0.364,57.056,0.0,57.057,57.0656619000074,0.008661900007396639,,,,,,,,,20.232163016859978,38.4921875,38.55078125,0.05859375,,,,15458.46875,15708.8671875,250.3984375,708.8359375,458.4375,49.5,100.0,2,936,Ollama process RSS; excludes backend RAM,Whole NVIDIA devices,MiB,0.05,True,True,True,5.0,111.0,,1.0,,"[""Generasi mencapai batas token; jawaban mungkin terpotong."", ""Sebagian ringkasan sumber tidak tersedia; cuplikan asli tetap ditampilkan.""]","[""excerpt_only"", ""excerpt_only"", ""excerpt_only"", ""excerpt_only"", ""excerpt_only""]",7cc7181d5cacb1ed77f70456fabe4983f0565fde851c7b87e1f3eb8468905ff1,8192,-1.0,6105300.0,2055.0,49684000.0,384.0,18979681000.0,19338974900.0,length,,,,,57.057
20260927-214705-5142d6fe,e2e_system,llama3.2-finetuned,,production,True,measured,Q03,3,Bagaimana tren Indeks Pembangunan Manusia (IPM) Indonesia dari edisi ke edisi?,1,ok,200,,unverified,Jawaban model belum dapat diverifikasi terhadap sumber yang terambil. Silakan periksa cuplikan sumber di bawah.,7d5a1b9cc0e14c8da182b43b2376218c,detail,5.0,1.588,1.699,3.287,7.959,35.503,4.931,46.75,0.0,46.75,46.75736029999098,0.007360299990978092,,,,,,,,,22.16532067756852,38.55078125,38.79296875,0.2421875,,,,15448.61328125,15774.3359375,325.72265625,718.69140625,392.96875,40.2,100.0,2,769,Ollama process RSS; excludes backend RAM,Whole NVIDIA devices,MiB,0.05,True,False,False,4.0,111.0,,0.0,Angka atau periode pertanyaan berubah.,"[""Sebagian sumber tidak masuk karena batas konteks; isi sumber tidak dipotong."", ""Jawaban tidak memiliki sitasi."", ""Sebagian ringkasan sumber tidak tersedia; cuplikan asli tetap ditampilkan.""]","[""excerpt_only"", ""excerpt_only"", ""excerpt_only"", ""excerpt_only""]",7cc7181d5cacb1ed77f70456fabe4983f0565fde851c7b87e1f3eb8468905ff1,8192,-1.0,3104700.0,2057.0,1589197000.0,140.0,6316173000.0,7954208000.0,stop,,,,,46.75
20260927-214705-5142d6fe,e2e_system,llama3.2-finetuned,,production,True,measured,Q04,4,Berapa Indeks Perilaku Anti Korupsi (IPAK) nasional pada edisi terakhir?,1,ok,200,,unverified,Jawaban model belum dapat diverifikasi terhadap sumber yang terambil. Silakan periksa cuplikan sumber di bawah.,d6c36641833a4baa9816a3627a1de2d9,detail,5.0,1.44,1.999,3.439,5.165,33.794,5.451,42.4,0.0,42.4,42.41181510000024,0.01181510000024133,,,,,,,,,22.194897836885257,38.79296875,38.86328125,0.0703125,,,,15674.88671875,15910.1171875,235.23046875,492.41796875,257.1875,43.0,100.0,2,624,Ollama process RSS; excludes backend RAM,Whole NVIDIA devices,MiB,0.05,True,False,False,3.0,111.0,,1.0,,"[""Sebagian sumber tidak masuk karena batas konteks; isi sumber tidak dipotong."", ""Jawaban tidak memiliki sitasi."", ""Sebagian ringkasan sumber tidak tersedia; cuplikan asli tetap ditampilkan.""]","[""excerpt_only"", ""excerpt_only"", ""excerpt_only""]",7cc7181d5cacb1ed77f70456fabe4983f0565fde851c7b87e1f3eb8468905ff1,8192,-1.0,6906300.0,2357.0,1944939000.0,70.0,3153878000.0,5160267200.0,stop,,,,,42.4
20260927-214705-5142d6fe,e2e_system,llama3.2-finetuned,,production,True,measured,Q01,1,Berapa persentase penduduk lanjut usia di Indonesia menurut publikasi Statistik Penduduk Lanjut Usia edisi terbaru?,2,ok,200,,unverified,Jawaban model belum dapat diverifikasi terhadap sumber yang terambil. Silakan periksa cuplikan sumber di bawah.,96e099dfa9274446bba138940d414131,detail,5.0,0.0,0.002,0.002,7.385,35.871,0.784,43.259,0.001,43.26,43.2725924999977,0.012592499997701623,,,,,,,,,11.959636378609993,37.015625,37.015625,0.0,,,,15466.27734375,15795.40234375,329.125,701.02734375,371.90234375,65.1,100.0,2,697,Ollama process RSS; excludes backend RAM,Whole NVIDIA devices,MiB,0.05,True,True,True,4.0,111.0,,1.0,,"[""Sebagian sumber tidak masuk karena batas konteks; isi sumber tidak dipotong."", ""Jawaban tidak memiliki sitasi."", ""Sebagian ringkasan sumber tidak tersedia; cuplikan asli tetap ditampilkan.""]","[""excerpt_only"", ""excerpt_only"", ""excerpt_only"", ""excerpt_only""]",7cc7181d5cacb1ed77f70456fabe4983f0565fde851c7b87e1f3eb8468905ff1,8192,-1.0,11205400.0,2051.0,91088000.0,79.0,6605552000.0,7377870800.0,stop,,,,,43.26
20260927-214705-5142d6fe,e2e_system,llama3.2-finetuned,,production,True,measured,Q02,2,Apa yang dimaksud dengan Indeks Khusus Penanganan Stunting (IKPS) menurut publikasi BPS?,2,ok,200,,unverified,Jawaban model belum dapat diverifikasi terhadap sumber yang terambil. Silakan periksa cuplikan sumber di bawah.,ad1b8fbf20854985b8e9713224a8a5e1,detail,5.0,0.0,0.001,0.001,19.786,37.827,0.496,57.614,0.0,57.614,57.63822929999151,0.0242292999915108,,,,,,,,,19.905402683963633,36.65625,36.70703125,0.05078125,,,,15369.67578125,15809.8359375,440.16015625,797.62890625,357.46875,52.4,100.0,2,935,Ollama process RSS; excludes backend RAM,Whole NVIDIA devices,MiB,0.05,True,True,True,5.0,111.0,,1.0,,"[""Generasi mencapai batas token; jawaban mungkin terpotong."", ""Sebagian ringkasan sumber tidak tersedia; cuplikan asli tetap ditampilkan.""]","[""excerpt_only"", ""excerpt_only"", ""excerpt_only"", ""excerpt_only"", ""excerpt_only""]",7cc7181d5cacb1ed77f70456fabe4983f0565fde851c7b87e1f3eb8468905ff1,8192,-1.0,3783800.0,2055.0,66284000.0,384.0,19291245000.0,19782454700.0,length,,,,,57.614
20260927-214705-5142d6fe,e2e_system,llama3.2-finetuned,,production,True,measured,Q03,3,Bagaimana tren Indeks Pembangunan Manusia (IPM) Indonesia dari edisi ke edisi?,2,ok,200,,unverified,Jawaban model belum dapat diverifikasi terhadap sumber yang terambil. Silakan periksa cuplikan sumber di bawah.,00cdab9851e24e75a7a37665ed0a7b7f,detail,5.0,0.0,0.001,0.001,7.1,43.907,0.586,51.008,0.0,51.009,51.01697199999762,0.007971999997621992,,,,,,,,,17.95718179068096,36.69140625,37.49609375,0.8046875,,,,15701.31640625,16145.05859375,443.7421875,465.98828125,22.24609375,63.2,100.0,2,801,Ollama process RSS; excludes backend RAM,Whole NVIDIA devices,MiB,0.05,True,True,True,4.0,111.0,,0.0,Angka atau periode pertanyaan berubah.,"[""Sebagian sumber tidak masuk karena batas konteks; isi sumber tidak dipotong."", ""Jawaban tidak memiliki sitasi."", ""Sebagian ringkasan sumber tidak tersedia; cuplikan asli tetap ditampilkan.""]","[""excerpt_only"", ""excerpt_only"", ""excerpt_only"", ""excerpt_only""]",7cc7181d5cacb1ed77f70456fabe4983f0565fde851c7b87e1f3eb8468905ff1,8192,-1.0,6122600.0,2057.0,66655000.0,117.0,6515499000.0,7095416100.0,stop,,,,,51.009
20260927-214705-5142d6fe,e2e_system,llama3.2-finetuned,,production,True,measured,Q04,4,Berapa Indeks Perilaku Anti Korupsi (IPAK) nasional pada edisi terakhir?,2,ok,200,,unverified,Jawaban model belum dapat diverifikasi terhadap sumber yang terambil. Silakan periksa cuplikan sumber di bawah.,d100860defec4212acd1ee47992d2e8e,detail,5.0,0.0,0.001,0.001,4.171,21.748,0.489,25.92,0.0,25.92,25.935562800004845,0.01556280000484378,,,,,,,,,19.01205228314378,37.49609375,37.49609375,0.0,,,,15719.7890625,16013.0078125,293.21875,447.515625,154.296875,32.7,97.0,2,427,Ollama process RSS; excludes backend RAM,Whole NVIDIA devices,MiB,0.05,True,True,True,3.0,111.0,,1.0,,"[""Sebagian sumber tidak masuk karena batas konteks; isi sumber tidak dipotong."", ""Jawaban tidak memiliki sitasi."", ""Sebagian ringkasan sumber tidak tersedia; cuplikan asli tetap ditampilkan.""]","[""excerpt_only"", ""excerpt_only"", ""excerpt_only""]",7cc7181d5cacb1ed77f70456fabe4983f0565fde851c7b87e1f3eb8468905ff1,8192,-1.0,3382200.0,2357.0,56869000.0,70.0,3681875000.0,4166020200.0,stop,,,,,25.92
20260927-214705-5142d6fe,e2e_system,llama3.2-finetuned,,production,True,measured,Q01,1,Berapa persentase penduduk lanjut usia di Indonesia menurut publikasi Statistik Penduduk Lanjut Usia edisi terbaru?,3,ok,200,,unverified,Jawaban model belum dapat diverifikasi terhadap sumber yang terambil. Silakan periksa cuplikan sumber di bawah.,042e93e8ed514a7788fb8796e5aba1ab,detail,5.0,0.0,0.001,0.001,3.929,37.76,0.413,41.69,0.0,41.69,41.705789300001925,0.01578930000192713,,,,,,,,,22.463577725685024,37.2109375,37.328125,0.1171875,,,,15552.45703125,15867.796875,315.33984375,614.84765625,299.5078125,37.1,100.0,2,683,Ollama process RSS; excludes backend RAM,Whole NVIDIA devices,MiB,0.05,True,True,True,4.0,111.0,,1.0,,"[""Sebagian sumber tidak masuk karena batas konteks; isi sumber tidak dipotong."", ""Jawaban tidak memiliki sitasi."", ""Sebagian ringkasan sumber tidak tersedia; cuplikan asli tetap ditampilkan.""]","[""excerpt_only"", ""excerpt_only"", ""excerpt_only"", ""excerpt_only""]",7cc7181d5cacb1ed77f70456fabe4983f0565fde851c7b87e1f3eb8468905ff1,8192,-1.0,3691700.0,2051.0,52129000.0,79.0,3516804000.0,3925279400.0,stop,,,,,41.69
20260927-214705-5142d6fe,e2e_system,llama3.2-finetuned,,production,True,measured,Q02,2,Apa yang dimaksud dengan Indeks Khusus Penanganan Stunting (IKPS) menurut publikasi BPS?,3,ok,200,,basic_checks_passed,"[1] IKPS adalah instrumen khusus yang digunakan untuk mengukur sejauh mana rumah tangga sasaran telah menerima berbagai intervensi dalam penanganan stunting. IKPS disusun untuk membandingkan bagaimana perkembangan cakupan-cakupan intervensi terhadap rumah tangga sasaran, baik secara nasional, provinsi, hingga kabupaten/kota. IKPS merupakan bagian dari instrumen monitoring dan evaluasi yang dapat dipantau secara periodik untuk melihat implementasi dari program penanganan stunting.

[2] IKPS disusun untuk memenuhi kebutuhan data dan informasi bagi pemerintah dalam memantau kinerja penanganan stunting di Indonesia. Laporan IKPS diharapkan dapat bermanfaat bagi kementerian/lembaga dan pemerintah daerah, serta menyediakan berbagai informasi yang dibutuhkan dalam perancangan kebijakan penanganan stunting di Indonesia.

[3] IKPS dibangun untuk menjembatani kepentingan kementerian/lembaga dalam pelaksanaan penanganan stunting, serta dapat mencerminkan variasi pelaksanaan program penanganan stunting yang dilakukan oleh pemerintah daerah.",cd44b53abca344c5817d26d320e5e33a,detail,5.0,1.932,0.002,1.934,15.317,47.374,3.404,64.626,0.0,64.627,64.64464399999997,0.01764399999997579,,,,,,,,,21.229966024833285,37.328125,37.34765625,0.01953125,,,,15731.3984375,16131.16015625,399.76171875,435.90625,36.14453125,35.8,100.0,2,953,Ollama process RSS; excludes backend RAM,Whole NVIDIA devices,MiB,0.05,True,False,True,5.0,1044.0,,0.0,Angka atau periode pertanyaan berubah.,"[""Sebagian ringkasan sumber tidak tersedia; cuplikan asli tetap ditampilkan.""]","[""excerpt_only"", ""excerpt_only"", ""excerpt_only"", ""excerpt_only"", ""excerpt_only""]",7cc7181d5cacb1ed77f70456fabe4983f0565fde851c7b87e1f3eb8468905ff1,8192,-1.0,4269800.0,1856.0,1408096000.0,294.0,13848350000.0,15312305800.0,stop,,,,,64.627
20260927-214705-5142d6fe,e2e_system,llama3.2-finetuned,,production,True,measured,Q03,3,Bagaimana tren Indeks Pembangunan Manusia (IPM) Indonesia dari edisi ke edisi?,3,ok,200,,unverified,Jawaban model belum dapat diverifikasi terhadap sumber yang terambil. Silakan periksa cuplikan sumber di bawah.,e24a0d10f56a4030be006c35cd246629,detail,5.0,0.0,0.001,0.001,7.579,39.031,0.651,46.612,0.0,46.613,46.62108630000148,0.00808630000148014,,,,,,,,,16.882909805579587,26.9765625,27.6640625,0.6875,,,,15638.75,15989.67578125,350.92578125,528.5546875,177.62890625,53.5,100.0,2,742,Ollama process RSS; excludes backend RAM,Whole NVIDIA devices,MiB,0.05,True,True,True,4.0,111.0,,0.0,Angka atau periode pertanyaan berubah.,"[""Sebagian sumber tidak masuk karena batas konteks; isi sumber tidak dipotong."", ""Jawaban tidak memiliki sitasi."", ""Sebagian ringkasan sumber tidak tersedia; cuplikan asli tetap ditampilkan.""]","[""excerpt_only"", ""excerpt_only"", ""excerpt_only"", ""excerpt_only""]",7cc7181d5cacb1ed77f70456fabe4983f0565fde851c7b87e1f3eb8468905ff1,8192,-1.0,8725800.0,2057.0,76755000.0,117.0,6930085000.0,7574535400.0,stop,,,,,46.613
20260927-214705-5142d6fe,e2e_system,llama3.2-finetuned,,production,True,measured,Q04,4,Berapa Indeks Perilaku Anti Korupsi (IPAK) nasional pada edisi terakhir?,3,ok,200,,unverified,Jawaban model belum dapat diverifikasi terhadap sumber yang terambil. Silakan periksa cuplikan sumber di bawah.,69f1705051304de6a50bf047c6e09d98,detail,5.0,0.0,0.002,0.002,4.051,22.351,0.521,26.404,0.0,26.405,26.438016200001584,0.03301620000158323,,,,,,,,,19.817935458080253,27.6640625,28.1015625,0.4375,,,,15499.9375,15816.71484375,316.77734375,667.3671875,350.58984375,34.9,100.0,2,432,Ollama process RSS; excludes backend RAM,Whole NVIDIA devices,MiB,0.05,True,True,True,3.0,111.0,,1.0,,"[""Sebagian sumber tidak masuk karena batas konteks; isi sumber tidak dipotong."", ""Jawaban tidak memiliki sitasi."", ""Sebagian ringkasan sumber tidak tersedia; cuplikan asli tetap ditampilkan.""]","[""excerpt_only"", ""excerpt_only"", ""excerpt_only""]",7cc7181d5cacb1ed77f70456fabe4983f0565fde851c7b87e1f3eb8468905ff1,8192,-1.0,4118200.0,2357.0,62653000.0,70.0,3532154000.0,4046650900.0,stop,,,,,26.405
20260927-214705-5142d6fe,e2e_system,gemma2-finetuned,,production,True,measured,Q01,1,Berapa persentase penduduk lanjut usia di Indonesia menurut publikasi Statistik Penduduk Lanjut Usia edisi terbaru?,1,ok,200,,unverified,Jawaban model belum dapat diverifikasi terhadap sumber yang terambil. Silakan periksa cuplikan sumber di bawah.,f6f7b2177369431a85d2737e34dd4c46,detail,5.0,0.0,0.002,0.002,1.445,13.214,0.543,14.663,0.0,14.663,14.674123400007375,0.011123400007374329,,,,,,,,,39.79712311018939,29.66015625,29.71875,0.05859375,,,,14151.77734375,14657.5546875,505.77734375,2015.52734375,1509.75,77.6,100.0,2,209,Ollama process RSS; excludes backend RAM,Whole NVIDIA devices,MiB,0.05,True,True,True,3.0,111.0,,0.0,Angka atau periode pertanyaan berubah.,"[""Sebagian sumber tidak masuk karena batas konteks; isi sumber tidak dipotong."", ""Jawaban tidak memiliki sitasi."", ""Sebagian ringkasan sumber tidak tersedia; cuplikan asli tetap ditampilkan.""]","[""supported_excerpt"", ""excerpt_only"", ""excerpt_only""]",7cc7181d5cacb1ed77f70456fabe4983f0565fde851c7b87e1f3eb8468905ff1,8192,-1.0,12878300.0,1431.0,203700000.0,36.0,904588000.0,1438182600.0,stop,,,,,14.663
20260927-214705-5142d6fe,e2e_system,gemma2-finetuned,,production,True,measured,Q02,2,Apa yang dimaksud dengan Indeks Khusus Penanganan Stunting (IKPS) menurut publikasi BPS?,1,ok,200,,unverified,Jawaban model belum dapat diverifikasi terhadap sumber yang terambil. Silakan periksa cuplikan sumber di bawah.,bfe147c67f1b46a1b2492e34ed70cd88,detail,5.0,0.872,2.268,3.14,4.088,18.18,4.008,25.409,0.0,25.41,25.42237080000632,0.012370800006319627,,,,,,,,,43.17981098426049,29.71875,29.72265625,0.00390625,,,,14221.1875,14590.53515625,369.34765625,1946.1171875,1576.76953125,69.4,100.0,2,379,Ollama process RSS; excludes backend RAM,Whole NVIDIA devices,MiB,0.05,True,False,False,5.0,111.0,,0.0,Angka atau periode pertanyaan berubah.,"[""Jawaban tidak memiliki sitasi."", ""Sebagian ringkasan sumber tidak tersedia; cuplikan asli tetap ditampilkan.""]","[""excerpt_only"", ""excerpt_only"", ""excerpt_only"", ""excerpt_only"", ""excerpt_only""]",7cc7181d5cacb1ed77f70456fabe4983f0565fde851c7b87e1f3eb8468905ff1,8192,-1.0,9528200.0,1366.0,812695000.0,139.0,3219097000.0,4084071100.0,stop,,,,,25.41
20260927-214705-5142d6fe,e2e_system,gemma2-finetuned,,production,True,measured,Q03,3,Bagaimana tren Indeks Pembangunan Manusia (IPM) Indonesia dari edisi ke edisi?,1,ok,200,,unverified,Jawaban model belum dapat diverifikasi terhadap sumber yang terambil. Silakan periksa cuplikan sumber di bawah.,60d63b87655741f79dc004a911509181,detail,5.0,0.609,0.001,0.61,5.404,17.574,1.499,23.589,0.0,23.59,23.613975300002494,0.023975300002494038,,,,,,,,,45.615861742308915,29.6171875,29.74609375,0.12890625,,,,14160.94140625,14838.21875,677.27734375,2006.36328125,1329.0859375,48.1,100.0,2,392,Ollama process RSS; excludes backend RAM,Whole NVIDIA devices,MiB,0.05,True,False,True,4.0,111.0,,0.0,Angka atau periode pertanyaan berubah.,"[""Sebagian sumber tidak masuk karena batas konteks; isi sumber tidak dipotong."", ""Jawaban tidak memiliki sitasi."", ""Sebagian ringkasan sumber tidak tersedia; cuplikan asli tetap ditampilkan.""]","[""excerpt_only"", ""excerpt_only"", ""excerpt_only"", ""excerpt_only""]",7cc7181d5cacb1ed77f70456fabe4983f0565fde851c7b87e1f3eb8468905ff1,8192,-1.0,5767200.0,1575.0,845797000.0,206.0,4515973000.0,5399606400.0,stop,,,,,23.59
20260927-214705-5142d6fe,e2e_system,gemma2-finetuned,,production,True,measured,Q04,4,Berapa Indeks Perilaku Anti Korupsi (IPAK) nasional pada edisi terakhir?,1,ok,200,,unverified,Jawaban model belum dapat diverifikasi terhadap sumber yang terambil. Silakan periksa cuplikan sumber di bawah.,d3d9e7d9e3a34ac2a1928d3764e2103f,detail,5.0,0.789,1.647,2.436,1.499,11.843,3.194,15.779,0.0,15.779,15.786854299993138,0.007854299993137914,,,,,,,,,47.20149102767086,29.74609375,29.8828125,0.13671875,,,,14748.50390625,15421.21875,672.71484375,1418.80078125,746.0859375,52.9,100.0,2,260,Ollama process RSS; excludes backend RAM,Whole NVIDIA devices,MiB,0.05,True,False,False,3.0,111.0,,0.0,Angka atau periode pertanyaan berubah.,"[""Sebagian sumber tidak masuk karena batas konteks; isi sumber tidak dipotong."", ""Jawaban tidak memiliki sitasi."", ""Sebagian ringkasan sumber tidak tersedia; cuplikan asli tetap ditampilkan.""]","[""supported_excerpt"", ""excerpt_only"", ""excerpt_only""]",7cc7181d5cacb1ed77f70456fabe4983f0565fde851c7b87e1f3eb8468905ff1,8192,-1.0,3682500.0,1470.0,715387000.0,35.0,741502000.0,1494429100.0,stop,,,,,15.779
20260927-214705-5142d6fe,e2e_system,gemma2-finetuned,,production,True,measured,Q01,1,Berapa persentase penduduk lanjut usia di Indonesia menurut publikasi Statistik Penduduk Lanjut Usia edisi terbaru?,2,ok,200,,unverified,Jawaban model belum dapat diverifikasi terhadap sumber yang terambil. Silakan periksa cuplikan sumber di bawah.,4fc07fbd6e20439b959be696c9746195,detail,5.0,0.0,0.001,0.001,1.246,12.371,0.43,13.618,0.0,13.619,13.633432700007688,0.014432700007688481,,,,,,,,,44.07718895278721,29.8828125,29.8984375,0.015625,,,,15387.2421875,15781.78125,394.5390625,780.0625,385.5234375,34.6,100.0,2,225,Ollama process RSS; excludes backend RAM,Whole NVIDIA devices,MiB,0.05,True,True,True,3.0,111.0,,0.0,Angka atau periode pertanyaan berubah.,"[""Sebagian sumber tidak masuk karena batas konteks; isi sumber tidak dipotong."", ""Jawaban tidak memiliki sitasi."", ""Sebagian ringkasan sumber tidak tersedia; cuplikan asli tetap ditampilkan.""]","[""supported_excerpt"", ""excerpt_only"", ""excerpt_only""]",7cc7181d5cacb1ed77f70456fabe4983f0565fde851c7b87e1f3eb8468905ff1,8192,-1.0,4542400.0,1431.0,168576000.0,36.0,816749000.0,1242580500.0,stop,,,,,13.619
20260927-214705-5142d6fe,e2e_system,gemma2-finetuned,,production,True,measured,Q02,2,Apa yang dimaksud dengan Indeks Khusus Penanganan Stunting (IKPS) menurut publikasi BPS?,2,ok,200,,unverified,Jawaban model belum dapat diverifikasi terhadap sumber yang terambil. Silakan periksa cuplikan sumber di bawah.,1d8a8fcbb2aa4e54899f10e964e2f80c,detail,5.0,0.0,0.001,0.001,3.479,18.454,0.443,21.934,0.0,21.935,21.962263900000835,0.027263900000836117,,,,,,,,,46.107262618405095,29.8984375,30.02734375,0.12890625,,,,15418.7890625,15778.7109375,359.921875,748.515625,388.59375,39.3,100.0,2,306,Ollama process RSS; excludes backend RAM,Whole NVIDIA devices,MiB,0.05,True,True,True,5.0,111.0,,0.0,Angka atau periode pertanyaan berubah.,"[""Jawaban tidak memiliki sitasi."", ""Sebagian ringkasan sumber tidak tersedia; cuplikan asli tetap ditampilkan.""]","[""excerpt_only"", ""excerpt_only"", ""excerpt_only"", ""excerpt_only"", ""excerpt_only""]",7cc7181d5cacb1ed77f70456fabe4983f0565fde851c7b87e1f3eb8468905ff1,8192,-1.0,3815900.0,1366.0,160111000.0,140.0,3036398000.0,3476599000.0,stop,,,,,21.935
20260927-214705-5142d6fe,e2e_system,gemma2-finetuned,,production,True,measured,Q03,3,Bagaimana tren Indeks Pembangunan Manusia (IPM) Indonesia dari edisi ke edisi?,2,ok,200,,unverified,Jawaban model belum dapat diverifikasi terhadap sumber yang terambil. Silakan periksa cuplikan sumber di bawah.,a750e7c94fd14d8c9ff80246687d748f,detail,5.0,0.0,0.001,0.001,5.731,18.345,0.754,24.078,0.0,24.079,24.09601150000526,0.017011500005260416,,,,,,,,,41.372623132759124,30.01171875,31.3984375,1.38671875,,,,15551.16796875,15835.2421875,284.07421875,616.13671875,332.0625,61.9,100.0,2,394,Ollama process RSS; excludes backend RAM,Whole NVIDIA devices,MiB,0.05,True,True,True,4.0,111.0,,0.0,Angka atau periode pertanyaan berubah.,"[""Sebagian sumber tidak masuk karena batas konteks; isi sumber tidak dipotong."", ""Jawaban tidak memiliki sitasi."", ""Sebagian ringkasan sumber tidak tersedia; cuplikan asli tetap ditampilkan.""]","[""excerpt_only"", ""excerpt_only"", ""excerpt_only"", ""excerpt_only""]",7cc7181d5cacb1ed77f70456fabe4983f0565fde851c7b87e1f3eb8468905ff1,8192,-1.0,4834400.0,1575.0,205457000.0,206.0,4979138000.0,5724546100.0,stop,,,,,24.079
20260927-214705-5142d6fe,e2e_system,gemma2-finetuned,,production,True,measured,Q04,4,Berapa Indeks Perilaku Anti Korupsi (IPAK) nasional pada edisi terakhir?,2,ok,200,,unverified,Jawaban model belum dapat diverifikasi terhadap sumber yang terambil. Silakan periksa cuplikan sumber di bawah.,e88b32fb49b04fd8907b821c12781cac,detail,5.0,0.0,0.001,0.001,1.496,9.734,0.75,11.231,0.0,11.231,11.253379800007679,0.022379800007678696,,,,,,,,,46.93872350811973,31.3984375,31.3984375,0.0,,,,15286.453125,15743.0703125,456.6171875,880.8515625,424.234375,48.1,100.0,2,186,Ollama process RSS; excludes backend RAM,Whole NVIDIA devices,MiB,0.05,True,True,True,3.0,111.0,,0.0,Angka atau periode pertanyaan berubah.,"[""Sebagian sumber tidak masuk karena batas konteks; isi sumber tidak dipotong."", ""Jawaban tidak memiliki sitasi."", ""Sebagian ringkasan sumber tidak tersedia; cuplikan asli tetap ditampilkan.""]","[""supported_excerpt"", ""excerpt_only"", ""supported_excerpt""]",7cc7181d5cacb1ed77f70456fabe4983f0565fde851c7b87e1f3eb8468905ff1,8192,-1.0,4753900.0,1470.0,220903000.0,35.0,745653000.0,1489700400.0,stop,,,,,11.231
20260927-214705-5142d6fe,e2e_system,gemma2-finetuned,,production,True,measured,Q01,1,Berapa persentase penduduk lanjut usia di Indonesia menurut publikasi Statistik Penduduk Lanjut Usia edisi terbaru?,3,ok,200,,unverified,Jawaban model belum dapat diverifikasi terhadap sumber yang terambil. Silakan periksa cuplikan sumber di bawah.,d677646b6b944d3e893596edad54d235,detail,5.0,0.0,0.001,0.001,1.275,12.407,0.497,13.684,0.0,13.684,13.707092999989982,0.023092999989982488,,,,,,,,,46.159113026999236,31.0,31.00390625,0.00390625,,,,15334.76953125,15760.0859375,425.31640625,832.53515625,407.21875,50.0,97.0,2,227,Ollama process RSS; excludes backend RAM,Whole NVIDIA devices,MiB,0.05,True,True,True,3.0,111.0,,0.0,Angka atau periode pertanyaan berubah.,"[""Sebagian sumber tidak masuk karena batas konteks; isi sumber tidak dipotong."", ""Jawaban tidak memiliki sitasi."", ""Sebagian ringkasan sumber tidak tersedia; cuplikan asli tetap ditampilkan.""]","[""supported_excerpt"", ""excerpt_only"", ""excerpt_only""]",7cc7181d5cacb1ed77f70456fabe4983f0565fde851c7b87e1f3eb8468905ff1,8192,-1.0,4635500.0,1431.0,177770000.0,36.0,779911000.0,1269719800.0,stop,,,,,13.684
20260927-214705-5142d6fe,e2e_system,gemma2-finetuned,,production,True,measured,Q02,2,Apa yang dimaksud dengan Indeks Khusus Penanganan Stunting (IKPS) menurut publikasi BPS?,3,ok,200,,unverified,Jawaban model belum dapat diverifikasi terhadap sumber yang terambil. Silakan periksa cuplikan sumber di bawah.,8ca43ce0029f4cea84474f48e5a4dd02,detail,5.0,0.0,0.001,0.001,3.533,16.764,0.429,20.299,0.0,20.3,20.310558400000446,0.010558400000444834,,,,,,,,,45.072018646938,30.1171875,30.12109375,0.00390625,,,,15367.8046875,15794.19140625,426.38671875,799.5,373.11328125,35.6,100.0,2,330,Ollama process RSS; excludes backend RAM,Whole NVIDIA devices,MiB,0.05,True,True,True,5.0,111.0,,0.0,Angka atau periode pertanyaan berubah.,"[""Jawaban tidak memiliki sitasi."", ""Sebagian ringkasan sumber tidak tersedia; cuplikan asli tetap ditampilkan.""]","[""excerpt_only"", ""excerpt_only"", ""excerpt_only"", ""excerpt_only"", ""excerpt_only""]",7cc7181d5cacb1ed77f70456fabe4983f0565fde851c7b87e1f3eb8468905ff1,8192,-1.0,4097800.0,1366.0,163601000.0,140.0,3106140000.0,3531273500.0,stop,,,,,20.3
20260927-214705-5142d6fe,e2e_system,gemma2-finetuned,,production,True,measured,Q03,3,Bagaimana tren Indeks Pembangunan Manusia (IPM) Indonesia dari edisi ke edisi?,3,ok,200,,unverified,Jawaban model belum dapat diverifikasi terhadap sumber yang terambil. Silakan periksa cuplikan sumber di bawah.,30af0ebed7a5411ab80822ddd9a8955e,detail,5.0,0.0,1.672,1.672,5.145,17.282,2.295,24.1,0.0,24.101,24.127129100001184,0.02612910000118518,,,,,,,,,45.540511711759514,30.12109375,30.26171875,0.140625,,,,15448.18359375,15840.078125,391.89453125,719.12109375,327.2265625,46.5,100.0,2,396,Ollama process RSS; excludes backend RAM,Whole NVIDIA devices,MiB,0.05,True,True,False,4.0,111.0,,0.0,Angka atau periode pertanyaan berubah.,"[""Sebagian sumber tidak masuk karena batas konteks; isi sumber tidak dipotong."", ""Jawaban tidak memiliki sitasi."", ""Sebagian ringkasan sumber tidak tersedia; cuplikan asli tetap ditampilkan.""]","[""excerpt_only"", ""excerpt_only"", ""excerpt_only"", ""excerpt_only""]",7cc7181d5cacb1ed77f70456fabe4983f0565fde851c7b87e1f3eb8468905ff1,8192,-1.0,5441000.0,1575.0,252124000.0,206.0,4523445000.0,5139272200.0,stop,,,,,24.101
20260927-214705-5142d6fe,e2e_system,gemma2-finetuned,,production,True,measured,Q04,4,Berapa Indeks Perilaku Anti Korupsi (IPAK) nasional pada edisi terakhir?,3,ok,200,,unverified,Jawaban model belum dapat diverifikasi terhadap sumber yang terambil. Silakan periksa cuplikan sumber di bawah.,7dac02385f0247ba8ec2ceaf79ec1f19,detail,5.0,0.0,0.001,0.001,1.139,9.564,0.449,10.704,0.0,10.704,10.725529399991501,0.021529399991500497,,,,,,,,,50.7438320872098,29.0625,29.16796875,0.10546875,,,,14893.36328125,15341.62890625,448.265625,1273.94140625,825.67578125,41.1,100.0,2,178,Ollama process RSS; excludes backend RAM,Whole NVIDIA devices,MiB,0.05,True,True,True,3.0,111.0,,0.0,Angka atau periode pertanyaan berubah.,"[""Sebagian sumber tidak masuk karena batas konteks; isi sumber tidak dipotong."", ""Jawaban tidak memiliki sitasi."", ""Sebagian ringkasan sumber tidak tersedia; cuplikan asli tetap ditampilkan.""]","[""supported_excerpt"", ""excerpt_only"", ""supported_excerpt""]",7cc7181d5cacb1ed77f70456fabe4983f0565fde851c7b87e1f3eb8468905ff1,8192,-1.0,4965500.0,1470.0,162642000.0,35.0,689739000.0,1133305700.0,stop,,,,,10.704
20260927-214705-5142d6fe,generator_only,llama3.2-finetuned,llama3.2-finetuned:latest,ollama_generate,False,model_unloaded,Q01,1,Berapa persentase penduduk lanjut usia di Indonesia menurut publikasi Statistik Penduduk Lanjut Usia edisi terbaru?,1,ok,200,,,"Teks menyatakan bahwa ""penduduk lanjut usia di Indonesia berjumlah 8.444.000 orang"". Karena itu, persentase penduduk lanjut usia adalah 8.444.000 orang terhadap total penduduk Indonesia.

Persentase penduduk lanjut usia di Indonesia adalah 8.444.000 orang, yang berarti sekitar 1,03 persen dari total penduduk Indonesia.",,,,,,,2.790691,,,,,,12.952489300005254,,,8.1189885,7.8717445,0.247244,10.9307181,101.0,116.0,36.191753225276464,,29.24609375,311.05078125,281.8046875,,,,15003.17578125,15035.8125,32.63671875,1164.12890625,1131.4921875,0.0,95.9,3,213,Ollama process RSS; excludes backend RAM,Whole NVIDIA devices,MiB,0.05,,,,,,320.0,,,,,,8192,,,,,,,,,384.0,115.0,1.0,42.0,
20260927-214705-5142d6fe,generator_only,llama3.2-finetuned,llama3.2-finetuned:latest,ollama_generate,False,warm,Q01,1,Berapa persentase penduduk lanjut usia di Indonesia menurut publikasi Statistik Penduduk Lanjut Usia edisi terbaru?,1,ok,200,,,"Teks menyatakan bahwa ""penduduk lanjut usia di Indonesia berjumlah 8.444.000 orang"". Karena itu, persentase penduduk lanjut usia adalah 8.444.000 orang terhadap total penduduk Indonesia.

Persentase penduduk lanjut usia di Indonesia adalah 8.444.000 orang, yang berarti sekitar 1,03 persen dari total penduduk Indonesia.",,,,,,,3.115044,,,,,,5.2425210000074,,,0.0749562,0.0033632,0.071593,3.2057566,101.0,116.0,32.423298033671436,,30.7265625,30.73828125,0.01171875,,,,12630.80859375,12652.171875,21.36328125,3536.49609375,3515.1328125,42.0,90.2,2,87,Ollama process RSS; excludes backend RAM,Whole NVIDIA devices,MiB,0.05,,,,,,320.0,,,,,,8192,,,,,,,,,384.0,115.0,1.0,42.0,
20260927-214705-5142d6fe,generator_only,llama3.2-finetuned,llama3.2-finetuned:latest,ollama_generate,False,warm,Q01,1,Berapa persentase penduduk lanjut usia di Indonesia menurut publikasi Statistik Penduduk Lanjut Usia edisi terbaru?,2,ok,200,,,"Teks menyatakan bahwa ""penduduk lanjut usia di Indonesia berjumlah 8.444.000 orang"". Karena itu, persentase penduduk lanjut usia adalah 8.444.000 orang terhadap total penduduk Indonesia.

Persentase penduduk lanjut usia di Indonesia adalah 8.444.000 orang, yang berarti sekitar 1,03 persen dari total penduduk Indonesia.",,,,,,,6.079394,,,,,,8.216929600006551,,,0.0767243,0.0082723,0.068452,6.1848029,101.0,116.0,16.613497990095723,,30.73828125,30.828125,0.08984375,,,,12647.7890625,13005.1015625,357.3125,3519.515625,3162.203125,59.6,100.0,2,89,Ollama process RSS; excludes backend RAM,Whole NVIDIA devices,MiB,0.05,,,,,,320.0,,,,,,8192,,,,,,,,,384.0,115.0,1.0,42.0,
20260927-214705-5142d6fe,generator_only,llama3.2-finetuned,llama3.2-finetuned:latest,ollama_generate,False,warm,Q01,1,Berapa persentase penduduk lanjut usia di Indonesia menurut publikasi Statistik Penduduk Lanjut Usia edisi terbaru?,3,ok,200,,,"Teks menyatakan bahwa ""penduduk lanjut usia di Indonesia berjumlah 8.444.000 orang"". Karena itu, persentase penduduk lanjut usia adalah 8.444.000 orang terhadap total penduduk Indonesia.

Persentase penduduk lanjut usia di Indonesia adalah 8.444.000 orang, yang berarti sekitar 1,03 persen dari total penduduk Indonesia.",,,,,,,5.40123,,,,,,7.632763699992211,,,0.1369806,0.0154436,0.121537,5.5725988,101.0,116.0,18.699444385815823,,30.828125,30.84765625,0.01953125,,,,12991.125,13146.23046875,155.10546875,3176.1796875,3021.07421875,97.3,100.0,2,86,Ollama process RSS; excludes backend RAM,Whole NVIDIA devices,MiB,0.05,,,,,,320.0,,,,,,8192,,,,,,,,,384.0,115.0,1.0,42.0,
20260927-214705-5142d6fe,generator_only,llama3.2-finetuned,llama3.2-finetuned:latest,ollama_generate,False,warm,Q01,1,Berapa persentase penduduk lanjut usia di Indonesia menurut publikasi Statistik Penduduk Lanjut Usia edisi terbaru?,4,ok,200,,,"Teks menyatakan bahwa ""penduduk lanjut usia di Indonesia berjumlah 8.444.000 orang"". Karena itu, persentase penduduk lanjut usia adalah 8.444.000 orang terhadap total penduduk Indonesia.

Persentase penduduk lanjut usia di Indonesia adalah 8.444.000 orang, yang berarti sekitar 1,03 persen dari total penduduk Indonesia.",,,,,,,7.262672,,,,,,9.484525200008648,,,0.1206907,0.0057387,0.114952,7.4291742,101.0,116.0,13.906727441360424,,30.84765625,30.8515625,0.00390625,,,,13120.8125,13313.26953125,192.45703125,3046.4921875,2854.03515625,53.1,100.0,2,103,Ollama process RSS; excludes backend RAM,Whole NVIDIA devices,MiB,0.05,,,,,,320.0,,,,,,8192,,,,,,,,,384.0,115.0,1.0,42.0,
20260927-214705-5142d6fe,generator_only,llama3.2-finetuned,llama3.2-finetuned:latest,ollama_generate,False,warm,Q01,1,Berapa persentase penduduk lanjut usia di Indonesia menurut publikasi Statistik Penduduk Lanjut Usia edisi terbaru?,5,ok,200,,,"Teks menyatakan bahwa ""penduduk lanjut usia di Indonesia berjumlah 8.444.000 orang"". Karena itu, persentase penduduk lanjut usia adalah 8.444.000 orang terhadap total penduduk Indonesia.

Persentase penduduk lanjut usia di Indonesia adalah 8.444.000 orang, yang berarti sekitar 1,03 persen dari total penduduk Indonesia.",,,,,,,6.339594,,,,,,8.597245099997963,,,0.114817,0.007976,0.106841,6.5141073,101.0,116.0,15.931619595829007,,30.8515625,30.87109375,0.01953125,,,,13304.3359375,13334.14453125,29.80859375,2862.96875,2833.16015625,100.0,100.0,2,71,Ollama process RSS; excludes backend RAM,Whole NVIDIA devices,MiB,0.05,,,,,,320.0,,,,,,8192,,,,,,,,,384.0,115.0,1.0,42.0,
20260927-214705-5142d6fe,generator_only,llama3.2-finetuned,llama3.2-finetuned:latest,ollama_generate,False,warm,Q01,1,Berapa persentase penduduk lanjut usia di Indonesia menurut publikasi Statistik Penduduk Lanjut Usia edisi terbaru?,6,ok,200,,,"Teks menyatakan bahwa ""penduduk lanjut usia di Indonesia berjumlah 8.444.000 orang"". Karena itu, persentase penduduk lanjut usia adalah 8.444.000 orang terhadap total penduduk Indonesia.

Persentase penduduk lanjut usia di Indonesia adalah 8.444.000 orang, yang berarti sekitar 1,03 persen dari total penduduk Indonesia.",,,,,,,5.550523,,,,,,7.760422199993627,,,0.1311689,0.0066789,0.12449,5.7252534,101.0,116.0,18.196483466512976,,30.87109375,30.88671875,0.015625,,,,12338.3359375,12577.0,238.6640625,3828.96875,3590.3046875,100.0,100.0,2,97,Ollama process RSS; excludes backend RAM,Whole NVIDIA devices,MiB,0.05,,,,,,320.0,,,,,,8192,,,,,,,,,384.0,115.0,1.0,42.0,
20260927-214705-5142d6fe,generator_only,llama3.2-finetuned,llama3.2-finetuned:latest,ollama_generate,False,warm,Q01,1,Berapa persentase penduduk lanjut usia di Indonesia menurut publikasi Statistik Penduduk Lanjut Usia edisi terbaru?,7,ok,200,,,"Teks menyatakan bahwa ""penduduk lanjut usia di Indonesia berjumlah 8.444.000 orang"". Karena itu, persentase penduduk lanjut usia adalah 8.444.000 orang terhadap total penduduk Indonesia.

Persentase penduduk lanjut usia di Indonesia adalah 8.444.000 orang, yang berarti sekitar 1,03 persen dari total penduduk Indonesia.",,,,,,,5.98991,,,,,,8.17719039999065,,,0.1060121,0.0074501,0.098562,6.1396449,101.0,116.0,16.861689073792427,,30.88671875,31.07421875,0.1875,,,,12565.12890625,12599.78125,34.65234375,3602.17578125,3567.5234375,89.6,100.0,2,107,Ollama process RSS; excludes backend RAM,Whole NVIDIA devices,MiB,0.05,,,,,,320.0,,,,,,8192,,,,,,,,,384.0,115.0,1.0,42.0,
20260927-214705-5142d6fe,generator_only,llama3.2-finetuned,llama3.2-finetuned:latest,ollama_generate,False,warm,Q01,1,Berapa persentase penduduk lanjut usia di Indonesia menurut publikasi Statistik Penduduk Lanjut Usia edisi terbaru?,8,ok,200,,,"Teks menyatakan bahwa ""penduduk lanjut usia di Indonesia berjumlah 8.444.000 orang"". Karena itu, persentase penduduk lanjut usia adalah 8.444.000 orang terhadap total penduduk Indonesia.

Persentase penduduk lanjut usia di Indonesia adalah 8.444.000 orang, yang berarti sekitar 1,03 persen dari total penduduk Indonesia.",,,,,,,5.979419,,,,,,8.168000600009691,,,0.106386,0.007867,0.098519,6.1268212,101.0,116.0,16.8912732156753,,31.07421875,31.140625,0.06640625,,,,12572.95703125,13109.46484375,536.5078125,3594.34765625,3057.83984375,89.7,100.0,2,115,Ollama process RSS; excludes backend RAM,Whole NVIDIA devices,MiB,0.05,,,,,,320.0,,,,,,8192,,,,,,,,,384.0,115.0,1.0,42.0,
20260927-214705-5142d6fe,generator_only,llama3.2-finetuned,llama3.2-finetuned:latest,ollama_generate,False,warm,Q01,1,Berapa persentase penduduk lanjut usia di Indonesia menurut publikasi Statistik Penduduk Lanjut Usia edisi terbaru?,9,ok,200,,,"Teks menyatakan bahwa ""penduduk lanjut usia di Indonesia berjumlah 8.444.000 orang"". Karena itu, persentase penduduk lanjut usia adalah 8.444.000 orang terhadap total penduduk Indonesia.

Persentase penduduk lanjut usia di Indonesia adalah 8.444.000 orang, yang berarti sekitar 1,03 persen dari total penduduk Indonesia.",,,,,,,5.439666,,,,,,7.654346000010264,,,0.116632,0.009771,0.106861,5.6030437,101.0,116.0,18.567316449208462,,31.140625,31.2109375,0.0703125,,,,13112.8671875,13992.1953125,879.328125,3054.4375,2175.109375,77.1,100.0,2,112,Ollama process RSS; excludes backend RAM,Whole NVIDIA devices,MiB,0.05,,,,,,320.0,,,,,,8192,,,,,,,,,384.0,115.0,1.0,42.0,
20260927-214705-5142d6fe,generator_only,llama3.2-finetuned,llama3.2-finetuned:latest,ollama_generate,False,warm,Q01,1,Berapa persentase penduduk lanjut usia di Indonesia menurut publikasi Statistik Penduduk Lanjut Usia edisi terbaru?,10,ok,200,,,"Teks menyatakan bahwa ""penduduk lanjut usia di Indonesia berjumlah 8.444.000 orang"". Karena itu, persentase penduduk lanjut usia adalah 8.444.000 orang terhadap total penduduk Indonesia.

Persentase penduduk lanjut usia di Indonesia adalah 8.444.000 orang, yang berarti sekitar 1,03 persen dari total penduduk Indonesia.",,,,,,,4.682721,,,,,,6.856098100004601,,,0.10979370000000001,0.0051907,0.104603,4.8192671,101.0,116.0,21.56865634318167,,31.2109375,31.2421875,0.03125,,,,13756.296875,13906.30859375,150.01171875,2411.0078125,2260.99609375,94.6,100.0,2,108,Ollama process RSS; excludes backend RAM,Whole NVIDIA devices,MiB,0.05,,,,,,320.0,,,,,,8192,,,,,,,,,384.0,115.0,1.0,42.0,
20260927-214705-5142d6fe,generator_only,llama3.2-finetuned,llama3.2-finetuned:latest,ollama_generate,False,model_unloaded,Q02,2,Apa yang dimaksud dengan Indeks Khusus Penanganan Stunting (IKPS) menurut publikasi BPS?,1,ok,200,,,"Teks menyatakan bahwa IKPS adalah indikator yang mengukur tingkat penanganan stunting pada anak usia 5-14 tahun. Karena itu, IKPS adalah ukuran yang menggambarkan tingkat penanganan stunting pada anak usia 5-14 tahun.

IKPS adalah Indeks Khusus Penanganan Stunting, yaitu indikator yang mengukur tingkat penanganan stunting pada anak usia 5-14 tahun.",,,,,,,4.943918,,,,,,15.756428299995605,,,8.726662200000002,8.4688282,0.257834,13.7000827,106.0,110.0,21.44048505658872,,31.2890625,314.81640625,283.52734375,,,,12917.09765625,13892.09765625,975.0,3250.20703125,2275.20703125,100.0,100.0,3,237,Ollama process RSS; excludes backend RAM,Whole NVIDIA devices,MiB,0.05,,,,,,350.0,,,,,,8192,,,,,,,,,384.0,88.0,2.0,42.0,
20260927-214705-5142d6fe,generator_only,llama3.2-finetuned,llama3.2-finetuned:latest,ollama_generate,False,warm,Q02,2,Apa yang dimaksud dengan Indeks Khusus Penanganan Stunting (IKPS) menurut publikasi BPS?,1,ok,200,,,"Teks menyatakan bahwa IKPS adalah indikator yang mengukur tingkat penanganan stunting pada anak usia 5-14 tahun. Karena itu, IKPS merupakan ukuran yang menggambarkan tingkat keberhasilan penanganan stunting pada anak usia 5-14 tahun.

Indeks Khusus Penanganan Stunting (IKPS) adalah indikator yang mengukur tingkat penanganan stunting pada anak usia 5-14 tahun.",,,,,,,6.206005,,,,,,8.387672299999394,,,0.1135368,0.0079418,0.105595,6.3493915,108.0,110.0,17.40249967571731,,31.25,31.25,0.0,,,,13851.05078125,13925.79296875,74.7421875,2316.25390625,2241.51171875,68.6,100.0,2,117,Ollama process RSS; excludes backend RAM,Whole NVIDIA devices,MiB,0.05,,,,,,361.0,,,,,,8192,,,,,,,,,384.0,88.0,2.0,42.0,
20260927-214705-5142d6fe,generator_only,llama3.2-finetuned,llama3.2-finetuned:latest,ollama_generate,False,warm,Q02,2,Apa yang dimaksud dengan Indeks Khusus Penanganan Stunting (IKPS) menurut publikasi BPS?,2,ok,200,,,"Teks menyatakan bahwa IKPS adalah indikator yang mengukur tingkat penanganan stunting pada anak usia 5-14 tahun. Karena itu, IKPS merupakan ukuran yang menggambarkan tingkat keberhasilan penanganan stunting pada anak usia 5-14 tahun.

Indeks Khusus Penanganan Stunting (IKPS) adalah indikator yang mengukur tingkat penanganan stunting pada anak usia 5-14 tahun.",,,,,,,4.438279,,,,,,6.655656500006444,,,0.0987842,0.0029652,0.095819,4.573923,108.0,110.0,24.333756395215353,,31.25,31.25,0.0,,,,13910.421875,13999.58984375,89.16796875,2256.8828125,2167.71484375,66.7,100.0,2,98,Ollama process RSS; excludes backend RAM,Whole NVIDIA devices,MiB,0.05,,,,,,361.0,,,,,,8192,,,,,,,,,384.0,88.0,2.0,42.0,
20260927-214705-5142d6fe,generator_only,llama3.2-finetuned,llama3.2-finetuned:latest,ollama_generate,False,warm,Q02,2,Apa yang dimaksud dengan Indeks Khusus Penanganan Stunting (IKPS) menurut publikasi BPS?,3,ok,200,,,"Teks menyatakan bahwa IKPS adalah indikator yang mengukur tingkat penanganan stunting pada anak usia 5-14 tahun. Karena itu, IKPS merupakan ukuran yang menggambarkan tingkat keberhasilan penanganan stunting pada anak usia 5-14 tahun.

Indeks Khusus Penanganan Stunting (IKPS) adalah indikator yang mengukur tingkat penanganan stunting pada anak usia 5-14 tahun.",,,,,,,5.173438,,,,,,7.335277299993322,,,0.0883818,0.0083948,0.079987,5.2962196,108.0,110.0,20.87586630012769,,31.25,31.25,0.0,,,,13997.59375,14108.44921875,110.85546875,2169.7109375,2058.85546875,75.9,100.0,2,111,Ollama process RSS; excludes backend RAM,Whole NVIDIA devices,MiB,0.05,,,,,,361.0,,,,,,8192,,,,,,,,,384.0,88.0,2.0,42.0,
20260927-214705-5142d6fe,generator_only,llama3.2-finetuned,llama3.2-finetuned:latest,ollama_generate,False,warm,Q02,2,Apa yang dimaksud dengan Indeks Khusus Penanganan Stunting (IKPS) menurut publikasi BPS?,4,ok,200,,,"Teks menyatakan bahwa IKPS adalah indikator yang mengukur tingkat penanganan stunting pada anak usia 5-14 tahun. Karena itu, IKPS merupakan ukuran yang menggambarkan tingkat keberhasilan penanganan stunting pada anak usia 5-14 tahun.

Indeks Khusus Penanganan Stunting (IKPS) adalah indikator yang mengukur tingkat penanganan stunting pada anak usia 5-14 tahun.",,,,,,,4.175986,,,,,,6.321617399997194,,,0.0856414,0.0046664,0.080975,4.2812299,108.0,110.0,25.862155668146396,,31.25,31.3203125,0.0703125,,,,14035.26171875,14041.96484375,6.703125,2132.04296875,2125.33984375,59.8,100.0,2,104,Ollama process RSS; excludes backend RAM,Whole NVIDIA devices,MiB,0.05,,,,,,361.0,,,,,,8192,,,,,,,,,384.0,88.0,2.0,42.0,
20260927-214705-5142d6fe,generator_only,llama3.2-finetuned,llama3.2-finetuned:latest,ollama_generate,False,warm,Q02,2,Apa yang dimaksud dengan Indeks Khusus Penanganan Stunting (IKPS) menurut publikasi BPS?,5,ok,200,,,"Teks menyatakan bahwa IKPS adalah indikator yang mengukur tingkat penanganan stunting pada anak usia 5-14 tahun. Karena itu, IKPS merupakan ukuran yang menggambarkan tingkat keberhasilan penanganan stunting pada anak usia 5-14 tahun.

Indeks Khusus Penanganan Stunting (IKPS) adalah indikator yang mengukur tingkat penanganan stunting pada anak usia 5-14 tahun.",,,,,,,3.503134,,,,,,5.66217460000189,,,0.07189870000000001,0.0030387,0.06886,3.5929354,108.0,110.0,30.829537208682282,,31.3203125,31.3359375,0.015625,,,,13968.9375,13970.76171875,1.82421875,2198.3671875,2196.54296875,57.7,100.0,2,94,Ollama process RSS; excludes backend RAM,Whole NVIDIA devices,MiB,0.05,,,,,,361.0,,,,,,8192,,,,,,,,,384.0,88.0,2.0,42.0,
20260927-214705-5142d6fe,generator_only,llama3.2-finetuned,llama3.2-finetuned:latest,ollama_generate,False,warm,Q02,2,Apa yang dimaksud dengan Indeks Khusus Penanganan Stunting (IKPS) menurut publikasi BPS?,6,ok,200,,,"Teks menyatakan bahwa IKPS adalah indikator yang mengukur tingkat penanganan stunting pada anak usia 5-14 tahun. Karena itu, IKPS merupakan ukuran yang menggambarkan tingkat keberhasilan penanganan stunting pada anak usia 5-14 tahun.

Indeks Khusus Penanganan Stunting (IKPS) adalah indikator yang mengukur tingkat penanganan stunting pada anak usia 5-14 tahun.",,,,,,,3.739385,,,,,,5.862644100008765,,,0.0623892,0.0033512,0.059038,3.818875,108.0,110.0,28.8817546200779,,31.3359375,31.3515625,0.015625,,,,13930.484375,14040.06640625,109.58203125,2236.8203125,2127.23828125,59.4,91.4,2,98,Ollama process RSS; excludes backend RAM,Whole NVIDIA devices,MiB,0.05,,,,,,361.0,,,,,,8192,,,,,,,,,384.0,88.0,2.0,42.0,
20260927-214705-5142d6fe,generator_only,llama3.2-finetuned,llama3.2-finetuned:latest,ollama_generate,False,warm,Q02,2,Apa yang dimaksud dengan Indeks Khusus Penanganan Stunting (IKPS) menurut publikasi BPS?,7,ok,200,,,"Teks menyatakan bahwa IKPS adalah indikator yang mengukur tingkat penanganan stunting pada anak usia 5-14 tahun. Karena itu, IKPS merupakan ukuran yang menggambarkan tingkat keberhasilan penanganan stunting pada anak usia 5-14 tahun.

Indeks Khusus Penanganan Stunting (IKPS) adalah indikator yang mengukur tingkat penanganan stunting pada anak usia 5-14 tahun.",,,,,,,3.764067,,,,,,5.871115100002498,,,0.061335400000000005,0.0034114,0.057924,3.8410552,108.0,110.0,28.692369184714302,,31.3515625,31.6015625,0.25,,,,14026.67578125,14054.67578125,28.0,2140.62890625,2112.62890625,57.7,97.1,2,98,Ollama process RSS; excludes backend RAM,Whole NVIDIA devices,MiB,0.05,,,,,,361.0,,,,,,8192,,,,,,,,,384.0,88.0,2.0,42.0,
20260927-214705-5142d6fe,generator_only,llama3.2-finetuned,llama3.2-finetuned:latest,ollama_generate,False,warm,Q02,2,Apa yang dimaksud dengan Indeks Khusus Penanganan Stunting (IKPS) menurut publikasi BPS?,8,ok,200,,,"Teks menyatakan bahwa IKPS adalah indikator yang mengukur tingkat penanganan stunting pada anak usia 5-14 tahun. Karena itu, IKPS merupakan ukuran yang menggambarkan tingkat keberhasilan penanganan stunting pada anak usia 5-14 tahun.

Indeks Khusus Penanganan Stunting (IKPS) adalah indikator yang mengukur tingkat penanganan stunting pada anak usia 5-14 tahun.",,,,,,,3.766478,,,,,,5.878637200003141,,,0.0581628,0.0034138,0.054749,3.8409415,108.0,110.0,28.674002609334234,,31.6015625,31.65234375,0.05078125,,,,14043.3828125,14060.28125,16.8984375,2123.921875,2107.0234375,52.0,100.0,2,98,Ollama process RSS; excludes backend RAM,Whole NVIDIA devices,MiB,0.05,,,,,,361.0,,,,,,8192,,,,,,,,,384.0,88.0,2.0,42.0,
20260927-214705-5142d6fe,generator_only,llama3.2-finetuned,llama3.2-finetuned:latest,ollama_generate,False,warm,Q02,2,Apa yang dimaksud dengan Indeks Khusus Penanganan Stunting (IKPS) menurut publikasi BPS?,9,ok,200,,,"Teks menyatakan bahwa IKPS adalah indikator yang mengukur tingkat penanganan stunting pada anak usia 5-14 tahun. Karena itu, IKPS merupakan ukuran yang menggambarkan tingkat keberhasilan penanganan stunting pada anak usia 5-14 tahun.

Indeks Khusus Penanganan Stunting (IKPS) adalah indikator yang mengukur tingkat penanganan stunting pada anak usia 5-14 tahun.",,,,,,,3.915357,,,,,,6.0500636999931885,,,0.07749339999999999,0.0033684,0.074125,4.0086794,108.0,110.0,27.58369160206847,,31.65234375,31.65234375,0.0,,,,14060.33203125,14064.1796875,3.84765625,2106.97265625,2103.125,54.0,97.1,2,100,Ollama process RSS; excludes backend RAM,Whole NVIDIA devices,MiB,0.05,,,,,,361.0,,,,,,8192,,,,,,,,,384.0,88.0,2.0,42.0,
20260927-214705-5142d6fe,generator_only,llama3.2-finetuned,llama3.2-finetuned:latest,ollama_generate,False,warm,Q02,2,Apa yang dimaksud dengan Indeks Khusus Penanganan Stunting (IKPS) menurut publikasi BPS?,10,ok,200,,,"Teks menyatakan bahwa IKPS adalah indikator yang mengukur tingkat penanganan stunting pada anak usia 5-14 tahun. Karena itu, IKPS merupakan ukuran yang menggambarkan tingkat keberhasilan penanganan stunting pada anak usia 5-14 tahun.

Indeks Khusus Penanganan Stunting (IKPS) adalah indikator yang mengukur tingkat penanganan stunting pada anak usia 5-14 tahun.",,,,,,,3.883737,,,,,,6.017342399994959,,,0.0691106,0.0035086,0.065602,3.9762136,108.0,110.0,27.808268170579005,,31.234375,31.234375,0.0,,,,14061.1640625,14075.6640625,14.5,2106.140625,2091.640625,62.5,97.0,2,100,Ollama process RSS; excludes backend RAM,Whole NVIDIA devices,MiB,0.05,,,,,,361.0,,,,,,8192,,,,,,,,,384.0,88.0,2.0,42.0,
20260927-214705-5142d6fe,generator_only,llama3.2-finetuned,llama3.2-finetuned:latest,ollama_generate,False,model_unloaded,Q03,3,Bagaimana tren Indeks Pembangunan Manusia (IPM) Indonesia dari edisi ke edisi?,1,ok,200,,,"Teks menyatakan bahwa ""Indonesia berada pada posisi ke-115 dari 189 negara pada edisi 2022, na peningkatan 0,03 poin"". Karena itu, tren IPM Indonesia menunjukkan peningkatan kecil dari edisi ke edisi.

Indonesia berada pada posisi ke-115 dari 189 negara pada edisi 2022, dan IPM Indonesia mengalami peningkatan sebesar 0,03 poin dari edisi sebelumnya.",,,,,,,3.376853,,,,,,11.314668499995605,,,5.8661923,5.6444613,0.221731,9.2656011,115.0,104.0,34.05537641111413,,206.65625,314.5625,107.90625,,,,12776.01953125,14125.56640625,1349.546875,3391.28515625,2041.73828125,59.6,100.0,3,184,Ollama process RSS; excludes backend RAM,Whole NVIDIA devices,MiB,0.05,,,,,,351.0,,,,,,8192,,,,,,,,,384.0,78.0,3.0,42.0,
20260927-214705-5142d6fe,generator_only,llama3.2-finetuned,llama3.2-finetuned:latest,ollama_generate,False,warm,Q03,3,Bagaimana tren Indeks Pembangunan Manusia (IPM) Indonesia dari edisi ke edisi?,1,ok,200,,,"Teks menyatakan bahwa ""Indonesia berada pada posisi ke-115 dari 189 negara dengan nilai IPM sebesar 69,81"". Karena itu, tren IPM Indonesia menunjukkan penurunan dari edisi ke edisi.

Indonesia berada pada posisi ke-115 dari 189 negara dengan nilai IPM sebesar 69,81, yang menunjukkan penurunan dari edisi sebelumnya.",,,,,,,2.799019,,,,,,4.92372580000665,,,0.0703205,0.0028445,0.067476,2.8842248,97.0,104.0,34.654998769211645,,31.17578125,31.1796875,0.00390625,,,,14078.77734375,14098.59765625,19.8203125,2088.52734375,2068.70703125,39.0,100.0,2,83,Ollama process RSS; excludes backend RAM,Whole NVIDIA devices,MiB,0.05,,,,,,316.0,,,,,,8192,,,,,,,,,384.0,78.0,3.0,42.0,
20260927-214705-5142d6fe,generator_only,llama3.2-finetuned,llama3.2-finetuned:latest,ollama_generate,False,warm,Q03,3,Bagaimana tren Indeks Pembangunan Manusia (IPM) Indonesia dari edisi ke edisi?,2,ok,200,,,"Teks menyatakan bahwa ""Indonesia berada pada posisi ke-115 dari 189 negara dengan nilai IPM sebesar 69,81"". Karena itu, tren IPM Indonesia menunjukkan penurunan dari edisi ke edisi.

Indonesia berada pada posisi ke-115 dari 189 negara dengan nilai IPM sebesar 69,81, yang menunjukkan penurunan dari edisi sebelumnya.",,,,,,,2.962087,,,,,,5.067574599990621,,,0.062488600000000005,0.0039416,0.058547,3.0402434,97.0,104.0,32.74718129481005,,31.171875,31.17578125,0.00390625,,,,14098.578125,14194.12109375,95.54296875,2068.7265625,1973.18359375,48.1,87.9,2,85,Ollama process RSS; excludes backend RAM,Whole NVIDIA devices,MiB,0.05,,,,,,316.0,,,,,,8192,,,,,,,,,384.0,78.0,3.0,42.0,
20260927-214705-5142d6fe,generator_only,llama3.2-finetuned,llama3.2-finetuned:latest,ollama_generate,False,warm,Q03,3,Bagaimana tren Indeks Pembangunan Manusia (IPM) Indonesia dari edisi ke edisi?,3,ok,200,,,"Teks menyatakan bahwa ""Indonesia berada pada posisi ke-115 dari 189 negara dengan nilai IPM sebesar 69,81"". Karena itu, tren IPM Indonesia menunjukkan penurunan dari edisi ke edisi.

Indonesia berada pada posisi ke-115 dari 189 negara dengan nilai IPM sebesar 69,81, yang menunjukkan penurunan dari edisi sebelumnya.",,,,,,,2.972241,,,,,,5.104892399991513,,,0.0574876,0.0027706,0.054717,3.0453944,97.0,104.0,32.635307836746755,,31.17578125,31.1796875,0.00390625,,,,14111.5625,14130.40234375,18.83984375,2055.7421875,2036.90234375,41.9,94.1,2,86,Ollama process RSS; excludes backend RAM,Whole NVIDIA devices,MiB,0.05,,,,,,316.0,,,,,,8192,,,,,,,,,384.0,78.0,3.0,42.0,
20260927-214705-5142d6fe,generator_only,llama3.2-finetuned,llama3.2-finetuned:latest,ollama_generate,False,warm,Q03,3,Bagaimana tren Indeks Pembangunan Manusia (IPM) Indonesia dari edisi ke edisi?,4,ok,200,,,"Teks menyatakan bahwa ""Indonesia berada pada posisi ke-115 dari 189 negara dengan nilai IPM sebesar 69,81"". Karena itu, tren IPM Indonesia menunjukkan penurunan dari edisi ke edisi.

Indonesia berada pada posisi ke-115 dari 189 negara dengan nilai IPM sebesar 69,81, yang menunjukkan penurunan dari edisi sebelumnya.",,,,,,,2.975019,,,,,,5.1208161000104155,,,0.0800244,0.0033194,0.076705,3.0715573,97.0,104.0,32.60483378425482,,31.1796875,31.21875,0.0390625,,,,14120.25390625,14124.3828125,4.12890625,2047.05078125,2042.921875,39.6,93.9,2,87,Ollama process RSS; excludes backend RAM,Whole NVIDIA devices,MiB,0.05,,,,,,316.0,,,,,,8192,,,,,,,,,384.0,78.0,3.0,42.0,
20260927-214705-5142d6fe,generator_only,llama3.2-finetuned,llama3.2-finetuned:latest,ollama_generate,False,warm,Q03,3,Bagaimana tren Indeks Pembangunan Manusia (IPM) Indonesia dari edisi ke edisi?,5,ok,200,,,"Teks menyatakan bahwa ""Indonesia berada pada posisi ke-115 dari 189 negara dengan nilai IPM sebesar 69,81"". Karena itu, tren IPM Indonesia menunjukkan penurunan dari edisi ke edisi.

Indonesia berada pada posisi ke-115 dari 189 negara dengan nilai IPM sebesar 69,81, yang menunjukkan penurunan dari edisi sebelumnya.",,,,,,,2.923791,,,,,,5.0261220000102185,,,0.0634218,0.0034058,0.060016,3.0018025,97.0,104.0,33.176105952853675,,31.21875,31.29296875,0.07421875,,,,14105.296875,14117.0625,11.765625,2062.0078125,2050.2421875,50.0,88.2,2,84,Ollama process RSS; excludes backend RAM,Whole NVIDIA devices,MiB,0.05,,,,,,316.0,,,,,,8192,,,,,,,,,384.0,78.0,3.0,42.0,
20260927-214705-5142d6fe,generator_only,llama3.2-finetuned,llama3.2-finetuned:latest,ollama_generate,False,warm,Q03,3,Bagaimana tren Indeks Pembangunan Manusia (IPM) Indonesia dari edisi ke edisi?,6,ok,200,,,"Teks menyatakan bahwa ""Indonesia berada pada posisi ke-115 dari 189 negara dengan nilai IPM sebesar 69,81"". Karena itu, tren IPM Indonesia menunjukkan penurunan dari edisi ke edisi.

Indonesia berada pada posisi ke-115 dari 189 negara dengan nilai IPM sebesar 69,81, yang menunjukkan penurunan dari edisi sebelumnya.",,,,,,,3.058962,,,,,,5.1912108000105945,,,0.0564483,0.0024933,0.053955,3.1320614,97.0,104.0,31.710102969569416,,31.29296875,31.296875,0.00390625,,,,14087.9140625,14118.69921875,30.78515625,2079.390625,2048.60546875,37.4,93.0,2,87,Ollama process RSS; excludes backend RAM,Whole NVIDIA devices,MiB,0.05,,,,,,316.0,,,,,,8192,,,,,,,,,384.0,78.0,3.0,42.0,
20260927-214705-5142d6fe,generator_only,llama3.2-finetuned,llama3.2-finetuned:latest,ollama_generate,False,warm,Q03,3,Bagaimana tren Indeks Pembangunan Manusia (IPM) Indonesia dari edisi ke edisi?,7,ok,200,,,"Teks menyatakan bahwa ""Indonesia berada pada posisi ke-115 dari 189 negara dengan nilai IPM sebesar 69,81"". Karena itu, tren IPM Indonesia menunjukkan penurunan dari edisi ke edisi.

Indonesia berada pada posisi ke-115 dari 189 negara dengan nilai IPM sebesar 69,81, yang menunjukkan penurunan dari edisi sebelumnya.",,,,,,,3.375561,,,,,,5.486250200003269,,,0.0653634,0.0031594,0.062204,3.4582473,97.0,104.0,28.735964184916227,,31.296875,31.30078125,0.00390625,,,,14118.2109375,14204.140625,85.9296875,2049.09375,1963.1640625,39.2,100.0,2,90,Ollama process RSS; excludes backend RAM,Whole NVIDIA devices,MiB,0.05,,,,,,316.0,,,,,,8192,,,,,,,,,384.0,78.0,3.0,42.0,
20260927-214705-5142d6fe,generator_only,llama3.2-finetuned,llama3.2-finetuned:latest,ollama_generate,False,warm,Q03,3,Bagaimana tren Indeks Pembangunan Manusia (IPM) Indonesia dari edisi ke edisi?,8,ok,200,,,"Teks menyatakan bahwa ""Indonesia berada pada posisi ke-115 dari 189 negara dengan nilai IPM sebesar 69,81"". Karena itu, tren IPM Indonesia menunjukkan penurunan dari edisi ke edisi.

Indonesia berada pada posisi ke-115 dari 189 negara dengan nilai IPM sebesar 69,81, yang menunjukkan penurunan dari edisi sebelumnya.",,,,,,,2.849726,,,,,,4.965637400004198,,,0.059564700000000005,0.0026827,0.056882,2.9255874,97.0,104.0,34.038360179189155,,31.30078125,31.46875,0.16796875,,,,14109.28515625,14127.9296875,18.64453125,2058.01953125,2039.375,49.1,78.8,2,84,Ollama process RSS; excludes backend RAM,Whole NVIDIA devices,MiB,0.05,,,,,,316.0,,,,,,8192,,,,,,,,,384.0,78.0,3.0,42.0,
20260927-214705-5142d6fe,generator_only,llama3.2-finetuned,llama3.2-finetuned:latest,ollama_generate,False,warm,Q03,3,Bagaimana tren Indeks Pembangunan Manusia (IPM) Indonesia dari edisi ke edisi?,9,ok,200,,,"Teks menyatakan bahwa ""Indonesia berada pada posisi ke-115 dari 189 negara dengan nilai IPM sebesar 69,81"". Karena itu, tren IPM Indonesia menunjukkan penurunan dari edisi ke edisi.

Indonesia berada pada posisi ke-115 dari 189 negara dengan nilai IPM sebesar 69,81, yang menunjukkan penurunan dari edisi sebelumnya.",,,,,,,3.32757,,,,,,5.445067299995571,,,0.0626367,0.0037377,0.058899,3.4119158,97.0,104.0,29.150401043404045,,31.46875,31.69921875,0.23046875,,,,14095.46484375,14098.39453125,2.9296875,2071.83984375,2068.91015625,37.1,97.6,2,90,Ollama process RSS; excludes backend RAM,Whole NVIDIA devices,MiB,0.05,,,,,,316.0,,,,,,8192,,,,,,,,,384.0,78.0,3.0,42.0,
20260927-214705-5142d6fe,generator_only,llama3.2-finetuned,llama3.2-finetuned:latest,ollama_generate,False,warm,Q03,3,Bagaimana tren Indeks Pembangunan Manusia (IPM) Indonesia dari edisi ke edisi?,10,ok,200,,,"Teks menyatakan bahwa ""Indonesia berada pada posisi ke-115 dari 189 negara dengan nilai IPM sebesar 69,81"". Karena itu, tren IPM Indonesia menunjukkan penurunan dari edisi ke edisi.

Indonesia berada pada posisi ke-115 dari 189 negara dengan nilai IPM sebesar 69,81, yang menunjukkan penurunan dari edisi sebelumnya.",,,,,,,3.157892,,,,,,5.270351800005301,,,0.0595288,0.0063618,0.053167,3.2318306,97.0,104.0,30.71669328780085,,31.69921875,31.84375,0.14453125,,,,14092.12109375,14131.921875,39.80078125,2075.18359375,2035.3828125,72.4,100.0,2,88,Ollama process RSS; excludes backend RAM,Whole NVIDIA devices,MiB,0.05,,,,,,316.0,,,,,,8192,,,,,,,,,384.0,78.0,3.0,42.0,
20260927-214705-5142d6fe,generator_only,llama3.2-finetuned,llama3.2-finetuned:latest,ollama_generate,False,model_unloaded,Q04,4,Berapa Indeks Perilaku Anti Korupsi (IPAK) nasional pada edisi terakhir?,1,ok,200,,,"Teks menyatakan bahwa ""Indeks Perilaku Anti Korupsi (IPAK) nasional pada edisi terakhir adalah 64,81"". Karena itu, nilai IPAK nasional pada edisi terakhir adalah 64,81.

Indeks Perilaku Anti Korupsi (IPAK) nasional pada edisi terakhir adalah 64,81.",,,,,,,2.673449,,,,,,10.74514420000196,,,5.9966895,5.7814985,0.215191,8.6912477,80.0,104.0,29.923892320369678,,206.453125,315.25,108.796875,,,,12854.74609375,13940.39453125,1085.6484375,3312.55859375,2226.91015625,85.0,100.0,3,174,Ollama process RSS; excludes backend RAM,Whole NVIDIA devices,MiB,0.05,,,,,,248.0,,,,,,8192,,,,,,,,,384.0,72.0,4.0,42.0,
20260927-214705-5142d6fe,generator_only,llama3.2-finetuned,llama3.2-finetuned:latest,ollama_generate,False,warm,Q04,4,Berapa Indeks Perilaku Anti Korupsi (IPAK) nasional pada edisi terakhir?,1,ok,200,,,"Teks menyatakan bahwa ""Indeks Perilaku Anti Korupsi (IPAK) nasional pada edisi terakhir adalah 64,81"". Karena itu, nilai IPAK nasional pada edisi terakhir adalah 64,81.

Indeks Perilaku Anti Korupsi (IPAK) nasional pada edisi terakhir adalah 64,81.",,,,,,,3.131984,,,,,,5.229671400011284,,,0.0581478,0.0031918,0.054956,3.2081282,80.0,104.0,25.542914650904983,,31.2578125,31.2578125,0.0,,,,13822.11328125,13923.7421875,101.62890625,2345.19140625,2243.5625,87.6,100.0,2,86,Ollama process RSS; excludes backend RAM,Whole NVIDIA devices,MiB,0.05,,,,,,248.0,,,,,,8192,,,,,,,,,384.0,72.0,4.0,42.0,
20260927-214705-5142d6fe,generator_only,llama3.2-finetuned,llama3.2-finetuned:latest,ollama_generate,False,warm,Q04,4,Berapa Indeks Perilaku Anti Korupsi (IPAK) nasional pada edisi terakhir?,2,ok,200,,,"Teks menyatakan bahwa ""Indeks Perilaku Anti Korupsi (IPAK) nasional pada edisi terakhir adalah 64,81"". Karena itu, nilai IPAK nasional pada edisi terakhir adalah 64,81.

Indeks Perilaku Anti Korupsi (IPAK) nasional pada edisi terakhir adalah 64,81.",,,,,,,2.544648,,,,,,4.695003600005293,,,0.0936043,0.0032573,0.090347,2.6590582,80.0,104.0,31.438532952298313,,31.2578125,31.2578125,0.0,,,,13913.12109375,13920.81640625,7.6953125,2254.18359375,2246.48828125,66.4,100.0,2,78,Ollama process RSS; excludes backend RAM,Whole NVIDIA devices,MiB,0.05,,,,,,248.0,,,,,,8192,,,,,,,,,384.0,72.0,4.0,42.0,
20260927-214705-5142d6fe,generator_only,llama3.2-finetuned,llama3.2-finetuned:latest,ollama_generate,False,warm,Q04,4,Berapa Indeks Perilaku Anti Korupsi (IPAK) nasional pada edisi terakhir?,3,ok,200,,,"Teks menyatakan bahwa ""Indeks Perilaku Anti Korupsi (IPAK) nasional pada edisi terakhir adalah 64,81"". Karena itu, nilai IPAK nasional pada edisi terakhir adalah 64,81.

Indeks Perilaku Anti Korupsi (IPAK) nasional pada edisi terakhir adalah 64,81.",,,,,,,2.816793,,,,,,4.945892300005653,,,0.053044100000000004,0.0027611,0.050283,2.8898778,80.0,104.0,28.40109301606472,,31.2578125,31.2890625,0.03125,,,,13819.67578125,13975.3125,155.63671875,2347.62890625,2191.9921875,56.7,97.5,2,82,Ollama process RSS; excludes backend RAM,Whole NVIDIA devices,MiB,0.05,,,,,,248.0,,,,,,8192,,,,,,,,,384.0,72.0,4.0,42.0,
20260927-214705-5142d6fe,generator_only,llama3.2-finetuned,llama3.2-finetuned:latest,ollama_generate,False,warm,Q04,4,Berapa Indeks Perilaku Anti Korupsi (IPAK) nasional pada edisi terakhir?,4,ok,200,,,"Teks menyatakan bahwa ""Indeks Perilaku Anti Korupsi (IPAK) nasional pada edisi terakhir adalah 64,81"". Karena itu, nilai IPAK nasional pada edisi terakhir adalah 64,81.

Indeks Perilaku Anti Korupsi (IPAK) nasional pada edisi terakhir adalah 64,81.",,,,,,,2.698907,,,,,,4.8246476000058465,,,0.06414399999999999,0.005038,0.059106,2.7826848,80.0,104.0,29.641629000184146,,31.2890625,31.2890625,0.0,,,,13970.40625,14035.82421875,65.41796875,2196.8984375,2131.48046875,55.2,93.8,2,80,Ollama process RSS; excludes backend RAM,Whole NVIDIA devices,MiB,0.05,,,,,,248.0,,,,,,8192,,,,,,,,,384.0,72.0,4.0,42.0,
20260927-214705-5142d6fe,generator_only,llama3.2-finetuned,llama3.2-finetuned:latest,ollama_generate,False,warm,Q04,4,Berapa Indeks Perilaku Anti Korupsi (IPAK) nasional pada edisi terakhir?,5,ok,200,,,"Teks menyatakan bahwa ""Indeks Perilaku Anti Korupsi (IPAK) nasional pada edisi terakhir adalah 64,81"". Karena itu, nilai IPAK nasional pada edisi terakhir adalah 64,81.

Indeks Perilaku Anti Korupsi (IPAK) nasional pada edisi terakhir adalah 64,81.",,,,,,,2.581745,,,,,,4.704787999988184,,,0.0705936,0.0032786,0.067315,2.6698598,80.0,104.0,30.98679381581062,,31.2890625,31.2890625,0.0,,,,14033.87109375,14064.35546875,30.484375,2133.43359375,2102.94921875,52.8,93.8,2,79,Ollama process RSS; excludes backend RAM,Whole NVIDIA devices,MiB,0.05,,,,,,248.0,,,,,,8192,,,,,,,,,384.0,72.0,4.0,42.0,
20260927-214705-5142d6fe,generator_only,llama3.2-finetuned,llama3.2-finetuned:latest,ollama_generate,False,warm,Q04,4,Berapa Indeks Perilaku Anti Korupsi (IPAK) nasional pada edisi terakhir?,6,ok,200,,,"Teks menyatakan bahwa ""Indeks Perilaku Anti Korupsi (IPAK) nasional pada edisi terakhir adalah 64,81"". Karena itu, nilai IPAK nasional pada edisi terakhir adalah 64,81.

Indeks Perilaku Anti Korupsi (IPAK) nasional pada edisi terakhir adalah 64,81.",,,,,,,2.596656,,,,,,4.728543400007766,,,0.07589009999999999,0.0058051,0.070085,2.6901276,80.0,104.0,30.808855697481686,,31.2890625,31.2890625,0.0,,,,14062.81640625,14110.6484375,47.83203125,2104.48828125,2056.65625,47.0,96.9,2,79,Ollama process RSS; excludes backend RAM,Whole NVIDIA devices,MiB,0.05,,,,,,248.0,,,,,,8192,,,,,,,,,384.0,72.0,4.0,42.0,
20260927-214705-5142d6fe,generator_only,llama3.2-finetuned,llama3.2-finetuned:latest,ollama_generate,False,warm,Q04,4,Berapa Indeks Perilaku Anti Korupsi (IPAK) nasional pada edisi terakhir?,7,ok,200,,,"Teks menyatakan bahwa ""Indeks Perilaku Anti Korupsi (IPAK) nasional pada edisi terakhir adalah 64,81"". Karena itu, nilai IPAK nasional pada edisi terakhir adalah 64,81.

Indeks Perilaku Anti Korupsi (IPAK) nasional pada edisi terakhir adalah 64,81.",,,,,,,2.85342,,,,,,4.9687154999992345,,,0.0652274,0.0047584,0.060469,2.9377943,80.0,104.0,28.036531600675684,,31.2890625,31.296875,0.0078125,,,,14105.3046875,14105.3046875,0.0,2062.0,2062.0,70.8,97.1,2,83,Ollama process RSS; excludes backend RAM,Whole NVIDIA devices,MiB,0.05,,,,,,248.0,,,,,,8192,,,,,,,,,384.0,72.0,4.0,42.0,
20260927-214705-5142d6fe,generator_only,llama3.2-finetuned,llama3.2-finetuned:latest,ollama_generate,False,warm,Q04,4,Berapa Indeks Perilaku Anti Korupsi (IPAK) nasional pada edisi terakhir?,8,ok,200,,,"Teks menyatakan bahwa ""Indeks Perilaku Anti Korupsi (IPAK) nasional pada edisi terakhir adalah 64,81"". Karena itu, nilai IPAK nasional pada edisi terakhir adalah 64,81.

Indeks Perilaku Anti Korupsi (IPAK) nasional pada edisi terakhir adalah 64,81.",,,,,,,2.721113,,,,,,4.857499399993685,,,0.0749259,0.0042069,0.070719,2.8160283,80.0,104.0,29.399734593895953,,31.296875,31.44140625,0.14453125,,,,14095.515625,14111.4921875,15.9765625,2071.7890625,2055.8125,51.9,94.1,2,81,Ollama process RSS; excludes backend RAM,Whole NVIDIA devices,MiB,0.05,,,,,,248.0,,,,,,8192,,,,,,,,,384.0,72.0,4.0,42.0,
20260927-214705-5142d6fe,generator_only,llama3.2-finetuned,llama3.2-finetuned:latest,ollama_generate,False,warm,Q04,4,Berapa Indeks Perilaku Anti Korupsi (IPAK) nasional pada edisi terakhir?,9,ok,200,,,"Teks menyatakan bahwa ""Indeks Perilaku Anti Korupsi (IPAK) nasional pada edisi terakhir adalah 64,81"". Karena itu, nilai IPAK nasional pada edisi terakhir adalah 64,81.

Indeks Perilaku Anti Korupsi (IPAK) nasional pada edisi terakhir adalah 64,81.",,,,,,,4.167861,,,,,,6.280416399997193,,,0.0684367,0.0034277,0.065009,4.2548291,80.0,104.0,19.19449808906775,,31.44140625,31.44140625,0.0,,,,14111.29296875,14249.6015625,138.30859375,2056.01171875,1917.703125,67.0,100.0,2,89,Ollama process RSS; excludes backend RAM,Whole NVIDIA devices,MiB,0.05,,,,,,248.0,,,,,,8192,,,,,,,,,384.0,72.0,4.0,42.0,
20260927-214705-5142d6fe,generator_only,llama3.2-finetuned,llama3.2-finetuned:latest,ollama_generate,False,warm,Q04,4,Berapa Indeks Perilaku Anti Korupsi (IPAK) nasional pada edisi terakhir?,10,ok,200,,,"Teks menyatakan bahwa ""Indeks Perilaku Anti Korupsi (IPAK) nasional pada edisi terakhir adalah 64,81"". Karena itu, nilai IPAK nasional pada edisi terakhir adalah 64,81.

Indeks Perilaku Anti Korupsi (IPAK) nasional pada edisi terakhir adalah 64,81.",,,,,,,4.792417,,,,,,6.954809600007138,,,0.1013695,0.0040095,0.09736,4.9151723,80.0,104.0,16.693038189289453,,31.44140625,31.44140625,0.0,,,,14240.69921875,14287.46484375,46.765625,1926.60546875,1879.83984375,83.3,100.0,2,98,Ollama process RSS; excludes backend RAM,Whole NVIDIA devices,MiB,0.05,,,,,,248.0,,,,,,8192,,,,,,,,,384.0,72.0,4.0,42.0,
20260927-214705-5142d6fe,generator_only,gemma2-finetuned,gemma2-finetuned:latest,ollama_generate,False,model_unloaded,Q01,1,Berapa persentase penduduk lanjut usia di Indonesia menurut publikasi Statistik Penduduk Lanjut Usia edisi terbaru?,1,ok,200,,,"Maaf, saya tidak memiliki akses ke data publikasi terbaru. Karena itu, saya tidak dapat memberikan persentase penduduk lanjut usia di Indonesia.",,,,,,,0.543907,,,,,,15.1869211000012,,,12.593344100000001,12.4098491,0.183495,13.145559,30.0,33.0,55.156488149628515,,31.44921875,313.609375,282.16015625,,,,14254.5859375,14258.015625,3.4296875,1912.71875,1909.2890625,31.4,100.0,3,228,Ollama process RSS; excludes backend RAM,Whole NVIDIA devices,MiB,0.05,,,,,,144.0,,,,,,8192,,,,,,,,,384.0,115.0,1.0,42.0,
20260927-214705-5142d6fe,generator_only,gemma2-finetuned,gemma2-finetuned:latest,ollama_generate,False,warm,Q01,1,Berapa persentase penduduk lanjut usia di Indonesia menurut publikasi Statistik Penduduk Lanjut Usia edisi terbaru?,1,ok,200,,,"Maaf, saya tidak memiliki akses ke data publikasi terbaru. Karena itu, saya tidak dapat memberikan persentase penduduk lanjut usia di Indonesia.",,,,,,,0.634133,,,,,,2.825465299989446,,,0.1346456,0.0047826,0.129863,0.7744392,30.0,33.0,47.308687609697024,,31.61328125,31.6171875,0.00390625,,,,14206.69140625,14255.83984375,49.1484375,1960.61328125,1911.46484375,65.1,100.0,2,47,Ollama process RSS; excludes backend RAM,Whole NVIDIA devices,MiB,0.05,,,,,,144.0,,,,,,8192,,,,,,,,,384.0,115.0,1.0,42.0,
20260927-214705-5142d6fe,generator_only,gemma2-finetuned,gemma2-finetuned:latest,ollama_generate,False,warm,Q01,1,Berapa persentase penduduk lanjut usia di Indonesia menurut publikasi Statistik Penduduk Lanjut Usia edisi terbaru?,2,ok,200,,,"Maaf, saya tidak memiliki akses ke data publikasi terbaru. Karena itu, saya tidak dapat memberikan persentase penduduk lanjut usia di Indonesia.",,,,,,,0.673574,,,,,,2.851812399996561,,,0.1219588,0.0038978,0.118061,0.8024738,30.0,33.0,44.53853622616075,,31.6171875,31.62890625,0.01171875,,,,14252.19921875,14313.40234375,61.203125,1915.10546875,1853.90234375,76.4,100.0,2,47,Ollama process RSS; excludes backend RAM,Whole NVIDIA devices,MiB,0.05,,,,,,144.0,,,,,,8192,,,,,,,,,384.0,115.0,1.0,42.0,
20260927-214705-5142d6fe,generator_only,gemma2-finetuned,gemma2-finetuned:latest,ollama_generate,False,warm,Q01,1,Berapa persentase penduduk lanjut usia di Indonesia menurut publikasi Statistik Penduduk Lanjut Usia edisi terbaru?,3,ok,200,,,"Maaf, saya tidak memiliki akses ke data publikasi terbaru. Karena itu, saya tidak dapat memberikan persentase penduduk lanjut usia di Indonesia.",,,,,,,0.617708,,,,,,2.808178899998893,,,0.1431514,0.0051904,0.137961,0.7650635,30.0,33.0,48.56663666327779,,31.62890625,31.62890625,0.0,,,,14315.8203125,14451.3515625,135.53125,1851.484375,1715.953125,94.5,94.5,2,47,Ollama process RSS; excludes backend RAM,Whole NVIDIA devices,MiB,0.05,,,,,,144.0,,,,,,8192,,,,,,,,,384.0,115.0,1.0,42.0,
20260927-214705-5142d6fe,generator_only,gemma2-finetuned,gemma2-finetuned:latest,ollama_generate,False,warm,Q01,1,Berapa persentase penduduk lanjut usia di Indonesia menurut publikasi Statistik Penduduk Lanjut Usia edisi terbaru?,4,ok,200,,,"Maaf, saya tidak memiliki akses ke data publikasi terbaru. Karena itu, saya tidak dapat memberikan persentase penduduk lanjut usia di Indonesia.",,,,,,,0.686704,,,,,,2.8784378999989713,,,0.14310599999999998,0.005433,0.137673,0.8370058,30.0,33.0,43.68694517579627,,31.62890625,31.71875,0.08984375,,,,14439.09765625,14571.52734375,132.4296875,1728.20703125,1595.77734375,37.3,100.0,2,46,Ollama process RSS; excludes backend RAM,Whole NVIDIA devices,MiB,0.05,,,,,,144.0,,,,,,8192,,,,,,,,,384.0,115.0,1.0,42.0,
20260927-214705-5142d6fe,generator_only,gemma2-finetuned,gemma2-finetuned:latest,ollama_generate,False,warm,Q01,1,Berapa persentase penduduk lanjut usia di Indonesia menurut publikasi Statistik Penduduk Lanjut Usia edisi terbaru?,5,ok,200,,,"Maaf, saya tidak memiliki akses ke data publikasi terbaru. Karena itu, saya tidak dapat memberikan persentase penduduk lanjut usia di Indonesia.",,,,,,,0.841191,,,,,,3.038703099999111,,,0.15048040000000001,0.0088464,0.141634,0.997796,30.0,33.0,35.66371965463254,,31.71875,31.72265625,0.00390625,,,,14573.76953125,14788.76171875,214.9921875,1593.53515625,1378.54296875,76.9,100.0,2,36,Ollama process RSS; excludes backend RAM,Whole NVIDIA devices,MiB,0.05,,,,,,144.0,,,,,,8192,,,,,,,,,384.0,115.0,1.0,42.0,
20260927-214705-5142d6fe,generator_only,gemma2-finetuned,gemma2-finetuned:latest,ollama_generate,False,warm,Q01,1,Berapa persentase penduduk lanjut usia di Indonesia menurut publikasi Statistik Penduduk Lanjut Usia edisi terbaru?,6,ok,200,,,"Maaf, saya tidak memiliki akses ke data publikasi terbaru. Karena itu, saya tidak dapat memberikan persentase penduduk lanjut usia di Indonesia.",,,,,,,0.724152,,,,,,2.929789299989352,,,0.1510781,0.0096321,0.141446,0.8901014,30.0,33.0,41.427766546249956,,31.72265625,31.72265625,0.0,,,,14788.58203125,14993.359375,204.77734375,1378.72265625,1173.9453125,100.0,100.0,2,46,Ollama process RSS; excludes backend RAM,Whole NVIDIA devices,MiB,0.05,,,,,,144.0,,,,,,8192,,,,,,,,,384.0,115.0,1.0,42.0,
20260927-214705-5142d6fe,generator_only,gemma2-finetuned,gemma2-finetuned:latest,ollama_generate,False,warm,Q01,1,Berapa persentase penduduk lanjut usia di Indonesia menurut publikasi Statistik Penduduk Lanjut Usia edisi terbaru?,7,ok,200,,,"Maaf, saya tidak memiliki akses ke data publikasi terbaru. Karena itu, saya tidak dapat memberikan persentase penduduk lanjut usia di Indonesia.",,,,,,,0.600649,,,,,,2.7723353000037605,,,0.1291768,0.0048298,0.124347,0.7355426,30.0,33.0,49.945975103596275,,31.72265625,31.72265625,0.0,,,,14987.9453125,15100.6015625,112.65625,1179.359375,1066.703125,54.8,97.7,2,47,Ollama process RSS; excludes backend RAM,Whole NVIDIA devices,MiB,0.05,,,,,,144.0,,,,,,8192,,,,,,,,,384.0,115.0,1.0,42.0,
20260927-214705-5142d6fe,generator_only,gemma2-finetuned,gemma2-finetuned:latest,ollama_generate,False,warm,Q01,1,Berapa persentase penduduk lanjut usia di Indonesia menurut publikasi Statistik Penduduk Lanjut Usia edisi terbaru?,8,ok,200,,,"Maaf, saya tidak memiliki akses ke data publikasi terbaru. Karena itu, saya tidak dapat memberikan persentase penduduk lanjut usia di Indonesia.",,,,,,,0.589751,,,,,,2.740902699995786,,,0.1146899,0.0030939,0.111596,0.7087167,30.0,33.0,50.868926038277166,,31.72265625,31.734375,0.01171875,,,,15100.43359375,15284.015625,183.58203125,1066.87109375,883.2890625,71.6,79.2,2,46,Ollama process RSS; excludes backend RAM,Whole NVIDIA devices,MiB,0.05,,,,,,144.0,,,,,,8192,,,,,,,,,384.0,115.0,1.0,42.0,
20260927-214705-5142d6fe,generator_only,gemma2-finetuned,gemma2-finetuned:latest,ollama_generate,False,warm,Q01,1,Berapa persentase penduduk lanjut usia di Indonesia menurut publikasi Statistik Penduduk Lanjut Usia edisi terbaru?,9,ok,200,,,"Maaf, saya tidak memiliki akses ke data publikasi terbaru. Karena itu, saya tidak dapat memberikan persentase penduduk lanjut usia di Indonesia.",,,,,,,0.640371,,,,,,2.795880899997428,,,0.1213012,0.0050962,0.116205,0.7652043,30.0,33.0,46.84784289107408,,31.734375,31.7890625,0.0546875,,,,15260.7421875,15260.7421875,0.0,906.5625,906.5625,60.0,92.7,2,48,Ollama process RSS; excludes backend RAM,Whole NVIDIA devices,MiB,0.05,,,,,,144.0,,,,,,8192,,,,,,,,,384.0,115.0,1.0,42.0,
20260927-214705-5142d6fe,generator_only,gemma2-finetuned,gemma2-finetuned:latest,ollama_generate,False,warm,Q01,1,Berapa persentase penduduk lanjut usia di Indonesia menurut publikasi Statistik Penduduk Lanjut Usia edisi terbaru?,10,ok,200,,,"Maaf, saya tidak memiliki akses ke data publikasi terbaru. Karena itu, saya tidak dapat memberikan persentase penduduk lanjut usia di Indonesia.",,,,,,,0.698216,,,,,,2.9936727000022074,,,0.165022,0.014485,0.150537,0.9494483,30.0,33.0,42.96664642460213,,31.7890625,31.94140625,0.15234375,,,,14768.11328125,14955.68359375,187.5703125,1399.19140625,1211.62109375,37.8,100.0,2,47,Ollama process RSS; excludes backend RAM,Whole NVIDIA devices,MiB,0.05,,,,,,144.0,,,,,,8192,,,,,,,,,384.0,115.0,1.0,42.0,
20260927-214705-5142d6fe,generator_only,gemma2-finetuned,gemma2-finetuned:latest,ollama_generate,False,model_unloaded,Q02,2,Apa yang dimaksud dengan Indeks Khusus Penanganan Stunting (IKPS) menurut publikasi BPS?,1,ok,200,,,"Menurut BPS, Indeks Khusus Penanganan Stunting (IKPS) adalah indikator yang mengukur capaian penanganan stunting pada anak usia 0-5 tahun. IKPS dihitung dari hasil pengukuran indikator penanganan stunting, yaitu:

* **Indikator Gizi:** Indeks Gizi Anak (IGA) yang mencerminkan kondisi gizi anak, termasuk indeks gizi ibu hamil, indeks gizi balita, dan indeks gizi anak usia 0-5 tahun.
* **Indikator Kesehatan:** Indeks Kesehatan Anak (IKA) yang mencerminkan kondisi kesehatan anak, termasuk indeks imunisasi, indeks kesehatan ibu, dan indeks kesehatan anak usia 0-5 tahun.
* **Indikator Pendidikan:** Indeks Pendidikan Anak (IPA) yang mencerminkan capaian pendidikan anak, termasuk indeks usia sekolah, indeks literasi, dan indeks numerasi.
* **Indikator Sosial Ekonomi:** Indeks Sosial Ekonomi Anak (ISEA) yang mencerminkan kondisi sosial ekonomi anak, termasuk indeks kesejahteraan sosial, indeks pengeluaran rumah tangga, dan indeks kepemilikan rumah layak.

IKPS dihitung dengan menggabungkan nilai-nilai dari keempat indikator tersebut, sehingga memberikan gambaran menyeluruh tentang capaian penanganan stunting pada anak usia 0-5 tahun.",,,,,,,5.007,,,,,,13.091584500012686,,,6.027883,5.845758,0.182125,11.0457218,269.0,29.0,53.72478530057919,,32.03515625,315.80078125,283.765625,,,,14025.14453125,15073.91015625,1048.765625,2142.16015625,1093.39453125,60.0,100.0,3,213,Ollama process RSS; excludes backend RAM,Whole NVIDIA devices,MiB,0.05,,,,,,1143.0,,,,,,8192,,,,,,,,,384.0,88.0,2.0,42.0,
20260927-214705-5142d6fe,generator_only,gemma2-finetuned,gemma2-finetuned:latest,ollama_generate,False,warm,Q02,2,Apa yang dimaksud dengan Indeks Khusus Penanganan Stunting (IKPS) menurut publikasi BPS?,1,ok,200,,,"Menurut BPS, Indeks Khusus Penanganan Stunting (IKPS) adalah indikator yang mengukur capaian penanganan stunting di tingkat desa, yaitu perbandingan antara capaian indikator stunting dengan capaian indikator kesejahteraan sosial. IKPS dihitung dengan membandingkan nilai rata-rata capaian indikator stunting dengan rata-rata capaian indikator kesejahteraan sosial, baik secara nasional maupun di tingkat provinsi.

IKPS terdiri dari enam indikator, yaitu:

1. Indikator capaian indikator stunting (CAS)
2. Indikator capaian indikator kesejahteraan sosial (CIKS)
3. Indikator capaian indikator kesehatan (CIK)
4. Indikator capaian indikator pendidikan (CIPS)
5. Indikator capaian indikator ekonomi (CIES)
6. Indikator capaian indikator sosial (CISS)

IKPS dihitung dengan menggunakan metode rata-rata, yaitu rata-rata nilai dari enam indikator tersebut. Nilai IKPS berkisar antara 0 hingga 100, dengan nilai lebih tinggi menunjukkan capaian penanganan stunting yang lebih baik.",,,,,,,4.714586,,,,,,6.935462199995527,,,0.1539785,0.0075935,0.146385,4.9110064,243.0,29.0,51.54217146532061,,31.90234375,31.90234375,0.0,,,,15051.09375,15324.20703125,273.11328125,1116.2109375,843.09765625,72.5,100.0,2,111,Ollama process RSS; excludes backend RAM,Whole NVIDIA devices,MiB,0.05,,,,,,976.0,,,,,,8192,,,,,,,,,384.0,88.0,2.0,42.0,
20260927-214705-5142d6fe,generator_only,gemma2-finetuned,gemma2-finetuned:latest,ollama_generate,False,warm,Q02,2,Apa yang dimaksud dengan Indeks Khusus Penanganan Stunting (IKPS) menurut publikasi BPS?,2,ok,200,,,"Menurut BPS, Indeks Khusus Penanganan Stunting (IKPS) adalah indikator yang mengukur capaian penanganan stunting di tingkat desa, yaitu perbandingan antara capaian indikator stunting dengan capaian indikator kesejahteraan sosial. IKPS dihitung dengan membandingkan nilai rata-rata capaian indikator stunting dengan rata-rata capaian indikator kesejahteraan sosial, baik secara nasional maupun di tingkat provinsi.

IKPS terdiri dari enam indikator, yaitu:

1. Indikator capaian indikator stunting (CAS)
2. Indikator capaian indikator kesejahteraan sosial (CIKS)
3. Indikator capaian indikator kesehatan (CIK)
4. Indikator capaian indikator pendidikan (CIPS)
5. Indikator capaian indikator ekonomi (CIES)
6. Indikator capaian indikator sosial (CISS)

IKPS dihitung dengan menggunakan metode rata-rata, yaitu rata-rata nilai dari enam indikator tersebut. Nilai IKPS berkisar antara 0 hingga 100, dengan nilai lebih tinggi menunjukkan capaian penanganan stunting yang lebih baik.",,,,,,,4.455171,,,,,,6.609699299995555,,,0.1189375,0.0038785,0.115059,4.5797875,243.0,29.0,54.54336096190247,,31.90234375,31.90234375,0.0,,,,15300.52734375,15332.37890625,31.8515625,866.77734375,834.92578125,66.4,100.0,2,108,Ollama process RSS; excludes backend RAM,Whole NVIDIA devices,MiB,0.05,,,,,,976.0,,,,,,8192,,,,,,,,,384.0,88.0,2.0,42.0,
20260927-214705-5142d6fe,generator_only,gemma2-finetuned,gemma2-finetuned:latest,ollama_generate,False,warm,Q02,2,Apa yang dimaksud dengan Indeks Khusus Penanganan Stunting (IKPS) menurut publikasi BPS?,3,ok,200,,,"Menurut BPS, Indeks Khusus Penanganan Stunting (IKPS) adalah indikator yang mengukur capaian penanganan stunting di tingkat desa, yaitu perbandingan antara capaian indikator stunting dengan capaian indikator kesejahteraan sosial. IKPS dihitung dengan membandingkan nilai rata-rata capaian indikator stunting dengan rata-rata capaian indikator kesejahteraan sosial, baik secara nasional maupun di tingkat provinsi.

IKPS terdiri dari enam indikator, yaitu:

1. Indikator capaian indikator stunting (CAS)
2. Indikator capaian indikator kesejahteraan sosial (CIKS)
3. Indikator capaian indikator kesehatan (CIK)
4. Indikator capaian indikator pendidikan (CIPS)
5. Indikator capaian indikator ekonomi (CIES)
6. Indikator capaian indikator sosial (CISS)

IKPS dihitung dengan menggunakan metode rata-rata, yaitu rata-rata nilai dari enam indikator tersebut. Nilai IKPS berkisar antara 0 hingga 100, dengan nilai lebih tinggi menunjukkan capaian penanganan stunting yang lebih baik.",,,,,,,5.524369,,,,,,7.7316969000094105,,,0.15945009999999998,0.0060431,0.153407,5.6898372,243.0,29.0,43.98692411748745,,31.90234375,31.90234375,0.0,,,,15059.8828125,15290.01171875,230.12890625,1107.421875,877.29296875,80.0,100.0,2,117,Ollama process RSS; excludes backend RAM,Whole NVIDIA devices,MiB,0.05,,,,,,976.0,,,,,,8192,,,,,,,,,384.0,88.0,2.0,42.0,
20260927-214705-5142d6fe,generator_only,gemma2-finetuned,gemma2-finetuned:latest,ollama_generate,False,warm,Q02,2,Apa yang dimaksud dengan Indeks Khusus Penanganan Stunting (IKPS) menurut publikasi BPS?,4,ok,200,,,"Menurut BPS, Indeks Khusus Penanganan Stunting (IKPS) adalah indikator yang mengukur capaian penanganan stunting di tingkat desa, yaitu perbandingan antara capaian indikator stunting dengan capaian indikator kesejahteraan sosial. IKPS dihitung dengan membandingkan nilai rata-rata capaian indikator stunting dengan rata-rata capaian indikator kesejahteraan sosial, baik secara nasional maupun di tingkat provinsi.

IKPS terdiri dari enam indikator, yaitu:

1. Indikator capaian indikator stunting (CAS)
2. Indikator capaian indikator kesejahteraan sosial (CIKS)
3. Indikator capaian indikator kesehatan (CIK)
4. Indikator capaian indikator pendidikan (CIPS)
5. Indikator capaian indikator ekonomi (CIES)
6. Indikator capaian indikator sosial (CISS)

IKPS dihitung dengan menggunakan metode rata-rata, yaitu rata-rata nilai dari enam indikator tersebut. Nilai IKPS berkisar antara 0 hingga 100, dengan nilai lebih tinggi menunjukkan capaian penanganan stunting yang lebih baik.",,,,,,,5.12019,,,,,,7.314492000004975,,,0.134157099,0.0058611,0.128295999,5.261689,243.0,29.0,47.45917631962876,,31.78125,31.78125,0.0,,,,14977.6484375,15028.93359375,51.28515625,1189.65625,1138.37109375,52.4,100.0,2,110,Ollama process RSS; excludes backend RAM,Whole NVIDIA devices,MiB,0.05,,,,,,976.0,,,,,,8192,,,,,,,,,384.0,88.0,2.0,42.0,
20260927-214705-5142d6fe,generator_only,gemma2-finetuned,gemma2-finetuned:latest,ollama_generate,False,warm,Q02,2,Apa yang dimaksud dengan Indeks Khusus Penanganan Stunting (IKPS) menurut publikasi BPS?,5,ok,200,,,"Menurut BPS, Indeks Khusus Penanganan Stunting (IKPS) adalah indikator yang mengukur capaian penanganan stunting di tingkat desa, yaitu perbandingan antara capaian indikator stunting dengan capaian indikator kesejahteraan sosial. IKPS dihitung dengan membandingkan nilai rata-rata capaian indikator stunting dengan rata-rata capaian indikator kesejahteraan sosial, baik secara nasional maupun di tingkat provinsi.

IKPS terdiri dari enam indikator, yaitu:

1. Indikator capaian indikator stunting (CAS)
2. Indikator capaian indikator kesejahteraan sosial (CIKS)
3. Indikator capaian indikator kesehatan (CIK)
4. Indikator capaian indikator pendidikan (CIPS)
5. Indikator capaian indikator ekonomi (CIES)
6. Indikator capaian indikator sosial (CISS)

IKPS dihitung dengan menggunakan metode rata-rata, yaitu rata-rata nilai dari enam indikator tersebut. Nilai IKPS berkisar antara 0 hingga 100, dengan nilai lebih tinggi menunjukkan capaian penanganan stunting yang lebih baik.",,,,,,,4.611202,,,,,,6.797917400006554,,,0.1242758,0.0036588,0.120617,4.7401267,243.0,29.0,52.69775646349911,,31.78125,31.78125,0.0,,,,14973.5625,14980.5234375,6.9609375,1193.7421875,1186.78125,38.2,92.5,2,112,Ollama process RSS; excludes backend RAM,Whole NVIDIA devices,MiB,0.05,,,,,,976.0,,,,,,8192,,,,,,,,,384.0,88.0,2.0,42.0,
20260927-214705-5142d6fe,generator_only,gemma2-finetuned,gemma2-finetuned:latest,ollama_generate,False,warm,Q02,2,Apa yang dimaksud dengan Indeks Khusus Penanganan Stunting (IKPS) menurut publikasi BPS?,6,ok,200,,,"Menurut BPS, Indeks Khusus Penanganan Stunting (IKPS) adalah indikator yang mengukur capaian penanganan stunting di tingkat desa, yaitu perbandingan antara capaian indikator stunting dengan capaian indikator kesejahteraan sosial. IKPS dihitung dengan membandingkan nilai rata-rata capaian indikator stunting dengan rata-rata capaian indikator kesejahteraan sosial, baik secara nasional maupun di tingkat provinsi.

IKPS terdiri dari enam indikator, yaitu:

1. Indikator capaian indikator stunting (CAS)
2. Indikator capaian indikator kesejahteraan sosial (CIKS)
3. Indikator capaian indikator kesehatan (CIK)
4. Indikator capaian indikator pendidikan (CIPS)
5. Indikator capaian indikator ekonomi (CIES)
6. Indikator capaian indikator sosial (CISS)

IKPS dihitung dengan menggunakan metode rata-rata, yaitu rata-rata nilai dari enam indikator tersebut. Nilai IKPS berkisar antara 0 hingga 100, dengan nilai lebih tinggi menunjukkan capaian penanganan stunting yang lebih baik.",,,,,,,4.654489,,,,,,6.854314500000328,,,0.1604555,0.0027815,0.157674,4.819213,243.0,29.0,52.207664471867915,,31.78125,32.04296875,0.26171875,,,,14951.0859375,14968.58984375,17.50390625,1216.21875,1198.71484375,37.3,94.1,2,115,Ollama process RSS; excludes backend RAM,Whole NVIDIA devices,MiB,0.05,,,,,,976.0,,,,,,8192,,,,,,,,,384.0,88.0,2.0,42.0,
20260927-214705-5142d6fe,generator_only,gemma2-finetuned,gemma2-finetuned:latest,ollama_generate,False,warm,Q02,2,Apa yang dimaksud dengan Indeks Khusus Penanganan Stunting (IKPS) menurut publikasi BPS?,7,ok,200,,,"Menurut BPS, Indeks Khusus Penanganan Stunting (IKPS) adalah indikator yang mengukur capaian penanganan stunting di tingkat desa, yaitu perbandingan antara capaian indikator stunting dengan capaian indikator kesejahteraan sosial. IKPS dihitung dengan membandingkan nilai rata-rata capaian indikator stunting dengan rata-rata capaian indikator kesejahteraan sosial, baik secara nasional maupun di tingkat provinsi.

IKPS terdiri dari enam indikator, yaitu:

1. Indikator capaian indikator stunting (CAS)
2. Indikator capaian indikator kesejahteraan sosial (CIKS)
3. Indikator capaian indikator kesehatan (CIK)
4. Indikator capaian indikator pendidikan (CIPS)
5. Indikator capaian indikator ekonomi (CIES)
6. Indikator capaian indikator sosial (CISS)

IKPS dihitung dengan menggunakan metode rata-rata, yaitu rata-rata nilai dari enam indikator tersebut. Nilai IKPS berkisar antara 0 hingga 100, dengan nilai lebih tinggi menunjukkan capaian penanganan stunting yang lebih baik.",,,,,,,4.991077,,,,,,7.184768499995698,,,0.1451333,0.0044493,0.140684,5.1413237,243.0,29.0,48.686886617858235,,32.04296875,32.1015625,0.05859375,,,,14968.4375,15028.0,59.5625,1198.8671875,1139.3046875,75.3,100.0,2,113,Ollama process RSS; excludes backend RAM,Whole NVIDIA devices,MiB,0.05,,,,,,976.0,,,,,,8192,,,,,,,,,384.0,88.0,2.0,42.0,
20260927-214705-5142d6fe,generator_only,gemma2-finetuned,gemma2-finetuned:latest,ollama_generate,False,warm,Q02,2,Apa yang dimaksud dengan Indeks Khusus Penanganan Stunting (IKPS) menurut publikasi BPS?,8,ok,200,,,"Menurut BPS, Indeks Khusus Penanganan Stunting (IKPS) adalah indikator yang mengukur capaian penanganan stunting di tingkat desa, yaitu perbandingan antara capaian indikator stunting dengan capaian indikator kesejahteraan sosial. IKPS dihitung dengan membandingkan nilai rata-rata capaian indikator stunting dengan rata-rata capaian indikator kesejahteraan sosial, baik secara nasional maupun di tingkat provinsi.

IKPS terdiri dari enam indikator, yaitu:

1. Indikator capaian indikator stunting (CAS)
2. Indikator capaian indikator kesejahteraan sosial (CIKS)
3. Indikator capaian indikator kesehatan (CIK)
4. Indikator capaian indikator pendidikan (CIPS)
5. Indikator capaian indikator ekonomi (CIES)
6. Indikator capaian indikator sosial (CISS)

IKPS dihitung dengan menggunakan metode rata-rata, yaitu rata-rata nilai dari enam indikator tersebut. Nilai IKPS berkisar antara 0 hingga 100, dengan nilai lebih tinggi menunjukkan capaian penanganan stunting yang lebih baik.",,,,,,,5.052524,,,,,,7.249095300008776,,,0.14329530000000001,0.0041113,0.139184,5.2009142,243.0,29.0,48.094774017896796,,32.1015625,32.1015625,0.0,,,,14979.5390625,14979.5390625,0.0,1187.765625,1187.765625,45.5,100.0,2,117,Ollama process RSS; excludes backend RAM,Whole NVIDIA devices,MiB,0.05,,,,,,976.0,,,,,,8192,,,,,,,,,384.0,88.0,2.0,42.0,
20260927-214705-5142d6fe,generator_only,gemma2-finetuned,gemma2-finetuned:latest,ollama_generate,False,warm,Q02,2,Apa yang dimaksud dengan Indeks Khusus Penanganan Stunting (IKPS) menurut publikasi BPS?,9,ok,200,,,"Menurut BPS, Indeks Khusus Penanganan Stunting (IKPS) adalah indikator yang mengukur capaian penanganan stunting di tingkat desa, yaitu perbandingan antara capaian indikator stunting dengan capaian indikator kesejahteraan sosial. IKPS dihitung dengan membandingkan nilai rata-rata capaian indikator stunting dengan rata-rata capaian indikator kesejahteraan sosial, baik secara nasional maupun di tingkat provinsi.

IKPS terdiri dari enam indikator, yaitu:

1. Indikator capaian indikator stunting (CAS)
2. Indikator capaian indikator kesejahteraan sosial (CIKS)
3. Indikator capaian indikator kesehatan (CIK)
4. Indikator capaian indikator pendidikan (CIPS)
5. Indikator capaian indikator ekonomi (CIES)
6. Indikator capaian indikator sosial (CISS)

IKPS dihitung dengan menggunakan metode rata-rata, yaitu rata-rata nilai dari enam indikator tersebut. Nilai IKPS berkisar antara 0 hingga 100, dengan nilai lebih tinggi menunjukkan capaian penanganan stunting yang lebih baik.",,,,,,,5.083614,,,,,,7.264573799999198,,,0.133451299,0.0037273,0.129723999,5.2266098,243.0,29.0,47.80063946633242,,30.34375,30.7578125,0.4140625,,,,14628.26953125,14759.6015625,131.33203125,1539.03515625,1407.703125,61.7,100.0,2,105,Ollama process RSS; excludes backend RAM,Whole NVIDIA devices,MiB,0.05,,,,,,976.0,,,,,,8192,,,,,,,,,384.0,88.0,2.0,42.0,
20260927-214705-5142d6fe,generator_only,gemma2-finetuned,gemma2-finetuned:latest,ollama_generate,False,warm,Q02,2,Apa yang dimaksud dengan Indeks Khusus Penanganan Stunting (IKPS) menurut publikasi BPS?,10,ok,200,,,"Menurut BPS, Indeks Khusus Penanganan Stunting (IKPS) adalah indikator yang mengukur capaian penanganan stunting di tingkat desa, yaitu perbandingan antara capaian indikator stunting dengan capaian indikator kesejahteraan sosial. IKPS dihitung dengan membandingkan nilai rata-rata capaian indikator stunting dengan rata-rata capaian indikator kesejahteraan sosial, baik secara nasional maupun di tingkat provinsi.

IKPS terdiri dari enam indikator, yaitu:

1. Indikator capaian indikator stunting (CAS)
2. Indikator capaian indikator kesejahteraan sosial (CIKS)
3. Indikator capaian indikator kesehatan (CIK)
4. Indikator capaian indikator pendidikan (CIPS)
5. Indikator capaian indikator ekonomi (CIES)
6. Indikator capaian indikator sosial (CISS)

IKPS dihitung dengan menggunakan metode rata-rata, yaitu rata-rata nilai dari enam indikator tersebut. Nilai IKPS berkisar antara 0 hingga 100, dengan nilai lebih tinggi menunjukkan capaian penanganan stunting yang lebih baik.",,,,,,,5.363953,,,,,,7.5273919999890495,,,0.1347671,0.0045161,0.130251,5.5053855,243.0,29.0,45.30241036787608,,30.7578125,31.171875,0.4140625,,,,14725.78125,15021.984375,296.203125,1441.5234375,1145.3203125,36.2,100.0,2,108,Ollama process RSS; excludes backend RAM,Whole NVIDIA devices,MiB,0.05,,,,,,976.0,,,,,,8192,,,,,,,,,384.0,88.0,2.0,42.0,
20260927-214705-5142d6fe,generator_only,gemma2-finetuned,gemma2-finetuned:latest,ollama_generate,False,model_unloaded,Q03,3,Bagaimana tren Indeks Pembangunan Manusia (IPM) Indonesia dari edisi ke edisi?,1,ok,200,,,"Maaf, saya tidak memiliki akses ke data terkini, termasuk tren IPM Indonesia dari edisi ke edisi. Untuk mendapatkan data tersebut, saya sarankan untuk merujuk ke sumber resmi seperti:

* **Badan Pusat Statistik (BPS):** BPS merupakan lembaga yang menerbitkan data IPM Indonesia. Anda dapat mengakses data terbaru dan tren IPM melalui situs web BPS.
* **Website Kementerian PPN/BPP/Bina PP/Bina Bangunan/Bina Bangunan Perumahan/Bina Bangunan Perumahan Rakyat/Bina Bangunan Perumahan Rakyat/Bina Bangunan Perumahan Rakyat/Bina Bangunan Perumahan Rakyat/Bina Bangunan Perumahan Rakyat/Bina Bangunan Perumahan Rakyat/Bina Bangunan Perumahan Rakyat/Bina Bangunan Perumahan Rakyat/Bina Bangunan Perumahan Rakyat/Bina Bangunan Perumahan Rakyat/Bina Bangunan Perumahan Rakyat/Bina Bangunan Perumahan Rakyat/Bina Bangunan Perumahan Rakyat/Bina Bangunan Perumahan Rakyat/Bina Bangunan Perumahan Rakyat/Bina Bangunan Perumahan Rakyat/Bina Bangunan Perumahan Rakyat/Bina Bangunan Perumahan Rakyat/Bina Bangunan Perumahan Rakyat/Bina Bangunan Perumahan Rakyat/Bina Bangunan Perumahan Rakyat/Bina Bangunan Perumahan Rakyat/Bina Bangunan Perumahan Rakyat/Bina Bangunan Perumahan Rakyat/Bina Bangunan Perumahan Rakyat/Bina Bangunan Perumahan Rakyat/Bina Bangunan Perumahan Rakyat/Bina Bangunan Perumahan Rakyat/Bina Bangunan Perumahan Rakyat/Bina Bangunan Perumahan Rakyat/Bina Bangunan Perumahan Rakyat/Bina Bangunan Perumahan Rakyat/Bina Bangunan Perumahan Rakyat/Bina Bangunan Perumahan Rakyat/Bina Bangunan Perumahan Rakyat/Bina Bangunan Per",,,,,,,7.513193,,,,,,16.245770199995604,,,6.6630142,6.4890872,0.173927,14.1865509,384.0,25.0,51.11009393742447,,31.24609375,314.4765625,283.23046875,,,,14022.88671875,14777.30078125,754.4140625,2144.41796875,1390.00390625,46.2,100.0,3,262,Ollama process RSS; excludes backend RAM,Whole NVIDIA devices,MiB,0.05,,,,,,1529.0,,,,,,8192,,,,,,,,,384.0,78.0,3.0,42.0,
20260927-214705-5142d6fe,generator_only,gemma2-finetuned,gemma2-finetuned:latest,ollama_generate,False,warm,Q03,3,Bagaimana tren Indeks Pembangunan Manusia (IPM) Indonesia dari edisi ke edisi?,1,ok,200,,,"Maaf, saya tidak memiliki akses ke data real-time, termasuk data IPM. Karena itu, saya tidak dapat memberikan tren IPM dari edisi ke edisi.

Untuk mendapatkan data IPM terbaru, silakan merujuk ke situs resmi Badan Pusat Statistik (BPS) atau lembaga terkait lainnya.",,,,,,,1.09634,,,,,,3.2718920000043,,,0.1256952,0.0045932,0.121102,1.2361684,57.0,25.0,51.99117062225222,,31.76171875,31.76171875,0.0,,,,13911.265625,13942.3203125,31.0546875,2256.0390625,2224.984375,74.3,74.3,2,57,Ollama process RSS; excludes backend RAM,Whole NVIDIA devices,MiB,0.05,,,,,,265.0,,,,,,8192,,,,,,,,,384.0,78.0,3.0,42.0,
20260927-214705-5142d6fe,generator_only,gemma2-finetuned,gemma2-finetuned:latest,ollama_generate,False,warm,Q03,3,Bagaimana tren Indeks Pembangunan Manusia (IPM) Indonesia dari edisi ke edisi?,2,ok,200,,,"Maaf, saya tidak memiliki akses ke data real-time, termasuk data IPM. Karena itu, saya tidak dapat memberikan tren IPM dari edisi ke edisi.

Untuk mendapatkan data IPM terbaru, silakan merujuk ke situs resmi Badan Pusat Statistik (BPS) atau lembaga terkait lainnya.",,,,,,,1.15987,,,,,,3.3499309000035282,,,0.1388582,0.0028982,0.13596,1.3028861,57.0,25.0,49.14343848879616,,31.76171875,31.76171875,0.0,,,,13932.359375,13945.32421875,12.96484375,2234.9453125,2221.98046875,55.6,92.5,2,57,Ollama process RSS; excludes backend RAM,Whole NVIDIA devices,MiB,0.05,,,,,,265.0,,,,,,8192,,,,,,,,,384.0,78.0,3.0,42.0,
20260927-214705-5142d6fe,generator_only,gemma2-finetuned,gemma2-finetuned:latest,ollama_generate,False,warm,Q03,3,Bagaimana tren Indeks Pembangunan Manusia (IPM) Indonesia dari edisi ke edisi?,3,ok,200,,,"Maaf, saya tidak memiliki akses ke data real-time, termasuk data IPM. Karena itu, saya tidak dapat memberikan tren IPM dari edisi ke edisi.

Untuk mendapatkan data IPM terbaru, silakan merujuk ke situs resmi Badan Pusat Statistik (BPS) atau lembaga terkait lainnya.",,,,,,,1.207699,,,,,,3.390956199989887,,,0.1393063,0.0028553,0.136451,1.3542069,57.0,25.0,47.19719069072674,,31.76171875,31.76171875,0.0,,,,13931.87890625,13953.05078125,21.171875,2235.42578125,2214.25390625,40.6,97.8,2,58,Ollama process RSS; excludes backend RAM,Whole NVIDIA devices,MiB,0.05,,,,,,265.0,,,,,,8192,,,,,,,,,384.0,78.0,3.0,42.0,
20260927-214705-5142d6fe,generator_only,gemma2-finetuned,gemma2-finetuned:latest,ollama_generate,False,warm,Q03,3,Bagaimana tren Indeks Pembangunan Manusia (IPM) Indonesia dari edisi ke edisi?,4,ok,200,,,"Maaf, saya tidak memiliki akses ke data real-time, termasuk data IPM. Karena itu, saya tidak dapat memberikan tren IPM dari edisi ke edisi.

Untuk mendapatkan data IPM terbaru, silakan merujuk ke situs resmi Badan Pusat Statistik (BPS) atau lembaga terkait lainnya.",,,,,,,1.150975,,,,,,3.366750700006378,,,0.158554,0.014175,0.144379,1.3277135,57.0,25.0,49.52323030474163,,31.76171875,31.77734375,0.015625,,,,13952.08984375,13955.51171875,3.421875,2215.21484375,2211.79296875,67.9,100.0,2,57,Ollama process RSS; excludes backend RAM,Whole NVIDIA devices,MiB,0.05,,,,,,265.0,,,,,,8192,,,,,,,,,384.0,78.0,3.0,42.0,
20260927-214705-5142d6fe,generator_only,gemma2-finetuned,gemma2-finetuned:latest,ollama_generate,False,warm,Q03,3,Bagaimana tren Indeks Pembangunan Manusia (IPM) Indonesia dari edisi ke edisi?,5,ok,200,,,"Maaf, saya tidak memiliki akses ke data real-time, termasuk data IPM. Karena itu, saya tidak dapat memberikan tren IPM dari edisi ke edisi.

Untuk mendapatkan data IPM terbaru, silakan merujuk ke situs resmi Badan Pusat Statistik (BPS) atau lembaga terkait lainnya.",,,,,,,1.171878,,,,,,3.325466199996299,,,0.1246533,0.0042873,0.120366,1.2996991,57.0,25.0,48.639875481918764,,31.77734375,31.77734375,0.0,,,,13944.1796875,13955.2734375,11.09375,2223.125,2212.03125,58.7,87.9,2,56,Ollama process RSS; excludes backend RAM,Whole NVIDIA devices,MiB,0.05,,,,,,265.0,,,,,,8192,,,,,,,,,384.0,78.0,3.0,42.0,
20260927-214705-5142d6fe,generator_only,gemma2-finetuned,gemma2-finetuned:latest,ollama_generate,False,warm,Q03,3,Bagaimana tren Indeks Pembangunan Manusia (IPM) Indonesia dari edisi ke edisi?,6,ok,200,,,"Maaf, saya tidak memiliki akses ke data real-time, termasuk data IPM. Karena itu, saya tidak dapat memberikan tren IPM dari edisi ke edisi.

Untuk mendapatkan data IPM terbaru, silakan merujuk ke situs resmi Badan Pusat Statistik (BPS) atau lembaga terkait lainnya.",,,,,,,1.209191,,,,,,3.4309949000016786,,,0.15702639999999998,0.0100284,0.146998,1.3709599,57.0,25.0,47.13895488802017,,31.77734375,31.78125,0.00390625,,,,13953.73046875,13964.58203125,10.8515625,2213.57421875,2202.72265625,40.2,100.0,2,55,Ollama process RSS; excludes backend RAM,Whole NVIDIA devices,MiB,0.05,,,,,,265.0,,,,,,8192,,,,,,,,,384.0,78.0,3.0,42.0,
20260927-214705-5142d6fe,generator_only,gemma2-finetuned,gemma2-finetuned:latest,ollama_generate,False,warm,Q03,3,Bagaimana tren Indeks Pembangunan Manusia (IPM) Indonesia dari edisi ke edisi?,7,ok,200,,,"Maaf, saya tidak memiliki akses ke data real-time, termasuk data IPM. Karena itu, saya tidak dapat memberikan tren IPM dari edisi ke edisi.

Untuk mendapatkan data IPM terbaru, silakan merujuk ke situs resmi Badan Pusat Statistik (BPS) atau lembaga terkait lainnya.",,,,,,,1.083292,,,,,,3.27186310000252,,,0.12944640000000002,0.0034394,0.126007,1.2185761,57.0,25.0,52.61739217127054,,31.78125,31.78125,0.0,,,,13899.6953125,13910.9296875,11.234375,2267.609375,2256.375,60.6,91.2,2,57,Ollama process RSS; excludes backend RAM,Whole NVIDIA devices,MiB,0.05,,,,,,265.0,,,,,,8192,,,,,,,,,384.0,78.0,3.0,42.0,
20260927-214705-5142d6fe,generator_only,gemma2-finetuned,gemma2-finetuned:latest,ollama_generate,False,warm,Q03,3,Bagaimana tren Indeks Pembangunan Manusia (IPM) Indonesia dari edisi ke edisi?,8,ok,200,,,"Maaf, saya tidak memiliki akses ke data real-time, termasuk data IPM. Karena itu, saya tidak dapat memberikan tren IPM dari edisi ke edisi.

Untuk mendapatkan data IPM terbaru, silakan merujuk ke situs resmi Badan Pusat Statistik (BPS) atau lembaga terkait lainnya.",,,,,,,1.141011,,,,,,3.305478200010839,,,0.13530319999999998,0.0044282,0.130875,1.283282,57.0,25.0,49.95569718433915,,31.78125,31.796875,0.015625,,,,13904.86328125,13931.92578125,27.0625,2262.44140625,2235.37890625,45.7,84.8,2,57,Ollama process RSS; excludes backend RAM,Whole NVIDIA devices,MiB,0.05,,,,,,265.0,,,,,,8192,,,,,,,,,384.0,78.0,3.0,42.0,
20260927-214705-5142d6fe,generator_only,gemma2-finetuned,gemma2-finetuned:latest,ollama_generate,False,warm,Q03,3,Bagaimana tren Indeks Pembangunan Manusia (IPM) Indonesia dari edisi ke edisi?,9,ok,200,,,"Maaf, saya tidak memiliki akses ke data real-time, termasuk data IPM. Karena itu, saya tidak dapat memberikan tren IPM dari edisi ke edisi.

Untuk mendapatkan data IPM terbaru, silakan merujuk ke situs resmi Badan Pusat Statistik (BPS) atau lembaga terkait lainnya.",,,,,,,1.126131,,,,,,3.3042489000072237,,,0.1249435,0.0070875,0.117856,1.2558205,57.0,25.0,50.615780934900116,,31.796875,31.97265625,0.17578125,,,,13909.46484375,13928.1953125,18.73046875,2257.83984375,2239.109375,38.5,97.2,2,56,Ollama process RSS; excludes backend RAM,Whole NVIDIA devices,MiB,0.05,,,,,,265.0,,,,,,8192,,,,,,,,,384.0,78.0,3.0,42.0,
20260927-214705-5142d6fe,generator_only,gemma2-finetuned,gemma2-finetuned:latest,ollama_generate,False,warm,Q03,3,Bagaimana tren Indeks Pembangunan Manusia (IPM) Indonesia dari edisi ke edisi?,10,ok,200,,,"Maaf, saya tidak memiliki akses ke data real-time, termasuk data IPM. Karena itu, saya tidak dapat memberikan tren IPM dari edisi ke edisi.

Untuk mendapatkan data IPM terbaru, silakan merujuk ke situs resmi Badan Pusat Statistik (BPS) atau lembaga terkait lainnya.",,,,,,,1.111083,,,,,,3.320608000009088,,,0.1602114,0.0222154,0.137996,1.2761242,57.0,25.0,51.30129792283745,,31.97265625,32.0,0.02734375,,,,13921.34765625,13957.05078125,35.703125,2245.95703125,2210.25390625,91.0,100.0,2,55,Ollama process RSS; excludes backend RAM,Whole NVIDIA devices,MiB,0.05,,,,,,265.0,,,,,,8192,,,,,,,,,384.0,78.0,3.0,42.0,
20260927-214705-5142d6fe,generator_only,gemma2-finetuned,gemma2-finetuned:latest,ollama_generate,False,model_unloaded,Q04,4,Berapa Indeks Perilaku Anti Korupsi (IPAK) nasional pada edisi terakhir?,1,ok,200,,,"Maaf, saya tidak memiliki akses ke data real-time seperti indeks IPAK. Untuk mendapatkan data terbaru, silakan merujuk ke situs resmi KPK atau lembaga pengambil keputusan lainnya yang menyediakan data IPAK.",,,,,,,0.970767,,,,,,9.2059661999956,,,6.1992814,6.0070994,0.192182,7.1748223,43.0,27.0,44.294871992970506,,32.015625,308.7109375,276.6953125,,,,13134.29296875,13914.7890625,780.49609375,3033.01171875,2252.515625,34.0,100.0,3,149,Ollama process RSS; excludes backend RAM,Whole NVIDIA devices,MiB,0.05,,,,,,206.0,,,,,,8192,,,,,,,,,384.0,72.0,4.0,42.0,
20260927-214705-5142d6fe,generator_only,gemma2-finetuned,gemma2-finetuned:latest,ollama_generate,False,warm,Q04,4,Berapa Indeks Perilaku Anti Korupsi (IPAK) nasional pada edisi terakhir?,1,ok,200,,,"Maaf, saya tidak memiliki akses ke data real-time seperti indeks IPAK. Untuk mendapatkan data terbaru, silakan merujuk ke situs resmi KPK atau lembaga peneliti yang terpercaya.",,,,,,,0.861133,,,,,,3.0476193000067724,,,0.133740899,0.0049989,0.128741999,1.0106868,39.0,27.0,45.289171359128034,,31.79296875,31.81640625,0.0234375,,,,14014.98828125,14083.27734375,68.2890625,2152.31640625,2084.02734375,83.0,100.0,2,52,Ollama process RSS; excludes backend RAM,Whole NVIDIA devices,MiB,0.05,,,,,,176.0,,,,,,8192,,,,,,,,,384.0,72.0,4.0,42.0,
20260927-214705-5142d6fe,generator_only,gemma2-finetuned,gemma2-finetuned:latest,ollama_generate,False,warm,Q04,4,Berapa Indeks Perilaku Anti Korupsi (IPAK) nasional pada edisi terakhir?,2,ok,200,,,"Maaf, saya tidak memiliki akses ke data real-time seperti indeks IPAK. Untuk mendapatkan data terbaru, silakan merujuk ke situs resmi KPK atau lembaga peneliti yang terpercaya.",,,,,,,0.749191,,,,,,2.9065487000043504,,,0.1218644,0.0057024,0.116162,0.877652,39.0,27.0,52.05615123513229,,31.81640625,31.81640625,0.0,,,,14058.765625,14058.859375,0.09375,2108.5390625,2108.4453125,60.4,90.5,2,50,Ollama process RSS; excludes backend RAM,Whole NVIDIA devices,MiB,0.05,,,,,,176.0,,,,,,8192,,,,,,,,,384.0,72.0,4.0,42.0,
20260927-214705-5142d6fe,generator_only,gemma2-finetuned,gemma2-finetuned:latest,ollama_generate,False,warm,Q04,4,Berapa Indeks Perilaku Anti Korupsi (IPAK) nasional pada edisi terakhir?,3,ok,200,,,"Maaf, saya tidak memiliki akses ke data real-time seperti indeks IPAK. Untuk mendapatkan data terbaru, silakan merujuk ke situs resmi KPK atau lembaga peneliti yang terpercaya.",,,,,,,0.812577,,,,,,2.968611799995415,,,0.1231299,0.0050489,0.118081,0.9442735,39.0,27.0,47.995451507980164,,31.78515625,31.88671875,0.1015625,,,,14010.74609375,14018.7890625,8.04296875,2156.55859375,2148.515625,54.3,94.4,2,49,Ollama process RSS; excludes backend RAM,Whole NVIDIA devices,MiB,0.05,,,,,,176.0,,,,,,8192,,,,,,,,,384.0,72.0,4.0,42.0,
20260927-214705-5142d6fe,generator_only,gemma2-finetuned,gemma2-finetuned:latest,ollama_generate,False,warm,Q04,4,Berapa Indeks Perilaku Anti Korupsi (IPAK) nasional pada edisi terakhir?,4,ok,200,,,"Maaf, saya tidak memiliki akses ke data real-time seperti indeks IPAK. Untuk mendapatkan data terbaru, silakan merujuk ke situs resmi KPK atau lembaga peneliti yang terpercaya.",,,,,,,0.811091,,,,,,2.9606529000011506,,,0.1213323,0.0032173,0.118115,0.9373504,39.0,27.0,48.08338398527415,,31.88671875,31.890625,0.00390625,,,,14018.85546875,14074.8203125,55.96484375,2148.44921875,2092.484375,44.0,100.0,2,50,Ollama process RSS; excludes backend RAM,Whole NVIDIA devices,MiB,0.05,,,,,,176.0,,,,,,8192,,,,,,,,,384.0,72.0,4.0,42.0,
20260927-214705-5142d6fe,generator_only,gemma2-finetuned,gemma2-finetuned:latest,ollama_generate,False,warm,Q04,4,Berapa Indeks Perilaku Anti Korupsi (IPAK) nasional pada edisi terakhir?,5,ok,200,,,"Maaf, saya tidak memiliki akses ke data real-time seperti indeks IPAK. Untuk mendapatkan data terbaru, silakan merujuk ke situs resmi KPK atau lembaga peneliti yang terpercaya.",,,,,,,0.730289,,,,,,2.906326700001955,,,0.1262409,0.0033249,0.122916,0.8605091,39.0,27.0,53.40351559451122,,31.890625,31.890625,0.0,,,,14054.671875,14068.55859375,13.88671875,2112.6328125,2098.74609375,92.1,93.8,2,50,Ollama process RSS; excludes backend RAM,Whole NVIDIA devices,MiB,0.05,,,,,,176.0,,,,,,8192,,,,,,,,,384.0,72.0,4.0,42.0,
20260927-214705-5142d6fe,generator_only,gemma2-finetuned,gemma2-finetuned:latest,ollama_generate,False,warm,Q04,4,Berapa Indeks Perilaku Anti Korupsi (IPAK) nasional pada edisi terakhir?,6,ok,200,,,"Maaf, saya tidak memiliki akses ke data real-time seperti indeks IPAK. Untuk mendapatkan data terbaru, silakan merujuk ke situs resmi KPK atau lembaga peneliti yang terpercaya.",,,,,,,0.785342,,,,,,2.9521220000024186,,,0.126117,0.003776,0.122341,0.9162632,39.0,27.0,49.65989339676218,,31.640625,31.6484375,0.0078125,,,,13514.71875,13514.71875,0.0,2652.5859375,2652.5859375,48.1,87.5,2,51,Ollama process RSS; excludes backend RAM,Whole NVIDIA devices,MiB,0.05,,,,,,176.0,,,,,,8192,,,,,,,,,384.0,72.0,4.0,42.0,
20260927-214705-5142d6fe,generator_only,gemma2-finetuned,gemma2-finetuned:latest,ollama_generate,False,warm,Q04,4,Berapa Indeks Perilaku Anti Korupsi (IPAK) nasional pada edisi terakhir?,7,ok,200,,,"Maaf, saya tidak memiliki akses ke data real-time seperti indeks IPAK. Untuk mendapatkan data terbaru, silakan merujuk ke situs resmi KPK atau lembaga peneliti yang terpercaya.",,,,,,,0.778445,,,,,,2.9480088999989675,,,0.1288504,0.0073404,0.12151,0.9114827,39.0,27.0,50.0998786041403,,31.6484375,32.00390625,0.35546875,,,,13478.328125,13478.328125,0.0,2688.9765625,2688.9765625,48.6,87.9,2,51,Ollama process RSS; excludes backend RAM,Whole NVIDIA devices,MiB,0.05,,,,,,176.0,,,,,,8192,,,,,,,,,384.0,72.0,4.0,42.0,
20260927-214705-5142d6fe,generator_only,gemma2-finetuned,gemma2-finetuned:latest,ollama_generate,False,warm,Q04,4,Berapa Indeks Perilaku Anti Korupsi (IPAK) nasional pada edisi terakhir?,8,ok,200,,,"Maaf, saya tidak memiliki akses ke data real-time seperti indeks IPAK. Untuk mendapatkan data terbaru, silakan merujuk ke situs resmi KPK atau lembaga peneliti yang terpercaya.",,,,,,,0.775124,,,,,,2.947815499996068,,,0.1361355,0.0058175,0.130318,0.9152261,39.0,27.0,50.31453032031004,,32.00390625,32.01171875,0.0078125,,,,13454.640625,13457.796875,3.15625,2712.6640625,2709.5078125,57.9,97.0,2,51,Ollama process RSS; excludes backend RAM,Whole NVIDIA devices,MiB,0.05,,,,,,176.0,,,,,,8192,,,,,,,,,384.0,72.0,4.0,42.0,
20260927-214705-5142d6fe,generator_only,gemma2-finetuned,gemma2-finetuned:latest,ollama_generate,False,warm,Q04,4,Berapa Indeks Perilaku Anti Korupsi (IPAK) nasional pada edisi terakhir?,9,ok,200,,,"Maaf, saya tidak memiliki akses ke data real-time seperti indeks IPAK. Untuk mendapatkan data terbaru, silakan merujuk ke situs resmi KPK atau lembaga peneliti yang terpercaya.",,,,,,,0.791691,,,,,,2.9710229000047548,,,0.13211419900000002,0.0029382,0.129175999,0.9280216,39.0,27.0,49.26164374737113,,32.01171875,32.11328125,0.1015625,,,,13451.38671875,13451.38671875,0.0,2715.91796875,2715.91796875,37.5,92.0,2,51,Ollama process RSS; excludes backend RAM,Whole NVIDIA devices,MiB,0.05,,,,,,176.0,,,,,,8192,,,,,,,,,384.0,72.0,4.0,42.0,
20260927-214705-5142d6fe,generator_only,gemma2-finetuned,gemma2-finetuned:latest,ollama_generate,False,warm,Q04,4,Berapa Indeks Perilaku Anti Korupsi (IPAK) nasional pada edisi terakhir?,10,ok,200,,,"Maaf, saya tidak memiliki akses ke data real-time seperti indeks IPAK. Untuk mendapatkan data terbaru, silakan merujuk ke situs resmi KPK atau lembaga peneliti yang terpercaya.",,,,,,,0.786768,,,,,,2.9710047999978997,,,0.1385994,0.0030234,0.135576,0.9298569,39.0,27.0,49.56988591300104,,32.11328125,32.11328125,0.0,,,,13431.19140625,13564.0,132.80859375,2736.11328125,2603.3046875,62.9,93.8,2,50,Ollama process RSS; excludes backend RAM,Whole NVIDIA devices,MiB,0.05,,,,,,176.0,,,,,,8192,,,,,,,,,384.0,72.0,4.0,42.0,
