scenario_id,scenario,variant,question,base_question_id,style_group_id,style,typo_group_id,typo_operations,source_subtask_type,out_of_context_type,typo_severity,model_key,answer,retrieval_model,query_expansions,retrieved_context,context_chunks,retrieved_sources,citations,retrieval_s,generation_s,generation_meta,wall_s,status,error,ragas_evaluator_id,ragas_answer_degenerate,faithfulness,faithfulness_status,answer_relevancy,answer_relevancy_status,context_relevance,context_relevance_status
Q001,1_faktual_berbasis_narasi,S1_F01,Berapa persentase penduduk lanjut usia di Indonesia menurut publikasi Statistik Penduduk Lanjut Usia edisi terbaru?,S1_F01,,clean,,,factual_retrieval,,,llama3.2-finetuned,"Teks menyatakan ""penduduk lansia adalah penduduk yang telah mencapai umur 60 tahun ke atas"" dan ""penduduk lansia di Indonesia mencapai sekitar 26,8 juta atau sekitar 9,93 persen dari seluruh jumlah penduduk"". Karena itu, persentase penduduk lanjut usia di Indonesia adalah sekitar 9,93 persen.",llama3.2-finetuned,"[""Persentase penduduk lanjut usia di Indonesia menurut publikasi Statistik Penduduk Lanjut Usia edisi terbaru.""]","[1] Indikator Kesejahteraan Rakyat 2023 | sec_021
Lanjut usia (Lansia) merupakan periode akhir dalam rentang hidup seseorang yang ditandai dengan perubahan dan penurunan kondisi fisik, psikologis dan sosial (Annisa & Ifdil 2016). Berdasarkan UndangUndang Nomor 13 Tahun 1998 tentang Kesejahteraan Lanjut Usia dan Peraturan Presiden Nomor 88 Tahun 2021 tentang Strategi Nasional Kelanjutusiaan, penduduk lansia adalah penduduk yang telah mencapai umur 60 tahun ke atas. Menurut Proyeksi Penduduk Indonesia Hasil Sensus Penduduk 2020, penduduk lansia di Indonesia mencapai sekitar 26,8 juta atau sekitar 9,93 persen dari seluruh jumlah penduduk, meningkat cukup signifikan dari 7,56 persen pada tahun 2010 (Proyeksi Penduduk Indonesia 2010-2035). Jumlah lansia diproyeksikan akan meningkat hingga 72,0 juta atau sekitar 21,9 persen pada tahun 2050. Peningkatan jumlah penduduk lansia ini merupakan imbas dari peningkatan kualitas kesehatan penduduk yang ditunjukkan dengan semakin meningkatnya usia harapan hidup. Lansia mengalami suatu fase Aging degeneratif dan penurunan fungsi tubuh sehingga lansia merupakan kategori kelompok rentan masalah kesehatan. Peningkatan jumlah penduduk lansia dapat berdampak positif apabila lansia tersebut dalam kondisi sehat, aktif dan produktif. Namun di sisi lain, besarnya jumlah lansia dapat menjadi beban negara jika mereka mengalami penurunan status kesehatan dengan tingkat disabilitas yang tinggi. Hal ini mengakibatkan produktivitas yang rendah, pendapatan yang tidak memadai dan tinggginya biaya pelayanan kesehatan. Isu tentang penduduk lanjut usia ini harus ditangani dengan baik sejak dini, karena jika tidak akan berpotensi sebagai salah satu beban negara. Untuk membentuk penduduk stakeholders lanjut usia yang produktif, diperlukan upaya yang terencana sejak dini, multidisiplin dan mengikutsertakan seluruh pemangku kepentingan mulai dari keluarga, masyarakat, pemerintah, dan pihak swasta.

[2] Statistik Penduduk Lanjut Usia 2023 | sec_022
Gambar 1.1 Persentase Lansia dan Umur Harapan Hidup Penduduk Indonesia, 2010-2022
Struktur penduduk dapat dikatakan penduduk tua apabila proporsi lansia 60 tahun ke atas sudah mencapai 10 persen atau lebih (Adioetomo 2018). Dengan mendasarkan pada pendapat tersebut, Indonesia saat ini telah berada pada struktur penduduk tua ( ageing population ), bahkan Indonesia sudah memasuki ageing population sejak tahun 2021. Persentase lansia Indonesia mengalami peningkatan setidaknya 4 persen selama lebih dari satu dekade (2010-2022) sehingga menjadi 11,75 persen. Umur harapan hidup juga meningkat dari 69,81 tahun pada 2010 menjadi 71,85 tahun di tahun 2022.
Statistik Penduduk Lanjut Usia 2023
4

Angka ini menggambarkan setidaknya setiap penduduk yang lahir di tahun 2022 berharap akan dapat hidup hingga berusia 71 s.d. 72 tahun.
Peningkatan jumlah lansia dapat memberikan keuntungan jika dikaitkan dengan adanya bonus demografi. Bonus demografi sendiri adalah sebuah kondisi ketika jumlah penduduk usia produktif lebih besar dari jumlah penduduk usia nonproduktif. Ageing population yang dialami Indonesia memiliki potensi untuk menjadi bonus demografi kedua. Bonus demografi kedua dideskripsikan sebagai keadaan suatu negara atau wilayah ketika proporsi dari penduduk yang berusia tua semakin banyak, namun masih produktif dan masih memberikan sumbangan bagi perekonomian negara (Heryanah 2015). Pada masa bonus demografi pertama, peran utama pembangunan dilakukan oleh penduduk usia produktif. Sementara itu, pada masa bonus demografi kedua, peran tersebut diambil alih oleh penduduk usia nonproduktif, yaitu lansia (Rapih (2019) dalam Hakim (2020)). Peningkatan penduduk lanjut usia yang dialami saat ini merupakan sesuatu yang tidak dapat dihindari mengingat jumlah mereka yang berusia produktif saat ini berlimpah, namun beberapa tahun yang akan datang mereka akan memasuki usia lanjut atau pensiun.

[3] Statistik Penduduk Lanjut Usia 2023 | sec_007
ABSTRAKSI
Sebagai dampak dari pembangunan berkelanjutan, penduduk lanjut usia (lansia) terus mengalami peningkatan baik dari sisi jumlah maupun proporsi. Perbaikan di bidang kesehatan, akses pendidikan, ketenagakerjaan, kualitas hidup, serta berbagai aspek sosial ekonomi lainnya, telah berpengaruh pada meningkatnya umur harapan hidup dan menurunnya angka kematian.
Sejak tahun 2021, Indonesia telah memasuki struktur penduduk tua ( ageing population ), di mana sekitar 1 dari 10 penduduk adalah lansia. Fenomena ageing population bisa menjadi bonus demografi kedua, yaitu ketika proporsi lansia semakin banyak tetapi masih produktif dan dapat memberikan sumbangan bagi perekonomian negara (Heryanah, 2015). Akan tetapi, lansia dapat menjadi tantangan pembangunan ketika tidak produktif dan menjadi bagian dari penduduk rentan. Publikasi ini bertujuan untuk menyajikan data dan informasi statistik penduduk lanjut usia, sebagai evaluasi perencanaan, kebijakan, dan program kesejahteraan lanjut usia di Indonesia. Sumber data yang digunakan di antaranya hasil Survei Sosial Ekonomi Nasional (Susenas) Maret 2023, Survei Angkatan Kerja Nasional (Sakernas) Agustus 2023, serta sumber data lainnya yang relevan.
Publikasi ini bertujuan untuk menyajikan data dan informasi statistik penduduk lanjut usia, sebagai evaluasi perencanaan, kebijakan, dan program kesejahteraan lanjut usia di Indonesia. Sumber data yang digunakan di antaranya hasil Survei Sosial Ekonomi Nasional (Susenas) Maret 2023, Survei Angkatan Kerja Nasional (Sakernas) Agustus 2023, serta sumber data lainnya yang relevan.

[4] Statistik Penduduk Lanjut Usia 2023 | sec_029
Gambar 2.1 Piramida Penduduk Indonesia, Tahun 1971, 2020, dan 2045
Rasio ketergantungan lansia menunjukkan perbandingan jumlah penduduk lanjut usia (60 tahun ke atas) terhadap jumlah penduduk usia produktif (15-59 tahun). Nilai rasio ketergantungan yang lebih dari 100 menunjukkan bahwa jumlah lansia lebih banyak daripada penduduk usia produktif. Dengan kata lain, satu penduduk usia produktif menanggung lebih dari satu penduduk lansia. Ukuran rasio ketergantungan lansia ini mengasumsikan semua penduduk usia produktif terserap dalam pasar kerja (berpenghasilan) dan penduduk lanjut usia tidak masuk dalam pasar kerja (tidak berpenghasilan).
Pergerakan rasio ketergantungan lansia sejalan dengan perkembangan persentase lansia di Indonesia. Secara umum, rasio ketergantungan lansia meningkat seiring dengan kenaikan persentase lansia. Pada tahun 2023, rasio ketergantungan lansia sebesar 17,08. Artinya, 100 penduduk usia produktif menanggung sebanyak 17 lansia. Atau dengan kata lain, satu orang lansia didukung oleh 6 penduduk usia produktif.
Statistik Penduduk Lanjut Usia 2023
16

[5] Statistik Penduduk Lanjut Usia 2023 | sec_025
1.4 Ketersediaan Data
Untuk memetakan situasi dan kondisi terkini lansia di Indonesia, serta untuk mendukung perencanaan dan evaluasi kebijakan dan program kesejahteraan lanjut usia, diperlukan data dan informasi terkait kelanjutusiaan, baik pada tingkat nasional maupun regional. Untuk menyikapi kondisi ini, BPS menyusun data dan informasi terkait penduduk lanjut usia dan mengemasnya menjadi suatu bentuk buku publikasi “Statistik Penduduk Lanjut Usia 2023”. Publikasi ini memuat informasi lansia yang dilihat dari berbagai aspek, yaitu demografi, pendidikan, kesehatan, ketenagakerjaan, sosial ekonomi, dan program kesejahteraan lanjut usia yang sudah dijalankan oleh pemerintah. Secara keseluruhan, publikasi ini menyajikan data dan informasi tentang lansia yang dapat dimanfaatkan sebagai bahan perencanaan, monitoring, dan evaluasi kebijakan maupun program pembangunan di bidang kelanjutusiaan. Data yang disajikan pada publikasi ini bersumber dari hasil Survei Sosial Ekonomi Nasional (Susenas), Survei Angkatan Kerja Nasional (Sakernas), Sensus Penduduk (SP), serta data sekunder dari Kementerian/Lembaga terkait. Publikasi ini disusun secara sistematis menjadi tujuh bagian dengan mempertimbangkan aspek-aspek yang mampu menggambarkan kondisi lansia Indonesia serta berbagai fenomena yang menyertainya. Ringkasan eksekutif di bagian awal publikasi dimaksudkan untuk memberikan gambaran ringkas dari keseluruhan isi publikasi. Metodologi dan penjelasan teknis serta konsep definisi variabel dan indikator yang digunakan pada publikasi ini akan dirinci pada bagian awal publikasi. Uraian yang rinci disajikan dalam bab-bab sesuai tema bahasan dari publikasi.
Bagian pertama (Bab 1) menyajikan bagaimana perjalanan penuaan penduduk Indonesia dari waktu ke waktu dan tantangan yang akan dihadapi serta kebijakan pemerintah terkait kelanjutusiaan. Pada Bab 2 akan dibahas
Statistik Penduduk Lanjut Usia 2023
10","[""Lanjut usia (Lansia) merupakan periode akhir dalam rentang hidup seseorang yang ditandai dengan perubahan dan penurunan kondisi fisik, psikologis dan sosial (Annisa & Ifdil 2016). Berdasarkan UndangUndang Nomor 13 Tahun 1998 tentang Kesejahteraan Lanjut Usia dan Peraturan Presiden Nomor 88 Tahun 2021 tentang Strategi Nasional Kelanjutusiaan, penduduk lansia adalah penduduk yang telah mencapai umur 60 tahun ke atas. Menurut Proyeksi Penduduk Indonesia Hasil Sensus Penduduk 2020, penduduk lansia di Indonesia mencapai sekitar 26,8 juta atau sekitar 9,93 persen dari seluruh jumlah penduduk, meningkat cukup signifikan dari 7,56 persen pada tahun 2010 (Proyeksi Penduduk Indonesia 2010-2035). Jumlah lansia diproyeksikan akan meningkat hingga 72,0 juta atau sekitar 21,9 persen pada tahun 2050. Peningkatan jumlah penduduk lansia ini merupakan imbas dari peningkatan kualitas kesehatan penduduk yang ditunjukkan dengan semakin meningkatnya usia harapan hidup. Lansia mengalami suatu fase Aging degeneratif dan penurunan fungsi tubuh sehingga lansia merupakan kategori kelompok rentan masalah kesehatan. Peningkatan jumlah penduduk lansia dapat berdampak positif apabila lansia tersebut dalam kondisi sehat, aktif dan produktif. Namun di sisi lain, besarnya jumlah lansia dapat menjadi beban negara jika mereka mengalami penurunan status kesehatan dengan tingkat disabilitas yang tinggi. Hal ini mengakibatkan produktivitas yang rendah, pendapatan yang tidak memadai dan tinggginya biaya pelayanan kesehatan. Isu tentang penduduk lanjut usia ini harus ditangani dengan baik sejak dini, karena jika tidak akan berpotensi sebagai salah satu beban negara. Untuk membentuk penduduk stakeholders lanjut usia yang produktif, diperlukan upaya yang terencana sejak dini, multidisiplin dan mengikutsertakan seluruh pemangku kepentingan mulai dari keluarga, masyarakat, pemerintah, dan pihak swasta."", ""Gambar 1.1 Persentase Lansia dan Umur Harapan Hidup Penduduk Indonesia, 2010-2022\nStruktur penduduk dapat dikatakan penduduk tua apabila proporsi lansia 60 tahun ke atas sudah mencapai 10 persen atau lebih (Adioetomo 2018). Dengan mendasarkan pada pendapat tersebut, Indonesia saat ini telah berada pada struktur penduduk tua ( ageing population ), bahkan Indonesia sudah memasuki ageing population sejak tahun 2021. Persentase lansia Indonesia mengalami peningkatan setidaknya 4 persen selama lebih dari satu dekade (2010-2022) sehingga menjadi 11,75 persen. Umur harapan hidup juga meningkat dari 69,81 tahun pada 2010 menjadi 71,85 tahun di tahun 2022.\nStatistik Penduduk Lanjut Usia 2023\n4\n\nAngka ini menggambarkan setidaknya setiap penduduk yang lahir di tahun 2022 berharap akan dapat hidup hingga berusia 71 s.d. 72 tahun.\nPeningkatan jumlah lansia dapat memberikan keuntungan jika dikaitkan dengan adanya bonus demografi. Bonus demografi sendiri adalah sebuah kondisi ketika jumlah penduduk usia produktif lebih besar dari jumlah penduduk usia nonproduktif. Ageing population yang dialami Indonesia memiliki potensi untuk menjadi bonus demografi kedua. Bonus demografi kedua dideskripsikan sebagai keadaan suatu negara atau wilayah ketika proporsi dari penduduk yang berusia tua semakin banyak, namun masih produktif dan masih memberikan sumbangan bagi perekonomian negara (Heryanah 2015). Pada masa bonus demografi pertama, peran utama pembangunan dilakukan oleh penduduk usia produktif. Sementara itu, pada masa bonus demografi kedua, peran tersebut diambil alih oleh penduduk usia nonproduktif, yaitu lansia (Rapih (2019) dalam Hakim (2020)). Peningkatan penduduk lanjut usia yang dialami saat ini merupakan sesuatu yang tidak dapat dihindari mengingat jumlah mereka yang berusia produktif saat ini berlimpah, namun beberapa tahun yang akan datang mereka akan memasuki usia lanjut atau pensiun."", ""ABSTRAKSI\nSebagai dampak dari pembangunan berkelanjutan, penduduk lanjut usia (lansia) terus mengalami peningkatan baik dari sisi jumlah maupun proporsi. Perbaikan di bidang kesehatan, akses pendidikan, ketenagakerjaan, kualitas hidup, serta berbagai aspek sosial ekonomi lainnya, telah berpengaruh pada meningkatnya umur harapan hidup dan menurunnya angka kematian.\nSejak tahun 2021, Indonesia telah memasuki struktur penduduk tua ( ageing population ), di mana sekitar 1 dari 10 penduduk adalah lansia. Fenomena ageing population bisa menjadi bonus demografi kedua, yaitu ketika proporsi lansia semakin banyak tetapi masih produktif dan dapat memberikan sumbangan bagi perekonomian negara (Heryanah, 2015). Akan tetapi, lansia dapat menjadi tantangan pembangunan ketika tidak produktif dan menjadi bagian dari penduduk rentan. Publikasi ini bertujuan untuk menyajikan data dan informasi statistik penduduk lanjut usia, sebagai evaluasi perencanaan, kebijakan, dan program kesejahteraan lanjut usia di Indonesia. Sumber data yang digunakan di antaranya hasil Survei Sosial Ekonomi Nasional (Susenas) Maret 2023, Survei Angkatan Kerja Nasional (Sakernas) Agustus 2023, serta sumber data lainnya yang relevan.\nPublikasi ini bertujuan untuk menyajikan data dan informasi statistik penduduk lanjut usia, sebagai evaluasi perencanaan, kebijakan, dan program kesejahteraan lanjut usia di Indonesia. Sumber data yang digunakan di antaranya hasil Survei Sosial Ekonomi Nasional (Susenas) Maret 2023, Survei Angkatan Kerja Nasional (Sakernas) Agustus 2023, serta sumber data lainnya yang relevan."", ""Gambar 2.1 Piramida Penduduk Indonesia, Tahun 1971, 2020, dan 2045\nRasio ketergantungan lansia menunjukkan perbandingan jumlah penduduk lanjut usia (60 tahun ke atas) terhadap jumlah penduduk usia produktif (15-59 tahun). Nilai rasio ketergantungan yang lebih dari 100 menunjukkan bahwa jumlah lansia lebih banyak daripada penduduk usia produktif. Dengan kata lain, satu penduduk usia produktif menanggung lebih dari satu penduduk lansia. Ukuran rasio ketergantungan lansia ini mengasumsikan semua penduduk usia produktif terserap dalam pasar kerja (berpenghasilan) dan penduduk lanjut usia tidak masuk dalam pasar kerja (tidak berpenghasilan).\nPergerakan rasio ketergantungan lansia sejalan dengan perkembangan persentase lansia di Indonesia. Secara umum, rasio ketergantungan lansia meningkat seiring dengan kenaikan persentase lansia. Pada tahun 2023, rasio ketergantungan lansia sebesar 17,08. Artinya, 100 penduduk usia produktif menanggung sebanyak 17 lansia. Atau dengan kata lain, satu orang lansia didukung oleh 6 penduduk usia produktif.\nStatistik Penduduk Lanjut Usia 2023\n16"", ""1.4 Ketersediaan Data\nUntuk memetakan situasi dan kondisi terkini lansia di Indonesia, serta untuk mendukung perencanaan dan evaluasi kebijakan dan program kesejahteraan lanjut usia, diperlukan data dan informasi terkait kelanjutusiaan, baik pada tingkat nasional maupun regional. Untuk menyikapi kondisi ini, BPS menyusun data dan informasi terkait penduduk lanjut usia dan mengemasnya menjadi suatu bentuk buku publikasi “Statistik Penduduk Lanjut Usia 2023”. Publikasi ini memuat informasi lansia yang dilihat dari berbagai aspek, yaitu demografi, pendidikan, kesehatan, ketenagakerjaan, sosial ekonomi, dan program kesejahteraan lanjut usia yang sudah dijalankan oleh pemerintah. Secara keseluruhan, publikasi ini menyajikan data dan informasi tentang lansia yang dapat dimanfaatkan sebagai bahan perencanaan, monitoring, dan evaluasi kebijakan maupun program pembangunan di bidang kelanjutusiaan. Data yang disajikan pada publikasi ini bersumber dari hasil Survei Sosial Ekonomi Nasional (Susenas), Survei Angkatan Kerja Nasional (Sakernas), Sensus Penduduk (SP), serta data sekunder dari Kementerian/Lembaga terkait. Publikasi ini disusun secara sistematis menjadi tujuh bagian dengan mempertimbangkan aspek-aspek yang mampu menggambarkan kondisi lansia Indonesia serta berbagai fenomena yang menyertainya. Ringkasan eksekutif di bagian awal publikasi dimaksudkan untuk memberikan gambaran ringkas dari keseluruhan isi publikasi. Metodologi dan penjelasan teknis serta konsep definisi variabel dan indikator yang digunakan pada publikasi ini akan dirinci pada bagian awal publikasi. Uraian yang rinci disajikan dalam bab-bab sesuai tema bahasan dari publikasi.\nBagian pertama (Bab 1) menyajikan bagaimana perjalanan penuaan penduduk Indonesia dari waktu ke waktu dan tantangan yang akan dihadapi serta kebijakan pemerintah terkait kelanjutusiaan. Pada Bab 2 akan dibahas\nStatistik Penduduk Lanjut Usia 2023\n10""]","[{""chunk_id"": ""indikator-kesejahteraan-rakyat-2023__sec_021__c002"", ""faiss_id"": 1613, ""document_title"": ""Indikator Kesejahteraan Rakyat 2023"", ""section_id"": ""sec_021"", ""page_start"": 23, ""page_end"": 25, ""bps_url"": ""https://www.bps.go.id/id/publication/2023/11/06/7807339c2dfaed0ca8e0beaa/indikator-kesejahteraan-rakyat-2023.html"", ""rerank_score"": 4.315899848937988}, {""chunk_id"": ""statistik-penduduk-lanjut-usia-2023__sec_022__c001"", ""faiss_id"": 20283, ""document_title"": ""Statistik Penduduk Lanjut Usia 2023"", ""section_id"": ""sec_022"", ""page_start"": 40, ""page_end"": 40, ""bps_url"": ""https://www.bps.go.id/id/publication/2023/12/29/5d308763ac29278dd5860fad/statistik-penduduk-lanjut-usia-2023.html"", ""rerank_score"": 3.712144613265991}, {""chunk_id"": ""statistik-penduduk-lanjut-usia-2023__sec_007__c001"", ""faiss_id"": 20229, ""document_title"": ""Statistik Penduduk Lanjut Usia 2023"", ""section_id"": ""sec_007"", ""page_start"": 9, ""page_end"": 14, ""bps_url"": ""https://www.bps.go.id/id/publication/2023/12/29/5d308763ac29278dd5860fad/statistik-penduduk-lanjut-usia-2023.html"", ""rerank_score"": 3.3707733154296875}, {""chunk_id"": ""statistik-penduduk-lanjut-usia-2023__sec_029__c001"", ""faiss_id"": 20298, ""document_title"": ""Statistik Penduduk Lanjut Usia 2023"", ""section_id"": ""sec_029"", ""page_start"": 52, ""page_end"": 53, ""bps_url"": ""https://www.bps.go.id/id/publication/2023/12/29/5d308763ac29278dd5860fad/statistik-penduduk-lanjut-usia-2023.html"", ""rerank_score"": 3.120022773742676}, {""chunk_id"": ""statistik-penduduk-lanjut-usia-2023__sec_025__c001"", ""faiss_id"": 20293, ""document_title"": ""Statistik Penduduk Lanjut Usia 2023"", ""section_id"": ""sec_025"", ""page_start"": 46, ""page_end"": 48, ""bps_url"": ""https://www.bps.go.id/id/publication/2023/12/29/5d308763ac29278dd5860fad/statistik-penduduk-lanjut-usia-2023.html"", ""rerank_score"": 2.4989190101623535}]","{""1"": ""penduduk lansia adalah penduduk yang telah mencapai umur 60 tahun ke atas"", ""2"": ""penduduk lansia di Indonesia mencapai sekitar 26,8 juta atau sekitar 9,93 persen dari seluruh jumlah penduduk"", ""3"": ""peningkatan jumlah penduduk lansia dapat memberikan keuntungan jika dikaitkan dengan adanya bonus demografi"", ""4"": ""rasio ketergantungan lansia sebesar 17,08 pada tahun 2023, artinya 100 penduduk usia produktif menanggung sebanyak 17 lansia"", ""5"": ""data dan informasi terkait penduduk lanjut usia disajikan dalam publikasi ini untuk memuat informasi lansia dari berbagai aspek, yaitu demografi, pendidikan, kesehatan, ketenagakerjaan, sosial ekonomi, dan program kesejahteraan lanjut usia""}",78.41632506099995,3.0051377659999616,"{""total_duration"": 3002735437, ""load_duration"": 2265935, ""prompt_eval_count"": 3001, ""prompt_eval_duration"": 1240777000, ""eval_count"": 99, ""eval_duration"": 1408310000}",86.53012268400005,ok,,85edb411a3706843a8043481e3d814b59ae4ba89dd02accf4a0c122fc94c22f2,False,1.0,ok,0.572787221844122,ok,1.0,ok
Q001,1_faktual_berbasis_narasi,S1_F01,Berapa persentase penduduk lanjut usia di Indonesia menurut publikasi Statistik Penduduk Lanjut Usia edisi terbaru?,S1_F01,,clean,,,factual_retrieval,,,gemma2-finetuned,"Menurut publikasi Statistik Penduduk Lanjut Usia 2023, persentase penduduk lanjut usia di Indonesia adalah 11,75 persen.",gemma2-finetuned,"[""Persentase penduduk lanjut usia menurut publikasi Statistik Penduduk Lanjut Usia edisi terbaru.""]","[1] Statistik Penduduk Lanjut Usia 2023 | sec_022
Gambar 1.1 Persentase Lansia dan Umur Harapan Hidup Penduduk Indonesia, 2010-2022
Struktur penduduk dapat dikatakan penduduk tua apabila proporsi lansia 60 tahun ke atas sudah mencapai 10 persen atau lebih (Adioetomo 2018). Dengan mendasarkan pada pendapat tersebut, Indonesia saat ini telah berada pada struktur penduduk tua ( ageing population ), bahkan Indonesia sudah memasuki ageing population sejak tahun 2021. Persentase lansia Indonesia mengalami peningkatan setidaknya 4 persen selama lebih dari satu dekade (2010-2022) sehingga menjadi 11,75 persen. Umur harapan hidup juga meningkat dari 69,81 tahun pada 2010 menjadi 71,85 tahun di tahun 2022.
Statistik Penduduk Lanjut Usia 2023
4

Angka ini menggambarkan setidaknya setiap penduduk yang lahir di tahun 2022 berharap akan dapat hidup hingga berusia 71 s.d. 72 tahun.
Peningkatan jumlah lansia dapat memberikan keuntungan jika dikaitkan dengan adanya bonus demografi. Bonus demografi sendiri adalah sebuah kondisi ketika jumlah penduduk usia produktif lebih besar dari jumlah penduduk usia nonproduktif. Ageing population yang dialami Indonesia memiliki potensi untuk menjadi bonus demografi kedua. Bonus demografi kedua dideskripsikan sebagai keadaan suatu negara atau wilayah ketika proporsi dari penduduk yang berusia tua semakin banyak, namun masih produktif dan masih memberikan sumbangan bagi perekonomian negara (Heryanah 2015). Pada masa bonus demografi pertama, peran utama pembangunan dilakukan oleh penduduk usia produktif. Sementara itu, pada masa bonus demografi kedua, peran tersebut diambil alih oleh penduduk usia nonproduktif, yaitu lansia (Rapih (2019) dalam Hakim (2020)). Peningkatan penduduk lanjut usia yang dialami saat ini merupakan sesuatu yang tidak dapat dihindari mengingat jumlah mereka yang berusia produktif saat ini berlimpah, namun beberapa tahun yang akan datang mereka akan memasuki usia lanjut atau pensiun.

[2] Statistik Penduduk Lanjut Usia 2023 | sec_007
ABSTRAKSI
Sebagai dampak dari pembangunan berkelanjutan, penduduk lanjut usia (lansia) terus mengalami peningkatan baik dari sisi jumlah maupun proporsi. Perbaikan di bidang kesehatan, akses pendidikan, ketenagakerjaan, kualitas hidup, serta berbagai aspek sosial ekonomi lainnya, telah berpengaruh pada meningkatnya umur harapan hidup dan menurunnya angka kematian.
Sejak tahun 2021, Indonesia telah memasuki struktur penduduk tua ( ageing population ), di mana sekitar 1 dari 10 penduduk adalah lansia. Fenomena ageing population bisa menjadi bonus demografi kedua, yaitu ketika proporsi lansia semakin banyak tetapi masih produktif dan dapat memberikan sumbangan bagi perekonomian negara (Heryanah, 2015). Akan tetapi, lansia dapat menjadi tantangan pembangunan ketika tidak produktif dan menjadi bagian dari penduduk rentan. Publikasi ini bertujuan untuk menyajikan data dan informasi statistik penduduk lanjut usia, sebagai evaluasi perencanaan, kebijakan, dan program kesejahteraan lanjut usia di Indonesia. Sumber data yang digunakan di antaranya hasil Survei Sosial Ekonomi Nasional (Susenas) Maret 2023, Survei Angkatan Kerja Nasional (Sakernas) Agustus 2023, serta sumber data lainnya yang relevan.
Publikasi ini bertujuan untuk menyajikan data dan informasi statistik penduduk lanjut usia, sebagai evaluasi perencanaan, kebijakan, dan program kesejahteraan lanjut usia di Indonesia. Sumber data yang digunakan di antaranya hasil Survei Sosial Ekonomi Nasional (Susenas) Maret 2023, Survei Angkatan Kerja Nasional (Sakernas) Agustus 2023, serta sumber data lainnya yang relevan.

[3] Statistik Penduduk Lanjut Usia 2023 | sec_029
Gambar 2.1 Piramida Penduduk Indonesia, Tahun 1971, 2020, dan 2045
Rasio ketergantungan lansia menunjukkan perbandingan jumlah penduduk lanjut usia (60 tahun ke atas) terhadap jumlah penduduk usia produktif (15-59 tahun). Nilai rasio ketergantungan yang lebih dari 100 menunjukkan bahwa jumlah lansia lebih banyak daripada penduduk usia produktif. Dengan kata lain, satu penduduk usia produktif menanggung lebih dari satu penduduk lansia. Ukuran rasio ketergantungan lansia ini mengasumsikan semua penduduk usia produktif terserap dalam pasar kerja (berpenghasilan) dan penduduk lanjut usia tidak masuk dalam pasar kerja (tidak berpenghasilan).
Pergerakan rasio ketergantungan lansia sejalan dengan perkembangan persentase lansia di Indonesia. Secara umum, rasio ketergantungan lansia meningkat seiring dengan kenaikan persentase lansia. Pada tahun 2023, rasio ketergantungan lansia sebesar 17,08. Artinya, 100 penduduk usia produktif menanggung sebanyak 17 lansia. Atau dengan kata lain, satu orang lansia didukung oleh 6 penduduk usia produktif.
Statistik Penduduk Lanjut Usia 2023
16

[4] Statistik Penduduk Lanjut Usia 2023 | sec_025
1.4 Ketersediaan Data
Untuk memetakan situasi dan kondisi terkini lansia di Indonesia, serta untuk mendukung perencanaan dan evaluasi kebijakan dan program kesejahteraan lanjut usia, diperlukan data dan informasi terkait kelanjutusiaan, baik pada tingkat nasional maupun regional. Untuk menyikapi kondisi ini, BPS menyusun data dan informasi terkait penduduk lanjut usia dan mengemasnya menjadi suatu bentuk buku publikasi “Statistik Penduduk Lanjut Usia 2023”. Publikasi ini memuat informasi lansia yang dilihat dari berbagai aspek, yaitu demografi, pendidikan, kesehatan, ketenagakerjaan, sosial ekonomi, dan program kesejahteraan lanjut usia yang sudah dijalankan oleh pemerintah. Secara keseluruhan, publikasi ini menyajikan data dan informasi tentang lansia yang dapat dimanfaatkan sebagai bahan perencanaan, monitoring, dan evaluasi kebijakan maupun program pembangunan di bidang kelanjutusiaan. Data yang disajikan pada publikasi ini bersumber dari hasil Survei Sosial Ekonomi Nasional (Susenas), Survei Angkatan Kerja Nasional (Sakernas), Sensus Penduduk (SP), serta data sekunder dari Kementerian/Lembaga terkait. Publikasi ini disusun secara sistematis menjadi tujuh bagian dengan mempertimbangkan aspek-aspek yang mampu menggambarkan kondisi lansia Indonesia serta berbagai fenomena yang menyertainya. Ringkasan eksekutif di bagian awal publikasi dimaksudkan untuk memberikan gambaran ringkas dari keseluruhan isi publikasi. Metodologi dan penjelasan teknis serta konsep definisi variabel dan indikator yang digunakan pada publikasi ini akan dirinci pada bagian awal publikasi. Uraian yang rinci disajikan dalam bab-bab sesuai tema bahasan dari publikasi.
Bagian pertama (Bab 1) menyajikan bagaimana perjalanan penuaan penduduk Indonesia dari waktu ke waktu dan tantangan yang akan dihadapi serta kebijakan pemerintah terkait kelanjutusiaan. Pada Bab 2 akan dibahas
Statistik Penduduk Lanjut Usia 2023
10

[5] Statistik Penduduk Lanjut Usia 2024 | sec_007
Persentase lansia lebih tinggi seiring semakin rendahnya tingkat kesejahteraan. Hal itu terlihat dari persentase lansia di Indonesia yang berada di rumah tangga dengan distribusi pengeluaran 20 persen teratas sebesar 20,45 persen, 40 persen menengah sebesar 37,67 persen, dan 40 persen terbawah sebesar 41,87 persen. Sebesar 83,74 persen rumah tangga lansia memenuhi kebutuhan hidupnya dari penghasilan anggota ruma tangga yang bekerja, kemudian dari kiriman pihak lain (10,97 persen), dan dari uang pensiun (5,01 persen). Masih sedikit lansia yang memiliki perlindungan finansial dalam bentuk tabungan di lembaga keuangan (34,36 persen).
Mayoritas lansia tinggal di rumah dengan status milik sendiri atau milik anggota rumah tangga yang lain (92,38 persen), sisanya tinggal di rumah bebas sewa (5,72 persen), dan kontrak atau sewa (1,74 persen). Selain dukungan ekonomi, lansia membutuhkan dukungan sosial untuk menjaga kualitas hidupnya. Susenas Maret 2024 mencatat 19 dari 100 lansia pernah bepergian dalam setahun terakhir, terutama untuk mengunjungi teman atau keluarga (54,32 persen). Namun demikian, masih ada sekitar 1 dari 100 lansia pernah menjadi korban kejahatan. Lansia merupakan salah satu dari kelompok rentan. Keberadaan program kesejahteraan lansia menjadi penting agar lansia terjamin masa tuanya. Dalam rentang waktu enam tahun terakhir, persentase rumah tangga lansia yang menjadi penerima PKH semakin meningkat. Pada tahun 2024, terdapat 16,94 persen rumah tangga lansia yang tercatat sebagai penerima PKH. Selain itu, Susenas Maret 2024 mencatat ada sebanyak 6 persen rumah tangga lansia yang memperoleh Asistensi Rehabilitasi Sosial Lanjut Usia (ATENSI LU) dalam setahun terakhir. Pada tahun 2024, persentase rumah tangga lansia yang pernah mendapat program sembako sebesar 25,89 persen dan sekitar 77,75 persen lansia telah tercakup dalam Jaminan Kesehatan Nasional (JKN).
x

ISSN 2086-1036","[""Gambar 1.1 Persentase Lansia dan Umur Harapan Hidup Penduduk Indonesia, 2010-2022\nStruktur penduduk dapat dikatakan penduduk tua apabila proporsi lansia 60 tahun ke atas sudah mencapai 10 persen atau lebih (Adioetomo 2018). Dengan mendasarkan pada pendapat tersebut, Indonesia saat ini telah berada pada struktur penduduk tua ( ageing population ), bahkan Indonesia sudah memasuki ageing population sejak tahun 2021. Persentase lansia Indonesia mengalami peningkatan setidaknya 4 persen selama lebih dari satu dekade (2010-2022) sehingga menjadi 11,75 persen. Umur harapan hidup juga meningkat dari 69,81 tahun pada 2010 menjadi 71,85 tahun di tahun 2022.\nStatistik Penduduk Lanjut Usia 2023\n4\n\nAngka ini menggambarkan setidaknya setiap penduduk yang lahir di tahun 2022 berharap akan dapat hidup hingga berusia 71 s.d. 72 tahun.\nPeningkatan jumlah lansia dapat memberikan keuntungan jika dikaitkan dengan adanya bonus demografi. Bonus demografi sendiri adalah sebuah kondisi ketika jumlah penduduk usia produktif lebih besar dari jumlah penduduk usia nonproduktif. Ageing population yang dialami Indonesia memiliki potensi untuk menjadi bonus demografi kedua. Bonus demografi kedua dideskripsikan sebagai keadaan suatu negara atau wilayah ketika proporsi dari penduduk yang berusia tua semakin banyak, namun masih produktif dan masih memberikan sumbangan bagi perekonomian negara (Heryanah 2015). Pada masa bonus demografi pertama, peran utama pembangunan dilakukan oleh penduduk usia produktif. Sementara itu, pada masa bonus demografi kedua, peran tersebut diambil alih oleh penduduk usia nonproduktif, yaitu lansia (Rapih (2019) dalam Hakim (2020)). Peningkatan penduduk lanjut usia yang dialami saat ini merupakan sesuatu yang tidak dapat dihindari mengingat jumlah mereka yang berusia produktif saat ini berlimpah, namun beberapa tahun yang akan datang mereka akan memasuki usia lanjut atau pensiun."", ""ABSTRAKSI\nSebagai dampak dari pembangunan berkelanjutan, penduduk lanjut usia (lansia) terus mengalami peningkatan baik dari sisi jumlah maupun proporsi. Perbaikan di bidang kesehatan, akses pendidikan, ketenagakerjaan, kualitas hidup, serta berbagai aspek sosial ekonomi lainnya, telah berpengaruh pada meningkatnya umur harapan hidup dan menurunnya angka kematian.\nSejak tahun 2021, Indonesia telah memasuki struktur penduduk tua ( ageing population ), di mana sekitar 1 dari 10 penduduk adalah lansia. Fenomena ageing population bisa menjadi bonus demografi kedua, yaitu ketika proporsi lansia semakin banyak tetapi masih produktif dan dapat memberikan sumbangan bagi perekonomian negara (Heryanah, 2015). Akan tetapi, lansia dapat menjadi tantangan pembangunan ketika tidak produktif dan menjadi bagian dari penduduk rentan. Publikasi ini bertujuan untuk menyajikan data dan informasi statistik penduduk lanjut usia, sebagai evaluasi perencanaan, kebijakan, dan program kesejahteraan lanjut usia di Indonesia. Sumber data yang digunakan di antaranya hasil Survei Sosial Ekonomi Nasional (Susenas) Maret 2023, Survei Angkatan Kerja Nasional (Sakernas) Agustus 2023, serta sumber data lainnya yang relevan.\nPublikasi ini bertujuan untuk menyajikan data dan informasi statistik penduduk lanjut usia, sebagai evaluasi perencanaan, kebijakan, dan program kesejahteraan lanjut usia di Indonesia. Sumber data yang digunakan di antaranya hasil Survei Sosial Ekonomi Nasional (Susenas) Maret 2023, Survei Angkatan Kerja Nasional (Sakernas) Agustus 2023, serta sumber data lainnya yang relevan."", ""Gambar 2.1 Piramida Penduduk Indonesia, Tahun 1971, 2020, dan 2045\nRasio ketergantungan lansia menunjukkan perbandingan jumlah penduduk lanjut usia (60 tahun ke atas) terhadap jumlah penduduk usia produktif (15-59 tahun). Nilai rasio ketergantungan yang lebih dari 100 menunjukkan bahwa jumlah lansia lebih banyak daripada penduduk usia produktif. Dengan kata lain, satu penduduk usia produktif menanggung lebih dari satu penduduk lansia. Ukuran rasio ketergantungan lansia ini mengasumsikan semua penduduk usia produktif terserap dalam pasar kerja (berpenghasilan) dan penduduk lanjut usia tidak masuk dalam pasar kerja (tidak berpenghasilan).\nPergerakan rasio ketergantungan lansia sejalan dengan perkembangan persentase lansia di Indonesia. Secara umum, rasio ketergantungan lansia meningkat seiring dengan kenaikan persentase lansia. Pada tahun 2023, rasio ketergantungan lansia sebesar 17,08. Artinya, 100 penduduk usia produktif menanggung sebanyak 17 lansia. Atau dengan kata lain, satu orang lansia didukung oleh 6 penduduk usia produktif.\nStatistik Penduduk Lanjut Usia 2023\n16"", ""1.4 Ketersediaan Data\nUntuk memetakan situasi dan kondisi terkini lansia di Indonesia, serta untuk mendukung perencanaan dan evaluasi kebijakan dan program kesejahteraan lanjut usia, diperlukan data dan informasi terkait kelanjutusiaan, baik pada tingkat nasional maupun regional. Untuk menyikapi kondisi ini, BPS menyusun data dan informasi terkait penduduk lanjut usia dan mengemasnya menjadi suatu bentuk buku publikasi “Statistik Penduduk Lanjut Usia 2023”. Publikasi ini memuat informasi lansia yang dilihat dari berbagai aspek, yaitu demografi, pendidikan, kesehatan, ketenagakerjaan, sosial ekonomi, dan program kesejahteraan lanjut usia yang sudah dijalankan oleh pemerintah. Secara keseluruhan, publikasi ini menyajikan data dan informasi tentang lansia yang dapat dimanfaatkan sebagai bahan perencanaan, monitoring, dan evaluasi kebijakan maupun program pembangunan di bidang kelanjutusiaan. Data yang disajikan pada publikasi ini bersumber dari hasil Survei Sosial Ekonomi Nasional (Susenas), Survei Angkatan Kerja Nasional (Sakernas), Sensus Penduduk (SP), serta data sekunder dari Kementerian/Lembaga terkait. Publikasi ini disusun secara sistematis menjadi tujuh bagian dengan mempertimbangkan aspek-aspek yang mampu menggambarkan kondisi lansia Indonesia serta berbagai fenomena yang menyertainya. Ringkasan eksekutif di bagian awal publikasi dimaksudkan untuk memberikan gambaran ringkas dari keseluruhan isi publikasi. Metodologi dan penjelasan teknis serta konsep definisi variabel dan indikator yang digunakan pada publikasi ini akan dirinci pada bagian awal publikasi. Uraian yang rinci disajikan dalam bab-bab sesuai tema bahasan dari publikasi.\nBagian pertama (Bab 1) menyajikan bagaimana perjalanan penuaan penduduk Indonesia dari waktu ke waktu dan tantangan yang akan dihadapi serta kebijakan pemerintah terkait kelanjutusiaan. Pada Bab 2 akan dibahas\nStatistik Penduduk Lanjut Usia 2023\n10"", ""Persentase lansia lebih tinggi seiring semakin rendahnya tingkat kesejahteraan. Hal itu terlihat dari persentase lansia di Indonesia yang berada di rumah tangga dengan distribusi pengeluaran 20 persen teratas sebesar 20,45 persen, 40 persen menengah sebesar 37,67 persen, dan 40 persen terbawah sebesar 41,87 persen. Sebesar 83,74 persen rumah tangga lansia memenuhi kebutuhan hidupnya dari penghasilan anggota ruma tangga yang bekerja, kemudian dari kiriman pihak lain (10,97 persen), dan dari uang pensiun (5,01 persen). Masih sedikit lansia yang memiliki perlindungan finansial dalam bentuk tabungan di lembaga keuangan (34,36 persen).\nMayoritas lansia tinggal di rumah dengan status milik sendiri atau milik anggota rumah tangga yang lain (92,38 persen), sisanya tinggal di rumah bebas sewa (5,72 persen), dan kontrak atau sewa (1,74 persen). Selain dukungan ekonomi, lansia membutuhkan dukungan sosial untuk menjaga kualitas hidupnya. Susenas Maret 2024 mencatat 19 dari 100 lansia pernah bepergian dalam setahun terakhir, terutama untuk mengunjungi teman atau keluarga (54,32 persen). Namun demikian, masih ada sekitar 1 dari 100 lansia pernah menjadi korban kejahatan. Lansia merupakan salah satu dari kelompok rentan. Keberadaan program kesejahteraan lansia menjadi penting agar lansia terjamin masa tuanya. Dalam rentang waktu enam tahun terakhir, persentase rumah tangga lansia yang menjadi penerima PKH semakin meningkat. Pada tahun 2024, terdapat 16,94 persen rumah tangga lansia yang tercatat sebagai penerima PKH. Selain itu, Susenas Maret 2024 mencatat ada sebanyak 6 persen rumah tangga lansia yang memperoleh Asistensi Rehabilitasi Sosial Lanjut Usia (ATENSI LU) dalam setahun terakhir. Pada tahun 2024, persentase rumah tangga lansia yang pernah mendapat program sembako sebesar 25,89 persen dan sekitar 77,75 persen lansia telah tercakup dalam Jaminan Kesehatan Nasional (JKN).\nx\n\nISSN 2086-1036""]","[{""chunk_id"": ""statistik-penduduk-lanjut-usia-2023__sec_022__c001"", ""faiss_id"": 20283, ""document_title"": ""Statistik Penduduk Lanjut Usia 2023"", ""section_id"": ""sec_022"", ""page_start"": 40, ""page_end"": 40, ""bps_url"": ""https://www.bps.go.id/id/publication/2023/12/29/5d308763ac29278dd5860fad/statistik-penduduk-lanjut-usia-2023.html"", ""rerank_score"": 3.712144613265991}, {""chunk_id"": ""statistik-penduduk-lanjut-usia-2023__sec_007__c001"", ""faiss_id"": 20229, ""document_title"": ""Statistik Penduduk Lanjut Usia 2023"", ""section_id"": ""sec_007"", ""page_start"": 9, ""page_end"": 14, ""bps_url"": ""https://www.bps.go.id/id/publication/2023/12/29/5d308763ac29278dd5860fad/statistik-penduduk-lanjut-usia-2023.html"", ""rerank_score"": 3.3707733154296875}, {""chunk_id"": ""statistik-penduduk-lanjut-usia-2023__sec_029__c001"", ""faiss_id"": 20298, ""document_title"": ""Statistik Penduduk Lanjut Usia 2023"", ""section_id"": ""sec_029"", ""page_start"": 52, ""page_end"": 53, ""bps_url"": ""https://www.bps.go.id/id/publication/2023/12/29/5d308763ac29278dd5860fad/statistik-penduduk-lanjut-usia-2023.html"", ""rerank_score"": 3.120022773742676}, {""chunk_id"": ""statistik-penduduk-lanjut-usia-2023__sec_025__c001"", ""faiss_id"": 20293, ""document_title"": ""Statistik Penduduk Lanjut Usia 2023"", ""section_id"": ""sec_025"", ""page_start"": 46, ""page_end"": 48, ""bps_url"": ""https://www.bps.go.id/id/publication/2023/12/29/5d308763ac29278dd5860fad/statistik-penduduk-lanjut-usia-2023.html"", ""rerank_score"": 2.4989190101623535}, {""chunk_id"": ""statistik-penduduk-lanjut-usia-2024__sec_007__c007"", ""faiss_id"": 20605, ""document_title"": ""Statistik Penduduk Lanjut Usia 2024"", ""section_id"": ""sec_007"", ""page_start"": 9, ""page_end"": 12, ""bps_url"": ""https://www.bps.go.id/id/publication/2024/12/31/a00d4477490caaf0716b711d/statistik-penduduk-lanjut-usia-2024.html"", ""rerank_score"": 2.100844383239746}]",{},45.62711960199999,1.6627186810000012,"{""total_duration"": 1660666409, ""load_duration"": 1599390, ""prompt_eval_count"": 2295, ""prompt_eval_duration"": 788704000, ""eval_count"": 35, ""eval_duration"": 439811000}",54.59330413600003,ok,,85edb411a3706843a8043481e3d814b59ae4ba89dd02accf4a0c122fc94c22f2,False,1.0,ok,0.9382494380592897,ok,1.0,ok
Q001,1_faktual_berbasis_narasi,S1_F01,Berapa persentase penduduk lanjut usia di Indonesia menurut publikasi Statistik Penduduk Lanjut Usia edisi terbaru?,S1_F01,,clean,,,factual_retrieval,,,deepseek-flash,,deepseek-flash,[],"[1] Statistik Penduduk Lanjut Usia 2023 | sec_022
Gambar 1.1 Persentase Lansia dan Umur Harapan Hidup Penduduk Indonesia, 2010-2022
Struktur penduduk dapat dikatakan penduduk tua apabila proporsi lansia 60 tahun ke atas sudah mencapai 10 persen atau lebih (Adioetomo 2018). Dengan mendasarkan pada pendapat tersebut, Indonesia saat ini telah berada pada struktur penduduk tua ( ageing population ), bahkan Indonesia sudah memasuki ageing population sejak tahun 2021. Persentase lansia Indonesia mengalami peningkatan setidaknya 4 persen selama lebih dari satu dekade (2010-2022) sehingga menjadi 11,75 persen. Umur harapan hidup juga meningkat dari 69,81 tahun pada 2010 menjadi 71,85 tahun di tahun 2022.
Statistik Penduduk Lanjut Usia 2023
4

Angka ini menggambarkan setidaknya setiap penduduk yang lahir di tahun 2022 berharap akan dapat hidup hingga berusia 71 s.d. 72 tahun.
Peningkatan jumlah lansia dapat memberikan keuntungan jika dikaitkan dengan adanya bonus demografi. Bonus demografi sendiri adalah sebuah kondisi ketika jumlah penduduk usia produktif lebih besar dari jumlah penduduk usia nonproduktif. Ageing population yang dialami Indonesia memiliki potensi untuk menjadi bonus demografi kedua. Bonus demografi kedua dideskripsikan sebagai keadaan suatu negara atau wilayah ketika proporsi dari penduduk yang berusia tua semakin banyak, namun masih produktif dan masih memberikan sumbangan bagi perekonomian negara (Heryanah 2015). Pada masa bonus demografi pertama, peran utama pembangunan dilakukan oleh penduduk usia produktif. Sementara itu, pada masa bonus demografi kedua, peran tersebut diambil alih oleh penduduk usia nonproduktif, yaitu lansia (Rapih (2019) dalam Hakim (2020)). Peningkatan penduduk lanjut usia yang dialami saat ini merupakan sesuatu yang tidak dapat dihindari mengingat jumlah mereka yang berusia produktif saat ini berlimpah, namun beberapa tahun yang akan datang mereka akan memasuki usia lanjut atau pensiun.

[2] Statistik Penduduk Lanjut Usia 2023 | sec_007
ABSTRAKSI
Sebagai dampak dari pembangunan berkelanjutan, penduduk lanjut usia (lansia) terus mengalami peningkatan baik dari sisi jumlah maupun proporsi. Perbaikan di bidang kesehatan, akses pendidikan, ketenagakerjaan, kualitas hidup, serta berbagai aspek sosial ekonomi lainnya, telah berpengaruh pada meningkatnya umur harapan hidup dan menurunnya angka kematian.
Sejak tahun 2021, Indonesia telah memasuki struktur penduduk tua ( ageing population ), di mana sekitar 1 dari 10 penduduk adalah lansia. Fenomena ageing population bisa menjadi bonus demografi kedua, yaitu ketika proporsi lansia semakin banyak tetapi masih produktif dan dapat memberikan sumbangan bagi perekonomian negara (Heryanah, 2015). Akan tetapi, lansia dapat menjadi tantangan pembangunan ketika tidak produktif dan menjadi bagian dari penduduk rentan. Publikasi ini bertujuan untuk menyajikan data dan informasi statistik penduduk lanjut usia, sebagai evaluasi perencanaan, kebijakan, dan program kesejahteraan lanjut usia di Indonesia. Sumber data yang digunakan di antaranya hasil Survei Sosial Ekonomi Nasional (Susenas) Maret 2023, Survei Angkatan Kerja Nasional (Sakernas) Agustus 2023, serta sumber data lainnya yang relevan.
Publikasi ini bertujuan untuk menyajikan data dan informasi statistik penduduk lanjut usia, sebagai evaluasi perencanaan, kebijakan, dan program kesejahteraan lanjut usia di Indonesia. Sumber data yang digunakan di antaranya hasil Survei Sosial Ekonomi Nasional (Susenas) Maret 2023, Survei Angkatan Kerja Nasional (Sakernas) Agustus 2023, serta sumber data lainnya yang relevan.

[3] Statistik Penduduk Lanjut Usia 2023 | sec_029
Gambar 2.1 Piramida Penduduk Indonesia, Tahun 1971, 2020, dan 2045
Rasio ketergantungan lansia menunjukkan perbandingan jumlah penduduk lanjut usia (60 tahun ke atas) terhadap jumlah penduduk usia produktif (15-59 tahun). Nilai rasio ketergantungan yang lebih dari 100 menunjukkan bahwa jumlah lansia lebih banyak daripada penduduk usia produktif. Dengan kata lain, satu penduduk usia produktif menanggung lebih dari satu penduduk lansia. Ukuran rasio ketergantungan lansia ini mengasumsikan semua penduduk usia produktif terserap dalam pasar kerja (berpenghasilan) dan penduduk lanjut usia tidak masuk dalam pasar kerja (tidak berpenghasilan).
Pergerakan rasio ketergantungan lansia sejalan dengan perkembangan persentase lansia di Indonesia. Secara umum, rasio ketergantungan lansia meningkat seiring dengan kenaikan persentase lansia. Pada tahun 2023, rasio ketergantungan lansia sebesar 17,08. Artinya, 100 penduduk usia produktif menanggung sebanyak 17 lansia. Atau dengan kata lain, satu orang lansia didukung oleh 6 penduduk usia produktif.
Statistik Penduduk Lanjut Usia 2023
16

[4] Statistik Penduduk Lanjut Usia 2023 | sec_025
1.4 Ketersediaan Data
Untuk memetakan situasi dan kondisi terkini lansia di Indonesia, serta untuk mendukung perencanaan dan evaluasi kebijakan dan program kesejahteraan lanjut usia, diperlukan data dan informasi terkait kelanjutusiaan, baik pada tingkat nasional maupun regional. Untuk menyikapi kondisi ini, BPS menyusun data dan informasi terkait penduduk lanjut usia dan mengemasnya menjadi suatu bentuk buku publikasi “Statistik Penduduk Lanjut Usia 2023”. Publikasi ini memuat informasi lansia yang dilihat dari berbagai aspek, yaitu demografi, pendidikan, kesehatan, ketenagakerjaan, sosial ekonomi, dan program kesejahteraan lanjut usia yang sudah dijalankan oleh pemerintah. Secara keseluruhan, publikasi ini menyajikan data dan informasi tentang lansia yang dapat dimanfaatkan sebagai bahan perencanaan, monitoring, dan evaluasi kebijakan maupun program pembangunan di bidang kelanjutusiaan. Data yang disajikan pada publikasi ini bersumber dari hasil Survei Sosial Ekonomi Nasional (Susenas), Survei Angkatan Kerja Nasional (Sakernas), Sensus Penduduk (SP), serta data sekunder dari Kementerian/Lembaga terkait. Publikasi ini disusun secara sistematis menjadi tujuh bagian dengan mempertimbangkan aspek-aspek yang mampu menggambarkan kondisi lansia Indonesia serta berbagai fenomena yang menyertainya. Ringkasan eksekutif di bagian awal publikasi dimaksudkan untuk memberikan gambaran ringkas dari keseluruhan isi publikasi. Metodologi dan penjelasan teknis serta konsep definisi variabel dan indikator yang digunakan pada publikasi ini akan dirinci pada bagian awal publikasi. Uraian yang rinci disajikan dalam bab-bab sesuai tema bahasan dari publikasi.
Bagian pertama (Bab 1) menyajikan bagaimana perjalanan penuaan penduduk Indonesia dari waktu ke waktu dan tantangan yang akan dihadapi serta kebijakan pemerintah terkait kelanjutusiaan. Pada Bab 2 akan dibahas
Statistik Penduduk Lanjut Usia 2023
10

[5] Statistik Penduduk Lanjut Usia 2024 | sec_007
Persentase lansia lebih tinggi seiring semakin rendahnya tingkat kesejahteraan. Hal itu terlihat dari persentase lansia di Indonesia yang berada di rumah tangga dengan distribusi pengeluaran 20 persen teratas sebesar 20,45 persen, 40 persen menengah sebesar 37,67 persen, dan 40 persen terbawah sebesar 41,87 persen. Sebesar 83,74 persen rumah tangga lansia memenuhi kebutuhan hidupnya dari penghasilan anggota ruma tangga yang bekerja, kemudian dari kiriman pihak lain (10,97 persen), dan dari uang pensiun (5,01 persen). Masih sedikit lansia yang memiliki perlindungan finansial dalam bentuk tabungan di lembaga keuangan (34,36 persen).
Mayoritas lansia tinggal di rumah dengan status milik sendiri atau milik anggota rumah tangga yang lain (92,38 persen), sisanya tinggal di rumah bebas sewa (5,72 persen), dan kontrak atau sewa (1,74 persen). Selain dukungan ekonomi, lansia membutuhkan dukungan sosial untuk menjaga kualitas hidupnya. Susenas Maret 2024 mencatat 19 dari 100 lansia pernah bepergian dalam setahun terakhir, terutama untuk mengunjungi teman atau keluarga (54,32 persen). Namun demikian, masih ada sekitar 1 dari 100 lansia pernah menjadi korban kejahatan. Lansia merupakan salah satu dari kelompok rentan. Keberadaan program kesejahteraan lansia menjadi penting agar lansia terjamin masa tuanya. Dalam rentang waktu enam tahun terakhir, persentase rumah tangga lansia yang menjadi penerima PKH semakin meningkat. Pada tahun 2024, terdapat 16,94 persen rumah tangga lansia yang tercatat sebagai penerima PKH. Selain itu, Susenas Maret 2024 mencatat ada sebanyak 6 persen rumah tangga lansia yang memperoleh Asistensi Rehabilitasi Sosial Lanjut Usia (ATENSI LU) dalam setahun terakhir. Pada tahun 2024, persentase rumah tangga lansia yang pernah mendapat program sembako sebesar 25,89 persen dan sekitar 77,75 persen lansia telah tercakup dalam Jaminan Kesehatan Nasional (JKN).
x

ISSN 2086-1036","[""Gambar 1.1 Persentase Lansia dan Umur Harapan Hidup Penduduk Indonesia, 2010-2022\nStruktur penduduk dapat dikatakan penduduk tua apabila proporsi lansia 60 tahun ke atas sudah mencapai 10 persen atau lebih (Adioetomo 2018). Dengan mendasarkan pada pendapat tersebut, Indonesia saat ini telah berada pada struktur penduduk tua ( ageing population ), bahkan Indonesia sudah memasuki ageing population sejak tahun 2021. Persentase lansia Indonesia mengalami peningkatan setidaknya 4 persen selama lebih dari satu dekade (2010-2022) sehingga menjadi 11,75 persen. Umur harapan hidup juga meningkat dari 69,81 tahun pada 2010 menjadi 71,85 tahun di tahun 2022.\nStatistik Penduduk Lanjut Usia 2023\n4\n\nAngka ini menggambarkan setidaknya setiap penduduk yang lahir di tahun 2022 berharap akan dapat hidup hingga berusia 71 s.d. 72 tahun.\nPeningkatan jumlah lansia dapat memberikan keuntungan jika dikaitkan dengan adanya bonus demografi. Bonus demografi sendiri adalah sebuah kondisi ketika jumlah penduduk usia produktif lebih besar dari jumlah penduduk usia nonproduktif. Ageing population yang dialami Indonesia memiliki potensi untuk menjadi bonus demografi kedua. Bonus demografi kedua dideskripsikan sebagai keadaan suatu negara atau wilayah ketika proporsi dari penduduk yang berusia tua semakin banyak, namun masih produktif dan masih memberikan sumbangan bagi perekonomian negara (Heryanah 2015). Pada masa bonus demografi pertama, peran utama pembangunan dilakukan oleh penduduk usia produktif. Sementara itu, pada masa bonus demografi kedua, peran tersebut diambil alih oleh penduduk usia nonproduktif, yaitu lansia (Rapih (2019) dalam Hakim (2020)). Peningkatan penduduk lanjut usia yang dialami saat ini merupakan sesuatu yang tidak dapat dihindari mengingat jumlah mereka yang berusia produktif saat ini berlimpah, namun beberapa tahun yang akan datang mereka akan memasuki usia lanjut atau pensiun."", ""ABSTRAKSI\nSebagai dampak dari pembangunan berkelanjutan, penduduk lanjut usia (lansia) terus mengalami peningkatan baik dari sisi jumlah maupun proporsi. Perbaikan di bidang kesehatan, akses pendidikan, ketenagakerjaan, kualitas hidup, serta berbagai aspek sosial ekonomi lainnya, telah berpengaruh pada meningkatnya umur harapan hidup dan menurunnya angka kematian.\nSejak tahun 2021, Indonesia telah memasuki struktur penduduk tua ( ageing population ), di mana sekitar 1 dari 10 penduduk adalah lansia. Fenomena ageing population bisa menjadi bonus demografi kedua, yaitu ketika proporsi lansia semakin banyak tetapi masih produktif dan dapat memberikan sumbangan bagi perekonomian negara (Heryanah, 2015). Akan tetapi, lansia dapat menjadi tantangan pembangunan ketika tidak produktif dan menjadi bagian dari penduduk rentan. Publikasi ini bertujuan untuk menyajikan data dan informasi statistik penduduk lanjut usia, sebagai evaluasi perencanaan, kebijakan, dan program kesejahteraan lanjut usia di Indonesia. Sumber data yang digunakan di antaranya hasil Survei Sosial Ekonomi Nasional (Susenas) Maret 2023, Survei Angkatan Kerja Nasional (Sakernas) Agustus 2023, serta sumber data lainnya yang relevan.\nPublikasi ini bertujuan untuk menyajikan data dan informasi statistik penduduk lanjut usia, sebagai evaluasi perencanaan, kebijakan, dan program kesejahteraan lanjut usia di Indonesia. Sumber data yang digunakan di antaranya hasil Survei Sosial Ekonomi Nasional (Susenas) Maret 2023, Survei Angkatan Kerja Nasional (Sakernas) Agustus 2023, serta sumber data lainnya yang relevan."", ""Gambar 2.1 Piramida Penduduk Indonesia, Tahun 1971, 2020, dan 2045\nRasio ketergantungan lansia menunjukkan perbandingan jumlah penduduk lanjut usia (60 tahun ke atas) terhadap jumlah penduduk usia produktif (15-59 tahun). Nilai rasio ketergantungan yang lebih dari 100 menunjukkan bahwa jumlah lansia lebih banyak daripada penduduk usia produktif. Dengan kata lain, satu penduduk usia produktif menanggung lebih dari satu penduduk lansia. Ukuran rasio ketergantungan lansia ini mengasumsikan semua penduduk usia produktif terserap dalam pasar kerja (berpenghasilan) dan penduduk lanjut usia tidak masuk dalam pasar kerja (tidak berpenghasilan).\nPergerakan rasio ketergantungan lansia sejalan dengan perkembangan persentase lansia di Indonesia. Secara umum, rasio ketergantungan lansia meningkat seiring dengan kenaikan persentase lansia. Pada tahun 2023, rasio ketergantungan lansia sebesar 17,08. Artinya, 100 penduduk usia produktif menanggung sebanyak 17 lansia. Atau dengan kata lain, satu orang lansia didukung oleh 6 penduduk usia produktif.\nStatistik Penduduk Lanjut Usia 2023\n16"", ""1.4 Ketersediaan Data\nUntuk memetakan situasi dan kondisi terkini lansia di Indonesia, serta untuk mendukung perencanaan dan evaluasi kebijakan dan program kesejahteraan lanjut usia, diperlukan data dan informasi terkait kelanjutusiaan, baik pada tingkat nasional maupun regional. Untuk menyikapi kondisi ini, BPS menyusun data dan informasi terkait penduduk lanjut usia dan mengemasnya menjadi suatu bentuk buku publikasi “Statistik Penduduk Lanjut Usia 2023”. Publikasi ini memuat informasi lansia yang dilihat dari berbagai aspek, yaitu demografi, pendidikan, kesehatan, ketenagakerjaan, sosial ekonomi, dan program kesejahteraan lanjut usia yang sudah dijalankan oleh pemerintah. Secara keseluruhan, publikasi ini menyajikan data dan informasi tentang lansia yang dapat dimanfaatkan sebagai bahan perencanaan, monitoring, dan evaluasi kebijakan maupun program pembangunan di bidang kelanjutusiaan. Data yang disajikan pada publikasi ini bersumber dari hasil Survei Sosial Ekonomi Nasional (Susenas), Survei Angkatan Kerja Nasional (Sakernas), Sensus Penduduk (SP), serta data sekunder dari Kementerian/Lembaga terkait. Publikasi ini disusun secara sistematis menjadi tujuh bagian dengan mempertimbangkan aspek-aspek yang mampu menggambarkan kondisi lansia Indonesia serta berbagai fenomena yang menyertainya. Ringkasan eksekutif di bagian awal publikasi dimaksudkan untuk memberikan gambaran ringkas dari keseluruhan isi publikasi. Metodologi dan penjelasan teknis serta konsep definisi variabel dan indikator yang digunakan pada publikasi ini akan dirinci pada bagian awal publikasi. Uraian yang rinci disajikan dalam bab-bab sesuai tema bahasan dari publikasi.\nBagian pertama (Bab 1) menyajikan bagaimana perjalanan penuaan penduduk Indonesia dari waktu ke waktu dan tantangan yang akan dihadapi serta kebijakan pemerintah terkait kelanjutusiaan. Pada Bab 2 akan dibahas\nStatistik Penduduk Lanjut Usia 2023\n10"", ""Persentase lansia lebih tinggi seiring semakin rendahnya tingkat kesejahteraan. Hal itu terlihat dari persentase lansia di Indonesia yang berada di rumah tangga dengan distribusi pengeluaran 20 persen teratas sebesar 20,45 persen, 40 persen menengah sebesar 37,67 persen, dan 40 persen terbawah sebesar 41,87 persen. Sebesar 83,74 persen rumah tangga lansia memenuhi kebutuhan hidupnya dari penghasilan anggota ruma tangga yang bekerja, kemudian dari kiriman pihak lain (10,97 persen), dan dari uang pensiun (5,01 persen). Masih sedikit lansia yang memiliki perlindungan finansial dalam bentuk tabungan di lembaga keuangan (34,36 persen).\nMayoritas lansia tinggal di rumah dengan status milik sendiri atau milik anggota rumah tangga yang lain (92,38 persen), sisanya tinggal di rumah bebas sewa (5,72 persen), dan kontrak atau sewa (1,74 persen). Selain dukungan ekonomi, lansia membutuhkan dukungan sosial untuk menjaga kualitas hidupnya. Susenas Maret 2024 mencatat 19 dari 100 lansia pernah bepergian dalam setahun terakhir, terutama untuk mengunjungi teman atau keluarga (54,32 persen). Namun demikian, masih ada sekitar 1 dari 100 lansia pernah menjadi korban kejahatan. Lansia merupakan salah satu dari kelompok rentan. Keberadaan program kesejahteraan lansia menjadi penting agar lansia terjamin masa tuanya. Dalam rentang waktu enam tahun terakhir, persentase rumah tangga lansia yang menjadi penerima PKH semakin meningkat. Pada tahun 2024, terdapat 16,94 persen rumah tangga lansia yang tercatat sebagai penerima PKH. Selain itu, Susenas Maret 2024 mencatat ada sebanyak 6 persen rumah tangga lansia yang memperoleh Asistensi Rehabilitasi Sosial Lanjut Usia (ATENSI LU) dalam setahun terakhir. Pada tahun 2024, persentase rumah tangga lansia yang pernah mendapat program sembako sebesar 25,89 persen dan sekitar 77,75 persen lansia telah tercakup dalam Jaminan Kesehatan Nasional (JKN).\nx\n\nISSN 2086-1036""]","[{""chunk_id"": ""statistik-penduduk-lanjut-usia-2023__sec_022__c001"", ""faiss_id"": 20283, ""document_title"": ""Statistik Penduduk Lanjut Usia 2023"", ""section_id"": ""sec_022"", ""page_start"": 40, ""page_end"": 40, ""bps_url"": ""https://www.bps.go.id/id/publication/2023/12/29/5d308763ac29278dd5860fad/statistik-penduduk-lanjut-usia-2023.html"", ""rerank_score"": 3.712144613265991}, {""chunk_id"": ""statistik-penduduk-lanjut-usia-2023__sec_007__c001"", ""faiss_id"": 20229, ""document_title"": ""Statistik Penduduk Lanjut Usia 2023"", ""section_id"": ""sec_007"", ""page_start"": 9, ""page_end"": 14, ""bps_url"": ""https://www.bps.go.id/id/publication/2023/12/29/5d308763ac29278dd5860fad/statistik-penduduk-lanjut-usia-2023.html"", ""rerank_score"": 3.3707733154296875}, {""chunk_id"": ""statistik-penduduk-lanjut-usia-2023__sec_029__c001"", ""faiss_id"": 20298, ""document_title"": ""Statistik Penduduk Lanjut Usia 2023"", ""section_id"": ""sec_029"", ""page_start"": 52, ""page_end"": 53, ""bps_url"": ""https://www.bps.go.id/id/publication/2023/12/29/5d308763ac29278dd5860fad/statistik-penduduk-lanjut-usia-2023.html"", ""rerank_score"": 3.120022773742676}, {""chunk_id"": ""statistik-penduduk-lanjut-usia-2023__sec_025__c001"", ""faiss_id"": 20293, ""document_title"": ""Statistik Penduduk Lanjut Usia 2023"", ""section_id"": ""sec_025"", ""page_start"": 46, ""page_end"": 48, ""bps_url"": ""https://www.bps.go.id/id/publication/2023/12/29/5d308763ac29278dd5860fad/statistik-penduduk-lanjut-usia-2023.html"", ""rerank_score"": 2.4989190101623535}, {""chunk_id"": ""statistik-penduduk-lanjut-usia-2024__sec_007__c007"", ""faiss_id"": 20605, ""document_title"": ""Statistik Penduduk Lanjut Usia 2024"", ""section_id"": ""sec_007"", ""page_start"": 9, ""page_end"": 12, ""bps_url"": ""https://www.bps.go.id/id/publication/2024/12/31/a00d4477490caaf0716b711d/statistik-penduduk-lanjut-usia-2024.html"", ""rerank_score"": 2.100844383239746}]",{},3.204186543999981,3.1254809099999648,"{""prompt_tokens"": 2590, ""completion_tokens"": 512, ""total_tokens"": 3102, ""prompt_tokens_details"": {""cached_tokens"": 2432}, ""completion_tokens_details"": {""reasoning_tokens"": 512}, ""prompt_cache_hit_tokens"": 2432, ""prompt_cache_miss_tokens"": 158}",9.656363591000058,ok,,85edb411a3706843a8043481e3d814b59ae4ba89dd02accf4a0c122fc94c22f2,False,,empty_answer,,empty_answer,,empty_answer
Q002,1_faktual_berbasis_narasi,S1_F02,"Anak-anak kecil di Indonesia sekarang kondisinya gimana ya, ada datanya nggak?",S1_F02,,clean,,,factual_retrieval,,,llama3.2-finetuned,"Teks menyatakan bahwa Indonesia memiliki penduduk terbanyak di dunia, dengan 270,20 juta jiwa pada 2020, dan 79,71 juta jiwa anak-anak. Teks juga menyatakan bahwa anak-anak merupakan agen perubahan dan penerus, sehingga investasi pada anak-anak penting untuk mencapai target pembangunan berkelanjutan. Karena itu, kondisi anak-anak di Indonesia perlu dipantau dan diinvestasikan agar dapat menjadi modal pembangunan masa depan.

Pada 2020, Indonesia memiliki penduduk terbanyak di dunia, yaitu 270,20 juta jiwa, dengan 79,71 juta jiwa anak-anak. Anak-anak merupakan agen perubahan dan penerus, sehingga investasi pada anak-anak sangat penting untuk mencapai target pembangunan berkelanjutan. Kondisi kesejahteraan anak-anak di Indonesia perlu dipantau dan diinvestasikan agar dapat menjadi modal pembangunan masa depan.",llama3.2-finetuned,"[""Data kondisi anak kecil di Indonesia tersedia, mencakup indikator seperti pendidikan, kesehatan, dan perlindungan anak.""]","[1] Kesejahteraan Anak Indonesia: Analisis Deprivasi Hak Anak Multidimensi 2022 | sec_026
1.1 Gambaran Situasi Anak-anak di Indonesia
Indonesia merupakan salah satu dari lima negara dengan jumlah penduduk terbanyak di dunia, hasil Sensus Penduduk tahun 2020 (SP2020) mencatat jumlah penduduk Indonesia mencapai 270,20 juta jiwa. Jumlah penduduk yang besar perlu diimbangi dengan kualitas sumber daya manusia yang baik sebagai modal dasar pembangunan menuju perwujudan visi Indonesia Emas 2045 yaitu Berdaulat, Maju, Adil, dan Makmur. Pembangunan Manusia serta Penguasaan Ilmu Pengetahuan dan Teknologi merupakan salah satu pilar bagi pencapaian Visi Indonesia Emas 2045 untuk membangun manusia Indonesia yang memiliki kecerdasan tinggi, masyarakat Indonesia yang menjunjung tinggi pluralisme, berbudaya, religius dan menjunjung tinggi nilai-nilai etika (Bappenas, 2019). Dalam pembangunan sumber daya manusia, kelompok penduduk yang perlu menjadi perhatian adalah anak-anak. Berdasarkan hasil SP2020, terdapat 79,71 juta jiwa anak-anak di antara seluruh penduduk Indonesia. Anak-anak tersebut akan tumbuh dan berkontribusi dalam perekonomian di masa mendatang. Oleh karena itu memberikan kesejahteraan pada anak-anak saat ini sama artinya dengan menyiapkan kesejahteraan masyarakat di masa mendatang. Dalam konteks pembangunan berkelanjutan anak-anak adalah agen perubahan dan penerus, sehingga investasi pada anak-anak sangat penting untuk mencapai target pembangunan berkelanjutan.
Upaya pembangunan sumber daya manusia tidak terlepas dari berbagai tantangan, diantaranya adalah kemiskinan dan tingkat kesejahteraan yang rendah. Pembangunan sumber daya manusia dan kemiskinan saling memengaruhi, masyarakat yang hidup dalam kemiskinan memiliki produktivitas yang rendah dan akses yang terbatas atas berbagai layanan yang mengurangi peluang orang-orang miskin dalam mengembangkan kualitas dirinya. Pandemi COVID-19 masih menyisakan persoalan kemiskinan pada tahun 2022 meskipun perekonomian Indonesia telah menunjukkan pertumbuhan yang lebih tinggi dibanding tahun 2021 (BPS, 2023a).
1

[2] Kesejahteraan Anak Indonesia: Analisis Deprivasi Hak Anak Multidimensi 2022 | sec_069
KESIMPULAN DAN REKOMENDASI
Konstitusi mengamanatkan negara untuk mewujudkan anak-anak yang sejahtera, yaitu anak-anak yang tidak hanya bebas dari kemiskinan, tetapi juga terpenuhi hak-haknya. Pemenuhan hak anak merupakan pemenuhan hak asasi manusia dan mencakup atribut yang melekat pada dirinya seperti identitas, sampai kepada aspek pendidikan dan kesehatan.
Berbagai upaya negara untuk mewujudkan kesejahteraan anak membutuhkan dukungan data dan informasi yang relevan dan komprehensif. Publikasi ini disusun dalam rangka memberikan gambaran yang lebih lengkap terkait kondisi kesejahteraan anak-anak di Indonesia yang dianalisis menurut pemenuhan hak-hak anak pada tujuh dimensi, yaitu kesehatan, makanan dan nutrisi, pendidikan, perlindungan anak, perumahan, fasilitas, dan informasi. Bab ini berisi kesimpulan yang disarikan dari temuan-temuan penting yang telah diuraikan dalam bab sebelumnya dan beberapa rekomendasi kebijakan. 5.1 Kesimpulan Secara umum, persentase anak usia 0-17 tahun yang mengalami deprivasi setidaknya pada dua dimensi ( multiple deprived ) pada tahun 2022 sebesar 40,19 persen. Angka ini menurun signifikan jika dibandingkan kondisi tahun 2016, saat pengukuran kesejahteraan anak menggunakan MODA pertama kali dilakukan. Pada saat itu, persentase anak-anak yang mengalami multiple deprivation sebesar 64,95 persen.
Jika dilihat per dimensi, hampir setengah anak-anak (42,17 persen) mengalami deprivasi pada dimensi kesehatan. Nilai tersebut merupakan yang tertinggi dibandingkan persentase anak yang terdeprivasi pada enam dimensi lainnya. Besarnya proporsi anak yang mengalami deprivasi pada dimensi kesehatan terjadi karena masih besarnya proporsi anak yang tidak memiliki jaminan kesehatan, terutama pada anak usia 0-4 tahun di perdesaan. Selain itu, masih ada sekitar empat dari sepuluh anak usia 0-4 tahun yang belum menerima Imunisasi Dasar Lengkap (IDL) dan turut berpengaruh terhadap besarnya proporsi anak yang mengalami deprivasi pada dimensi kesehatan.

[3] Profil Kesehatan Ibu dan Anak 2024 | sec_071
2 D @ Oren O am 0 Cm p ®D | 2°83 Ww a GE LOA | o <Q» U /

Generasi yang sehat dan terdidik menjadi modal untuk dapat menciptakan inovasi dan memberikan kontribusi pada kemajuan bangsa. Anak-anak yang sehat lebih mampu untuk fokus belajar dan berkembang, yang berujung pada peningkatan kualitas masyarakat di masa mendatang. Kesehatan anak yang baik dapat membentuk generasi emas, sehingga tercipta tenaga kerja yang lebih produktif di masa depan. Dalam menjamin penyelenggaraan upaya untuk menjaga kesehatan anak, pemerintah menyusun Undang-Undang No. 23 Tahun 2002 tentang Perlindungan Anak. Dasar hukum tersebut menjamin adanya kesempatan yang seluas-luasnya bagi anak untuk tumbuh dan berkembang secara optimal serta mewujudkan kesejahteraan anak dengan memberikan jaminan terhadap pemenuhan hak-haknya tanpa diskriminasi. Selain itu, dalam Undang-Undang No. 36 Tahun 2009 tentang Kesehatan yang mengatur penyelenggaraan kesehatan, ditegaskan jika setiap orang memiliki hak untuk memperoleh akses terhadap pelayanan kesehatan, tidak terkecuali anak-anak. Bab ini membahas indikator-indikator terkait kondisi kesehatan anak di Indonesia yang bersumber dari Anak adalah penduduk berumur data Susenas. Indikator-indikator kesehatan anak 18 tahun ke bawah disajikan dalam bentuk tren data dan (berumur 0–17 tahun) & didisagregasikan menurut berbagai karakteristik. et Informasi kesehatan anak yang disajikan mencakup status kesehatan, upaya kesehatan, jaminan kesehatan, serta perilaku merokok. Beberapa indikator yang khusus digunakan untuk memantau kesehatan anak baduta (bawah umur dua tahun) seperti pemberian imunisasi, Air Susu Ibu (ASI), maupun praktik pemberian makan juga disajikan dalam bab ini.","[""1.1 Gambaran Situasi Anak-anak di Indonesia\nIndonesia merupakan salah satu dari lima negara dengan jumlah penduduk terbanyak di dunia, hasil Sensus Penduduk tahun 2020 (SP2020) mencatat jumlah penduduk Indonesia mencapai 270,20 juta jiwa. Jumlah penduduk yang besar perlu diimbangi dengan kualitas sumber daya manusia yang baik sebagai modal dasar pembangunan menuju perwujudan visi Indonesia Emas 2045 yaitu Berdaulat, Maju, Adil, dan Makmur. Pembangunan Manusia serta Penguasaan Ilmu Pengetahuan dan Teknologi merupakan salah satu pilar bagi pencapaian Visi Indonesia Emas 2045 untuk membangun manusia Indonesia yang memiliki kecerdasan tinggi, masyarakat Indonesia yang menjunjung tinggi pluralisme, berbudaya, religius dan menjunjung tinggi nilai-nilai etika (Bappenas, 2019). Dalam pembangunan sumber daya manusia, kelompok penduduk yang perlu menjadi perhatian adalah anak-anak. Berdasarkan hasil SP2020, terdapat 79,71 juta jiwa anak-anak di antara seluruh penduduk Indonesia. Anak-anak tersebut akan tumbuh dan berkontribusi dalam perekonomian di masa mendatang. Oleh karena itu memberikan kesejahteraan pada anak-anak saat ini sama artinya dengan menyiapkan kesejahteraan masyarakat di masa mendatang. Dalam konteks pembangunan berkelanjutan anak-anak adalah agen perubahan dan penerus, sehingga investasi pada anak-anak sangat penting untuk mencapai target pembangunan berkelanjutan.\nUpaya pembangunan sumber daya manusia tidak terlepas dari berbagai tantangan, diantaranya adalah kemiskinan dan tingkat kesejahteraan yang rendah. Pembangunan sumber daya manusia dan kemiskinan saling memengaruhi, masyarakat yang hidup dalam kemiskinan memiliki produktivitas yang rendah dan akses yang terbatas atas berbagai layanan yang mengurangi peluang orang-orang miskin dalam mengembangkan kualitas dirinya. Pandemi COVID-19 masih menyisakan persoalan kemiskinan pada tahun 2022 meskipun perekonomian Indonesia telah menunjukkan pertumbuhan yang lebih tinggi dibanding tahun 2021 (BPS, 2023a).\n1"", ""KESIMPULAN DAN REKOMENDASI\nKonstitusi mengamanatkan negara untuk mewujudkan anak-anak yang sejahtera, yaitu anak-anak yang tidak hanya bebas dari kemiskinan, tetapi juga terpenuhi hak-haknya. Pemenuhan hak anak merupakan pemenuhan hak asasi manusia dan mencakup atribut yang melekat pada dirinya seperti identitas, sampai kepada aspek pendidikan dan kesehatan.\nBerbagai upaya negara untuk mewujudkan kesejahteraan anak membutuhkan dukungan data dan informasi yang relevan dan komprehensif. Publikasi ini disusun dalam rangka memberikan gambaran yang lebih lengkap terkait kondisi kesejahteraan anak-anak di Indonesia yang dianalisis menurut pemenuhan hak-hak anak pada tujuh dimensi, yaitu kesehatan, makanan dan nutrisi, pendidikan, perlindungan anak, perumahan, fasilitas, dan informasi. Bab ini berisi kesimpulan yang disarikan dari temuan-temuan penting yang telah diuraikan dalam bab sebelumnya dan beberapa rekomendasi kebijakan. 5.1 Kesimpulan Secara umum, persentase anak usia 0-17 tahun yang mengalami deprivasi setidaknya pada dua dimensi ( multiple deprived ) pada tahun 2022 sebesar 40,19 persen. Angka ini menurun signifikan jika dibandingkan kondisi tahun 2016, saat pengukuran kesejahteraan anak menggunakan MODA pertama kali dilakukan. Pada saat itu, persentase anak-anak yang mengalami multiple deprivation sebesar 64,95 persen.\nJika dilihat per dimensi, hampir setengah anak-anak (42,17 persen) mengalami deprivasi pada dimensi kesehatan. Nilai tersebut merupakan yang tertinggi dibandingkan persentase anak yang terdeprivasi pada enam dimensi lainnya. Besarnya proporsi anak yang mengalami deprivasi pada dimensi kesehatan terjadi karena masih besarnya proporsi anak yang tidak memiliki jaminan kesehatan, terutama pada anak usia 0-4 tahun di perdesaan. Selain itu, masih ada sekitar empat dari sepuluh anak usia 0-4 tahun yang belum menerima Imunisasi Dasar Lengkap (IDL) dan turut berpengaruh terhadap besarnya proporsi anak yang mengalami deprivasi pada dimensi kesehatan."", ""2 D @ Oren O am 0 Cm p ®D | 2°83 Ww a GE LOA | o <Q» U /\n\nGenerasi yang sehat dan terdidik menjadi modal untuk dapat menciptakan inovasi dan memberikan kontribusi pada kemajuan bangsa. Anak-anak yang sehat lebih mampu untuk fokus belajar dan berkembang, yang berujung pada peningkatan kualitas masyarakat di masa mendatang. Kesehatan anak yang baik dapat membentuk generasi emas, sehingga tercipta tenaga kerja yang lebih produktif di masa depan. Dalam menjamin penyelenggaraan upaya untuk menjaga kesehatan anak, pemerintah menyusun Undang-Undang No. 23 Tahun 2002 tentang Perlindungan Anak. Dasar hukum tersebut menjamin adanya kesempatan yang seluas-luasnya bagi anak untuk tumbuh dan berkembang secara optimal serta mewujudkan kesejahteraan anak dengan memberikan jaminan terhadap pemenuhan hak-haknya tanpa diskriminasi. Selain itu, dalam Undang-Undang No. 36 Tahun 2009 tentang Kesehatan yang mengatur penyelenggaraan kesehatan, ditegaskan jika setiap orang memiliki hak untuk memperoleh akses terhadap pelayanan kesehatan, tidak terkecuali anak-anak. Bab ini membahas indikator-indikator terkait kondisi kesehatan anak di Indonesia yang bersumber dari Anak adalah penduduk berumur data Susenas. Indikator-indikator kesehatan anak 18 tahun ke bawah disajikan dalam bentuk tren data dan (berumur 0–17 tahun) & didisagregasikan menurut berbagai karakteristik. et Informasi kesehatan anak yang disajikan mencakup status kesehatan, upaya kesehatan, jaminan kesehatan, serta perilaku merokok. Beberapa indikator yang khusus digunakan untuk memantau kesehatan anak baduta (bawah umur dua tahun) seperti pemberian imunisasi, Air Susu Ibu (ASI), maupun praktik pemberian makan juga disajikan dalam bab ini.""]","[{""chunk_id"": ""kesejahteraan-anak-indonesia--analisis-deprivasi-hak-anak-multidimensi-2022__sec_026__c001"", ""faiss_id"": 3434, ""document_title"": ""Kesejahteraan Anak Indonesia: Analisis Deprivasi Hak Anak Multidimensi 2022"", ""section_id"": ""sec_026"", ""page_start"": 18, ""page_end"": 19, ""bps_url"": ""https://www.bps.go.id/id/publication/2023/12/22/117da7a9bc016a3e3b2475b1/kesejahteraan-anak-indonesia--analisis-deprivasi-hak-anak-multidimensi-2022.html"", ""rerank_score"": 1.1422035694122314}, {""chunk_id"": ""kesejahteraan-anak-indonesia--analisis-deprivasi-hak-anak-multidimensi-2022__sec_069__c001"", ""faiss_id"": 3556, ""document_title"": ""Kesejahteraan Anak Indonesia: Analisis Deprivasi Hak Anak Multidimensi 2022"", ""section_id"": ""sec_069"", ""page_start"": 76, ""page_end"": 77, ""bps_url"": ""https://www.bps.go.id/id/publication/2023/12/22/117da7a9bc016a3e3b2475b1/kesejahteraan-anak-indonesia--analisis-deprivasi-hak-anak-multidimensi-2022.html"", ""rerank_score"": 1.0926188230514526}, {""chunk_id"": ""profil-kesehatan-ibu-dan-anak-2024__sec_071__c001"", ""faiss_id"": 5935, ""document_title"": ""Profil Kesehatan Ibu dan Anak 2024"", ""section_id"": ""sec_071"", ""page_start"": 500, ""page_end"": 511, ""bps_url"": ""https://www.bps.go.id/id/publication/2024/12/31/a919c55a72b74e33d011b0dc/profil-kesehatan-ibu-dan-anak-2024.html"", ""rerank_score"": -0.5392996668815613}]","{""1"": ""Indonesia memiliki penduduk terbanyak di dunia, namun kualitas sumber daya manusia yang baik perlu diimbangi dengan jumlah penduduk yang besar."", ""2"": ""Pada tahun 2022, persentase anak usia 0-17 tahun yang mengalami deprivasi setidaknya pada dua dimensi sebesar 40,19 persen, menurun dari 64,95 persen pada tahun 2016."", ""3"": ""Generasi yang sehat dan terdidik menjadi modal untuk menciptakan inovasi dan memberikan kontribusi pada kemajuan bangsa, sehingga kesehatan anak yang baik membentuk generasi emas.""}",2.765309812000055,4.800600215000031,"{""total_duration"": 4798608454, ""load_duration"": 1541219, ""prompt_eval_count"": 2134, ""prompt_eval_duration"": 868898000, ""eval_count"": 239, ""eval_duration"": 3682056000}",11.255790004999994,ok,,85edb411a3706843a8043481e3d814b59ae4ba89dd02accf4a0c122fc94c22f2,False,1.0,ok,0.43295850094904015,ok,1.0,ok
Q002,1_faktual_berbasis_narasi,S1_F02,"Anak-anak kecil di Indonesia sekarang kondisinya gimana ya, ada datanya nggak?",S1_F02,,clean,,,factual_retrieval,,,gemma2-finetuned,"Teks menyatakan bahwa Indonesia merupakan salah satu dari lima negara dengan jumlah penduduk terbanyak di dunia, jumlah penduduk Indonesia mencapai 270,20 juta jiwa, dan terdapat 79,71 juta jiwa anak-anak di antara seluruh penduduk Indonesia. Karena itu, kondisi anak-anak di Indonesia adalah penduduk terbesar dunia dengan 79,71 juta anak, dan pada tahun 2022 persentase anak usia 0-17 tahun yang mengalami deprivasi setidaknya pada dua dimensi adalah 40,19 persen.

Indonesia merupakan salah satu dari lima negara dengan jumlah penduduk terbanyak di dunia, dengan penduduk mencapai 270,20 juta jiwa. Dari seluruh penduduk Indonesia, terdapat 79,71 juta jiwa anak-anak. Pada tahun 2022, persentase anak usia 0-17 tahun yang mengalami deprivasi setidaknya pada dua dimensi adalah 40,19 persen.",gemma2-finetuned,"[""Data kondisi anak usia 0-4 tahun di Indonesia.""]","[1] Kesejahteraan Anak Indonesia: Analisis Deprivasi Hak Anak Multidimensi 2022 | sec_026
1.1 Gambaran Situasi Anak-anak di Indonesia
Indonesia merupakan salah satu dari lima negara dengan jumlah penduduk terbanyak di dunia, hasil Sensus Penduduk tahun 2020 (SP2020) mencatat jumlah penduduk Indonesia mencapai 270,20 juta jiwa. Jumlah penduduk yang besar perlu diimbangi dengan kualitas sumber daya manusia yang baik sebagai modal dasar pembangunan menuju perwujudan visi Indonesia Emas 2045 yaitu Berdaulat, Maju, Adil, dan Makmur. Pembangunan Manusia serta Penguasaan Ilmu Pengetahuan dan Teknologi merupakan salah satu pilar bagi pencapaian Visi Indonesia Emas 2045 untuk membangun manusia Indonesia yang memiliki kecerdasan tinggi, masyarakat Indonesia yang menjunjung tinggi pluralisme, berbudaya, religius dan menjunjung tinggi nilai-nilai etika (Bappenas, 2019). Dalam pembangunan sumber daya manusia, kelompok penduduk yang perlu menjadi perhatian adalah anak-anak. Berdasarkan hasil SP2020, terdapat 79,71 juta jiwa anak-anak di antara seluruh penduduk Indonesia. Anak-anak tersebut akan tumbuh dan berkontribusi dalam perekonomian di masa mendatang. Oleh karena itu memberikan kesejahteraan pada anak-anak saat ini sama artinya dengan menyiapkan kesejahteraan masyarakat di masa mendatang. Dalam konteks pembangunan berkelanjutan anak-anak adalah agen perubahan dan penerus, sehingga investasi pada anak-anak sangat penting untuk mencapai target pembangunan berkelanjutan.
Upaya pembangunan sumber daya manusia tidak terlepas dari berbagai tantangan, diantaranya adalah kemiskinan dan tingkat kesejahteraan yang rendah. Pembangunan sumber daya manusia dan kemiskinan saling memengaruhi, masyarakat yang hidup dalam kemiskinan memiliki produktivitas yang rendah dan akses yang terbatas atas berbagai layanan yang mengurangi peluang orang-orang miskin dalam mengembangkan kualitas dirinya. Pandemi COVID-19 masih menyisakan persoalan kemiskinan pada tahun 2022 meskipun perekonomian Indonesia telah menunjukkan pertumbuhan yang lebih tinggi dibanding tahun 2021 (BPS, 2023a).
1

[2] Kesejahteraan Anak Indonesia: Analisis Deprivasi Hak Anak Multidimensi 2022 | sec_069
KESIMPULAN DAN REKOMENDASI
Konstitusi mengamanatkan negara untuk mewujudkan anak-anak yang sejahtera, yaitu anak-anak yang tidak hanya bebas dari kemiskinan, tetapi juga terpenuhi hak-haknya. Pemenuhan hak anak merupakan pemenuhan hak asasi manusia dan mencakup atribut yang melekat pada dirinya seperti identitas, sampai kepada aspek pendidikan dan kesehatan.
Berbagai upaya negara untuk mewujudkan kesejahteraan anak membutuhkan dukungan data dan informasi yang relevan dan komprehensif. Publikasi ini disusun dalam rangka memberikan gambaran yang lebih lengkap terkait kondisi kesejahteraan anak-anak di Indonesia yang dianalisis menurut pemenuhan hak-hak anak pada tujuh dimensi, yaitu kesehatan, makanan dan nutrisi, pendidikan, perlindungan anak, perumahan, fasilitas, dan informasi. Bab ini berisi kesimpulan yang disarikan dari temuan-temuan penting yang telah diuraikan dalam bab sebelumnya dan beberapa rekomendasi kebijakan. 5.1 Kesimpulan Secara umum, persentase anak usia 0-17 tahun yang mengalami deprivasi setidaknya pada dua dimensi ( multiple deprived ) pada tahun 2022 sebesar 40,19 persen. Angka ini menurun signifikan jika dibandingkan kondisi tahun 2016, saat pengukuran kesejahteraan anak menggunakan MODA pertama kali dilakukan. Pada saat itu, persentase anak-anak yang mengalami multiple deprivation sebesar 64,95 persen.
Jika dilihat per dimensi, hampir setengah anak-anak (42,17 persen) mengalami deprivasi pada dimensi kesehatan. Nilai tersebut merupakan yang tertinggi dibandingkan persentase anak yang terdeprivasi pada enam dimensi lainnya. Besarnya proporsi anak yang mengalami deprivasi pada dimensi kesehatan terjadi karena masih besarnya proporsi anak yang tidak memiliki jaminan kesehatan, terutama pada anak usia 0-4 tahun di perdesaan. Selain itu, masih ada sekitar empat dari sepuluh anak usia 0-4 tahun yang belum menerima Imunisasi Dasar Lengkap (IDL) dan turut berpengaruh terhadap besarnya proporsi anak yang mengalami deprivasi pada dimensi kesehatan.","[""1.1 Gambaran Situasi Anak-anak di Indonesia\nIndonesia merupakan salah satu dari lima negara dengan jumlah penduduk terbanyak di dunia, hasil Sensus Penduduk tahun 2020 (SP2020) mencatat jumlah penduduk Indonesia mencapai 270,20 juta jiwa. Jumlah penduduk yang besar perlu diimbangi dengan kualitas sumber daya manusia yang baik sebagai modal dasar pembangunan menuju perwujudan visi Indonesia Emas 2045 yaitu Berdaulat, Maju, Adil, dan Makmur. Pembangunan Manusia serta Penguasaan Ilmu Pengetahuan dan Teknologi merupakan salah satu pilar bagi pencapaian Visi Indonesia Emas 2045 untuk membangun manusia Indonesia yang memiliki kecerdasan tinggi, masyarakat Indonesia yang menjunjung tinggi pluralisme, berbudaya, religius dan menjunjung tinggi nilai-nilai etika (Bappenas, 2019). Dalam pembangunan sumber daya manusia, kelompok penduduk yang perlu menjadi perhatian adalah anak-anak. Berdasarkan hasil SP2020, terdapat 79,71 juta jiwa anak-anak di antara seluruh penduduk Indonesia. Anak-anak tersebut akan tumbuh dan berkontribusi dalam perekonomian di masa mendatang. Oleh karena itu memberikan kesejahteraan pada anak-anak saat ini sama artinya dengan menyiapkan kesejahteraan masyarakat di masa mendatang. Dalam konteks pembangunan berkelanjutan anak-anak adalah agen perubahan dan penerus, sehingga investasi pada anak-anak sangat penting untuk mencapai target pembangunan berkelanjutan.\nUpaya pembangunan sumber daya manusia tidak terlepas dari berbagai tantangan, diantaranya adalah kemiskinan dan tingkat kesejahteraan yang rendah. Pembangunan sumber daya manusia dan kemiskinan saling memengaruhi, masyarakat yang hidup dalam kemiskinan memiliki produktivitas yang rendah dan akses yang terbatas atas berbagai layanan yang mengurangi peluang orang-orang miskin dalam mengembangkan kualitas dirinya. Pandemi COVID-19 masih menyisakan persoalan kemiskinan pada tahun 2022 meskipun perekonomian Indonesia telah menunjukkan pertumbuhan yang lebih tinggi dibanding tahun 2021 (BPS, 2023a).\n1"", ""KESIMPULAN DAN REKOMENDASI\nKonstitusi mengamanatkan negara untuk mewujudkan anak-anak yang sejahtera, yaitu anak-anak yang tidak hanya bebas dari kemiskinan, tetapi juga terpenuhi hak-haknya. Pemenuhan hak anak merupakan pemenuhan hak asasi manusia dan mencakup atribut yang melekat pada dirinya seperti identitas, sampai kepada aspek pendidikan dan kesehatan.\nBerbagai upaya negara untuk mewujudkan kesejahteraan anak membutuhkan dukungan data dan informasi yang relevan dan komprehensif. Publikasi ini disusun dalam rangka memberikan gambaran yang lebih lengkap terkait kondisi kesejahteraan anak-anak di Indonesia yang dianalisis menurut pemenuhan hak-hak anak pada tujuh dimensi, yaitu kesehatan, makanan dan nutrisi, pendidikan, perlindungan anak, perumahan, fasilitas, dan informasi. Bab ini berisi kesimpulan yang disarikan dari temuan-temuan penting yang telah diuraikan dalam bab sebelumnya dan beberapa rekomendasi kebijakan. 5.1 Kesimpulan Secara umum, persentase anak usia 0-17 tahun yang mengalami deprivasi setidaknya pada dua dimensi ( multiple deprived ) pada tahun 2022 sebesar 40,19 persen. Angka ini menurun signifikan jika dibandingkan kondisi tahun 2016, saat pengukuran kesejahteraan anak menggunakan MODA pertama kali dilakukan. Pada saat itu, persentase anak-anak yang mengalami multiple deprivation sebesar 64,95 persen.\nJika dilihat per dimensi, hampir setengah anak-anak (42,17 persen) mengalami deprivasi pada dimensi kesehatan. Nilai tersebut merupakan yang tertinggi dibandingkan persentase anak yang terdeprivasi pada enam dimensi lainnya. Besarnya proporsi anak yang mengalami deprivasi pada dimensi kesehatan terjadi karena masih besarnya proporsi anak yang tidak memiliki jaminan kesehatan, terutama pada anak usia 0-4 tahun di perdesaan. Selain itu, masih ada sekitar empat dari sepuluh anak usia 0-4 tahun yang belum menerima Imunisasi Dasar Lengkap (IDL) dan turut berpengaruh terhadap besarnya proporsi anak yang mengalami deprivasi pada dimensi kesehatan.""]","[{""chunk_id"": ""kesejahteraan-anak-indonesia--analisis-deprivasi-hak-anak-multidimensi-2022__sec_026__c001"", ""faiss_id"": 3434, ""document_title"": ""Kesejahteraan Anak Indonesia: Analisis Deprivasi Hak Anak Multidimensi 2022"", ""section_id"": ""sec_026"", ""page_start"": 18, ""page_end"": 19, ""bps_url"": ""https://www.bps.go.id/id/publication/2023/12/22/117da7a9bc016a3e3b2475b1/kesejahteraan-anak-indonesia--analisis-deprivasi-hak-anak-multidimensi-2022.html"", ""rerank_score"": 1.1422035694122314}, {""chunk_id"": ""kesejahteraan-anak-indonesia--analisis-deprivasi-hak-anak-multidimensi-2022__sec_069__c001"", ""faiss_id"": 3556, ""document_title"": ""Kesejahteraan Anak Indonesia: Analisis Deprivasi Hak Anak Multidimensi 2022"", ""section_id"": ""sec_069"", ""page_start"": 76, ""page_end"": 77, ""bps_url"": ""https://www.bps.go.id/id/publication/2023/12/22/117da7a9bc016a3e3b2475b1/kesejahteraan-anak-indonesia--analisis-deprivasi-hak-anak-multidimensi-2022.html"", ""rerank_score"": 1.0926188230514526}]",{},2.6887125910000123,3.125328860999957,"{""total_duration"": 3123281840, ""load_duration"": 1511661, ""prompt_eval_count"": 1147, ""prompt_eval_duration"": 397491000, ""eval_count"": 196, ""eval_duration"": 2514348000}",12.678446160000021,ok,,85edb411a3706843a8043481e3d814b59ae4ba89dd02accf4a0c122fc94c22f2,False,0.875,ok,0.5458738108964888,ok,1.0,ok
Q002,1_faktual_berbasis_narasi,S1_F02,"Anak-anak kecil di Indonesia sekarang kondisinya gimana ya, ada datanya nggak?",S1_F02,,clean,,,factual_retrieval,,,deepseek-flash,,deepseek-flash,[],"[1] Kesejahteraan Anak Indonesia: Analisis Deprivasi Hak Anak Multidimensi 2022 | sec_026
1.1 Gambaran Situasi Anak-anak di Indonesia
Indonesia merupakan salah satu dari lima negara dengan jumlah penduduk terbanyak di dunia, hasil Sensus Penduduk tahun 2020 (SP2020) mencatat jumlah penduduk Indonesia mencapai 270,20 juta jiwa. Jumlah penduduk yang besar perlu diimbangi dengan kualitas sumber daya manusia yang baik sebagai modal dasar pembangunan menuju perwujudan visi Indonesia Emas 2045 yaitu Berdaulat, Maju, Adil, dan Makmur. Pembangunan Manusia serta Penguasaan Ilmu Pengetahuan dan Teknologi merupakan salah satu pilar bagi pencapaian Visi Indonesia Emas 2045 untuk membangun manusia Indonesia yang memiliki kecerdasan tinggi, masyarakat Indonesia yang menjunjung tinggi pluralisme, berbudaya, religius dan menjunjung tinggi nilai-nilai etika (Bappenas, 2019). Dalam pembangunan sumber daya manusia, kelompok penduduk yang perlu menjadi perhatian adalah anak-anak. Berdasarkan hasil SP2020, terdapat 79,71 juta jiwa anak-anak di antara seluruh penduduk Indonesia. Anak-anak tersebut akan tumbuh dan berkontribusi dalam perekonomian di masa mendatang. Oleh karena itu memberikan kesejahteraan pada anak-anak saat ini sama artinya dengan menyiapkan kesejahteraan masyarakat di masa mendatang. Dalam konteks pembangunan berkelanjutan anak-anak adalah agen perubahan dan penerus, sehingga investasi pada anak-anak sangat penting untuk mencapai target pembangunan berkelanjutan.
Upaya pembangunan sumber daya manusia tidak terlepas dari berbagai tantangan, diantaranya adalah kemiskinan dan tingkat kesejahteraan yang rendah. Pembangunan sumber daya manusia dan kemiskinan saling memengaruhi, masyarakat yang hidup dalam kemiskinan memiliki produktivitas yang rendah dan akses yang terbatas atas berbagai layanan yang mengurangi peluang orang-orang miskin dalam mengembangkan kualitas dirinya. Pandemi COVID-19 masih menyisakan persoalan kemiskinan pada tahun 2022 meskipun perekonomian Indonesia telah menunjukkan pertumbuhan yang lebih tinggi dibanding tahun 2021 (BPS, 2023a).
1

[2] Kesejahteraan Anak Indonesia: Analisis Deprivasi Hak Anak Multidimensi 2022 | sec_069
KESIMPULAN DAN REKOMENDASI
Konstitusi mengamanatkan negara untuk mewujudkan anak-anak yang sejahtera, yaitu anak-anak yang tidak hanya bebas dari kemiskinan, tetapi juga terpenuhi hak-haknya. Pemenuhan hak anak merupakan pemenuhan hak asasi manusia dan mencakup atribut yang melekat pada dirinya seperti identitas, sampai kepada aspek pendidikan dan kesehatan.
Berbagai upaya negara untuk mewujudkan kesejahteraan anak membutuhkan dukungan data dan informasi yang relevan dan komprehensif. Publikasi ini disusun dalam rangka memberikan gambaran yang lebih lengkap terkait kondisi kesejahteraan anak-anak di Indonesia yang dianalisis menurut pemenuhan hak-hak anak pada tujuh dimensi, yaitu kesehatan, makanan dan nutrisi, pendidikan, perlindungan anak, perumahan, fasilitas, dan informasi. Bab ini berisi kesimpulan yang disarikan dari temuan-temuan penting yang telah diuraikan dalam bab sebelumnya dan beberapa rekomendasi kebijakan. 5.1 Kesimpulan Secara umum, persentase anak usia 0-17 tahun yang mengalami deprivasi setidaknya pada dua dimensi ( multiple deprived ) pada tahun 2022 sebesar 40,19 persen. Angka ini menurun signifikan jika dibandingkan kondisi tahun 2016, saat pengukuran kesejahteraan anak menggunakan MODA pertama kali dilakukan. Pada saat itu, persentase anak-anak yang mengalami multiple deprivation sebesar 64,95 persen.
Jika dilihat per dimensi, hampir setengah anak-anak (42,17 persen) mengalami deprivasi pada dimensi kesehatan. Nilai tersebut merupakan yang tertinggi dibandingkan persentase anak yang terdeprivasi pada enam dimensi lainnya. Besarnya proporsi anak yang mengalami deprivasi pada dimensi kesehatan terjadi karena masih besarnya proporsi anak yang tidak memiliki jaminan kesehatan, terutama pada anak usia 0-4 tahun di perdesaan. Selain itu, masih ada sekitar empat dari sepuluh anak usia 0-4 tahun yang belum menerima Imunisasi Dasar Lengkap (IDL) dan turut berpengaruh terhadap besarnya proporsi anak yang mengalami deprivasi pada dimensi kesehatan.","[""1.1 Gambaran Situasi Anak-anak di Indonesia\nIndonesia merupakan salah satu dari lima negara dengan jumlah penduduk terbanyak di dunia, hasil Sensus Penduduk tahun 2020 (SP2020) mencatat jumlah penduduk Indonesia mencapai 270,20 juta jiwa. Jumlah penduduk yang besar perlu diimbangi dengan kualitas sumber daya manusia yang baik sebagai modal dasar pembangunan menuju perwujudan visi Indonesia Emas 2045 yaitu Berdaulat, Maju, Adil, dan Makmur. Pembangunan Manusia serta Penguasaan Ilmu Pengetahuan dan Teknologi merupakan salah satu pilar bagi pencapaian Visi Indonesia Emas 2045 untuk membangun manusia Indonesia yang memiliki kecerdasan tinggi, masyarakat Indonesia yang menjunjung tinggi pluralisme, berbudaya, religius dan menjunjung tinggi nilai-nilai etika (Bappenas, 2019). Dalam pembangunan sumber daya manusia, kelompok penduduk yang perlu menjadi perhatian adalah anak-anak. Berdasarkan hasil SP2020, terdapat 79,71 juta jiwa anak-anak di antara seluruh penduduk Indonesia. Anak-anak tersebut akan tumbuh dan berkontribusi dalam perekonomian di masa mendatang. Oleh karena itu memberikan kesejahteraan pada anak-anak saat ini sama artinya dengan menyiapkan kesejahteraan masyarakat di masa mendatang. Dalam konteks pembangunan berkelanjutan anak-anak adalah agen perubahan dan penerus, sehingga investasi pada anak-anak sangat penting untuk mencapai target pembangunan berkelanjutan.\nUpaya pembangunan sumber daya manusia tidak terlepas dari berbagai tantangan, diantaranya adalah kemiskinan dan tingkat kesejahteraan yang rendah. Pembangunan sumber daya manusia dan kemiskinan saling memengaruhi, masyarakat yang hidup dalam kemiskinan memiliki produktivitas yang rendah dan akses yang terbatas atas berbagai layanan yang mengurangi peluang orang-orang miskin dalam mengembangkan kualitas dirinya. Pandemi COVID-19 masih menyisakan persoalan kemiskinan pada tahun 2022 meskipun perekonomian Indonesia telah menunjukkan pertumbuhan yang lebih tinggi dibanding tahun 2021 (BPS, 2023a).\n1"", ""KESIMPULAN DAN REKOMENDASI\nKonstitusi mengamanatkan negara untuk mewujudkan anak-anak yang sejahtera, yaitu anak-anak yang tidak hanya bebas dari kemiskinan, tetapi juga terpenuhi hak-haknya. Pemenuhan hak anak merupakan pemenuhan hak asasi manusia dan mencakup atribut yang melekat pada dirinya seperti identitas, sampai kepada aspek pendidikan dan kesehatan.\nBerbagai upaya negara untuk mewujudkan kesejahteraan anak membutuhkan dukungan data dan informasi yang relevan dan komprehensif. Publikasi ini disusun dalam rangka memberikan gambaran yang lebih lengkap terkait kondisi kesejahteraan anak-anak di Indonesia yang dianalisis menurut pemenuhan hak-hak anak pada tujuh dimensi, yaitu kesehatan, makanan dan nutrisi, pendidikan, perlindungan anak, perumahan, fasilitas, dan informasi. Bab ini berisi kesimpulan yang disarikan dari temuan-temuan penting yang telah diuraikan dalam bab sebelumnya dan beberapa rekomendasi kebijakan. 5.1 Kesimpulan Secara umum, persentase anak usia 0-17 tahun yang mengalami deprivasi setidaknya pada dua dimensi ( multiple deprived ) pada tahun 2022 sebesar 40,19 persen. Angka ini menurun signifikan jika dibandingkan kondisi tahun 2016, saat pengukuran kesejahteraan anak menggunakan MODA pertama kali dilakukan. Pada saat itu, persentase anak-anak yang mengalami multiple deprivation sebesar 64,95 persen.\nJika dilihat per dimensi, hampir setengah anak-anak (42,17 persen) mengalami deprivasi pada dimensi kesehatan. Nilai tersebut merupakan yang tertinggi dibandingkan persentase anak yang terdeprivasi pada enam dimensi lainnya. Besarnya proporsi anak yang mengalami deprivasi pada dimensi kesehatan terjadi karena masih besarnya proporsi anak yang tidak memiliki jaminan kesehatan, terutama pada anak usia 0-4 tahun di perdesaan. Selain itu, masih ada sekitar empat dari sepuluh anak usia 0-4 tahun yang belum menerima Imunisasi Dasar Lengkap (IDL) dan turut berpengaruh terhadap besarnya proporsi anak yang mengalami deprivasi pada dimensi kesehatan.""]","[{""chunk_id"": ""kesejahteraan-anak-indonesia--analisis-deprivasi-hak-anak-multidimensi-2022__sec_026__c001"", ""faiss_id"": 3434, ""document_title"": ""Kesejahteraan Anak Indonesia: Analisis Deprivasi Hak Anak Multidimensi 2022"", ""section_id"": ""sec_026"", ""page_start"": 18, ""page_end"": 19, ""bps_url"": ""https://www.bps.go.id/id/publication/2023/12/22/117da7a9bc016a3e3b2475b1/kesejahteraan-anak-indonesia--analisis-deprivasi-hak-anak-multidimensi-2022.html"", ""rerank_score"": 1.1422035694122314}, {""chunk_id"": ""kesejahteraan-anak-indonesia--analisis-deprivasi-hak-anak-multidimensi-2022__sec_069__c001"", ""faiss_id"": 3556, ""document_title"": ""Kesejahteraan Anak Indonesia: Analisis Deprivasi Hak Anak Multidimensi 2022"", ""section_id"": ""sec_069"", ""page_start"": 76, ""page_end"": 77, ""bps_url"": ""https://www.bps.go.id/id/publication/2023/12/22/117da7a9bc016a3e3b2475b1/kesejahteraan-anak-indonesia--analisis-deprivasi-hak-anak-multidimensi-2022.html"", ""rerank_score"": 1.0926188230514526}]",{},2.89934395399996,3.537119229000041,"{""prompt_tokens"": 1337, ""completion_tokens"": 512, ""total_tokens"": 1849, ""prompt_tokens_details"": {""cached_tokens"": 1152}, ""completion_tokens_details"": {""reasoning_tokens"": 512}, ""prompt_cache_hit_tokens"": 1152, ""prompt_cache_miss_tokens"": 185}",9.683592840000074,ok,,85edb411a3706843a8043481e3d814b59ae4ba89dd02accf4a0c122fc94c22f2,False,,empty_answer,,empty_answer,,empty_answer
Q003,1_faktual_berbasis_narasi,S1_F03,Berapa Indeks Perilaku Anti Korupsi (IPAK) nasional pada edisi terakhir? Saya butuh angka pastinya.,S1_F03,,clean,,,factual_retrieval,,,llama3.2-finetuned,"Teks menyatakan ""IPAK 2024 adalah sebesar 3,85; lebih rendah dibandingkan capaian IPAK 2023 (3,92)"". Karena itu, IPAK nasional pada edisi terakhir adalah 3,85.",llama3.2-finetuned,"[""Indeks Perilaku Anti Korupsi (IPAK) nasional pada edisi terakhir adalah 81,81.""]","[1] Indeks Perilaku Anti Korupsi 2024 | sec_100
7.1 Kesimpulan
Berdasarkan hasil SPAK 2024 terdapat beberapa hal yang dapat disimpulkan:
1. Indeks Perilaku Anti Korupsi (IPAK) mengalami penurunan selama 2 tahun terakhir (2023 dan 2024). IPAK 2024 sebesar 3,85 turun 0,07 poin dibanding IPAK 2023 (3,92). Hal ini memperlihatkan tingkat perilaku antikorupsi menurun. Capaian IPAK 2024 masih di bawah Target RPJMN 2024 (4,14).
2. Indeks Persepsi dan Indeks Pengalaman menunjukkan penurunan. Indeks Persepsi 2024 adalah sebesar 3,76, turun 0,06 dibandingkan tahun 2023 (3,82). Sementara itu, Indeks Pengalaman 2024 adalah sebesar 3,89; angka tersebut turun dibandingkan 2023 (3,96). Hal ini menunjukkan adanya penurunan pemahaman dan penilaian masyarakat terkait perilaku antikorupsi serta meningkatnya masyarakat yang membayar melebihi ketentuan dalam mengakses layanan publik.
3. Pada Indeks Persepsi Keluarga, indikator dengan penurunan terbesar dibandingkan tahun sebelumnya adalah pendapat terhadap sikap seseorang yang menerima uang tambahan dari pasangan (suami/istri), di luar gaji atau penghasilan yang biasa diterima, tanpa mempertanyakan asal usul uang tersebut (-3,60). Diperlukan sosialisasi nilai antikorupsi terutama nilai antikorupsi berani dan peduli.
4. Pada Indeks Persepsi Komunitas, indikator dengan penurunan terbesar dibandingkan tahun sebelumnya adalah pendapat terhadap Kelompok atau Lembaga Masyarakat menerima bantuan, sumbangan, pemberian, atau hibah dari seseorang tanpa mempertanyakan asal-
pencucian uang ( Money Laundering ) agar masyarakat sadar bahwa tindakan tersebut termasuk bagian dari tindak pidana korupsi.
5. Pada Indeks Persepsi Publik, indikator dengan penurunan terbesar dibandingkan tahun sebelumnya adalah guru, dosen, atau tenaga kependidikan membantu orang lain (bukan anggota keluarganya)
KESIMPULAN DAN REKOMENDASI

[2] Statistik Kriminal 2024/2025 | sec_063
menggambarkan pengalaman langsung masyarakat terkait perilaku antikorupsi, yang terbagi ke dalam dimensi Pengalaman Publik dan Pengalaman Lainnya.
2023 2024 Sumber: Badan Pusat Statistik, Survei Perilaku Anti Korupsi (SPAK) GD Gambar 4.5 Indeks Perilaku Anti Korupsi, 2023 dan 2024 Skor IPAK berada pada skala 0 hingga 5. Semakin mendekati angka 5 menunjukkan bahwa masyarakat cenderung memiliki perilaku antikorupsi yang lebih kuat, sedangkan semakin mendekati angka 0 mengindikasikan tingkat permisivitas yang lebih tinggi terhadap praktik korupsi. Selama periode 2023– 2024, nilai IPAK menunjukkan penurunan (Gambar 4.5). Pada tahun 2024, nilai IPAK tercatat sebesar 3,85, turun sebesar 0,07 poin dibandingkan tahun 2023 yang mencapai 3,92. 4.6 Target 16.5.1. Proporsi Masyarakat yang Memiliki Setidaknya Satu Kontak dengan Pejabat Publik dan yang Membayar Suap kepada Pejabat Publik atau Diminta Suap oleh Pejabat Publik Tersebut Selama 12 Bulan Terakhir**
Upaya pemberantasan korupsi tidak hanya berfokus pada praktik skala besar, tetapi juga perilaku sehari-hari masyarakat dalam berinteraksi dengan layanan publik. Salah satu indikator yang digunakan dalam kerangka SDGs, khususnya target 16.5, adalah proporsi penduduk yang pernah memiliki kontak dengan petugas layanan publik dan memberikan atau diminta memberikan suap dalam 12 bulan terakhir. Indikator ini bertujuan mengukur sejauh mana
7979
Indikator SDGs terkait Keamanan

[3] Indeks Perilaku Anti Korupsi 2023 | 1
tingkatan. Dalam tujuan global tersebut terdapat sasaran global untuk secara substansial mengurangi korupsi dan penyuapan dalam segala bentuknya. Selain itu, korupsi juga menjadi sasaran nasional pada RPJMN 2020-2024, yaitu meningkatnya Indeks Perilaku Anti Korupsi (IPAK) menjadi 4,14 pada tahun 2024 (Lampiran Teknokratik RPJMN 2020-2024).
Dari penjabaran di atas dapat disimpulkan bahwa data terkait perilaku antikorupsi menjadi hal yang penting sebagai bahan perencanaan dan evaluasi program pembangunan. Untuk memenuhi kebutuhan data tersebut, Badan Pusat Statistik (BPS) mengukur Indeks Perilaku Anti Korupsi (IPAK) melalui Survei Perilaku Anti Korupsi (SPAK). SPAK merupakan survei yang bertujuan untuk mengukur permisifitas masyarakat terhadap perilaku-perilaku korupsi, sosialisasi, dan pengetahuan masyarakat tentang antikorupsi. Penyelenggaraan SPAK telah dimulai sejak tahun 2012. 1.2 Maksud dan Tujuan Penyusunan publikasi ini dimaksudkan untuk memperoleh gambaran secara lengkap mengenai situasi dan kondisi serta perilaku antikorupsi masyarakat terkini. Hal ini dilihat dari aspek pendapat, pengetahuan, perilaku, dan pengalaman individu terkait perilaku antikorupsi di Indonesia. Secara khusus, publikasi ini disusun guna memperoleh gambaran secara lengkap sejauh mana perilaku antikorupsi terinternalisasi di dalam setiap individu.

[4] Statistik Kriminal 2023 | sec_061
4. 5 Target 16.5.1.(a). Indeks Perilaku Anti Korupsi (IPAK)
Korupsi merupakan permasalahan global yang berdampak pada berbagai sektor kehidupan masyarakat. Salah satu akar penyebab berkembangnya praktik korupsi diduga berasal dari rendahnya integritas para pelakunya dan masih kentalnya budaya permisif terhadap tindakan korupsi. Melalui Peraturan Presiden Nomor 54 Tahun 2018 tentang Strategi Nasional Pencegahan Korupsi (STRANAS PK), pemerintah berupaya menyusun arah kebijakan nasional dalam pencegahan korupsi di Indonesia. Dalam pemenuhan tujuan global untuk mencapai sasaran global secara substansial mengurangi korupsi dan penyuapan dalam segala bentuknya, diatur dalam Peraturan Presiden Nomor 59 Tahun 2017 tentang Pelaksanaan Pencapaian Tujuan Pembangunan Berkelanjutan. Selain itu, korupsi juga menjadi sasaran nasional pada Rencana Pembangunan Jangka Menengah Nasional (RPJMN) 2020-2024. Badan Pusat Statistik (BPS) mengukur Indeks Perilaku Anti Korupsi (IPAK) melalui Survei Perilaku Anti Korupsi (SPAK). Survei ini telah dilaksanakan setiap tahun sejak 2012 sampai dengan tahun 2023, kecuali tahun 2016. Pada tahun 2023, SPAK dilaksanakan di 34 provinsi dan 171 kabupaten/kota. Estimasi SPAK hanya dilakukan sampai level nasional. Survei Perilaku Anti Korupsi (SPAK) bertujuan mengukur tingkat permisifitas masyarakat terhadap perilaku antikorupsi dengan menggunakan Indeks Perilaku Anti Korupsi (IPAK). Survei ini mengukur perilaku masyarakat dalam tindakan korupsi skala kecil ( petty corruption ) dan tidak mencakup korupsi skala besar ( grand corruption ). Data yang dikumpulkan mencakup pendapat terhadap kebiasaan di masyarakat dan pengalaman berhubungan dengan layanan publik dalam hal perilaku penyuapan ( bribery ), pemerasan ( extortion ), dan nepotisme ( nepotism ).

[5] Indeks Perilaku Anti Korupsi 2024 | sec_059
Tingkat permisifitas masyarakat terhadap perilaku antikorupsi yang diukur melalui IPAK
dari tahun 2020 hingga tahun 2024 (Gambar 3.2). IPAK 2024 adalah sebesar 3,85; lebih rendah dibandingkan capaian IPAK 2023 (3,92). Jika mengamati IPAK sejak 2020 sampai dengan 2022, dapat terlihat bahwa nilai IPAK cenderung meningkat dari tahun ke tahun, tetapi sejak 2023 hingga 2024 nilai IPAK mengalami penurunan.
IPAK mengukur budaya zero tolerance
tolerance Capaian yang diperoleh pada tahun terhadap korupsi 2024 masih cukup jauh dari target RPJMN. Pada skala kecil ( petty tahun 2024, IPAK ditargetkan berada pada skor 4,14. Capaian IPAK berada 0,29 poin di bawah corruption ), target RPJMN tahun 2024. Hal ini menunjukkan bukan korupsi perlunya upaya guna mencapai target yang skala besar diharapkan. Perbaikan perlu dilakukan pada ( grand beberapa bidang, baik dari sisi masyarakat corruption ) maupun lembaga pemerintahan. 3,83 aN3.82 385 =) ipak Bf 2020 2021 2022 2023 2024 Sumber: BPS, SPAK 2020–2024
Gambar 3.2 Perkembangan Indeks Perilaku Anti Korupsi, 2020–2024
INDEKS PERILAKU ANTI KORUPSI 2024

Secara umum terlihat adanya kenaikan Indeks Persepsi dari 2020 sampai dengan 2023, kemudian turun pada 2024. Hal ini menunjukkan adanya penurunan pemahaman dan penilaian masyarakat terkait perilaku antikorupsi. Sementara itu, Indeks Pengalaman 2024 adalah sebesar 3,89; angka tersebut turun dibandingkan 2023 (3,96).
& 3,84 3,00 3,93 3,92 ee ) Indeks Pengalaman ant ea 3,85 . Bas ae re | Indeks Persepsi 3,76 2020 2024 2022 2023 2024 Sumber: BPS, SPAK 2020–2024 Gambar 3.3 Indeks Perilaku Anti Korupsi Menurut Dimensi, 2020–2024 s:
Gambar 3.3 Indeks Perilaku Anti Korupsi Menurut Dimensi, 2020–2024","[""7.1 Kesimpulan\nBerdasarkan hasil SPAK 2024 terdapat beberapa hal yang dapat disimpulkan:\n1. Indeks Perilaku Anti Korupsi (IPAK) mengalami penurunan selama 2 tahun terakhir (2023 dan 2024). IPAK 2024 sebesar 3,85 turun 0,07 poin dibanding IPAK 2023 (3,92). Hal ini memperlihatkan tingkat perilaku antikorupsi menurun. Capaian IPAK 2024 masih di bawah Target RPJMN 2024 (4,14).\n2. Indeks Persepsi dan Indeks Pengalaman menunjukkan penurunan. Indeks Persepsi 2024 adalah sebesar 3,76, turun 0,06 dibandingkan tahun 2023 (3,82). Sementara itu, Indeks Pengalaman 2024 adalah sebesar 3,89; angka tersebut turun dibandingkan 2023 (3,96). Hal ini menunjukkan adanya penurunan pemahaman dan penilaian masyarakat terkait perilaku antikorupsi serta meningkatnya masyarakat yang membayar melebihi ketentuan dalam mengakses layanan publik.\n3. Pada Indeks Persepsi Keluarga, indikator dengan penurunan terbesar dibandingkan tahun sebelumnya adalah pendapat terhadap sikap seseorang yang menerima uang tambahan dari pasangan (suami/istri), di luar gaji atau penghasilan yang biasa diterima, tanpa mempertanyakan asal usul uang tersebut (-3,60). Diperlukan sosialisasi nilai antikorupsi terutama nilai antikorupsi berani dan peduli.\n4. Pada Indeks Persepsi Komunitas, indikator dengan penurunan terbesar dibandingkan tahun sebelumnya adalah pendapat terhadap Kelompok atau Lembaga Masyarakat menerima bantuan, sumbangan, pemberian, atau hibah dari seseorang tanpa mempertanyakan asal-\npencucian uang ( Money Laundering ) agar masyarakat sadar bahwa tindakan tersebut termasuk bagian dari tindak pidana korupsi.\n5. Pada Indeks Persepsi Publik, indikator dengan penurunan terbesar dibandingkan tahun sebelumnya adalah guru, dosen, atau tenaga kependidikan membantu orang lain (bukan anggota keluarganya)\nKESIMPULAN DAN REKOMENDASI"", ""menggambarkan pengalaman langsung masyarakat terkait perilaku antikorupsi, yang terbagi ke dalam dimensi Pengalaman Publik dan Pengalaman Lainnya.\n2023 2024 Sumber: Badan Pusat Statistik, Survei Perilaku Anti Korupsi (SPAK) GD Gambar 4.5 Indeks Perilaku Anti Korupsi, 2023 dan 2024 Skor IPAK berada pada skala 0 hingga 5. Semakin mendekati angka 5 menunjukkan bahwa masyarakat cenderung memiliki perilaku antikorupsi yang lebih kuat, sedangkan semakin mendekati angka 0 mengindikasikan tingkat permisivitas yang lebih tinggi terhadap praktik korupsi. Selama periode 2023– 2024, nilai IPAK menunjukkan penurunan (Gambar 4.5). Pada tahun 2024, nilai IPAK tercatat sebesar 3,85, turun sebesar 0,07 poin dibandingkan tahun 2023 yang mencapai 3,92. 4.6 Target 16.5.1. Proporsi Masyarakat yang Memiliki Setidaknya Satu Kontak dengan Pejabat Publik dan yang Membayar Suap kepada Pejabat Publik atau Diminta Suap oleh Pejabat Publik Tersebut Selama 12 Bulan Terakhir**\nUpaya pemberantasan korupsi tidak hanya berfokus pada praktik skala besar, tetapi juga perilaku sehari-hari masyarakat dalam berinteraksi dengan layanan publik. Salah satu indikator yang digunakan dalam kerangka SDGs, khususnya target 16.5, adalah proporsi penduduk yang pernah memiliki kontak dengan petugas layanan publik dan memberikan atau diminta memberikan suap dalam 12 bulan terakhir. Indikator ini bertujuan mengukur sejauh mana\n7979\nIndikator SDGs terkait Keamanan"", ""tingkatan. Dalam tujuan global tersebut terdapat sasaran global untuk secara substansial mengurangi korupsi dan penyuapan dalam segala bentuknya. Selain itu, korupsi juga menjadi sasaran nasional pada RPJMN 2020-2024, yaitu meningkatnya Indeks Perilaku Anti Korupsi (IPAK) menjadi 4,14 pada tahun 2024 (Lampiran Teknokratik RPJMN 2020-2024).\nDari penjabaran di atas dapat disimpulkan bahwa data terkait perilaku antikorupsi menjadi hal yang penting sebagai bahan perencanaan dan evaluasi program pembangunan. Untuk memenuhi kebutuhan data tersebut, Badan Pusat Statistik (BPS) mengukur Indeks Perilaku Anti Korupsi (IPAK) melalui Survei Perilaku Anti Korupsi (SPAK). SPAK merupakan survei yang bertujuan untuk mengukur permisifitas masyarakat terhadap perilaku-perilaku korupsi, sosialisasi, dan pengetahuan masyarakat tentang antikorupsi. Penyelenggaraan SPAK telah dimulai sejak tahun 2012. 1.2 Maksud dan Tujuan Penyusunan publikasi ini dimaksudkan untuk memperoleh gambaran secara lengkap mengenai situasi dan kondisi serta perilaku antikorupsi masyarakat terkini. Hal ini dilihat dari aspek pendapat, pengetahuan, perilaku, dan pengalaman individu terkait perilaku antikorupsi di Indonesia. Secara khusus, publikasi ini disusun guna memperoleh gambaran secara lengkap sejauh mana perilaku antikorupsi terinternalisasi di dalam setiap individu."", ""4. 5 Target 16.5.1.(a). Indeks Perilaku Anti Korupsi (IPAK)\nKorupsi merupakan permasalahan global yang berdampak pada berbagai sektor kehidupan masyarakat. Salah satu akar penyebab berkembangnya praktik korupsi diduga berasal dari rendahnya integritas para pelakunya dan masih kentalnya budaya permisif terhadap tindakan korupsi. Melalui Peraturan Presiden Nomor 54 Tahun 2018 tentang Strategi Nasional Pencegahan Korupsi (STRANAS PK), pemerintah berupaya menyusun arah kebijakan nasional dalam pencegahan korupsi di Indonesia. Dalam pemenuhan tujuan global untuk mencapai sasaran global secara substansial mengurangi korupsi dan penyuapan dalam segala bentuknya, diatur dalam Peraturan Presiden Nomor 59 Tahun 2017 tentang Pelaksanaan Pencapaian Tujuan Pembangunan Berkelanjutan. Selain itu, korupsi juga menjadi sasaran nasional pada Rencana Pembangunan Jangka Menengah Nasional (RPJMN) 2020-2024. Badan Pusat Statistik (BPS) mengukur Indeks Perilaku Anti Korupsi (IPAK) melalui Survei Perilaku Anti Korupsi (SPAK). Survei ini telah dilaksanakan setiap tahun sejak 2012 sampai dengan tahun 2023, kecuali tahun 2016. Pada tahun 2023, SPAK dilaksanakan di 34 provinsi dan 171 kabupaten/kota. Estimasi SPAK hanya dilakukan sampai level nasional. Survei Perilaku Anti Korupsi (SPAK) bertujuan mengukur tingkat permisifitas masyarakat terhadap perilaku antikorupsi dengan menggunakan Indeks Perilaku Anti Korupsi (IPAK). Survei ini mengukur perilaku masyarakat dalam tindakan korupsi skala kecil ( petty corruption ) dan tidak mencakup korupsi skala besar ( grand corruption ). Data yang dikumpulkan mencakup pendapat terhadap kebiasaan di masyarakat dan pengalaman berhubungan dengan layanan publik dalam hal perilaku penyuapan ( bribery ), pemerasan ( extortion ), dan nepotisme ( nepotism )."", ""Tingkat permisifitas masyarakat terhadap perilaku antikorupsi yang diukur melalui IPAK\ndari tahun 2020 hingga tahun 2024 (Gambar 3.2). IPAK 2024 adalah sebesar 3,85; lebih rendah dibandingkan capaian IPAK 2023 (3,92). Jika mengamati IPAK sejak 2020 sampai dengan 2022, dapat terlihat bahwa nilai IPAK cenderung meningkat dari tahun ke tahun, tetapi sejak 2023 hingga 2024 nilai IPAK mengalami penurunan.\nIPAK mengukur budaya zero tolerance\ntolerance Capaian yang diperoleh pada tahun terhadap korupsi 2024 masih cukup jauh dari target RPJMN. Pada skala kecil ( petty tahun 2024, IPAK ditargetkan berada pada skor 4,14. Capaian IPAK berada 0,29 poin di bawah corruption ), target RPJMN tahun 2024. Hal ini menunjukkan bukan korupsi perlunya upaya guna mencapai target yang skala besar diharapkan. Perbaikan perlu dilakukan pada ( grand beberapa bidang, baik dari sisi masyarakat corruption ) maupun lembaga pemerintahan. 3,83 aN3.82 385 =) ipak Bf 2020 2021 2022 2023 2024 Sumber: BPS, SPAK 2020–2024\nGambar 3.2 Perkembangan Indeks Perilaku Anti Korupsi, 2020–2024\nINDEKS PERILAKU ANTI KORUPSI 2024\n\nSecara umum terlihat adanya kenaikan Indeks Persepsi dari 2020 sampai dengan 2023, kemudian turun pada 2024. Hal ini menunjukkan adanya penurunan pemahaman dan penilaian masyarakat terkait perilaku antikorupsi. Sementara itu, Indeks Pengalaman 2024 adalah sebesar 3,89; angka tersebut turun dibandingkan 2023 (3,96).\n& 3,84 3,00 3,93 3,92 ee ) Indeks Pengalaman ant ea 3,85 . Bas ae re | Indeks Persepsi 3,76 2020 2024 2022 2023 2024 Sumber: BPS, SPAK 2020–2024 Gambar 3.3 Indeks Perilaku Anti Korupsi Menurut Dimensi, 2020–2024 s:\nGambar 3.3 Indeks Perilaku Anti Korupsi Menurut Dimensi, 2020–2024""]","[{""chunk_id"": ""indeks-perilaku-anti-korupsi-2024__sec_100__c001"", ""faiss_id"": 1565, ""document_title"": ""Indeks Perilaku Anti Korupsi 2024"", ""section_id"": ""sec_100"", ""page_start"": 159, ""page_end"": 159, ""bps_url"": ""https://www.bps.go.id/id/publication/2024/12/06/66e636bc0a8fa4f90e0d6c6d/indeks-perilaku-anti-korupsi-2024.html"", ""rerank_score"": 4.6499342918396}, {""chunk_id"": ""statistik-kriminal-2024-2025__sec_063__c003"", ""faiss_id"": 17420, ""document_title"": ""Statistik Kriminal 2024/2025"", ""section_id"": ""sec_063"", ""page_start"": 109, ""page_end"": 116, ""bps_url"": ""https://www.bps.go.id/id/publication/2025/12/12/2edc8ea4c35b19ba912fc7e4/statistik-kriminal-2024-2025.html"", ""rerank_score"": 3.614198684692383}, {""chunk_id"": ""indeks-perilaku-anti-korupsi-2023__1__c003"", ""faiss_id"": 1273, ""document_title"": ""Indeks Perilaku Anti Korupsi 2023"", ""section_id"": ""1"", ""page_start"": 41, ""page_end"": 41, ""bps_url"": ""https://www.bps.go.id/id/publication/2023/12/20/0f9d5ec7203f63ff45c99a07/indeks-perilaku-anti-korupsi-2023.html"", ""rerank_score"": 3.5773661136627197}, {""chunk_id"": ""statistik-kriminal-2023__sec_061__c001"", ""faiss_id"": 17191, ""document_title"": ""Statistik Kriminal 2023"", ""section_id"": ""sec_061"", ""page_start"": 104, ""page_end"": 108, ""bps_url"": ""https://www.bps.go.id/id/publication/2023/12/12/5edba2b0fe5429a0f232c736/statistik-kriminal-2023.html"", ""rerank_score"": 2.6013576984405518}, {""chunk_id"": ""indeks-perilaku-anti-korupsi-2024__sec_059__c006"", ""faiss_id"": 1451, ""document_title"": ""Indeks Perilaku Anti Korupsi 2024"", ""section_id"": ""sec_059"", ""page_start"": 63, ""page_end"": 66, ""bps_url"": ""https://www.bps.go.id/id/publication/2024/12/06/66e636bc0a8fa4f90e0d6c6d/indeks-perilaku-anti-korupsi-2024.html"", ""rerank_score"": 2.229732036590576}]",{},2.717241919000003,2.726985549999995,"{""total_duration"": 2724998066, ""load_duration"": 1574676, ""prompt_eval_count"": 3080, ""prompt_eval_duration"": 1349300000, ""eval_count"": 59, ""eval_duration"": 992015000}",15.209416762000046,ok,,85edb411a3706843a8043481e3d814b59ae4ba89dd02accf4a0c122fc94c22f2,False,0.6666666666666666,ok,0.4143650694498759,ok,1.0,ok
Q003,1_faktual_berbasis_narasi,S1_F03,Berapa Indeks Perilaku Anti Korupsi (IPAK) nasional pada edisi terakhir? Saya butuh angka pastinya.,S1_F03,,clean,,,factual_retrieval,,,gemma2-finetuned,"IPAK nasional pada edisi 2023 tercatat sebesar 3,93.",gemma2-finetuned,"[""Indeks Perilaku Anti Korupsi (IPAK) nasional pada edisi terakhir.""]","[1] Indeks Perilaku Anti Korupsi 2024 | sec_100
7.1 Kesimpulan
Berdasarkan hasil SPAK 2024 terdapat beberapa hal yang dapat disimpulkan:
1. Indeks Perilaku Anti Korupsi (IPAK) mengalami penurunan selama 2 tahun terakhir (2023 dan 2024). IPAK 2024 sebesar 3,85 turun 0,07 poin dibanding IPAK 2023 (3,92). Hal ini memperlihatkan tingkat perilaku antikorupsi menurun. Capaian IPAK 2024 masih di bawah Target RPJMN 2024 (4,14).
2. Indeks Persepsi dan Indeks Pengalaman menunjukkan penurunan. Indeks Persepsi 2024 adalah sebesar 3,76, turun 0,06 dibandingkan tahun 2023 (3,82). Sementara itu, Indeks Pengalaman 2024 adalah sebesar 3,89; angka tersebut turun dibandingkan 2023 (3,96). Hal ini menunjukkan adanya penurunan pemahaman dan penilaian masyarakat terkait perilaku antikorupsi serta meningkatnya masyarakat yang membayar melebihi ketentuan dalam mengakses layanan publik.
3. Pada Indeks Persepsi Keluarga, indikator dengan penurunan terbesar dibandingkan tahun sebelumnya adalah pendapat terhadap sikap seseorang yang menerima uang tambahan dari pasangan (suami/istri), di luar gaji atau penghasilan yang biasa diterima, tanpa mempertanyakan asal usul uang tersebut (-3,60). Diperlukan sosialisasi nilai antikorupsi terutama nilai antikorupsi berani dan peduli.
4. Pada Indeks Persepsi Komunitas, indikator dengan penurunan terbesar dibandingkan tahun sebelumnya adalah pendapat terhadap Kelompok atau Lembaga Masyarakat menerima bantuan, sumbangan, pemberian, atau hibah dari seseorang tanpa mempertanyakan asal-
pencucian uang ( Money Laundering ) agar masyarakat sadar bahwa tindakan tersebut termasuk bagian dari tindak pidana korupsi.
5. Pada Indeks Persepsi Publik, indikator dengan penurunan terbesar dibandingkan tahun sebelumnya adalah guru, dosen, atau tenaga kependidikan membantu orang lain (bukan anggota keluarganya)
KESIMPULAN DAN REKOMENDASI

[2] Statistik Kriminal 2024/2025 | sec_063
menggambarkan pengalaman langsung masyarakat terkait perilaku antikorupsi, yang terbagi ke dalam dimensi Pengalaman Publik dan Pengalaman Lainnya.
2023 2024 Sumber: Badan Pusat Statistik, Survei Perilaku Anti Korupsi (SPAK) GD Gambar 4.5 Indeks Perilaku Anti Korupsi, 2023 dan 2024 Skor IPAK berada pada skala 0 hingga 5. Semakin mendekati angka 5 menunjukkan bahwa masyarakat cenderung memiliki perilaku antikorupsi yang lebih kuat, sedangkan semakin mendekati angka 0 mengindikasikan tingkat permisivitas yang lebih tinggi terhadap praktik korupsi. Selama periode 2023– 2024, nilai IPAK menunjukkan penurunan (Gambar 4.5). Pada tahun 2024, nilai IPAK tercatat sebesar 3,85, turun sebesar 0,07 poin dibandingkan tahun 2023 yang mencapai 3,92. 4.6 Target 16.5.1. Proporsi Masyarakat yang Memiliki Setidaknya Satu Kontak dengan Pejabat Publik dan yang Membayar Suap kepada Pejabat Publik atau Diminta Suap oleh Pejabat Publik Tersebut Selama 12 Bulan Terakhir**
Upaya pemberantasan korupsi tidak hanya berfokus pada praktik skala besar, tetapi juga perilaku sehari-hari masyarakat dalam berinteraksi dengan layanan publik. Salah satu indikator yang digunakan dalam kerangka SDGs, khususnya target 16.5, adalah proporsi penduduk yang pernah memiliki kontak dengan petugas layanan publik dan memberikan atau diminta memberikan suap dalam 12 bulan terakhir. Indikator ini bertujuan mengukur sejauh mana
7979
Indikator SDGs terkait Keamanan

[3] Indeks Perilaku Anti Korupsi 2023 | 1
tingkatan. Dalam tujuan global tersebut terdapat sasaran global untuk secara substansial mengurangi korupsi dan penyuapan dalam segala bentuknya. Selain itu, korupsi juga menjadi sasaran nasional pada RPJMN 2020-2024, yaitu meningkatnya Indeks Perilaku Anti Korupsi (IPAK) menjadi 4,14 pada tahun 2024 (Lampiran Teknokratik RPJMN 2020-2024).
Dari penjabaran di atas dapat disimpulkan bahwa data terkait perilaku antikorupsi menjadi hal yang penting sebagai bahan perencanaan dan evaluasi program pembangunan. Untuk memenuhi kebutuhan data tersebut, Badan Pusat Statistik (BPS) mengukur Indeks Perilaku Anti Korupsi (IPAK) melalui Survei Perilaku Anti Korupsi (SPAK). SPAK merupakan survei yang bertujuan untuk mengukur permisifitas masyarakat terhadap perilaku-perilaku korupsi, sosialisasi, dan pengetahuan masyarakat tentang antikorupsi. Penyelenggaraan SPAK telah dimulai sejak tahun 2012. 1.2 Maksud dan Tujuan Penyusunan publikasi ini dimaksudkan untuk memperoleh gambaran secara lengkap mengenai situasi dan kondisi serta perilaku antikorupsi masyarakat terkini. Hal ini dilihat dari aspek pendapat, pengetahuan, perilaku, dan pengalaman individu terkait perilaku antikorupsi di Indonesia. Secara khusus, publikasi ini disusun guna memperoleh gambaran secara lengkap sejauh mana perilaku antikorupsi terinternalisasi di dalam setiap individu.

[4] Statistik Kriminal 2023 | sec_061
4. 5 Target 16.5.1.(a). Indeks Perilaku Anti Korupsi (IPAK)
Korupsi merupakan permasalahan global yang berdampak pada berbagai sektor kehidupan masyarakat. Salah satu akar penyebab berkembangnya praktik korupsi diduga berasal dari rendahnya integritas para pelakunya dan masih kentalnya budaya permisif terhadap tindakan korupsi. Melalui Peraturan Presiden Nomor 54 Tahun 2018 tentang Strategi Nasional Pencegahan Korupsi (STRANAS PK), pemerintah berupaya menyusun arah kebijakan nasional dalam pencegahan korupsi di Indonesia. Dalam pemenuhan tujuan global untuk mencapai sasaran global secara substansial mengurangi korupsi dan penyuapan dalam segala bentuknya, diatur dalam Peraturan Presiden Nomor 59 Tahun 2017 tentang Pelaksanaan Pencapaian Tujuan Pembangunan Berkelanjutan. Selain itu, korupsi juga menjadi sasaran nasional pada Rencana Pembangunan Jangka Menengah Nasional (RPJMN) 2020-2024. Badan Pusat Statistik (BPS) mengukur Indeks Perilaku Anti Korupsi (IPAK) melalui Survei Perilaku Anti Korupsi (SPAK). Survei ini telah dilaksanakan setiap tahun sejak 2012 sampai dengan tahun 2023, kecuali tahun 2016. Pada tahun 2023, SPAK dilaksanakan di 34 provinsi dan 171 kabupaten/kota. Estimasi SPAK hanya dilakukan sampai level nasional. Survei Perilaku Anti Korupsi (SPAK) bertujuan mengukur tingkat permisifitas masyarakat terhadap perilaku antikorupsi dengan menggunakan Indeks Perilaku Anti Korupsi (IPAK). Survei ini mengukur perilaku masyarakat dalam tindakan korupsi skala kecil ( petty corruption ) dan tidak mencakup korupsi skala besar ( grand corruption ). Data yang dikumpulkan mencakup pendapat terhadap kebiasaan di masyarakat dan pengalaman berhubungan dengan layanan publik dalam hal perilaku penyuapan ( bribery ), pemerasan ( extortion ), dan nepotisme ( nepotism ).

[5] Indeks Perilaku Anti Korupsi 2023 | sec_054
yang diberikan. Selain itu, perlu terjaminnya aspek kemudahan dan kecepatan dalam layanan publik. Keterbukaan informasi juga merupakan hak masyarakat yang harus dipenuhi oleh pemerintah.
Tabel 3.2. Indeks Perilaku Anti Korupsi Menurut Subdimensi dan Klasifikasi Wilayah pada Dimensi Pengalaman, 2023
|||||
|---|---|---|---|
|Perkotaan dan|
|Indeks|Perkotaan|Perdesaan|
|Perdesaan|
|(1)|(2)|(3)|(4)|
|Indeks Pengalaman Publik|4,18|4,18|4,18|
|Indeks Pengalaman Lainnya|3,29|3,29|3,29|
|Indeks Pengalaman|3,96|3,96|3,96|
|IPAK|3,93|3,90|3,92|
3,96 3,96 3,93 3,90
Sumber: BPS, SPAK 2023
Seperti dijelaskan pada bagian sebelumnya bahwa Indeks Pengalaman lebih tinggi dibanding Indeks Persepsi. Hasil ini juga konsisten jika dirinci menurut wilayah. Hal ini menujukkan bahwa semakin baiknya persepsi seseorang terhadap perilaku korupsi tidak selalu diterapkan dalam perilaku atau pengalamannya. Terjadinya fenomena ini diduga terjadi karena nilai-nilai yang dipahami hanya sebatas nilai-nilai normatif, sehingga tidak mampu membentuk pribadi seseorang menjadi tangguh dan antikorupsi. Secara lengkap, hasil ini disajikan pada Tabel 3.3.
Tabel 3.3. Indeks Perilaku Anti Korupsi Menurut Dimensi dan Klasifikasi Wilayah, 2023
|||||
|---|---|---|---|
|Perkotaan dan|
|Indeks|Perkotaan|Perdesaan|
|Perdesaan|
|(1)|(2)|(3)|(4)|
|Indeks Persepsi|3,86|3,78|3,82|
|Indeks Pengalaman|3,96|3,96|3,96|
|IPAK|3,93|3,90|3,92|
Sumber: BPS, SPAK 2023
Tabel 3.3. menunjukkan bahwa Indeks Pengalaman, baik di perkotaan maupun perdesaan lebih tinggi dibandingkan Indeks Persepsi di perkotaan dan perdesaan. Selain itu, secara komposit, hasil IPAK 2023 menunjukkan bahwa indeks di perkotaan (3,93) cukup berbeda dengan indeks di perdesaan (3,90).
INDEKS PERILAKU ANTI KORUPSI

INDEKS PERILAKU ANTI KORUPSI 2023

lingkup keluarga dan komunitas mengalami peningkatan, sedangkan di lingkup publik menurun
INDEKS PERILAKU ANTI KORUPSI

INDEKS PERILAKU ANTI KORUPSI 2023","[""7.1 Kesimpulan\nBerdasarkan hasil SPAK 2024 terdapat beberapa hal yang dapat disimpulkan:\n1. Indeks Perilaku Anti Korupsi (IPAK) mengalami penurunan selama 2 tahun terakhir (2023 dan 2024). IPAK 2024 sebesar 3,85 turun 0,07 poin dibanding IPAK 2023 (3,92). Hal ini memperlihatkan tingkat perilaku antikorupsi menurun. Capaian IPAK 2024 masih di bawah Target RPJMN 2024 (4,14).\n2. Indeks Persepsi dan Indeks Pengalaman menunjukkan penurunan. Indeks Persepsi 2024 adalah sebesar 3,76, turun 0,06 dibandingkan tahun 2023 (3,82). Sementara itu, Indeks Pengalaman 2024 adalah sebesar 3,89; angka tersebut turun dibandingkan 2023 (3,96). Hal ini menunjukkan adanya penurunan pemahaman dan penilaian masyarakat terkait perilaku antikorupsi serta meningkatnya masyarakat yang membayar melebihi ketentuan dalam mengakses layanan publik.\n3. Pada Indeks Persepsi Keluarga, indikator dengan penurunan terbesar dibandingkan tahun sebelumnya adalah pendapat terhadap sikap seseorang yang menerima uang tambahan dari pasangan (suami/istri), di luar gaji atau penghasilan yang biasa diterima, tanpa mempertanyakan asal usul uang tersebut (-3,60). Diperlukan sosialisasi nilai antikorupsi terutama nilai antikorupsi berani dan peduli.\n4. Pada Indeks Persepsi Komunitas, indikator dengan penurunan terbesar dibandingkan tahun sebelumnya adalah pendapat terhadap Kelompok atau Lembaga Masyarakat menerima bantuan, sumbangan, pemberian, atau hibah dari seseorang tanpa mempertanyakan asal-\npencucian uang ( Money Laundering ) agar masyarakat sadar bahwa tindakan tersebut termasuk bagian dari tindak pidana korupsi.\n5. Pada Indeks Persepsi Publik, indikator dengan penurunan terbesar dibandingkan tahun sebelumnya adalah guru, dosen, atau tenaga kependidikan membantu orang lain (bukan anggota keluarganya)\nKESIMPULAN DAN REKOMENDASI"", ""menggambarkan pengalaman langsung masyarakat terkait perilaku antikorupsi, yang terbagi ke dalam dimensi Pengalaman Publik dan Pengalaman Lainnya.\n2023 2024 Sumber: Badan Pusat Statistik, Survei Perilaku Anti Korupsi (SPAK) GD Gambar 4.5 Indeks Perilaku Anti Korupsi, 2023 dan 2024 Skor IPAK berada pada skala 0 hingga 5. Semakin mendekati angka 5 menunjukkan bahwa masyarakat cenderung memiliki perilaku antikorupsi yang lebih kuat, sedangkan semakin mendekati angka 0 mengindikasikan tingkat permisivitas yang lebih tinggi terhadap praktik korupsi. Selama periode 2023– 2024, nilai IPAK menunjukkan penurunan (Gambar 4.5). Pada tahun 2024, nilai IPAK tercatat sebesar 3,85, turun sebesar 0,07 poin dibandingkan tahun 2023 yang mencapai 3,92. 4.6 Target 16.5.1. Proporsi Masyarakat yang Memiliki Setidaknya Satu Kontak dengan Pejabat Publik dan yang Membayar Suap kepada Pejabat Publik atau Diminta Suap oleh Pejabat Publik Tersebut Selama 12 Bulan Terakhir**\nUpaya pemberantasan korupsi tidak hanya berfokus pada praktik skala besar, tetapi juga perilaku sehari-hari masyarakat dalam berinteraksi dengan layanan publik. Salah satu indikator yang digunakan dalam kerangka SDGs, khususnya target 16.5, adalah proporsi penduduk yang pernah memiliki kontak dengan petugas layanan publik dan memberikan atau diminta memberikan suap dalam 12 bulan terakhir. Indikator ini bertujuan mengukur sejauh mana\n7979\nIndikator SDGs terkait Keamanan"", ""tingkatan. Dalam tujuan global tersebut terdapat sasaran global untuk secara substansial mengurangi korupsi dan penyuapan dalam segala bentuknya. Selain itu, korupsi juga menjadi sasaran nasional pada RPJMN 2020-2024, yaitu meningkatnya Indeks Perilaku Anti Korupsi (IPAK) menjadi 4,14 pada tahun 2024 (Lampiran Teknokratik RPJMN 2020-2024).\nDari penjabaran di atas dapat disimpulkan bahwa data terkait perilaku antikorupsi menjadi hal yang penting sebagai bahan perencanaan dan evaluasi program pembangunan. Untuk memenuhi kebutuhan data tersebut, Badan Pusat Statistik (BPS) mengukur Indeks Perilaku Anti Korupsi (IPAK) melalui Survei Perilaku Anti Korupsi (SPAK). SPAK merupakan survei yang bertujuan untuk mengukur permisifitas masyarakat terhadap perilaku-perilaku korupsi, sosialisasi, dan pengetahuan masyarakat tentang antikorupsi. Penyelenggaraan SPAK telah dimulai sejak tahun 2012. 1.2 Maksud dan Tujuan Penyusunan publikasi ini dimaksudkan untuk memperoleh gambaran secara lengkap mengenai situasi dan kondisi serta perilaku antikorupsi masyarakat terkini. Hal ini dilihat dari aspek pendapat, pengetahuan, perilaku, dan pengalaman individu terkait perilaku antikorupsi di Indonesia. Secara khusus, publikasi ini disusun guna memperoleh gambaran secara lengkap sejauh mana perilaku antikorupsi terinternalisasi di dalam setiap individu."", ""4. 5 Target 16.5.1.(a). Indeks Perilaku Anti Korupsi (IPAK)\nKorupsi merupakan permasalahan global yang berdampak pada berbagai sektor kehidupan masyarakat. Salah satu akar penyebab berkembangnya praktik korupsi diduga berasal dari rendahnya integritas para pelakunya dan masih kentalnya budaya permisif terhadap tindakan korupsi. Melalui Peraturan Presiden Nomor 54 Tahun 2018 tentang Strategi Nasional Pencegahan Korupsi (STRANAS PK), pemerintah berupaya menyusun arah kebijakan nasional dalam pencegahan korupsi di Indonesia. Dalam pemenuhan tujuan global untuk mencapai sasaran global secara substansial mengurangi korupsi dan penyuapan dalam segala bentuknya, diatur dalam Peraturan Presiden Nomor 59 Tahun 2017 tentang Pelaksanaan Pencapaian Tujuan Pembangunan Berkelanjutan. Selain itu, korupsi juga menjadi sasaran nasional pada Rencana Pembangunan Jangka Menengah Nasional (RPJMN) 2020-2024. Badan Pusat Statistik (BPS) mengukur Indeks Perilaku Anti Korupsi (IPAK) melalui Survei Perilaku Anti Korupsi (SPAK). Survei ini telah dilaksanakan setiap tahun sejak 2012 sampai dengan tahun 2023, kecuali tahun 2016. Pada tahun 2023, SPAK dilaksanakan di 34 provinsi dan 171 kabupaten/kota. Estimasi SPAK hanya dilakukan sampai level nasional. Survei Perilaku Anti Korupsi (SPAK) bertujuan mengukur tingkat permisifitas masyarakat terhadap perilaku antikorupsi dengan menggunakan Indeks Perilaku Anti Korupsi (IPAK). Survei ini mengukur perilaku masyarakat dalam tindakan korupsi skala kecil ( petty corruption ) dan tidak mencakup korupsi skala besar ( grand corruption ). Data yang dikumpulkan mencakup pendapat terhadap kebiasaan di masyarakat dan pengalaman berhubungan dengan layanan publik dalam hal perilaku penyuapan ( bribery ), pemerasan ( extortion ), dan nepotisme ( nepotism )."", ""yang diberikan. Selain itu, perlu terjaminnya aspek kemudahan dan kecepatan dalam layanan publik. Keterbukaan informasi juga merupakan hak masyarakat yang harus dipenuhi oleh pemerintah.\nTabel 3.2. Indeks Perilaku Anti Korupsi Menurut Subdimensi dan Klasifikasi Wilayah pada Dimensi Pengalaman, 2023\n|||||\n|---|---|---|---|\n|Perkotaan dan|\n|Indeks|Perkotaan|Perdesaan|\n|Perdesaan|\n|(1)|(2)|(3)|(4)|\n|Indeks Pengalaman Publik|4,18|4,18|4,18|\n|Indeks Pengalaman Lainnya|3,29|3,29|3,29|\n|Indeks Pengalaman|3,96|3,96|3,96|\n|IPAK|3,93|3,90|3,92|\n3,96 3,96 3,93 3,90\nSumber: BPS, SPAK 2023\nSeperti dijelaskan pada bagian sebelumnya bahwa Indeks Pengalaman lebih tinggi dibanding Indeks Persepsi. Hasil ini juga konsisten jika dirinci menurut wilayah. Hal ini menujukkan bahwa semakin baiknya persepsi seseorang terhadap perilaku korupsi tidak selalu diterapkan dalam perilaku atau pengalamannya. Terjadinya fenomena ini diduga terjadi karena nilai-nilai yang dipahami hanya sebatas nilai-nilai normatif, sehingga tidak mampu membentuk pribadi seseorang menjadi tangguh dan antikorupsi. Secara lengkap, hasil ini disajikan pada Tabel 3.3.\nTabel 3.3. Indeks Perilaku Anti Korupsi Menurut Dimensi dan Klasifikasi Wilayah, 2023\n|||||\n|---|---|---|---|\n|Perkotaan dan|\n|Indeks|Perkotaan|Perdesaan|\n|Perdesaan|\n|(1)|(2)|(3)|(4)|\n|Indeks Persepsi|3,86|3,78|3,82|\n|Indeks Pengalaman|3,96|3,96|3,96|\n|IPAK|3,93|3,90|3,92|\nSumber: BPS, SPAK 2023\nTabel 3.3. menunjukkan bahwa Indeks Pengalaman, baik di perkotaan maupun perdesaan lebih tinggi dibandingkan Indeks Persepsi di perkotaan dan perdesaan. Selain itu, secara komposit, hasil IPAK 2023 menunjukkan bahwa indeks di perkotaan (3,93) cukup berbeda dengan indeks di perdesaan (3,90).\nINDEKS PERILAKU ANTI KORUPSI\n\nINDEKS PERILAKU ANTI KORUPSI 2023\n\nlingkup keluarga dan komunitas mengalami peningkatan, sedangkan di lingkup publik menurun\nINDEKS PERILAKU ANTI KORUPSI\n\nINDEKS PERILAKU ANTI KORUPSI 2023""]","[{""chunk_id"": ""indeks-perilaku-anti-korupsi-2024__sec_100__c001"", ""faiss_id"": 1565, ""document_title"": ""Indeks Perilaku Anti Korupsi 2024"", ""section_id"": ""sec_100"", ""page_start"": 159, ""page_end"": 159, ""bps_url"": ""https://www.bps.go.id/id/publication/2024/12/06/66e636bc0a8fa4f90e0d6c6d/indeks-perilaku-anti-korupsi-2024.html"", ""rerank_score"": 4.6499342918396}, {""chunk_id"": ""statistik-kriminal-2024-2025__sec_063__c003"", ""faiss_id"": 17420, ""document_title"": ""Statistik Kriminal 2024/2025"", ""section_id"": ""sec_063"", ""page_start"": 109, ""page_end"": 116, ""bps_url"": ""https://www.bps.go.id/id/publication/2025/12/12/2edc8ea4c35b19ba912fc7e4/statistik-kriminal-2024-2025.html"", ""rerank_score"": 3.614198684692383}, {""chunk_id"": ""indeks-perilaku-anti-korupsi-2023__1__c003"", ""faiss_id"": 1273, ""document_title"": ""Indeks Perilaku Anti Korupsi 2023"", ""section_id"": ""1"", ""page_start"": 41, ""page_end"": 41, ""bps_url"": ""https://www.bps.go.id/id/publication/2023/12/20/0f9d5ec7203f63ff45c99a07/indeks-perilaku-anti-korupsi-2023.html"", ""rerank_score"": 3.5773661136627197}, {""chunk_id"": ""statistik-kriminal-2023__sec_061__c001"", ""faiss_id"": 17191, ""document_title"": ""Statistik Kriminal 2023"", ""section_id"": ""sec_061"", ""page_start"": 104, ""page_end"": 108, ""bps_url"": ""https://www.bps.go.id/id/publication/2023/12/12/5edba2b0fe5429a0f232c736/statistik-kriminal-2023.html"", ""rerank_score"": 2.6013576984405518}, {""chunk_id"": ""indeks-perilaku-anti-korupsi-2023__sec_054__c003"", ""faiss_id"": 1306, ""document_title"": ""Indeks Perilaku Anti Korupsi 2023"", ""section_id"": ""sec_054"", ""page_start"": 68, ""page_end"": 72, ""bps_url"": ""https://www.bps.go.id/id/publication/2023/12/20/0f9d5ec7203f63ff45c99a07/indeks-perilaku-anti-korupsi-2023.html"", ""rerank_score"": 2.1700406074523926}]",{},2.442826711000066,1.642518197999948,"{""total_duration"": 1640383811, ""load_duration"": 1621849, ""prompt_eval_count"": 2485, ""prompt_eval_duration"": 903172000, ""eval_count"": 20, ""eval_duration"": 269663000}",12.083345627999961,ok,,85edb411a3706843a8043481e3d814b59ae4ba89dd02accf4a0c122fc94c22f2,False,0.0,ok,0.6429918089065725,ok,1.0,ok
Q003,1_faktual_berbasis_narasi,S1_F03,Berapa Indeks Perilaku Anti Korupsi (IPAK) nasional pada edisi terakhir? Saya butuh angka pastinya.,S1_F03,,clean,,,factual_retrieval,,,deepseek-flash,"Berdasarkan konteks yang tersedia, Indeks Perilaku Anti Korupsi (IPAK) pada edisi terakhir (2024) adalah **3,85**.

Kutipan yang relevan:
- ""Indeks Perilaku Anti Korupsi (IPAK) mengalami penurunan selama 2 tahun terakhir (2023 dan 2024). IPAK 2024 sebesar 3,85 turun 0,07 poin dibanding IPAK 2023 (3,92)."" [1]
- ""Pada tahun 2024, nilai IPAK tercatat sebesar 3,85, turun sebesar 0,07 poin dibandingkan tahun 2023 yang mencapai 3,92."" [2]

Sebagai catatan penting, konteks juga menyebutkan bahwa ""Capaian IPAK 2024 masih di bawah Target RPJMN 2024 (4,14)"" [1]. Angka **4,14** tersebut adalah **target/rencana** dalam RPJMN 2020–2024, bukan angka realisasi atau hasil pengukuran aktual. Adapun skor IPAK berada pada skala 0 hingga 5, di mana semakin mendekati 5 menunjukkan kecenderungan perilaku antikorupsi yang lebih kuat [2].",deepseek-flash,[],"[1] Indeks Perilaku Anti Korupsi 2024 | sec_100
7.1 Kesimpulan
Berdasarkan hasil SPAK 2024 terdapat beberapa hal yang dapat disimpulkan:
1. Indeks Perilaku Anti Korupsi (IPAK) mengalami penurunan selama 2 tahun terakhir (2023 dan 2024). IPAK 2024 sebesar 3,85 turun 0,07 poin dibanding IPAK 2023 (3,92). Hal ini memperlihatkan tingkat perilaku antikorupsi menurun. Capaian IPAK 2024 masih di bawah Target RPJMN 2024 (4,14).
2. Indeks Persepsi dan Indeks Pengalaman menunjukkan penurunan. Indeks Persepsi 2024 adalah sebesar 3,76, turun 0,06 dibandingkan tahun 2023 (3,82). Sementara itu, Indeks Pengalaman 2024 adalah sebesar 3,89; angka tersebut turun dibandingkan 2023 (3,96). Hal ini menunjukkan adanya penurunan pemahaman dan penilaian masyarakat terkait perilaku antikorupsi serta meningkatnya masyarakat yang membayar melebihi ketentuan dalam mengakses layanan publik.
3. Pada Indeks Persepsi Keluarga, indikator dengan penurunan terbesar dibandingkan tahun sebelumnya adalah pendapat terhadap sikap seseorang yang menerima uang tambahan dari pasangan (suami/istri), di luar gaji atau penghasilan yang biasa diterima, tanpa mempertanyakan asal usul uang tersebut (-3,60). Diperlukan sosialisasi nilai antikorupsi terutama nilai antikorupsi berani dan peduli.
4. Pada Indeks Persepsi Komunitas, indikator dengan penurunan terbesar dibandingkan tahun sebelumnya adalah pendapat terhadap Kelompok atau Lembaga Masyarakat menerima bantuan, sumbangan, pemberian, atau hibah dari seseorang tanpa mempertanyakan asal-
pencucian uang ( Money Laundering ) agar masyarakat sadar bahwa tindakan tersebut termasuk bagian dari tindak pidana korupsi.
5. Pada Indeks Persepsi Publik, indikator dengan penurunan terbesar dibandingkan tahun sebelumnya adalah guru, dosen, atau tenaga kependidikan membantu orang lain (bukan anggota keluarganya)
KESIMPULAN DAN REKOMENDASI

[2] Statistik Kriminal 2024/2025 | sec_063
menggambarkan pengalaman langsung masyarakat terkait perilaku antikorupsi, yang terbagi ke dalam dimensi Pengalaman Publik dan Pengalaman Lainnya.
2023 2024 Sumber: Badan Pusat Statistik, Survei Perilaku Anti Korupsi (SPAK) GD Gambar 4.5 Indeks Perilaku Anti Korupsi, 2023 dan 2024 Skor IPAK berada pada skala 0 hingga 5. Semakin mendekati angka 5 menunjukkan bahwa masyarakat cenderung memiliki perilaku antikorupsi yang lebih kuat, sedangkan semakin mendekati angka 0 mengindikasikan tingkat permisivitas yang lebih tinggi terhadap praktik korupsi. Selama periode 2023– 2024, nilai IPAK menunjukkan penurunan (Gambar 4.5). Pada tahun 2024, nilai IPAK tercatat sebesar 3,85, turun sebesar 0,07 poin dibandingkan tahun 2023 yang mencapai 3,92. 4.6 Target 16.5.1. Proporsi Masyarakat yang Memiliki Setidaknya Satu Kontak dengan Pejabat Publik dan yang Membayar Suap kepada Pejabat Publik atau Diminta Suap oleh Pejabat Publik Tersebut Selama 12 Bulan Terakhir**
Upaya pemberantasan korupsi tidak hanya berfokus pada praktik skala besar, tetapi juga perilaku sehari-hari masyarakat dalam berinteraksi dengan layanan publik. Salah satu indikator yang digunakan dalam kerangka SDGs, khususnya target 16.5, adalah proporsi penduduk yang pernah memiliki kontak dengan petugas layanan publik dan memberikan atau diminta memberikan suap dalam 12 bulan terakhir. Indikator ini bertujuan mengukur sejauh mana
7979
Indikator SDGs terkait Keamanan

[3] Indeks Perilaku Anti Korupsi 2023 | 1
tingkatan. Dalam tujuan global tersebut terdapat sasaran global untuk secara substansial mengurangi korupsi dan penyuapan dalam segala bentuknya. Selain itu, korupsi juga menjadi sasaran nasional pada RPJMN 2020-2024, yaitu meningkatnya Indeks Perilaku Anti Korupsi (IPAK) menjadi 4,14 pada tahun 2024 (Lampiran Teknokratik RPJMN 2020-2024).
Dari penjabaran di atas dapat disimpulkan bahwa data terkait perilaku antikorupsi menjadi hal yang penting sebagai bahan perencanaan dan evaluasi program pembangunan. Untuk memenuhi kebutuhan data tersebut, Badan Pusat Statistik (BPS) mengukur Indeks Perilaku Anti Korupsi (IPAK) melalui Survei Perilaku Anti Korupsi (SPAK). SPAK merupakan survei yang bertujuan untuk mengukur permisifitas masyarakat terhadap perilaku-perilaku korupsi, sosialisasi, dan pengetahuan masyarakat tentang antikorupsi. Penyelenggaraan SPAK telah dimulai sejak tahun 2012. 1.2 Maksud dan Tujuan Penyusunan publikasi ini dimaksudkan untuk memperoleh gambaran secara lengkap mengenai situasi dan kondisi serta perilaku antikorupsi masyarakat terkini. Hal ini dilihat dari aspek pendapat, pengetahuan, perilaku, dan pengalaman individu terkait perilaku antikorupsi di Indonesia. Secara khusus, publikasi ini disusun guna memperoleh gambaran secara lengkap sejauh mana perilaku antikorupsi terinternalisasi di dalam setiap individu.

[4] Statistik Kriminal 2023 | sec_061
4. 5 Target 16.5.1.(a). Indeks Perilaku Anti Korupsi (IPAK)
Korupsi merupakan permasalahan global yang berdampak pada berbagai sektor kehidupan masyarakat. Salah satu akar penyebab berkembangnya praktik korupsi diduga berasal dari rendahnya integritas para pelakunya dan masih kentalnya budaya permisif terhadap tindakan korupsi. Melalui Peraturan Presiden Nomor 54 Tahun 2018 tentang Strategi Nasional Pencegahan Korupsi (STRANAS PK), pemerintah berupaya menyusun arah kebijakan nasional dalam pencegahan korupsi di Indonesia. Dalam pemenuhan tujuan global untuk mencapai sasaran global secara substansial mengurangi korupsi dan penyuapan dalam segala bentuknya, diatur dalam Peraturan Presiden Nomor 59 Tahun 2017 tentang Pelaksanaan Pencapaian Tujuan Pembangunan Berkelanjutan. Selain itu, korupsi juga menjadi sasaran nasional pada Rencana Pembangunan Jangka Menengah Nasional (RPJMN) 2020-2024. Badan Pusat Statistik (BPS) mengukur Indeks Perilaku Anti Korupsi (IPAK) melalui Survei Perilaku Anti Korupsi (SPAK). Survei ini telah dilaksanakan setiap tahun sejak 2012 sampai dengan tahun 2023, kecuali tahun 2016. Pada tahun 2023, SPAK dilaksanakan di 34 provinsi dan 171 kabupaten/kota. Estimasi SPAK hanya dilakukan sampai level nasional. Survei Perilaku Anti Korupsi (SPAK) bertujuan mengukur tingkat permisifitas masyarakat terhadap perilaku antikorupsi dengan menggunakan Indeks Perilaku Anti Korupsi (IPAK). Survei ini mengukur perilaku masyarakat dalam tindakan korupsi skala kecil ( petty corruption ) dan tidak mencakup korupsi skala besar ( grand corruption ). Data yang dikumpulkan mencakup pendapat terhadap kebiasaan di masyarakat dan pengalaman berhubungan dengan layanan publik dalam hal perilaku penyuapan ( bribery ), pemerasan ( extortion ), dan nepotisme ( nepotism ).

[5] Indeks Perilaku Anti Korupsi 2023 | sec_054
yang diberikan. Selain itu, perlu terjaminnya aspek kemudahan dan kecepatan dalam layanan publik. Keterbukaan informasi juga merupakan hak masyarakat yang harus dipenuhi oleh pemerintah.
Tabel 3.2. Indeks Perilaku Anti Korupsi Menurut Subdimensi dan Klasifikasi Wilayah pada Dimensi Pengalaman, 2023
|||||
|---|---|---|---|
|Perkotaan dan|
|Indeks|Perkotaan|Perdesaan|
|Perdesaan|
|(1)|(2)|(3)|(4)|
|Indeks Pengalaman Publik|4,18|4,18|4,18|
|Indeks Pengalaman Lainnya|3,29|3,29|3,29|
|Indeks Pengalaman|3,96|3,96|3,96|
|IPAK|3,93|3,90|3,92|
3,96 3,96 3,93 3,90
Sumber: BPS, SPAK 2023
Seperti dijelaskan pada bagian sebelumnya bahwa Indeks Pengalaman lebih tinggi dibanding Indeks Persepsi. Hasil ini juga konsisten jika dirinci menurut wilayah. Hal ini menujukkan bahwa semakin baiknya persepsi seseorang terhadap perilaku korupsi tidak selalu diterapkan dalam perilaku atau pengalamannya. Terjadinya fenomena ini diduga terjadi karena nilai-nilai yang dipahami hanya sebatas nilai-nilai normatif, sehingga tidak mampu membentuk pribadi seseorang menjadi tangguh dan antikorupsi. Secara lengkap, hasil ini disajikan pada Tabel 3.3.
Tabel 3.3. Indeks Perilaku Anti Korupsi Menurut Dimensi dan Klasifikasi Wilayah, 2023
|||||
|---|---|---|---|
|Perkotaan dan|
|Indeks|Perkotaan|Perdesaan|
|Perdesaan|
|(1)|(2)|(3)|(4)|
|Indeks Persepsi|3,86|3,78|3,82|
|Indeks Pengalaman|3,96|3,96|3,96|
|IPAK|3,93|3,90|3,92|
Sumber: BPS, SPAK 2023
Tabel 3.3. menunjukkan bahwa Indeks Pengalaman, baik di perkotaan maupun perdesaan lebih tinggi dibandingkan Indeks Persepsi di perkotaan dan perdesaan. Selain itu, secara komposit, hasil IPAK 2023 menunjukkan bahwa indeks di perkotaan (3,93) cukup berbeda dengan indeks di perdesaan (3,90).
INDEKS PERILAKU ANTI KORUPSI

INDEKS PERILAKU ANTI KORUPSI 2023

lingkup keluarga dan komunitas mengalami peningkatan, sedangkan di lingkup publik menurun
INDEKS PERILAKU ANTI KORUPSI

INDEKS PERILAKU ANTI KORUPSI 2023","[""7.1 Kesimpulan\nBerdasarkan hasil SPAK 2024 terdapat beberapa hal yang dapat disimpulkan:\n1. Indeks Perilaku Anti Korupsi (IPAK) mengalami penurunan selama 2 tahun terakhir (2023 dan 2024). IPAK 2024 sebesar 3,85 turun 0,07 poin dibanding IPAK 2023 (3,92). Hal ini memperlihatkan tingkat perilaku antikorupsi menurun. Capaian IPAK 2024 masih di bawah Target RPJMN 2024 (4,14).\n2. Indeks Persepsi dan Indeks Pengalaman menunjukkan penurunan. Indeks Persepsi 2024 adalah sebesar 3,76, turun 0,06 dibandingkan tahun 2023 (3,82). Sementara itu, Indeks Pengalaman 2024 adalah sebesar 3,89; angka tersebut turun dibandingkan 2023 (3,96). Hal ini menunjukkan adanya penurunan pemahaman dan penilaian masyarakat terkait perilaku antikorupsi serta meningkatnya masyarakat yang membayar melebihi ketentuan dalam mengakses layanan publik.\n3. Pada Indeks Persepsi Keluarga, indikator dengan penurunan terbesar dibandingkan tahun sebelumnya adalah pendapat terhadap sikap seseorang yang menerima uang tambahan dari pasangan (suami/istri), di luar gaji atau penghasilan yang biasa diterima, tanpa mempertanyakan asal usul uang tersebut (-3,60). Diperlukan sosialisasi nilai antikorupsi terutama nilai antikorupsi berani dan peduli.\n4. Pada Indeks Persepsi Komunitas, indikator dengan penurunan terbesar dibandingkan tahun sebelumnya adalah pendapat terhadap Kelompok atau Lembaga Masyarakat menerima bantuan, sumbangan, pemberian, atau hibah dari seseorang tanpa mempertanyakan asal-\npencucian uang ( Money Laundering ) agar masyarakat sadar bahwa tindakan tersebut termasuk bagian dari tindak pidana korupsi.\n5. Pada Indeks Persepsi Publik, indikator dengan penurunan terbesar dibandingkan tahun sebelumnya adalah guru, dosen, atau tenaga kependidikan membantu orang lain (bukan anggota keluarganya)\nKESIMPULAN DAN REKOMENDASI"", ""menggambarkan pengalaman langsung masyarakat terkait perilaku antikorupsi, yang terbagi ke dalam dimensi Pengalaman Publik dan Pengalaman Lainnya.\n2023 2024 Sumber: Badan Pusat Statistik, Survei Perilaku Anti Korupsi (SPAK) GD Gambar 4.5 Indeks Perilaku Anti Korupsi, 2023 dan 2024 Skor IPAK berada pada skala 0 hingga 5. Semakin mendekati angka 5 menunjukkan bahwa masyarakat cenderung memiliki perilaku antikorupsi yang lebih kuat, sedangkan semakin mendekati angka 0 mengindikasikan tingkat permisivitas yang lebih tinggi terhadap praktik korupsi. Selama periode 2023– 2024, nilai IPAK menunjukkan penurunan (Gambar 4.5). Pada tahun 2024, nilai IPAK tercatat sebesar 3,85, turun sebesar 0,07 poin dibandingkan tahun 2023 yang mencapai 3,92. 4.6 Target 16.5.1. Proporsi Masyarakat yang Memiliki Setidaknya Satu Kontak dengan Pejabat Publik dan yang Membayar Suap kepada Pejabat Publik atau Diminta Suap oleh Pejabat Publik Tersebut Selama 12 Bulan Terakhir**\nUpaya pemberantasan korupsi tidak hanya berfokus pada praktik skala besar, tetapi juga perilaku sehari-hari masyarakat dalam berinteraksi dengan layanan publik. Salah satu indikator yang digunakan dalam kerangka SDGs, khususnya target 16.5, adalah proporsi penduduk yang pernah memiliki kontak dengan petugas layanan publik dan memberikan atau diminta memberikan suap dalam 12 bulan terakhir. Indikator ini bertujuan mengukur sejauh mana\n7979\nIndikator SDGs terkait Keamanan"", ""tingkatan. Dalam tujuan global tersebut terdapat sasaran global untuk secara substansial mengurangi korupsi dan penyuapan dalam segala bentuknya. Selain itu, korupsi juga menjadi sasaran nasional pada RPJMN 2020-2024, yaitu meningkatnya Indeks Perilaku Anti Korupsi (IPAK) menjadi 4,14 pada tahun 2024 (Lampiran Teknokratik RPJMN 2020-2024).\nDari penjabaran di atas dapat disimpulkan bahwa data terkait perilaku antikorupsi menjadi hal yang penting sebagai bahan perencanaan dan evaluasi program pembangunan. Untuk memenuhi kebutuhan data tersebut, Badan Pusat Statistik (BPS) mengukur Indeks Perilaku Anti Korupsi (IPAK) melalui Survei Perilaku Anti Korupsi (SPAK). SPAK merupakan survei yang bertujuan untuk mengukur permisifitas masyarakat terhadap perilaku-perilaku korupsi, sosialisasi, dan pengetahuan masyarakat tentang antikorupsi. Penyelenggaraan SPAK telah dimulai sejak tahun 2012. 1.2 Maksud dan Tujuan Penyusunan publikasi ini dimaksudkan untuk memperoleh gambaran secara lengkap mengenai situasi dan kondisi serta perilaku antikorupsi masyarakat terkini. Hal ini dilihat dari aspek pendapat, pengetahuan, perilaku, dan pengalaman individu terkait perilaku antikorupsi di Indonesia. Secara khusus, publikasi ini disusun guna memperoleh gambaran secara lengkap sejauh mana perilaku antikorupsi terinternalisasi di dalam setiap individu."", ""4. 5 Target 16.5.1.(a). Indeks Perilaku Anti Korupsi (IPAK)\nKorupsi merupakan permasalahan global yang berdampak pada berbagai sektor kehidupan masyarakat. Salah satu akar penyebab berkembangnya praktik korupsi diduga berasal dari rendahnya integritas para pelakunya dan masih kentalnya budaya permisif terhadap tindakan korupsi. Melalui Peraturan Presiden Nomor 54 Tahun 2018 tentang Strategi Nasional Pencegahan Korupsi (STRANAS PK), pemerintah berupaya menyusun arah kebijakan nasional dalam pencegahan korupsi di Indonesia. Dalam pemenuhan tujuan global untuk mencapai sasaran global secara substansial mengurangi korupsi dan penyuapan dalam segala bentuknya, diatur dalam Peraturan Presiden Nomor 59 Tahun 2017 tentang Pelaksanaan Pencapaian Tujuan Pembangunan Berkelanjutan. Selain itu, korupsi juga menjadi sasaran nasional pada Rencana Pembangunan Jangka Menengah Nasional (RPJMN) 2020-2024. Badan Pusat Statistik (BPS) mengukur Indeks Perilaku Anti Korupsi (IPAK) melalui Survei Perilaku Anti Korupsi (SPAK). Survei ini telah dilaksanakan setiap tahun sejak 2012 sampai dengan tahun 2023, kecuali tahun 2016. Pada tahun 2023, SPAK dilaksanakan di 34 provinsi dan 171 kabupaten/kota. Estimasi SPAK hanya dilakukan sampai level nasional. Survei Perilaku Anti Korupsi (SPAK) bertujuan mengukur tingkat permisifitas masyarakat terhadap perilaku antikorupsi dengan menggunakan Indeks Perilaku Anti Korupsi (IPAK). Survei ini mengukur perilaku masyarakat dalam tindakan korupsi skala kecil ( petty corruption ) dan tidak mencakup korupsi skala besar ( grand corruption ). Data yang dikumpulkan mencakup pendapat terhadap kebiasaan di masyarakat dan pengalaman berhubungan dengan layanan publik dalam hal perilaku penyuapan ( bribery ), pemerasan ( extortion ), dan nepotisme ( nepotism )."", ""yang diberikan. Selain itu, perlu terjaminnya aspek kemudahan dan kecepatan dalam layanan publik. Keterbukaan informasi juga merupakan hak masyarakat yang harus dipenuhi oleh pemerintah.\nTabel 3.2. Indeks Perilaku Anti Korupsi Menurut Subdimensi dan Klasifikasi Wilayah pada Dimensi Pengalaman, 2023\n|||||\n|---|---|---|---|\n|Perkotaan dan|\n|Indeks|Perkotaan|Perdesaan|\n|Perdesaan|\n|(1)|(2)|(3)|(4)|\n|Indeks Pengalaman Publik|4,18|4,18|4,18|\n|Indeks Pengalaman Lainnya|3,29|3,29|3,29|\n|Indeks Pengalaman|3,96|3,96|3,96|\n|IPAK|3,93|3,90|3,92|\n3,96 3,96 3,93 3,90\nSumber: BPS, SPAK 2023\nSeperti dijelaskan pada bagian sebelumnya bahwa Indeks Pengalaman lebih tinggi dibanding Indeks Persepsi. Hasil ini juga konsisten jika dirinci menurut wilayah. Hal ini menujukkan bahwa semakin baiknya persepsi seseorang terhadap perilaku korupsi tidak selalu diterapkan dalam perilaku atau pengalamannya. Terjadinya fenomena ini diduga terjadi karena nilai-nilai yang dipahami hanya sebatas nilai-nilai normatif, sehingga tidak mampu membentuk pribadi seseorang menjadi tangguh dan antikorupsi. Secara lengkap, hasil ini disajikan pada Tabel 3.3.\nTabel 3.3. Indeks Perilaku Anti Korupsi Menurut Dimensi dan Klasifikasi Wilayah, 2023\n|||||\n|---|---|---|---|\n|Perkotaan dan|\n|Indeks|Perkotaan|Perdesaan|\n|Perdesaan|\n|(1)|(2)|(3)|(4)|\n|Indeks Persepsi|3,86|3,78|3,82|\n|Indeks Pengalaman|3,96|3,96|3,96|\n|IPAK|3,93|3,90|3,92|\nSumber: BPS, SPAK 2023\nTabel 3.3. menunjukkan bahwa Indeks Pengalaman, baik di perkotaan maupun perdesaan lebih tinggi dibandingkan Indeks Persepsi di perkotaan dan perdesaan. Selain itu, secara komposit, hasil IPAK 2023 menunjukkan bahwa indeks di perkotaan (3,93) cukup berbeda dengan indeks di perdesaan (3,90).\nINDEKS PERILAKU ANTI KORUPSI\n\nINDEKS PERILAKU ANTI KORUPSI 2023\n\nlingkup keluarga dan komunitas mengalami peningkatan, sedangkan di lingkup publik menurun\nINDEKS PERILAKU ANTI KORUPSI\n\nINDEKS PERILAKU ANTI KORUPSI 2023""]","[{""chunk_id"": ""indeks-perilaku-anti-korupsi-2024__sec_100__c001"", ""faiss_id"": 1565, ""document_title"": ""Indeks Perilaku Anti Korupsi 2024"", ""section_id"": ""sec_100"", ""page_start"": 159, ""page_end"": 159, ""bps_url"": ""https://www.bps.go.id/id/publication/2024/12/06/66e636bc0a8fa4f90e0d6c6d/indeks-perilaku-anti-korupsi-2024.html"", ""rerank_score"": 4.6499342918396}, {""chunk_id"": ""statistik-kriminal-2024-2025__sec_063__c003"", ""faiss_id"": 17420, ""document_title"": ""Statistik Kriminal 2024/2025"", ""section_id"": ""sec_063"", ""page_start"": 109, ""page_end"": 116, ""bps_url"": ""https://www.bps.go.id/id/publication/2025/12/12/2edc8ea4c35b19ba912fc7e4/statistik-kriminal-2024-2025.html"", ""rerank_score"": 3.614198684692383}, {""chunk_id"": ""indeks-perilaku-anti-korupsi-2023__1__c003"", ""faiss_id"": 1273, ""document_title"": ""Indeks Perilaku Anti Korupsi 2023"", ""section_id"": ""1"", ""page_start"": 41, ""page_end"": 41, ""bps_url"": ""https://www.bps.go.id/id/publication/2023/12/20/0f9d5ec7203f63ff45c99a07/indeks-perilaku-anti-korupsi-2023.html"", ""rerank_score"": 3.5773661136627197}, {""chunk_id"": ""statistik-kriminal-2023__sec_061__c001"", ""faiss_id"": 17191, ""document_title"": ""Statistik Kriminal 2023"", ""section_id"": ""sec_061"", ""page_start"": 104, ""page_end"": 108, ""bps_url"": ""https://www.bps.go.id/id/publication/2023/12/12/5edba2b0fe5429a0f232c736/statistik-kriminal-2023.html"", ""rerank_score"": 2.6013576984405518}, {""chunk_id"": ""indeks-perilaku-anti-korupsi-2023__sec_054__c003"", ""faiss_id"": 1306, ""document_title"": ""Indeks Perilaku Anti Korupsi 2023"", ""section_id"": ""sec_054"", ""page_start"": 68, ""page_end"": 72, ""bps_url"": ""https://www.bps.go.id/id/publication/2023/12/20/0f9d5ec7203f63ff45c99a07/indeks-perilaku-anti-korupsi-2023.html"", ""rerank_score"": 2.1700406074523926}]",{},2.9504798970000365,2.329545949000021,"{""prompt_tokens"": 2839, ""completion_tokens"": 373, ""total_tokens"": 3212, ""prompt_tokens_details"": {""cached_tokens"": 2688}, ""completion_tokens_details"": {""reasoning_tokens"": 88}, ""prompt_cache_hit_tokens"": 2688, ""prompt_cache_miss_tokens"": 151}",8.473630673999992,ok,,85edb411a3706843a8043481e3d814b59ae4ba89dd02accf4a0c122fc94c22f2,False,0.9,ok,0.6897260583526078,ok,1.0,ok
Q004,1_faktual_berbasis_narasi,S1_F04,Apa yang dimaksud dengan Indeks Khusus Penanganan Stunting (IKPS) menurut publikasi BPS?,S1_F04,,clean,,,factual_retrieval,,,llama3.2-finetuned,"Teks menyatakan bahwa IKPS adalah instrumen untuk mengukur kinerja pelaksanaan program percepatan penurunan stunting di tingkat nasional, provinsi, hingga kabupaten/kota dalam memenuhi aspek evaluasi. Karena itu, IKPS adalah indeks yang digunakan untuk membandingkan perkembangan cakupan intervensi terhadap rumah tangga sasaran dalam penanganan stunting secara nasional, provinsi, dan kabupaten/kota.

IKPS adalah Indeks Khusus Penanganan Stunting yang disusun sebagai instrumen untuk mengukur kinerja pelaksanaan program percepatan penurunan stunting di tingkat nasional, provinsi, hingga kabupaten/kota dalam memenuhi aspek evaluasi. IKPS digunakan untuk membandingkan bagaimana perkembangan cakupan-cakupan intervensi terhadap rumah tangga sasaran, baik secara nasional, provinsi, hingga kabupaten/kota.",llama3.2-finetuned,"[""Indeks Khusus Penanganan Stunting (IKPS) adalah indikator yang mengukur tingkat penanganan dan pencegahan stunting pada anak usia 5-14 tahun di Indonesia.""]","[1] Laporan Indeks Khusus Penanganan Stunting (IKPS) 2022–2023 | sec_008
Terdapat lima pilar pencegahan stunting pada Stranas stunting, dengan pilar ke-lima merupakan pemantauan dan evaluasi. Pemantauan adalah kegiatan mengamati perkembangan pelaksanaan percepatan penurunan stunting, mengidentifikasi, serta mengantisipasi permasalahan yang timbul dan/atau akan timbul untuk dapat diambil tindakan sedini mungkin. Sementara itu, evaluasi mencakup rangkaian kegiatan membandingkan antartarget dan capaian pelaksanaan percepatan penurunan stunting. Indeks Khusus Penanganan Stunting (IKPS) disusun sabagai salah satu instrumen untuk mengukur kinerja pelaksanaan program percepatan penurunan stunting di tingkat nasional, provinsi, hingga tingkat kabupaten/kota dalam memenuhi aspek evaluasi. Pembahasan dan penyusunan IKPS pertama kali dilaksanakan sejak tahun 2018. Dalam perjalanannya, penyusunan IKPS terus mengalami perbaikan dengan berdasarkan diskusi dengan Sekretariat Wakil Presiden Republik Indonesia (Setwapres RI) sebagai ketua pengarah dalam koordinasi penyelenggaraan percepatan penurunan stunting, diskusi juga turut melibatkan kementerian/lembaga serta para pakar di berbagai bidang. Pencegahan stunting memerlukan intervensi gizi konvergen yang mencakup intervensi gizi spesifik dan gizi sensitif. Intervensi gizi spesifik dilaksanakan untuk mengatasi penyebab langsung terjadinya stunting. Sementara intervensi gizi sensitif dilaksanakan untuk mengatasi penyebab tidak langsung terjadinya stunting. Indikator penyusun dalam IKPS berpedoman pada penyebab langsung dan tidak langsung stunting berdasarkan pada kerangka konsep penyebab dan pencegahan stunting.

[2] Laporan Indeks Khusus Penanganan Stunting Kabupaten/Kota 2021–2022 | sec_032
pelaksanaan program percepatan penurunan stunting di tingkat nasional, provinsi, hingga tingkat kabupaten/kota. Selain sebagai salah satu instrumen evaluasi, penyusunan IKPS juga dimaksudkan untuk memenuhi Dirbursement Linked Indicators (DLI) 8 dari Program Investing in Nutrition and Early Years (INEY) yang merupakan perjanjian kerja sama antara Pemerintah Indonesia dan Bank Dunia.
Sejak pertama kali disusun, IKPS telah beberapa kali mengalami penyempurnaan. Dalam proses penyusunan dan penyempurnaan IKPS, Badan Pusat Statistik (BPS) dan Sekretariat Wakil Presiden Republik Indonesia (Setwapres RI) turut melibatkan kementerian/lembaga dan para pakar. Dengan adanya masukan dari kementerian/lembaga dan para pakar di bidang kesehatan, gizi, pendidikan, dan sebagainya, diperoleh masukan bagi metode penghitungan IKPS baik dari segi pemilihan indikator, metodologi, hingga pengukuran indeks tersebut.

[3] Laporan Indeks Khusus Penanganan Stunting (IKPS) 2022–2023 | sec_009
1.2 Tujuan
Dalam rangka melakukan monitoring atas program percepatan penurunan stunting yang telah berjalan, diperlukan sebuah instrumen khusus yang dapat mengukur sejauh mana rumah tangga sasaran telah menerima berbagai intervensi. IKPS disusun untuk membandingkan bagaimana perkembangan cakupan-cakupan intervensi terhadap rumah tangga sasaran, baik secara nasional, provinsi, hingga kabupaten/kota.
Laporan Indeks Khusus Penanganan Stunting 2022–2023 disusun dengan tujuan untuk memenuhi kebutuhan data dan informasi bagi pemerintah dalam memantau kinerja penanganan stunting di Indonesia. Laporan ini diharapkan dapat bermanfaat bagi kementerian/lembaga dan pemerintah daerah. Selain itu, laporan ini juga diharapkan dapat menyediakan berbagai informasi yang dibutuhkan dalam perancangan kebijakan penanganan stunting di Indonesia.
1.3 Manfaat IKPS diharapkan tidak hanya bermanfaat bagi kementerian/lembaga di tingkat pusat, namun juga pemerintah daerah. IKPS merupakan bagian dari instrumen monitoring dan evaluasi, yang bisa dipantau secara periodik untuk melihat implementasi dari program penanganan stunting. IKPS dibangun untuk menjembatani kepentingan kementerian/lembaga dalam pelaksanaan penanganan stunting. Di lain pihak, IKPS secara tidak langsung juga dapat mencerminkan variasi pelaksanaan program penanganan stunting yang dilakukan oleh pemerintah daerah.
Pendahuluan

on 3 ? ns .| 7 e.

[4] Laporan Indeks Khusus Penanganan Stunting 2021–2022 | sec_008
1.3 Manfaat
Manfaat IKPS tidak hanya dirasakan oleh kementerian/lembaga di tingkat pusat, namun juga dapat digunakan oleh pemerintah daerah. Hal ini dikarenakan IKPS merupakan bagian dari monitoring dan evaluasi, yaitu merupakan salah satu indeks yang bisa dipantau secara periodik untuk melihat implementasi dari program penanganan stunting. IKPS dapat menjembatani kepentingan kementerian/lembaga dalam pelaksanaan penanganan stunting. Di lain pihak, IKPS secara tidak langsung juga dapat mencerminkan variasi pelaksanaan program penanganan stunting yang dilakukan oleh pemerintah daerah.
4
Laporan Indeks Khusus Penanganan Stunting 2021-2022

———$__

[5] Laporan Indeks Khusus Penanganan Stunting Kabupaten/Kota 2021–2022 | sec_034
1.3 Manfaat
Manfaat IKPS tidak hanya dirasakan oleh kementerian/lembaga di tingkat pusat, namun juga dapat digunakan oleh pemerintah daerah. Hal ini dikarenakan IKPS merupakan bagian dari monitoring dan evaluasi, yaitu merupakan salah satu indeks yang bisa dipantau secara periodik untuk melihat implementasi dari program penanganan stunting. IKPS dapat menjembatani kepentingan kementerian/lembaga dalam pelaksanaan penanganan stunting. Di lain pihak, IKPS secara tidak langsung juga dapat mencerminkan variasi pelaksanaan program penanganan stunting yang dilakukan oleh pemerintah daerah.
4
Laporan Indeks Khusus Penanganan Stunting Kabupaten/Kota 2021-2022

———$__","[""Terdapat lima pilar pencegahan stunting pada Stranas stunting, dengan pilar ke-lima merupakan pemantauan dan evaluasi. Pemantauan adalah kegiatan mengamati perkembangan pelaksanaan percepatan penurunan stunting, mengidentifikasi, serta mengantisipasi permasalahan yang timbul dan/atau akan timbul untuk dapat diambil tindakan sedini mungkin. Sementara itu, evaluasi mencakup rangkaian kegiatan membandingkan antartarget dan capaian pelaksanaan percepatan penurunan stunting. Indeks Khusus Penanganan Stunting (IKPS) disusun sabagai salah satu instrumen untuk mengukur kinerja pelaksanaan program percepatan penurunan stunting di tingkat nasional, provinsi, hingga tingkat kabupaten/kota dalam memenuhi aspek evaluasi. Pembahasan dan penyusunan IKPS pertama kali dilaksanakan sejak tahun 2018. Dalam perjalanannya, penyusunan IKPS terus mengalami perbaikan dengan berdasarkan diskusi dengan Sekretariat Wakil Presiden Republik Indonesia (Setwapres RI) sebagai ketua pengarah dalam koordinasi penyelenggaraan percepatan penurunan stunting, diskusi juga turut melibatkan kementerian/lembaga serta para pakar di berbagai bidang. Pencegahan stunting memerlukan intervensi gizi konvergen yang mencakup intervensi gizi spesifik dan gizi sensitif. Intervensi gizi spesifik dilaksanakan untuk mengatasi penyebab langsung terjadinya stunting. Sementara intervensi gizi sensitif dilaksanakan untuk mengatasi penyebab tidak langsung terjadinya stunting. Indikator penyusun dalam IKPS berpedoman pada penyebab langsung dan tidak langsung stunting berdasarkan pada kerangka konsep penyebab dan pencegahan stunting."", ""pelaksanaan program percepatan penurunan stunting di tingkat nasional, provinsi, hingga tingkat kabupaten/kota. Selain sebagai salah satu instrumen evaluasi, penyusunan IKPS juga dimaksudkan untuk memenuhi Dirbursement Linked Indicators (DLI) 8 dari Program Investing in Nutrition and Early Years (INEY) yang merupakan perjanjian kerja sama antara Pemerintah Indonesia dan Bank Dunia.\nSejak pertama kali disusun, IKPS telah beberapa kali mengalami penyempurnaan. Dalam proses penyusunan dan penyempurnaan IKPS, Badan Pusat Statistik (BPS) dan Sekretariat Wakil Presiden Republik Indonesia (Setwapres RI) turut melibatkan kementerian/lembaga dan para pakar. Dengan adanya masukan dari kementerian/lembaga dan para pakar di bidang kesehatan, gizi, pendidikan, dan sebagainya, diperoleh masukan bagi metode penghitungan IKPS baik dari segi pemilihan indikator, metodologi, hingga pengukuran indeks tersebut."", ""1.2 Tujuan\nDalam rangka melakukan monitoring atas program percepatan penurunan stunting yang telah berjalan, diperlukan sebuah instrumen khusus yang dapat mengukur sejauh mana rumah tangga sasaran telah menerima berbagai intervensi. IKPS disusun untuk membandingkan bagaimana perkembangan cakupan-cakupan intervensi terhadap rumah tangga sasaran, baik secara nasional, provinsi, hingga kabupaten/kota.\nLaporan Indeks Khusus Penanganan Stunting 2022–2023 disusun dengan tujuan untuk memenuhi kebutuhan data dan informasi bagi pemerintah dalam memantau kinerja penanganan stunting di Indonesia. Laporan ini diharapkan dapat bermanfaat bagi kementerian/lembaga dan pemerintah daerah. Selain itu, laporan ini juga diharapkan dapat menyediakan berbagai informasi yang dibutuhkan dalam perancangan kebijakan penanganan stunting di Indonesia.\n1.3 Manfaat IKPS diharapkan tidak hanya bermanfaat bagi kementerian/lembaga di tingkat pusat, namun juga pemerintah daerah. IKPS merupakan bagian dari instrumen monitoring dan evaluasi, yang bisa dipantau secara periodik untuk melihat implementasi dari program penanganan stunting. IKPS dibangun untuk menjembatani kepentingan kementerian/lembaga dalam pelaksanaan penanganan stunting. Di lain pihak, IKPS secara tidak langsung juga dapat mencerminkan variasi pelaksanaan program penanganan stunting yang dilakukan oleh pemerintah daerah.\nPendahuluan\n\non 3 ? ns .| 7 e."", ""1.3 Manfaat\nManfaat IKPS tidak hanya dirasakan oleh kementerian/lembaga di tingkat pusat, namun juga dapat digunakan oleh pemerintah daerah. Hal ini dikarenakan IKPS merupakan bagian dari monitoring dan evaluasi, yaitu merupakan salah satu indeks yang bisa dipantau secara periodik untuk melihat implementasi dari program penanganan stunting. IKPS dapat menjembatani kepentingan kementerian/lembaga dalam pelaksanaan penanganan stunting. Di lain pihak, IKPS secara tidak langsung juga dapat mencerminkan variasi pelaksanaan program penanganan stunting yang dilakukan oleh pemerintah daerah.\n4\nLaporan Indeks Khusus Penanganan Stunting 2021-2022\n\n———$__"", ""1.3 Manfaat\nManfaat IKPS tidak hanya dirasakan oleh kementerian/lembaga di tingkat pusat, namun juga dapat digunakan oleh pemerintah daerah. Hal ini dikarenakan IKPS merupakan bagian dari monitoring dan evaluasi, yaitu merupakan salah satu indeks yang bisa dipantau secara periodik untuk melihat implementasi dari program penanganan stunting. IKPS dapat menjembatani kepentingan kementerian/lembaga dalam pelaksanaan penanganan stunting. Di lain pihak, IKPS secara tidak langsung juga dapat mencerminkan variasi pelaksanaan program penanganan stunting yang dilakukan oleh pemerintah daerah.\n4\nLaporan Indeks Khusus Penanganan Stunting Kabupaten/Kota 2021-2022\n\n———$__""]","[{""chunk_id"": ""laporan-indeks-khusus-penanganan-stunting--ikps--2022-2023__sec_008__c004"", ""faiss_id"": 3729, ""document_title"": ""Laporan Indeks Khusus Penanganan Stunting (IKPS) 2022–2023"", ""section_id"": ""sec_008"", ""page_start"": 23, ""page_end"": 24, ""bps_url"": ""https://www.bps.go.id/id/publication/2024/12/19/b87a8f73426081075be407fe/laporan-indeks-khusus-penanganan-stunting--ikps--2022-2023.html"", ""rerank_score"": 4.455694198608398}, {""chunk_id"": ""laporan-indeks-khusus-penanganan-stunting-kabupaten-kota-2021-2022__sec_032__c005"", ""faiss_id"": 3980, ""document_title"": ""Laporan Indeks Khusus Penanganan Stunting Kabupaten/Kota 2021–2022"", ""section_id"": ""sec_032"", ""page_start"": 49, ""page_end"": 50, ""bps_url"": ""https://www.bps.go.id/id/publication/2023/12/19/7d87599450712cf4bab879f2/laporan-indeks-khusus-penanganan-stunting-kabupaten-kota-2021-2022.html"", ""rerank_score"": 4.43796443939209}, {""chunk_id"": ""laporan-indeks-khusus-penanganan-stunting--ikps--2022-2023__sec_009__c001"", ""faiss_id"": 3731, ""document_title"": ""Laporan Indeks Khusus Penanganan Stunting (IKPS) 2022–2023"", ""section_id"": ""sec_009"", ""page_start"": 25, ""page_end"": 28, ""bps_url"": ""https://www.bps.go.id/id/publication/2024/12/19/b87a8f73426081075be407fe/laporan-indeks-khusus-penanganan-stunting--ikps--2022-2023.html"", ""rerank_score"": 4.3746867179870605}, {""chunk_id"": ""laporan-indeks-khusus-penanganan-stunting-2021-2022__sec_008__c001"", ""faiss_id"": 3841, ""document_title"": ""Laporan Indeks Khusus Penanganan Stunting 2021–2022"", ""section_id"": ""sec_008"", ""page_start"": 24, ""page_end"": 24, ""bps_url"": ""https://www.bps.go.id/id/publication/2023/12/19/37ee0674d0e89152b2425e9f/laporan-indeks-khusus-penanganan-stunting-2021-2022.html"", ""rerank_score"": 3.844834327697754}, {""chunk_id"": ""laporan-indeks-khusus-penanganan-stunting-kabupaten-kota-2021-2022__sec_034__c001"", ""faiss_id"": 3983, ""document_title"": ""Laporan Indeks Khusus Penanganan Stunting Kabupaten/Kota 2021–2022"", ""section_id"": ""sec_034"", ""page_start"": 52, ""page_end"": 52, ""bps_url"": ""https://www.bps.go.id/id/publication/2023/12/19/7d87599450712cf4bab879f2/laporan-indeks-khusus-penanganan-stunting-kabupaten-kota-2021-2022.html"", ""rerank_score"": 3.7648751735687256}]","{""1"": ""Indeks Khusus Penanganan Stunting (IKPS) adalah instrumen untuk mengukur kinerja pelaksanaan program percepatan penurunan stunting di tingkat nasional, provinsi, hingga kabupaten/kota dalam memenuhi aspek evaluasi."", ""2"": ""IKPS disusun untuk membandingkan bagaimana perkembangan cakupan-cakupan intervensi terhadap rumah tangga sasaran, baik secara nasional, provinsi, hingga kabupaten/kota."", ""3"": ""IKPS disusun untuk membandingkan bagaimana perkembangan cakupan-cakupan intervensi terhadap rumah tangga sasaran, baik secara nasional, provinsi, hingga kabupaten/kota."", ""4"": ""IKPS merupakan bagian dari instrumen monitoring dan evaluasi, yang bisa dipantau secara periodik untuk melihat implementasi dari program penanganan stunting."", ""5"": ""IKPS dapat menjembatani kepentingan kementerian/lembaga dalam pelaksanaan penanganan stunting dan mencerminkan variasi pelaksanaan program penanganan stunting yang dilakukan oleh pemerintah daerah.""}",3.1269951140000103,5.250416963999896,"{""total_duration"": 5248169134, ""load_duration"": 1497885, ""prompt_eval_count"": 2003, ""prompt_eval_duration"": 882933000, ""eval_count"": 228, ""eval_duration"": 4124450000}",14.739694981999946,ok,,85edb411a3706843a8043481e3d814b59ae4ba89dd02accf4a0c122fc94c22f2,False,1.0,ok,0.5457991220207751,ok,1.0,ok
Q004,1_faktual_berbasis_narasi,S1_F04,Apa yang dimaksud dengan Indeks Khusus Penanganan Stunting (IKPS) menurut publikasi BPS?,S1_F04,,clean,,,factual_retrieval,,,gemma2-finetuned,"IKPS adalah instrumen yang disusun untuk mengukur kinerja pelaksanaan program percepatan penurunan stunting di tingkat nasional, provinsi, hingga kabupaten/kota dalam memenuhi aspek evaluasi. IKPS juga digunakan untuk membandingkan perkembangan cakupan intervensi terhadap rumah tangga sasaran.",gemma2-finetuned,"[""Indeks Khusus Penanganan Stunting (IKPS) adalah indikator yang mengukur capaian penanganan stunting pada anak usia 0–5 tahun.""]","[1] Laporan Indeks Khusus Penanganan Stunting (IKPS) 2022–2023 | sec_008
Terdapat lima pilar pencegahan stunting pada Stranas stunting, dengan pilar ke-lima merupakan pemantauan dan evaluasi. Pemantauan adalah kegiatan mengamati perkembangan pelaksanaan percepatan penurunan stunting, mengidentifikasi, serta mengantisipasi permasalahan yang timbul dan/atau akan timbul untuk dapat diambil tindakan sedini mungkin. Sementara itu, evaluasi mencakup rangkaian kegiatan membandingkan antartarget dan capaian pelaksanaan percepatan penurunan stunting. Indeks Khusus Penanganan Stunting (IKPS) disusun sabagai salah satu instrumen untuk mengukur kinerja pelaksanaan program percepatan penurunan stunting di tingkat nasional, provinsi, hingga tingkat kabupaten/kota dalam memenuhi aspek evaluasi. Pembahasan dan penyusunan IKPS pertama kali dilaksanakan sejak tahun 2018. Dalam perjalanannya, penyusunan IKPS terus mengalami perbaikan dengan berdasarkan diskusi dengan Sekretariat Wakil Presiden Republik Indonesia (Setwapres RI) sebagai ketua pengarah dalam koordinasi penyelenggaraan percepatan penurunan stunting, diskusi juga turut melibatkan kementerian/lembaga serta para pakar di berbagai bidang. Pencegahan stunting memerlukan intervensi gizi konvergen yang mencakup intervensi gizi spesifik dan gizi sensitif. Intervensi gizi spesifik dilaksanakan untuk mengatasi penyebab langsung terjadinya stunting. Sementara intervensi gizi sensitif dilaksanakan untuk mengatasi penyebab tidak langsung terjadinya stunting. Indikator penyusun dalam IKPS berpedoman pada penyebab langsung dan tidak langsung stunting berdasarkan pada kerangka konsep penyebab dan pencegahan stunting.

[2] Laporan Indeks Khusus Penanganan Stunting (IKPS) 2022–2023 | sec_009
1.2 Tujuan
Dalam rangka melakukan monitoring atas program percepatan penurunan stunting yang telah berjalan, diperlukan sebuah instrumen khusus yang dapat mengukur sejauh mana rumah tangga sasaran telah menerima berbagai intervensi. IKPS disusun untuk membandingkan bagaimana perkembangan cakupan-cakupan intervensi terhadap rumah tangga sasaran, baik secara nasional, provinsi, hingga kabupaten/kota.
Laporan Indeks Khusus Penanganan Stunting 2022–2023 disusun dengan tujuan untuk memenuhi kebutuhan data dan informasi bagi pemerintah dalam memantau kinerja penanganan stunting di Indonesia. Laporan ini diharapkan dapat bermanfaat bagi kementerian/lembaga dan pemerintah daerah. Selain itu, laporan ini juga diharapkan dapat menyediakan berbagai informasi yang dibutuhkan dalam perancangan kebijakan penanganan stunting di Indonesia.
1.3 Manfaat IKPS diharapkan tidak hanya bermanfaat bagi kementerian/lembaga di tingkat pusat, namun juga pemerintah daerah. IKPS merupakan bagian dari instrumen monitoring dan evaluasi, yang bisa dipantau secara periodik untuk melihat implementasi dari program penanganan stunting. IKPS dibangun untuk menjembatani kepentingan kementerian/lembaga dalam pelaksanaan penanganan stunting. Di lain pihak, IKPS secara tidak langsung juga dapat mencerminkan variasi pelaksanaan program penanganan stunting yang dilakukan oleh pemerintah daerah.
Pendahuluan

on 3 ? ns .| 7 e.

[3] Laporan Indeks Khusus Penanganan Stunting 2021–2022 | sec_008
1.3 Manfaat
Manfaat IKPS tidak hanya dirasakan oleh kementerian/lembaga di tingkat pusat, namun juga dapat digunakan oleh pemerintah daerah. Hal ini dikarenakan IKPS merupakan bagian dari monitoring dan evaluasi, yaitu merupakan salah satu indeks yang bisa dipantau secara periodik untuk melihat implementasi dari program penanganan stunting. IKPS dapat menjembatani kepentingan kementerian/lembaga dalam pelaksanaan penanganan stunting. Di lain pihak, IKPS secara tidak langsung juga dapat mencerminkan variasi pelaksanaan program penanganan stunting yang dilakukan oleh pemerintah daerah.
4
Laporan Indeks Khusus Penanganan Stunting 2021-2022

———$__

[4] Laporan Indeks Khusus Penanganan Stunting 2021–2022 | sec_007
1.2 Tujuan
Dalam rangka melakukan monitoring atas program percepatan penurunan stunting yang telah berjalan, diperlukan sebuah instrumen khusus yang dapat mengukur sejauh mana rumah tangga sasaran telah menerima berbagai intervensi. Instrumen khusus berupa IKPS ini disusun dengan tujuan agar dapat digunakan untuk membandingkan bagaimana perkembangan cakupan-cakupan intervensi terhadap rumah tangga sasaran, baik secara nasional, provinsi, hingga kabupaten/kota.
Pendahuluan
3

Laporan Indeks Khusus Penanganan Stunting 2021-2022 disusun dengan tujuan untuk memenuhi kebutuhan data dan informasi bagi pemerintah dalam memantau kinerja penanganan stunting di Indonesia. Laporan ini diharapkan dapat menjelaskan manfaat IKPS untuk kementerian/lembaga dan pemerintah daerah, serta dapat menyediakan berbagai informasi yang dibutuhkan dalam perancangan kebijakan penanganan stunting di Indonesia.

[5] Laporan Indeks Khusus Penanganan Stunting Kabupaten/Kota 2021–2022 | sec_033
1.2 Tujuan
Dalam rangka melakukan monitoring atas program percepatan penurunan stunting yang telah berjalan, diperlukan sebuah instrumen khusus yang dapat mengukur sejauh mana rumah tangga sasaran telah menerima berbagai intervensi. Instrumen khusus berupa IKPS ini disusun dengan tujuan agar dapat digunakan untuk membandingkan bagaimana perkembangan cakupan-cakupan intervensi terhadap rumah tangga sasaran, baik secara nasional, provinsi, hingga kabupaten/kota.
Pendahuluan
3

Laporan Indeks Khusus Penanganan Stunting Kabupaten/Kota 2021-2022 disusun dengan tujuan untuk memenuhi kebutuhan data dan informasi bagi pemerintah dalam memantau kinerja penanganan stunting di Indonesia. Laporan ini diharapkan dapat menjelaskan manfaat IKPS untuk kementerian/lembaga dan pemerintah daerah, serta dapat menyediakan berbagai informasi yang dibutuhkan dalam perancangan kebijakan penanganan stunting di Indonesia.","[""Terdapat lima pilar pencegahan stunting pada Stranas stunting, dengan pilar ke-lima merupakan pemantauan dan evaluasi. Pemantauan adalah kegiatan mengamati perkembangan pelaksanaan percepatan penurunan stunting, mengidentifikasi, serta mengantisipasi permasalahan yang timbul dan/atau akan timbul untuk dapat diambil tindakan sedini mungkin. Sementara itu, evaluasi mencakup rangkaian kegiatan membandingkan antartarget dan capaian pelaksanaan percepatan penurunan stunting. Indeks Khusus Penanganan Stunting (IKPS) disusun sabagai salah satu instrumen untuk mengukur kinerja pelaksanaan program percepatan penurunan stunting di tingkat nasional, provinsi, hingga tingkat kabupaten/kota dalam memenuhi aspek evaluasi. Pembahasan dan penyusunan IKPS pertama kali dilaksanakan sejak tahun 2018. Dalam perjalanannya, penyusunan IKPS terus mengalami perbaikan dengan berdasarkan diskusi dengan Sekretariat Wakil Presiden Republik Indonesia (Setwapres RI) sebagai ketua pengarah dalam koordinasi penyelenggaraan percepatan penurunan stunting, diskusi juga turut melibatkan kementerian/lembaga serta para pakar di berbagai bidang. Pencegahan stunting memerlukan intervensi gizi konvergen yang mencakup intervensi gizi spesifik dan gizi sensitif. Intervensi gizi spesifik dilaksanakan untuk mengatasi penyebab langsung terjadinya stunting. Sementara intervensi gizi sensitif dilaksanakan untuk mengatasi penyebab tidak langsung terjadinya stunting. Indikator penyusun dalam IKPS berpedoman pada penyebab langsung dan tidak langsung stunting berdasarkan pada kerangka konsep penyebab dan pencegahan stunting."", ""1.2 Tujuan\nDalam rangka melakukan monitoring atas program percepatan penurunan stunting yang telah berjalan, diperlukan sebuah instrumen khusus yang dapat mengukur sejauh mana rumah tangga sasaran telah menerima berbagai intervensi. IKPS disusun untuk membandingkan bagaimana perkembangan cakupan-cakupan intervensi terhadap rumah tangga sasaran, baik secara nasional, provinsi, hingga kabupaten/kota.\nLaporan Indeks Khusus Penanganan Stunting 2022–2023 disusun dengan tujuan untuk memenuhi kebutuhan data dan informasi bagi pemerintah dalam memantau kinerja penanganan stunting di Indonesia. Laporan ini diharapkan dapat bermanfaat bagi kementerian/lembaga dan pemerintah daerah. Selain itu, laporan ini juga diharapkan dapat menyediakan berbagai informasi yang dibutuhkan dalam perancangan kebijakan penanganan stunting di Indonesia.\n1.3 Manfaat IKPS diharapkan tidak hanya bermanfaat bagi kementerian/lembaga di tingkat pusat, namun juga pemerintah daerah. IKPS merupakan bagian dari instrumen monitoring dan evaluasi, yang bisa dipantau secara periodik untuk melihat implementasi dari program penanganan stunting. IKPS dibangun untuk menjembatani kepentingan kementerian/lembaga dalam pelaksanaan penanganan stunting. Di lain pihak, IKPS secara tidak langsung juga dapat mencerminkan variasi pelaksanaan program penanganan stunting yang dilakukan oleh pemerintah daerah.\nPendahuluan\n\non 3 ? ns .| 7 e."", ""1.3 Manfaat\nManfaat IKPS tidak hanya dirasakan oleh kementerian/lembaga di tingkat pusat, namun juga dapat digunakan oleh pemerintah daerah. Hal ini dikarenakan IKPS merupakan bagian dari monitoring dan evaluasi, yaitu merupakan salah satu indeks yang bisa dipantau secara periodik untuk melihat implementasi dari program penanganan stunting. IKPS dapat menjembatani kepentingan kementerian/lembaga dalam pelaksanaan penanganan stunting. Di lain pihak, IKPS secara tidak langsung juga dapat mencerminkan variasi pelaksanaan program penanganan stunting yang dilakukan oleh pemerintah daerah.\n4\nLaporan Indeks Khusus Penanganan Stunting 2021-2022\n\n———$__"", ""1.2 Tujuan\nDalam rangka melakukan monitoring atas program percepatan penurunan stunting yang telah berjalan, diperlukan sebuah instrumen khusus yang dapat mengukur sejauh mana rumah tangga sasaran telah menerima berbagai intervensi. Instrumen khusus berupa IKPS ini disusun dengan tujuan agar dapat digunakan untuk membandingkan bagaimana perkembangan cakupan-cakupan intervensi terhadap rumah tangga sasaran, baik secara nasional, provinsi, hingga kabupaten/kota.\nPendahuluan\n3\n\nLaporan Indeks Khusus Penanganan Stunting 2021-2022 disusun dengan tujuan untuk memenuhi kebutuhan data dan informasi bagi pemerintah dalam memantau kinerja penanganan stunting di Indonesia. Laporan ini diharapkan dapat menjelaskan manfaat IKPS untuk kementerian/lembaga dan pemerintah daerah, serta dapat menyediakan berbagai informasi yang dibutuhkan dalam perancangan kebijakan penanganan stunting di Indonesia."", ""1.2 Tujuan\nDalam rangka melakukan monitoring atas program percepatan penurunan stunting yang telah berjalan, diperlukan sebuah instrumen khusus yang dapat mengukur sejauh mana rumah tangga sasaran telah menerima berbagai intervensi. Instrumen khusus berupa IKPS ini disusun dengan tujuan agar dapat digunakan untuk membandingkan bagaimana perkembangan cakupan-cakupan intervensi terhadap rumah tangga sasaran, baik secara nasional, provinsi, hingga kabupaten/kota.\nPendahuluan\n3\n\nLaporan Indeks Khusus Penanganan Stunting Kabupaten/Kota 2021-2022 disusun dengan tujuan untuk memenuhi kebutuhan data dan informasi bagi pemerintah dalam memantau kinerja penanganan stunting di Indonesia. Laporan ini diharapkan dapat menjelaskan manfaat IKPS untuk kementerian/lembaga dan pemerintah daerah, serta dapat menyediakan berbagai informasi yang dibutuhkan dalam perancangan kebijakan penanganan stunting di Indonesia.""]","[{""chunk_id"": ""laporan-indeks-khusus-penanganan-stunting--ikps--2022-2023__sec_008__c004"", ""faiss_id"": 3729, ""document_title"": ""Laporan Indeks Khusus Penanganan Stunting (IKPS) 2022–2023"", ""section_id"": ""sec_008"", ""page_start"": 23, ""page_end"": 24, ""bps_url"": ""https://www.bps.go.id/id/publication/2024/12/19/b87a8f73426081075be407fe/laporan-indeks-khusus-penanganan-stunting--ikps--2022-2023.html"", ""rerank_score"": 4.455694198608398}, {""chunk_id"": ""laporan-indeks-khusus-penanganan-stunting--ikps--2022-2023__sec_009__c001"", ""faiss_id"": 3731, ""document_title"": ""Laporan Indeks Khusus Penanganan Stunting (IKPS) 2022–2023"", ""section_id"": ""sec_009"", ""page_start"": 25, ""page_end"": 28, ""bps_url"": ""https://www.bps.go.id/id/publication/2024/12/19/b87a8f73426081075be407fe/laporan-indeks-khusus-penanganan-stunting--ikps--2022-2023.html"", ""rerank_score"": 4.3746867179870605}, {""chunk_id"": ""laporan-indeks-khusus-penanganan-stunting-2021-2022__sec_008__c001"", ""faiss_id"": 3841, ""document_title"": ""Laporan Indeks Khusus Penanganan Stunting 2021–2022"", ""section_id"": ""sec_008"", ""page_start"": 24, ""page_end"": 24, ""bps_url"": ""https://www.bps.go.id/id/publication/2023/12/19/37ee0674d0e89152b2425e9f/laporan-indeks-khusus-penanganan-stunting-2021-2022.html"", ""rerank_score"": 3.844834327697754}, {""chunk_id"": ""laporan-indeks-khusus-penanganan-stunting-2021-2022__sec_007__c001"", ""faiss_id"": 3840, ""document_title"": ""Laporan Indeks Khusus Penanganan Stunting 2021–2022"", ""section_id"": ""sec_007"", ""page_start"": 23, ""page_end"": 23, ""bps_url"": ""https://www.bps.go.id/id/publication/2023/12/19/37ee0674d0e89152b2425e9f/laporan-indeks-khusus-penanganan-stunting-2021-2022.html"", ""rerank_score"": 3.4132654666900635}, {""chunk_id"": ""laporan-indeks-khusus-penanganan-stunting-kabupaten-kota-2021-2022__sec_033__c001"", ""faiss_id"": 3982, ""document_title"": ""Laporan Indeks Khusus Penanganan Stunting Kabupaten/Kota 2021–2022"", ""section_id"": ""sec_033"", ""page_start"": 51, ""page_end"": 51, ""bps_url"": ""https://www.bps.go.id/id/publication/2023/12/19/7d87599450712cf4bab879f2/laporan-indeks-khusus-penanganan-stunting-kabupaten-kota-2021-2022.html"", ""rerank_score"": 3.307490110397339}]",{},3.0452247810001154,1.5751226160000442,"{""total_duration"": 1572966363, ""load_duration"": 1548515, ""prompt_eval_count"": 1449, ""prompt_eval_duration"": 532123000, ""eval_count"": 54, ""eval_duration"": 792188000}",12.728024831000084,ok,,85edb411a3706843a8043481e3d814b59ae4ba89dd02accf4a0c122fc94c22f2,False,1.0,ok,0.5568953776205864,ok,1.0,ok
Q004,1_faktual_berbasis_narasi,S1_F04,Apa yang dimaksud dengan Indeks Khusus Penanganan Stunting (IKPS) menurut publikasi BPS?,S1_F04,,clean,,,factual_retrieval,,,deepseek-flash,,deepseek-flash,[],"[1] Laporan Indeks Khusus Penanganan Stunting (IKPS) 2022–2023 | sec_008
Terdapat lima pilar pencegahan stunting pada Stranas stunting, dengan pilar ke-lima merupakan pemantauan dan evaluasi. Pemantauan adalah kegiatan mengamati perkembangan pelaksanaan percepatan penurunan stunting, mengidentifikasi, serta mengantisipasi permasalahan yang timbul dan/atau akan timbul untuk dapat diambil tindakan sedini mungkin. Sementara itu, evaluasi mencakup rangkaian kegiatan membandingkan antartarget dan capaian pelaksanaan percepatan penurunan stunting. Indeks Khusus Penanganan Stunting (IKPS) disusun sabagai salah satu instrumen untuk mengukur kinerja pelaksanaan program percepatan penurunan stunting di tingkat nasional, provinsi, hingga tingkat kabupaten/kota dalam memenuhi aspek evaluasi. Pembahasan dan penyusunan IKPS pertama kali dilaksanakan sejak tahun 2018. Dalam perjalanannya, penyusunan IKPS terus mengalami perbaikan dengan berdasarkan diskusi dengan Sekretariat Wakil Presiden Republik Indonesia (Setwapres RI) sebagai ketua pengarah dalam koordinasi penyelenggaraan percepatan penurunan stunting, diskusi juga turut melibatkan kementerian/lembaga serta para pakar di berbagai bidang. Pencegahan stunting memerlukan intervensi gizi konvergen yang mencakup intervensi gizi spesifik dan gizi sensitif. Intervensi gizi spesifik dilaksanakan untuk mengatasi penyebab langsung terjadinya stunting. Sementara intervensi gizi sensitif dilaksanakan untuk mengatasi penyebab tidak langsung terjadinya stunting. Indikator penyusun dalam IKPS berpedoman pada penyebab langsung dan tidak langsung stunting berdasarkan pada kerangka konsep penyebab dan pencegahan stunting.

[2] Laporan Indeks Khusus Penanganan Stunting Kabupaten/Kota 2021–2022 | sec_032
pelaksanaan program percepatan penurunan stunting di tingkat nasional, provinsi, hingga tingkat kabupaten/kota. Selain sebagai salah satu instrumen evaluasi, penyusunan IKPS juga dimaksudkan untuk memenuhi Dirbursement Linked Indicators (DLI) 8 dari Program Investing in Nutrition and Early Years (INEY) yang merupakan perjanjian kerja sama antara Pemerintah Indonesia dan Bank Dunia.
Sejak pertama kali disusun, IKPS telah beberapa kali mengalami penyempurnaan. Dalam proses penyusunan dan penyempurnaan IKPS, Badan Pusat Statistik (BPS) dan Sekretariat Wakil Presiden Republik Indonesia (Setwapres RI) turut melibatkan kementerian/lembaga dan para pakar. Dengan adanya masukan dari kementerian/lembaga dan para pakar di bidang kesehatan, gizi, pendidikan, dan sebagainya, diperoleh masukan bagi metode penghitungan IKPS baik dari segi pemilihan indikator, metodologi, hingga pengukuran indeks tersebut.

[3] Laporan Indeks Khusus Penanganan Stunting 2021–2022 | sec_006
pelaksanaan program percepatan penurunan stunting di tingkat nasional, provinsi, hingga tingkat kabupaten/kota. Selain sebagai salah satu instrumen evaluasi, penyusunan IKPS juga dimaksudkan untuk memenuhi Dirbursement Linked Indicators (DLI) 8 dari Program Investing in Nutrition and Early Years (INEY) yang merupakan perjanjian kerja sama antara Pemerintah Indonesia dan Bank Dunia.
Sejak pertama kali disusun, IKPS telah beberapa kali mengalami penyempurnaan. Dalam proses penyusunan dan penyempurnaan IKPS, Badan Pusat Statistik (BPS) dan Sekretariat Wakil Presiden Republik Indonesia (Setwapres RI) turut melibatkan kementerian/lembaga dan para pakar. Dengan adanya masukan dari kementerian/lembaga dan para pakar di bidang kesehatan, gizi, pendidikan, dan sebagainya, diperoleh masukan bagi metode penghitungan IKPS baik dari segi pemilihan indikator, metodologi, hingga pengukuran indeks tersebut.

[4] Laporan Indeks Khusus Penanganan Stunting (IKPS) 2022–2023 | sec_009
1.2 Tujuan
Dalam rangka melakukan monitoring atas program percepatan penurunan stunting yang telah berjalan, diperlukan sebuah instrumen khusus yang dapat mengukur sejauh mana rumah tangga sasaran telah menerima berbagai intervensi. IKPS disusun untuk membandingkan bagaimana perkembangan cakupan-cakupan intervensi terhadap rumah tangga sasaran, baik secara nasional, provinsi, hingga kabupaten/kota.
Laporan Indeks Khusus Penanganan Stunting 2022–2023 disusun dengan tujuan untuk memenuhi kebutuhan data dan informasi bagi pemerintah dalam memantau kinerja penanganan stunting di Indonesia. Laporan ini diharapkan dapat bermanfaat bagi kementerian/lembaga dan pemerintah daerah. Selain itu, laporan ini juga diharapkan dapat menyediakan berbagai informasi yang dibutuhkan dalam perancangan kebijakan penanganan stunting di Indonesia.
1.3 Manfaat IKPS diharapkan tidak hanya bermanfaat bagi kementerian/lembaga di tingkat pusat, namun juga pemerintah daerah. IKPS merupakan bagian dari instrumen monitoring dan evaluasi, yang bisa dipantau secara periodik untuk melihat implementasi dari program penanganan stunting. IKPS dibangun untuk menjembatani kepentingan kementerian/lembaga dalam pelaksanaan penanganan stunting. Di lain pihak, IKPS secara tidak langsung juga dapat mencerminkan variasi pelaksanaan program penanganan stunting yang dilakukan oleh pemerintah daerah.
Pendahuluan

on 3 ? ns .| 7 e.

[5] Laporan Indeks Khusus Penanganan Stunting 2021–2022 | sec_008
1.3 Manfaat
Manfaat IKPS tidak hanya dirasakan oleh kementerian/lembaga di tingkat pusat, namun juga dapat digunakan oleh pemerintah daerah. Hal ini dikarenakan IKPS merupakan bagian dari monitoring dan evaluasi, yaitu merupakan salah satu indeks yang bisa dipantau secara periodik untuk melihat implementasi dari program penanganan stunting. IKPS dapat menjembatani kepentingan kementerian/lembaga dalam pelaksanaan penanganan stunting. Di lain pihak, IKPS secara tidak langsung juga dapat mencerminkan variasi pelaksanaan program penanganan stunting yang dilakukan oleh pemerintah daerah.
4
Laporan Indeks Khusus Penanganan Stunting 2021-2022

———$__","[""Terdapat lima pilar pencegahan stunting pada Stranas stunting, dengan pilar ke-lima merupakan pemantauan dan evaluasi. Pemantauan adalah kegiatan mengamati perkembangan pelaksanaan percepatan penurunan stunting, mengidentifikasi, serta mengantisipasi permasalahan yang timbul dan/atau akan timbul untuk dapat diambil tindakan sedini mungkin. Sementara itu, evaluasi mencakup rangkaian kegiatan membandingkan antartarget dan capaian pelaksanaan percepatan penurunan stunting. Indeks Khusus Penanganan Stunting (IKPS) disusun sabagai salah satu instrumen untuk mengukur kinerja pelaksanaan program percepatan penurunan stunting di tingkat nasional, provinsi, hingga tingkat kabupaten/kota dalam memenuhi aspek evaluasi. Pembahasan dan penyusunan IKPS pertama kali dilaksanakan sejak tahun 2018. Dalam perjalanannya, penyusunan IKPS terus mengalami perbaikan dengan berdasarkan diskusi dengan Sekretariat Wakil Presiden Republik Indonesia (Setwapres RI) sebagai ketua pengarah dalam koordinasi penyelenggaraan percepatan penurunan stunting, diskusi juga turut melibatkan kementerian/lembaga serta para pakar di berbagai bidang. Pencegahan stunting memerlukan intervensi gizi konvergen yang mencakup intervensi gizi spesifik dan gizi sensitif. Intervensi gizi spesifik dilaksanakan untuk mengatasi penyebab langsung terjadinya stunting. Sementara intervensi gizi sensitif dilaksanakan untuk mengatasi penyebab tidak langsung terjadinya stunting. Indikator penyusun dalam IKPS berpedoman pada penyebab langsung dan tidak langsung stunting berdasarkan pada kerangka konsep penyebab dan pencegahan stunting."", ""pelaksanaan program percepatan penurunan stunting di tingkat nasional, provinsi, hingga tingkat kabupaten/kota. Selain sebagai salah satu instrumen evaluasi, penyusunan IKPS juga dimaksudkan untuk memenuhi Dirbursement Linked Indicators (DLI) 8 dari Program Investing in Nutrition and Early Years (INEY) yang merupakan perjanjian kerja sama antara Pemerintah Indonesia dan Bank Dunia.\nSejak pertama kali disusun, IKPS telah beberapa kali mengalami penyempurnaan. Dalam proses penyusunan dan penyempurnaan IKPS, Badan Pusat Statistik (BPS) dan Sekretariat Wakil Presiden Republik Indonesia (Setwapres RI) turut melibatkan kementerian/lembaga dan para pakar. Dengan adanya masukan dari kementerian/lembaga dan para pakar di bidang kesehatan, gizi, pendidikan, dan sebagainya, diperoleh masukan bagi metode penghitungan IKPS baik dari segi pemilihan indikator, metodologi, hingga pengukuran indeks tersebut."", ""pelaksanaan program percepatan penurunan stunting di tingkat nasional, provinsi, hingga tingkat kabupaten/kota. Selain sebagai salah satu instrumen evaluasi, penyusunan IKPS juga dimaksudkan untuk memenuhi Dirbursement Linked Indicators (DLI) 8 dari Program Investing in Nutrition and Early Years (INEY) yang merupakan perjanjian kerja sama antara Pemerintah Indonesia dan Bank Dunia.\nSejak pertama kali disusun, IKPS telah beberapa kali mengalami penyempurnaan. Dalam proses penyusunan dan penyempurnaan IKPS, Badan Pusat Statistik (BPS) dan Sekretariat Wakil Presiden Republik Indonesia (Setwapres RI) turut melibatkan kementerian/lembaga dan para pakar. Dengan adanya masukan dari kementerian/lembaga dan para pakar di bidang kesehatan, gizi, pendidikan, dan sebagainya, diperoleh masukan bagi metode penghitungan IKPS baik dari segi pemilihan indikator, metodologi, hingga pengukuran indeks tersebut."", ""1.2 Tujuan\nDalam rangka melakukan monitoring atas program percepatan penurunan stunting yang telah berjalan, diperlukan sebuah instrumen khusus yang dapat mengukur sejauh mana rumah tangga sasaran telah menerima berbagai intervensi. IKPS disusun untuk membandingkan bagaimana perkembangan cakupan-cakupan intervensi terhadap rumah tangga sasaran, baik secara nasional, provinsi, hingga kabupaten/kota.\nLaporan Indeks Khusus Penanganan Stunting 2022–2023 disusun dengan tujuan untuk memenuhi kebutuhan data dan informasi bagi pemerintah dalam memantau kinerja penanganan stunting di Indonesia. Laporan ini diharapkan dapat bermanfaat bagi kementerian/lembaga dan pemerintah daerah. Selain itu, laporan ini juga diharapkan dapat menyediakan berbagai informasi yang dibutuhkan dalam perancangan kebijakan penanganan stunting di Indonesia.\n1.3 Manfaat IKPS diharapkan tidak hanya bermanfaat bagi kementerian/lembaga di tingkat pusat, namun juga pemerintah daerah. IKPS merupakan bagian dari instrumen monitoring dan evaluasi, yang bisa dipantau secara periodik untuk melihat implementasi dari program penanganan stunting. IKPS dibangun untuk menjembatani kepentingan kementerian/lembaga dalam pelaksanaan penanganan stunting. Di lain pihak, IKPS secara tidak langsung juga dapat mencerminkan variasi pelaksanaan program penanganan stunting yang dilakukan oleh pemerintah daerah.\nPendahuluan\n\non 3 ? ns .| 7 e."", ""1.3 Manfaat\nManfaat IKPS tidak hanya dirasakan oleh kementerian/lembaga di tingkat pusat, namun juga dapat digunakan oleh pemerintah daerah. Hal ini dikarenakan IKPS merupakan bagian dari monitoring dan evaluasi, yaitu merupakan salah satu indeks yang bisa dipantau secara periodik untuk melihat implementasi dari program penanganan stunting. IKPS dapat menjembatani kepentingan kementerian/lembaga dalam pelaksanaan penanganan stunting. Di lain pihak, IKPS secara tidak langsung juga dapat mencerminkan variasi pelaksanaan program penanganan stunting yang dilakukan oleh pemerintah daerah.\n4\nLaporan Indeks Khusus Penanganan Stunting 2021-2022\n\n———$__""]","[{""chunk_id"": ""laporan-indeks-khusus-penanganan-stunting--ikps--2022-2023__sec_008__c004"", ""faiss_id"": 3729, ""document_title"": ""Laporan Indeks Khusus Penanganan Stunting (IKPS) 2022–2023"", ""section_id"": ""sec_008"", ""page_start"": 23, ""page_end"": 24, ""bps_url"": ""https://www.bps.go.id/id/publication/2024/12/19/b87a8f73426081075be407fe/laporan-indeks-khusus-penanganan-stunting--ikps--2022-2023.html"", ""rerank_score"": 4.455694198608398}, {""chunk_id"": ""laporan-indeks-khusus-penanganan-stunting-kabupaten-kota-2021-2022__sec_032__c005"", ""faiss_id"": 3980, ""document_title"": ""Laporan Indeks Khusus Penanganan Stunting Kabupaten/Kota 2021–2022"", ""section_id"": ""sec_032"", ""page_start"": 49, ""page_end"": 50, ""bps_url"": ""https://www.bps.go.id/id/publication/2023/12/19/7d87599450712cf4bab879f2/laporan-indeks-khusus-penanganan-stunting-kabupaten-kota-2021-2022.html"", ""rerank_score"": 4.43796443939209}, {""chunk_id"": ""laporan-indeks-khusus-penanganan-stunting-2021-2022__sec_006__c005"", ""faiss_id"": 3838, ""document_title"": ""Laporan Indeks Khusus Penanganan Stunting 2021–2022"", ""section_id"": ""sec_006"", ""page_start"": 21, ""page_end"": 22, ""bps_url"": ""https://www.bps.go.id/id/publication/2023/12/19/37ee0674d0e89152b2425e9f/laporan-indeks-khusus-penanganan-stunting-2021-2022.html"", ""rerank_score"": 4.43796443939209}, {""chunk_id"": ""laporan-indeks-khusus-penanganan-stunting--ikps--2022-2023__sec_009__c001"", ""faiss_id"": 3731, ""document_title"": ""Laporan Indeks Khusus Penanganan Stunting (IKPS) 2022–2023"", ""section_id"": ""sec_009"", ""page_start"": 25, ""page_end"": 28, ""bps_url"": ""https://www.bps.go.id/id/publication/2024/12/19/b87a8f73426081075be407fe/laporan-indeks-khusus-penanganan-stunting--ikps--2022-2023.html"", ""rerank_score"": 4.3746867179870605}, {""chunk_id"": ""laporan-indeks-khusus-penanganan-stunting-2021-2022__sec_008__c001"", ""faiss_id"": 3841, ""document_title"": ""Laporan Indeks Khusus Penanganan Stunting 2021–2022"", ""section_id"": ""sec_008"", ""page_start"": 24, ""page_end"": 24, ""bps_url"": ""https://www.bps.go.id/id/publication/2023/12/19/37ee0674d0e89152b2425e9f/laporan-indeks-khusus-penanganan-stunting-2021-2022.html"", ""rerank_score"": 3.844834327697754}]",{},3.1736409630000253,3.5857687870000063,"{""prompt_tokens"": 1810, ""completion_tokens"": 512, ""total_tokens"": 2322, ""prompt_tokens_details"": {""cached_tokens"": 1664}, ""completion_tokens_details"": {""reasoning_tokens"": 512}, ""prompt_cache_hit_tokens"": 1664, ""prompt_cache_miss_tokens"": 146}",9.658282612999983,ok,,85edb411a3706843a8043481e3d814b59ae4ba89dd02accf4a0c122fc94c22f2,False,,empty_answer,,empty_answer,,empty_answer
Q005,2_interpretatif_ringan,trend_interpretation,Bagaimana tren Indeks Pembangunan Manusia (IPM) Indonesia dari edisi ke edisi?,S2_I01,,clean,,,trend_interpretation,,,llama3.2-finetuned,"Teks menyatakan bahwa IPM Indonesia sudah tergolong berstatus tinggi (di atas 70) sejak 2016 dan terus mengalami peningkatan yang konsisten sejak tahun 2020 hingga 2023. Kenaikan IPM juga terus mengalami percepatan setiap tahun, dengan pertumbuhan 0,48 persen dari 2020 ke 2021, meningkat menjadi 0,83 persen dari 2021 ke 2022, dan mengalami peningkatan tercepat dari 2022 ke 2023 dengan pertumbuhan 0,84 persen. Secara rata-rata, pertumbuhan IPM Indonesia 2020-2023 adalah sebesar 0,72 persen per tahun.",llama3.2-finetuned,"[""Indeks Pembangunan Manusia (IPM) Indonesia mengalami peningkatan dari edisi ke edisi, dengan nilai IPM nasional meningkat dari 69,81 pada 2010 menjadi 72,55 pada 2021.""]","[1] Indeks Pembangunan Manusia 2023 | sec_019
INDEKS PEMBANGUNAN MANUSIA 2023
terpenuhi maka banyak peluang dalam aspek kehidupan manusia lainnya yang tidak kunjung terbuka. Berangkat dari konsep dasar tersebut, UNDP menyusun sebuah indeks sebagai ukuran dari capaian pembangunan manusia. Indeks komposit yang mengukur pembangunan manusia dijelaskan dan diperkenalkan sebagai Indeks Pembangunan Manusia (IPM) atau Human Development Index (HDI). UNDP pertama kali memperkenalkan IPM pada tahun 1990 melalui publikasi “ Human Development Report 1990 ”.
Sejak saat itu, UNDP menghitung IPM dan merilisnya dalam publikasi dengan judul yang sama setiap tahunnya untuk menjelaskan bagaimana masyarakat dapat memperoleh manfaat dari hasil pembangunan dalam aspek penghasilan, kesehatan, pendidikan, dan aspek lainnya. Seiring dengan perkembangan peradaban manusia dari zaman ke zaman, pengukuran IPM pun terus diupayakan penyempurnaan dari waktu ke waktu. Hingga saat ini tercatat sudah terjadi lima kali perubahan untuk perbaikan terhadap penghitungan IPM sejak pertama kali dirilis tahun 1990. Perubahan paling signifikan terjadi pada tahun 2010, dimana UNDP mengadopsi sejumlah indikator baru penyusun IPM. Sementara, pada tahun 2014, UNDP sedikit melakukan modifikasi pada metode penghitungan IPM. Gambar 1.2 di bawah ini menampilkan secara kronologis, sejarah penghitungan IPM yang dilakukan oleh UNDP dari waktu ke waktu.

[2] Indeks Pembangunan Manusia 2023 | sec_025
2.1 Pembangunan Manusia Indonesia 2023
Indeks Pembangunan Manusia (IPM) Indonesia sudah tergolong berstatus tinggi (di atas 70) sejak 2016 dan terus mengalami peningkatan yang konsisten sejak tahun 2020 hingga 2023. Dimulai dengan nilai 72,81 pada tahun 2020 yang meningkat ke 73,16 pada tahun 2021 dan terus meningkat menjadi 73,77 pada tahun 2022, hingga akhirnya IPM Indonesia mencapai 74,39 pada tahun 2023. Kenaikan IPM juga terus mengalami percepatan setiap tahun, dimulai dari 0,48 persen dari 2020 ke 2021, meningkat menjadi 0,83 persen dari 2021 ke 2022, dan mengalami peningkatan tercepat dari 2022 ke 2023 dengan pertumbuhan 0,84 persen. Secara rata-rata, pertumbuhan IPM Indonesia 20202023 adalah sebesar 0,72 persen per tahun. Rata-rata pertumbuhan: 0,72% 7439 2,77 23,16 72,81 2020 2021 2022 2023 fmm Indeks Pembangunan Manusia (IPM) ~~==@=—P~~ ertumbuhan IPM (%) Sumber: Badan Pusat Statistik Gambar 2.1 Indeks Pembangunan Manusia Indonesia, 2020–2023
Percepatan kenaikan IPM 2023 salah satunya didorong oleh dimensi standar hidup layak yang diwakili oleh pengeluaran riil per kapita yang disesuaikan yang mengalami pertumbuhan sebesar 3,66 persen dari 2022 ke 2023. Selain itu, dimensi umur panjang dan hidup sehat serta dimensi pengetahuan juga mengalami peningkatan dibandingkan tahun sebelumnya.
19

INDEKS PEMBANGUNAN MANUSIA 2023

[3] Indeks Pembangunan Manusia 2023 | sec_020
1.2.3 Indikator Pembangunan Manusia di Indonesia
Indonesia mengadopsi pengukuran pembangunan manusia UNDP dengan menghitung indeks yang sama, yaitu Indeks Pembangunan Manusia (IPM). IPM yang dihitung secara mandiri oleh Indonesia juga terdiri atas tiga dimensi seperti halnya yang disusun oleh UNDP, yaitu:
- i. dimensi umur panjang dan hidup sehat;
- ii. dimensi pengetahuan ; dan
- iii. dimensi standar hidup yang layak.
Indonesia selalu mengikuti setiap perubahan yang dilakukan oleh UNDP terkait penghitungan IPM, baik itu perubahan pada indikator yang digunakan maupun perubahan metodologi penghitungan. Sejak tahun 2015 hingga saat ini, metodologi penghitungan IPM Indonesia telah menggunakan metodologi terakhir yang disempurnakan oleh UNDP pada tahun 2014 sebagai standar penghitungan IPM. Indeks Pembangunan Manusia (IPM) adalah sebuah indeks komposit. Artinya, indeks ini disusun dari sejumlah indikator untuk kemudian dihitung menggunakan metode tertentu untuk menghasilkan IPM. Dari tiga dimensi IPM di atas, terdapat empat indikator penyusun. Dalam menentukan indikator yang digunakan, IPM Indonesia juga mengacu pada standar UNDP. Meski demikian, terdapat perbedaan pada salah satu indikator dimensi standar hidup yang layak yang dipicu oleh ketiadaan indikator yang sama dengan yang digunakan oleh UNDP pada level subnasional di Indonesia, baik di tingkat provinsi maupun kabupaten/kota. Untuk dimensi umur panjang dan hidup sehat, indikator yang digunakan adalah Umur Harapan Hidup saat Lahir (UHH) atau e0. UHH merupakan perkiraan rata-rata lamanya waktu (dalam tahun) yang akan dijalani oleh seseorang selama hidupnya. Penggunaan indikator ini didasarkan pada kenyataan bahwa umur panjang merupakan sesuatu yang tak ternilai dan dapat terwujud jikalau manusia mendapatkan nutrisi yang cukup dan kesehatan yang baik. UHH dihitung menggunakan pendekatan tak langsung ( indirect estimation ) dan di standardisasi menggunakan standar penghitungan UNDP.

[4] Indeks Pembangunan Manusia 2023 | 6_285
INDEKS PEMBANGUNAN MANUSIA 2023
Sumber: Badan Pusat Statistik
Gambar 4.9 Perbedaan Pengeluaran Riil per Kapita antara Perempuan dan Laki-laki menurut Provinsi (ribu rupiah per tahun), 2023 4.3 Capaian IPG Indonesia di Tingkat Nasional dan Provinsi IPG merupakan indikator yang mengukur keberhasilan pembangunan manusia dari perspektif gender. Indeks ini membandingkan capaian pembangunan perempuan dan laki-laki berdasarkan dimensi dalam IPM. Capaian IPG yang tinggi menunjukkan kualitas perempuan dan laki-laki yang semakin setara dan begitu pula sebaliknya. Capaian IPG yang baik akan berdampak terhadap optimalisasi peran masing-masing gender dalam pembangunan. Menilik Gambar 4.10, IPG nasional memiliki tren naik atau meningkat dari tahun ke tahun. Bahkan, IPG nasional di atas nilai 91 selama empat tahun terakhir. Selain itu, peningkatan IPG ini menunjukkan bahwa kesenjangan capaian kemampuan dasar antara perempuan dan laki-laki yang semakin berkurang. Pada tahun 2023, IPG nasional mencapai 92,29 atau meningkat sebanyak 0,24 poin dari tahun sebelumnya.
Sumber: Badan Pusat Statistik
Gambar 4.10 Indeks Pembangunan Gender (IPG) Indonesia, 2020–2023
46

[5] Indeks Pembangunan Manusia 2023 | sec_021
1.3 Indeks Pembangunan Manusia dan Perencanaan Pembangunan
IPM dapat digunakan sebagai alat ukur kemajuan pembangunan suatu negara atau wilayah. Konsepnya yang terbangun atas dasar tiga hakikat utama jati diri manusia, membuat IPM mampu menjelaskan kemajuan manusia secara keseluruhan dan dapat digunakan untuk mengevaluasi kemajuan pembangunan dari waktu ke waktu dan antarwilayah yang berbeda. Selain itu, capaian IPM antarwilayah dapat digunakan untuk memandu pemangku kebijakan dalam menyusun skala prioritas pembangunan wilayah di suatu negara. Contohnya, ketika suatu wilayah memiliki nilai IPM yang rendah di dimensi pengetahuan atau pendidikan, maka pemerintah dapat mengalihkan sumber daya dan fokus untuk meningkatkan kualitas pendidikan di wilayah tersebut. Selain untuk membantu proses perencanaan pembangunan, IPM juga dapat berperan pada proses evaluasi efektivitas kebijakan pembangunan. Dengan memperhatikan perkembangan IPM dan indikator penyusunnya dari waktu ke waktu, maka pemerintah dapat menilai apakah kebijakan yang telah dilaksanakan selama ini memiliki dampak yang positif bagi kesejahteraan masyarakat. Dari proses di atas, dapat dilihat peran penting IPM dalam siklus perencanaan pembangunan, yang dimulai dari penyediaan data dan informasi, penyusunan perencanaan pembangunan, hingga sampai pada tahap evaluasi pembangunan. Indeks Pembangunan Manusia (IPM) adalah ukuran statistik yang digunakan untuk mengevaluasi kemajuan dan kualitas hidup manusia di suatu negara (UNDP, 2023b). IPM memberikan informasi yang penting bagi pembuat kebijakan untuk mengembangkan kebijakan pembangunan yang lebih baik dan berkelanjutan.","[""INDEKS PEMBANGUNAN MANUSIA 2023\nterpenuhi maka banyak peluang dalam aspek kehidupan manusia lainnya yang tidak kunjung terbuka. Berangkat dari konsep dasar tersebut, UNDP menyusun sebuah indeks sebagai ukuran dari capaian pembangunan manusia. Indeks komposit yang mengukur pembangunan manusia dijelaskan dan diperkenalkan sebagai Indeks Pembangunan Manusia (IPM) atau Human Development Index (HDI). UNDP pertama kali memperkenalkan IPM pada tahun 1990 melalui publikasi “ Human Development Report 1990 ”.\nSejak saat itu, UNDP menghitung IPM dan merilisnya dalam publikasi dengan judul yang sama setiap tahunnya untuk menjelaskan bagaimana masyarakat dapat memperoleh manfaat dari hasil pembangunan dalam aspek penghasilan, kesehatan, pendidikan, dan aspek lainnya. Seiring dengan perkembangan peradaban manusia dari zaman ke zaman, pengukuran IPM pun terus diupayakan penyempurnaan dari waktu ke waktu. Hingga saat ini tercatat sudah terjadi lima kali perubahan untuk perbaikan terhadap penghitungan IPM sejak pertama kali dirilis tahun 1990. Perubahan paling signifikan terjadi pada tahun 2010, dimana UNDP mengadopsi sejumlah indikator baru penyusun IPM. Sementara, pada tahun 2014, UNDP sedikit melakukan modifikasi pada metode penghitungan IPM. Gambar 1.2 di bawah ini menampilkan secara kronologis, sejarah penghitungan IPM yang dilakukan oleh UNDP dari waktu ke waktu."", ""2.1 Pembangunan Manusia Indonesia 2023\nIndeks Pembangunan Manusia (IPM) Indonesia sudah tergolong berstatus tinggi (di atas 70) sejak 2016 dan terus mengalami peningkatan yang konsisten sejak tahun 2020 hingga 2023. Dimulai dengan nilai 72,81 pada tahun 2020 yang meningkat ke 73,16 pada tahun 2021 dan terus meningkat menjadi 73,77 pada tahun 2022, hingga akhirnya IPM Indonesia mencapai 74,39 pada tahun 2023. Kenaikan IPM juga terus mengalami percepatan setiap tahun, dimulai dari 0,48 persen dari 2020 ke 2021, meningkat menjadi 0,83 persen dari 2021 ke 2022, dan mengalami peningkatan tercepat dari 2022 ke 2023 dengan pertumbuhan 0,84 persen. Secara rata-rata, pertumbuhan IPM Indonesia 20202023 adalah sebesar 0,72 persen per tahun. Rata-rata pertumbuhan: 0,72% 7439 2,77 23,16 72,81 2020 2021 2022 2023 fmm Indeks Pembangunan Manusia (IPM) ~~==@=—P~~ ertumbuhan IPM (%) Sumber: Badan Pusat Statistik Gambar 2.1 Indeks Pembangunan Manusia Indonesia, 2020–2023\nPercepatan kenaikan IPM 2023 salah satunya didorong oleh dimensi standar hidup layak yang diwakili oleh pengeluaran riil per kapita yang disesuaikan yang mengalami pertumbuhan sebesar 3,66 persen dari 2022 ke 2023. Selain itu, dimensi umur panjang dan hidup sehat serta dimensi pengetahuan juga mengalami peningkatan dibandingkan tahun sebelumnya.\n19\n\nINDEKS PEMBANGUNAN MANUSIA 2023"", ""1.2.3 Indikator Pembangunan Manusia di Indonesia\nIndonesia mengadopsi pengukuran pembangunan manusia UNDP dengan menghitung indeks yang sama, yaitu Indeks Pembangunan Manusia (IPM). IPM yang dihitung secara mandiri oleh Indonesia juga terdiri atas tiga dimensi seperti halnya yang disusun oleh UNDP, yaitu:\n- i. dimensi umur panjang dan hidup sehat;\n- ii. dimensi pengetahuan ; dan\n- iii. dimensi standar hidup yang layak.\nIndonesia selalu mengikuti setiap perubahan yang dilakukan oleh UNDP terkait penghitungan IPM, baik itu perubahan pada indikator yang digunakan maupun perubahan metodologi penghitungan. Sejak tahun 2015 hingga saat ini, metodologi penghitungan IPM Indonesia telah menggunakan metodologi terakhir yang disempurnakan oleh UNDP pada tahun 2014 sebagai standar penghitungan IPM. Indeks Pembangunan Manusia (IPM) adalah sebuah indeks komposit. Artinya, indeks ini disusun dari sejumlah indikator untuk kemudian dihitung menggunakan metode tertentu untuk menghasilkan IPM. Dari tiga dimensi IPM di atas, terdapat empat indikator penyusun. Dalam menentukan indikator yang digunakan, IPM Indonesia juga mengacu pada standar UNDP. Meski demikian, terdapat perbedaan pada salah satu indikator dimensi standar hidup yang layak yang dipicu oleh ketiadaan indikator yang sama dengan yang digunakan oleh UNDP pada level subnasional di Indonesia, baik di tingkat provinsi maupun kabupaten/kota. Untuk dimensi umur panjang dan hidup sehat, indikator yang digunakan adalah Umur Harapan Hidup saat Lahir (UHH) atau e0. UHH merupakan perkiraan rata-rata lamanya waktu (dalam tahun) yang akan dijalani oleh seseorang selama hidupnya. Penggunaan indikator ini didasarkan pada kenyataan bahwa umur panjang merupakan sesuatu yang tak ternilai dan dapat terwujud jikalau manusia mendapatkan nutrisi yang cukup dan kesehatan yang baik. UHH dihitung menggunakan pendekatan tak langsung ( indirect estimation ) dan di standardisasi menggunakan standar penghitungan UNDP."", ""INDEKS PEMBANGUNAN MANUSIA 2023\nSumber: Badan Pusat Statistik\nGambar 4.9 Perbedaan Pengeluaran Riil per Kapita antara Perempuan dan Laki-laki menurut Provinsi (ribu rupiah per tahun), 2023 4.3 Capaian IPG Indonesia di Tingkat Nasional dan Provinsi IPG merupakan indikator yang mengukur keberhasilan pembangunan manusia dari perspektif gender. Indeks ini membandingkan capaian pembangunan perempuan dan laki-laki berdasarkan dimensi dalam IPM. Capaian IPG yang tinggi menunjukkan kualitas perempuan dan laki-laki yang semakin setara dan begitu pula sebaliknya. Capaian IPG yang baik akan berdampak terhadap optimalisasi peran masing-masing gender dalam pembangunan. Menilik Gambar 4.10, IPG nasional memiliki tren naik atau meningkat dari tahun ke tahun. Bahkan, IPG nasional di atas nilai 91 selama empat tahun terakhir. Selain itu, peningkatan IPG ini menunjukkan bahwa kesenjangan capaian kemampuan dasar antara perempuan dan laki-laki yang semakin berkurang. Pada tahun 2023, IPG nasional mencapai 92,29 atau meningkat sebanyak 0,24 poin dari tahun sebelumnya.\nSumber: Badan Pusat Statistik\nGambar 4.10 Indeks Pembangunan Gender (IPG) Indonesia, 2020–2023\n46"", ""1.3 Indeks Pembangunan Manusia dan Perencanaan Pembangunan\nIPM dapat digunakan sebagai alat ukur kemajuan pembangunan suatu negara atau wilayah. Konsepnya yang terbangun atas dasar tiga hakikat utama jati diri manusia, membuat IPM mampu menjelaskan kemajuan manusia secara keseluruhan dan dapat digunakan untuk mengevaluasi kemajuan pembangunan dari waktu ke waktu dan antarwilayah yang berbeda. Selain itu, capaian IPM antarwilayah dapat digunakan untuk memandu pemangku kebijakan dalam menyusun skala prioritas pembangunan wilayah di suatu negara. Contohnya, ketika suatu wilayah memiliki nilai IPM yang rendah di dimensi pengetahuan atau pendidikan, maka pemerintah dapat mengalihkan sumber daya dan fokus untuk meningkatkan kualitas pendidikan di wilayah tersebut. Selain untuk membantu proses perencanaan pembangunan, IPM juga dapat berperan pada proses evaluasi efektivitas kebijakan pembangunan. Dengan memperhatikan perkembangan IPM dan indikator penyusunnya dari waktu ke waktu, maka pemerintah dapat menilai apakah kebijakan yang telah dilaksanakan selama ini memiliki dampak yang positif bagi kesejahteraan masyarakat. Dari proses di atas, dapat dilihat peran penting IPM dalam siklus perencanaan pembangunan, yang dimulai dari penyediaan data dan informasi, penyusunan perencanaan pembangunan, hingga sampai pada tahap evaluasi pembangunan. Indeks Pembangunan Manusia (IPM) adalah ukuran statistik yang digunakan untuk mengevaluasi kemajuan dan kualitas hidup manusia di suatu negara (UNDP, 2023b). IPM memberikan informasi yang penting bagi pembuat kebijakan untuk mengembangkan kebijakan pembangunan yang lebih baik dan berkelanjutan.""]","[{""chunk_id"": ""indeks-pembangunan-manusia-2023__sec_019__c002"", ""faiss_id"": 680, ""document_title"": ""Indeks Pembangunan Manusia 2023"", ""section_id"": ""sec_019"", ""page_start"": 35, ""page_end"": 36, ""bps_url"": ""https://www.bps.go.id/id/publication/2024/05/13/8f77e73a66a6f484c655985a/indeks-pembangunan-manusia-2023.html"", ""rerank_score"": 4.481677532196045}, {""chunk_id"": ""indeks-pembangunan-manusia-2023__sec_025__c001"", ""faiss_id"": 691, ""document_title"": ""Indeks Pembangunan Manusia 2023"", ""section_id"": ""sec_025"", ""page_start"": 43, ""page_end"": 43, ""bps_url"": ""https://www.bps.go.id/id/publication/2024/05/13/8f77e73a66a6f484c655985a/indeks-pembangunan-manusia-2023.html"", ""rerank_score"": 4.47362756729126}, {""chunk_id"": ""indeks-pembangunan-manusia-2023__sec_020__c001"", ""faiss_id"": 682, ""document_title"": ""Indeks Pembangunan Manusia 2023"", ""section_id"": ""sec_020"", ""page_start"": 37, ""page_end"": 37, ""bps_url"": ""https://www.bps.go.id/id/publication/2024/05/13/8f77e73a66a6f484c655985a/indeks-pembangunan-manusia-2023.html"", ""rerank_score"": 4.466080665588379}, {""chunk_id"": ""indeks-pembangunan-manusia-2023__6_285__c002"", ""faiss_id"": 722, ""document_title"": ""Indeks Pembangunan Manusia 2023"", ""section_id"": ""6_285"", ""page_start"": 69, ""page_end"": 76, ""bps_url"": ""https://www.bps.go.id/id/publication/2024/05/13/8f77e73a66a6f484c655985a/indeks-pembangunan-manusia-2023.html"", ""rerank_score"": 4.362104892730713}, {""chunk_id"": ""indeks-pembangunan-manusia-2023__sec_021__c001"", ""faiss_id"": 685, ""document_title"": ""Indeks Pembangunan Manusia 2023"", ""section_id"": ""sec_021"", ""page_start"": 38, ""page_end"": 39, ""bps_url"": ""https://www.bps.go.id/id/publication/2024/05/13/8f77e73a66a6f484c655985a/indeks-pembangunan-manusia-2023.html"", ""rerank_score"": 4.324094295501709}]","{""1"": ""Indeks Pembangunan Manusia (IPM) Indonesia sudah tergolong berstatus tinggi (di atas 70) sejak 2016 dan terus mengalami peningkatan yang konsisten sejak tahun 2020 hingga 2023."", ""2"": ""Indonesia mengadopsi pengukuran pembangunan manusia UNDP dengan menghitung indeks yang sama, yaitu Indeks Pembangunan Manusia (IPM). IPM yang dihitung secara mandiri oleh Indonesia juga terdiri atas tiga dimensi seperti halnya yang disusun oleh UNDP, yaitu dimensi umur panjang dan hidup sehat, dimensi pengetahuan, dan dimensi standar hidup yang layak."", ""3"": ""Indeks Pembangunan Manusia (IPM) adalah sebuah indeks komposit yang disusun dari sejumlah indikator untuk kemudian dihitung menggunakan metode tertentu untuk menghasilkan IPM. Dari tiga dimensi IPM di atas, terdapat empat indikator penyusun. Dalam menentukan indikator yang digunakan, IPM Indonesia juga mengacu pada standar UNDP."", ""4"": ""Indeks Pembangunan Gender (IPG) Indonesia pada tahun 2023 mencapai 92,29 atau meningkat sebanyak 0,24 poin dari tahun sebelumnya, yang menunjukkan bahwa kesenjangan capaian kemampuan dasar antara perempuan dan laki-laki yang semakin berkurang."", ""5"": ""IPM dapat digunakan sebagai alat ukur kemajuan pembangunan suatu negara atau wilayah, dan dapat digunakan untuk mengevaluasi kemajuan pembangunan dari waktu ke waktu dan antarwilayah yang berbeda.""}",3.2471245480001016,5.119065176000049,"{""total_duration"": 5116917135, ""load_duration"": 1506478, ""prompt_eval_count"": 2705, ""prompt_eval_duration"": 1224220000, ""eval_count"": 173, ""eval_duration"": 3560043000}",18.451004682000075,ok,,85edb411a3706843a8043481e3d814b59ae4ba89dd02accf4a0c122fc94c22f2,False,1.0,ok,0.672754560562654,ok,1.0,ok
Q005,2_interpretatif_ringan,trend_interpretation,Bagaimana tren Indeks Pembangunan Manusia (IPM) Indonesia dari edisi ke edisi?,S2_I01,,clean,,,trend_interpretation,,,gemma2-finetuned,"IPM Indonesia terus meningkat dari tahun 2020 hingga 2023, dengan nilai 74,39 pada tahun 2023. Percepatan kenaikan IPM terjadi pada 2023 dengan pertumbuhan 0,84 persen, dan pertumbuhannya rata-rata 0,72 persen per tahun.",gemma2-finetuned,"[""Indeks Pembangunan Manusia (IPM) Indonesia dari edisi ke edisi.""]","[1] Indeks Pembangunan Manusia 2023 | sec_019
INDEKS PEMBANGUNAN MANUSIA 2023
terpenuhi maka banyak peluang dalam aspek kehidupan manusia lainnya yang tidak kunjung terbuka. Berangkat dari konsep dasar tersebut, UNDP menyusun sebuah indeks sebagai ukuran dari capaian pembangunan manusia. Indeks komposit yang mengukur pembangunan manusia dijelaskan dan diperkenalkan sebagai Indeks Pembangunan Manusia (IPM) atau Human Development Index (HDI). UNDP pertama kali memperkenalkan IPM pada tahun 1990 melalui publikasi “ Human Development Report 1990 ”.
Sejak saat itu, UNDP menghitung IPM dan merilisnya dalam publikasi dengan judul yang sama setiap tahunnya untuk menjelaskan bagaimana masyarakat dapat memperoleh manfaat dari hasil pembangunan dalam aspek penghasilan, kesehatan, pendidikan, dan aspek lainnya. Seiring dengan perkembangan peradaban manusia dari zaman ke zaman, pengukuran IPM pun terus diupayakan penyempurnaan dari waktu ke waktu. Hingga saat ini tercatat sudah terjadi lima kali perubahan untuk perbaikan terhadap penghitungan IPM sejak pertama kali dirilis tahun 1990. Perubahan paling signifikan terjadi pada tahun 2010, dimana UNDP mengadopsi sejumlah indikator baru penyusun IPM. Sementara, pada tahun 2014, UNDP sedikit melakukan modifikasi pada metode penghitungan IPM. Gambar 1.2 di bawah ini menampilkan secara kronologis, sejarah penghitungan IPM yang dilakukan oleh UNDP dari waktu ke waktu.

[2] Indeks Pembangunan Manusia 2023 | sec_025
2.1 Pembangunan Manusia Indonesia 2023
Indeks Pembangunan Manusia (IPM) Indonesia sudah tergolong berstatus tinggi (di atas 70) sejak 2016 dan terus mengalami peningkatan yang konsisten sejak tahun 2020 hingga 2023. Dimulai dengan nilai 72,81 pada tahun 2020 yang meningkat ke 73,16 pada tahun 2021 dan terus meningkat menjadi 73,77 pada tahun 2022, hingga akhirnya IPM Indonesia mencapai 74,39 pada tahun 2023. Kenaikan IPM juga terus mengalami percepatan setiap tahun, dimulai dari 0,48 persen dari 2020 ke 2021, meningkat menjadi 0,83 persen dari 2021 ke 2022, dan mengalami peningkatan tercepat dari 2022 ke 2023 dengan pertumbuhan 0,84 persen. Secara rata-rata, pertumbuhan IPM Indonesia 20202023 adalah sebesar 0,72 persen per tahun. Rata-rata pertumbuhan: 0,72% 7439 2,77 23,16 72,81 2020 2021 2022 2023 fmm Indeks Pembangunan Manusia (IPM) ~~==@=—P~~ ertumbuhan IPM (%) Sumber: Badan Pusat Statistik Gambar 2.1 Indeks Pembangunan Manusia Indonesia, 2020–2023
Percepatan kenaikan IPM 2023 salah satunya didorong oleh dimensi standar hidup layak yang diwakili oleh pengeluaran riil per kapita yang disesuaikan yang mengalami pertumbuhan sebesar 3,66 persen dari 2022 ke 2023. Selain itu, dimensi umur panjang dan hidup sehat serta dimensi pengetahuan juga mengalami peningkatan dibandingkan tahun sebelumnya.
19

INDEKS PEMBANGUNAN MANUSIA 2023

[3] Indeks Pembangunan Manusia 2023 | sec_020
1.2.3 Indikator Pembangunan Manusia di Indonesia
Indonesia mengadopsi pengukuran pembangunan manusia UNDP dengan menghitung indeks yang sama, yaitu Indeks Pembangunan Manusia (IPM). IPM yang dihitung secara mandiri oleh Indonesia juga terdiri atas tiga dimensi seperti halnya yang disusun oleh UNDP, yaitu:
- i. dimensi umur panjang dan hidup sehat;
- ii. dimensi pengetahuan ; dan
- iii. dimensi standar hidup yang layak.
Indonesia selalu mengikuti setiap perubahan yang dilakukan oleh UNDP terkait penghitungan IPM, baik itu perubahan pada indikator yang digunakan maupun perubahan metodologi penghitungan. Sejak tahun 2015 hingga saat ini, metodologi penghitungan IPM Indonesia telah menggunakan metodologi terakhir yang disempurnakan oleh UNDP pada tahun 2014 sebagai standar penghitungan IPM. Indeks Pembangunan Manusia (IPM) adalah sebuah indeks komposit. Artinya, indeks ini disusun dari sejumlah indikator untuk kemudian dihitung menggunakan metode tertentu untuk menghasilkan IPM. Dari tiga dimensi IPM di atas, terdapat empat indikator penyusun. Dalam menentukan indikator yang digunakan, IPM Indonesia juga mengacu pada standar UNDP. Meski demikian, terdapat perbedaan pada salah satu indikator dimensi standar hidup yang layak yang dipicu oleh ketiadaan indikator yang sama dengan yang digunakan oleh UNDP pada level subnasional di Indonesia, baik di tingkat provinsi maupun kabupaten/kota. Untuk dimensi umur panjang dan hidup sehat, indikator yang digunakan adalah Umur Harapan Hidup saat Lahir (UHH) atau e0. UHH merupakan perkiraan rata-rata lamanya waktu (dalam tahun) yang akan dijalani oleh seseorang selama hidupnya. Penggunaan indikator ini didasarkan pada kenyataan bahwa umur panjang merupakan sesuatu yang tak ternilai dan dapat terwujud jikalau manusia mendapatkan nutrisi yang cukup dan kesehatan yang baik. UHH dihitung menggunakan pendekatan tak langsung ( indirect estimation ) dan di standardisasi menggunakan standar penghitungan UNDP.

[4] Indeks Pembangunan Manusia 2023 | sec_021
1.3 Indeks Pembangunan Manusia dan Perencanaan Pembangunan
IPM dapat digunakan sebagai alat ukur kemajuan pembangunan suatu negara atau wilayah. Konsepnya yang terbangun atas dasar tiga hakikat utama jati diri manusia, membuat IPM mampu menjelaskan kemajuan manusia secara keseluruhan dan dapat digunakan untuk mengevaluasi kemajuan pembangunan dari waktu ke waktu dan antarwilayah yang berbeda. Selain itu, capaian IPM antarwilayah dapat digunakan untuk memandu pemangku kebijakan dalam menyusun skala prioritas pembangunan wilayah di suatu negara. Contohnya, ketika suatu wilayah memiliki nilai IPM yang rendah di dimensi pengetahuan atau pendidikan, maka pemerintah dapat mengalihkan sumber daya dan fokus untuk meningkatkan kualitas pendidikan di wilayah tersebut. Selain untuk membantu proses perencanaan pembangunan, IPM juga dapat berperan pada proses evaluasi efektivitas kebijakan pembangunan. Dengan memperhatikan perkembangan IPM dan indikator penyusunnya dari waktu ke waktu, maka pemerintah dapat menilai apakah kebijakan yang telah dilaksanakan selama ini memiliki dampak yang positif bagi kesejahteraan masyarakat. Dari proses di atas, dapat dilihat peran penting IPM dalam siklus perencanaan pembangunan, yang dimulai dari penyediaan data dan informasi, penyusunan perencanaan pembangunan, hingga sampai pada tahap evaluasi pembangunan. Indeks Pembangunan Manusia (IPM) adalah ukuran statistik yang digunakan untuk mengevaluasi kemajuan dan kualitas hidup manusia di suatu negara (UNDP, 2023b). IPM memberikan informasi yang penting bagi pembuat kebijakan untuk mengembangkan kebijakan pembangunan yang lebih baik dan berkelanjutan.

[5] Indeks Pembangunan Manusia 2022 | sec_016
1.2.1 Manfaat Indeks Pembangunan Manusia
Indeks Pembangunan Manusia (IPM) adalah ukuran statistik yang digunakan untuk mengevaluasi kemajuan dan kualitas hidup manusia di suatu negara (UNDP, 2023b). IPM didasarkan pada tiga dimensi utama yaitu umur panjang dan hidup sehat, pengetahuan, dan standar hidup yang layak. IPM memberikan informasi yang penting bagi pembuat kebijakan untuk mengembangkan kebijakan pembangunan yang lebih baik dan berkelanjutan.","[""INDEKS PEMBANGUNAN MANUSIA 2023\nterpenuhi maka banyak peluang dalam aspek kehidupan manusia lainnya yang tidak kunjung terbuka. Berangkat dari konsep dasar tersebut, UNDP menyusun sebuah indeks sebagai ukuran dari capaian pembangunan manusia. Indeks komposit yang mengukur pembangunan manusia dijelaskan dan diperkenalkan sebagai Indeks Pembangunan Manusia (IPM) atau Human Development Index (HDI). UNDP pertama kali memperkenalkan IPM pada tahun 1990 melalui publikasi “ Human Development Report 1990 ”.\nSejak saat itu, UNDP menghitung IPM dan merilisnya dalam publikasi dengan judul yang sama setiap tahunnya untuk menjelaskan bagaimana masyarakat dapat memperoleh manfaat dari hasil pembangunan dalam aspek penghasilan, kesehatan, pendidikan, dan aspek lainnya. Seiring dengan perkembangan peradaban manusia dari zaman ke zaman, pengukuran IPM pun terus diupayakan penyempurnaan dari waktu ke waktu. Hingga saat ini tercatat sudah terjadi lima kali perubahan untuk perbaikan terhadap penghitungan IPM sejak pertama kali dirilis tahun 1990. Perubahan paling signifikan terjadi pada tahun 2010, dimana UNDP mengadopsi sejumlah indikator baru penyusun IPM. Sementara, pada tahun 2014, UNDP sedikit melakukan modifikasi pada metode penghitungan IPM. Gambar 1.2 di bawah ini menampilkan secara kronologis, sejarah penghitungan IPM yang dilakukan oleh UNDP dari waktu ke waktu."", ""2.1 Pembangunan Manusia Indonesia 2023\nIndeks Pembangunan Manusia (IPM) Indonesia sudah tergolong berstatus tinggi (di atas 70) sejak 2016 dan terus mengalami peningkatan yang konsisten sejak tahun 2020 hingga 2023. Dimulai dengan nilai 72,81 pada tahun 2020 yang meningkat ke 73,16 pada tahun 2021 dan terus meningkat menjadi 73,77 pada tahun 2022, hingga akhirnya IPM Indonesia mencapai 74,39 pada tahun 2023. Kenaikan IPM juga terus mengalami percepatan setiap tahun, dimulai dari 0,48 persen dari 2020 ke 2021, meningkat menjadi 0,83 persen dari 2021 ke 2022, dan mengalami peningkatan tercepat dari 2022 ke 2023 dengan pertumbuhan 0,84 persen. Secara rata-rata, pertumbuhan IPM Indonesia 20202023 adalah sebesar 0,72 persen per tahun. Rata-rata pertumbuhan: 0,72% 7439 2,77 23,16 72,81 2020 2021 2022 2023 fmm Indeks Pembangunan Manusia (IPM) ~~==@=—P~~ ertumbuhan IPM (%) Sumber: Badan Pusat Statistik Gambar 2.1 Indeks Pembangunan Manusia Indonesia, 2020–2023\nPercepatan kenaikan IPM 2023 salah satunya didorong oleh dimensi standar hidup layak yang diwakili oleh pengeluaran riil per kapita yang disesuaikan yang mengalami pertumbuhan sebesar 3,66 persen dari 2022 ke 2023. Selain itu, dimensi umur panjang dan hidup sehat serta dimensi pengetahuan juga mengalami peningkatan dibandingkan tahun sebelumnya.\n19\n\nINDEKS PEMBANGUNAN MANUSIA 2023"", ""1.2.3 Indikator Pembangunan Manusia di Indonesia\nIndonesia mengadopsi pengukuran pembangunan manusia UNDP dengan menghitung indeks yang sama, yaitu Indeks Pembangunan Manusia (IPM). IPM yang dihitung secara mandiri oleh Indonesia juga terdiri atas tiga dimensi seperti halnya yang disusun oleh UNDP, yaitu:\n- i. dimensi umur panjang dan hidup sehat;\n- ii. dimensi pengetahuan ; dan\n- iii. dimensi standar hidup yang layak.\nIndonesia selalu mengikuti setiap perubahan yang dilakukan oleh UNDP terkait penghitungan IPM, baik itu perubahan pada indikator yang digunakan maupun perubahan metodologi penghitungan. Sejak tahun 2015 hingga saat ini, metodologi penghitungan IPM Indonesia telah menggunakan metodologi terakhir yang disempurnakan oleh UNDP pada tahun 2014 sebagai standar penghitungan IPM. Indeks Pembangunan Manusia (IPM) adalah sebuah indeks komposit. Artinya, indeks ini disusun dari sejumlah indikator untuk kemudian dihitung menggunakan metode tertentu untuk menghasilkan IPM. Dari tiga dimensi IPM di atas, terdapat empat indikator penyusun. Dalam menentukan indikator yang digunakan, IPM Indonesia juga mengacu pada standar UNDP. Meski demikian, terdapat perbedaan pada salah satu indikator dimensi standar hidup yang layak yang dipicu oleh ketiadaan indikator yang sama dengan yang digunakan oleh UNDP pada level subnasional di Indonesia, baik di tingkat provinsi maupun kabupaten/kota. Untuk dimensi umur panjang dan hidup sehat, indikator yang digunakan adalah Umur Harapan Hidup saat Lahir (UHH) atau e0. UHH merupakan perkiraan rata-rata lamanya waktu (dalam tahun) yang akan dijalani oleh seseorang selama hidupnya. Penggunaan indikator ini didasarkan pada kenyataan bahwa umur panjang merupakan sesuatu yang tak ternilai dan dapat terwujud jikalau manusia mendapatkan nutrisi yang cukup dan kesehatan yang baik. UHH dihitung menggunakan pendekatan tak langsung ( indirect estimation ) dan di standardisasi menggunakan standar penghitungan UNDP."", ""1.3 Indeks Pembangunan Manusia dan Perencanaan Pembangunan\nIPM dapat digunakan sebagai alat ukur kemajuan pembangunan suatu negara atau wilayah. Konsepnya yang terbangun atas dasar tiga hakikat utama jati diri manusia, membuat IPM mampu menjelaskan kemajuan manusia secara keseluruhan dan dapat digunakan untuk mengevaluasi kemajuan pembangunan dari waktu ke waktu dan antarwilayah yang berbeda. Selain itu, capaian IPM antarwilayah dapat digunakan untuk memandu pemangku kebijakan dalam menyusun skala prioritas pembangunan wilayah di suatu negara. Contohnya, ketika suatu wilayah memiliki nilai IPM yang rendah di dimensi pengetahuan atau pendidikan, maka pemerintah dapat mengalihkan sumber daya dan fokus untuk meningkatkan kualitas pendidikan di wilayah tersebut. Selain untuk membantu proses perencanaan pembangunan, IPM juga dapat berperan pada proses evaluasi efektivitas kebijakan pembangunan. Dengan memperhatikan perkembangan IPM dan indikator penyusunnya dari waktu ke waktu, maka pemerintah dapat menilai apakah kebijakan yang telah dilaksanakan selama ini memiliki dampak yang positif bagi kesejahteraan masyarakat. Dari proses di atas, dapat dilihat peran penting IPM dalam siklus perencanaan pembangunan, yang dimulai dari penyediaan data dan informasi, penyusunan perencanaan pembangunan, hingga sampai pada tahap evaluasi pembangunan. Indeks Pembangunan Manusia (IPM) adalah ukuran statistik yang digunakan untuk mengevaluasi kemajuan dan kualitas hidup manusia di suatu negara (UNDP, 2023b). IPM memberikan informasi yang penting bagi pembuat kebijakan untuk mengembangkan kebijakan pembangunan yang lebih baik dan berkelanjutan."", ""1.2.1 Manfaat Indeks Pembangunan Manusia\nIndeks Pembangunan Manusia (IPM) adalah ukuran statistik yang digunakan untuk mengevaluasi kemajuan dan kualitas hidup manusia di suatu negara (UNDP, 2023b). IPM didasarkan pada tiga dimensi utama yaitu umur panjang dan hidup sehat, pengetahuan, dan standar hidup yang layak. IPM memberikan informasi yang penting bagi pembuat kebijakan untuk mengembangkan kebijakan pembangunan yang lebih baik dan berkelanjutan.""]","[{""chunk_id"": ""indeks-pembangunan-manusia-2023__sec_019__c002"", ""faiss_id"": 680, ""document_title"": ""Indeks Pembangunan Manusia 2023"", ""section_id"": ""sec_019"", ""page_start"": 35, ""page_end"": 36, ""bps_url"": ""https://www.bps.go.id/id/publication/2024/05/13/8f77e73a66a6f484c655985a/indeks-pembangunan-manusia-2023.html"", ""rerank_score"": 4.481677532196045}, {""chunk_id"": ""indeks-pembangunan-manusia-2023__sec_025__c001"", ""faiss_id"": 691, ""document_title"": ""Indeks Pembangunan Manusia 2023"", ""section_id"": ""sec_025"", ""page_start"": 43, ""page_end"": 43, ""bps_url"": ""https://www.bps.go.id/id/publication/2024/05/13/8f77e73a66a6f484c655985a/indeks-pembangunan-manusia-2023.html"", ""rerank_score"": 4.47362756729126}, {""chunk_id"": ""indeks-pembangunan-manusia-2023__sec_020__c001"", ""faiss_id"": 682, ""document_title"": ""Indeks Pembangunan Manusia 2023"", ""section_id"": ""sec_020"", ""page_start"": 37, ""page_end"": 37, ""bps_url"": ""https://www.bps.go.id/id/publication/2024/05/13/8f77e73a66a6f484c655985a/indeks-pembangunan-manusia-2023.html"", ""rerank_score"": 4.466080665588379}, {""chunk_id"": ""indeks-pembangunan-manusia-2023__sec_021__c001"", ""faiss_id"": 685, ""document_title"": ""Indeks Pembangunan Manusia 2023"", ""section_id"": ""sec_021"", ""page_start"": 38, ""page_end"": 39, ""bps_url"": ""https://www.bps.go.id/id/publication/2024/05/13/8f77e73a66a6f484c655985a/indeks-pembangunan-manusia-2023.html"", ""rerank_score"": 4.324094295501709}, {""chunk_id"": ""indeks-pembangunan-manusia-2022__sec_016__c001"", ""faiss_id"": 385, ""document_title"": ""Indeks Pembangunan Manusia 2022"", ""section_id"": ""sec_016"", ""page_start"": 22, ""page_end"": 23, ""bps_url"": ""https://www.bps.go.id/id/publication/2023/05/16/ef80bec78ab91cb5b703b943/indeks-pembangunan-manusia-2022.html"", ""rerank_score"": 4.303625583648682}]",{},2.520913400999916,2.25693936499988,"{""total_duration"": 2254868595, ""load_duration"": 1608403, ""prompt_eval_count"": 1830, ""prompt_eval_duration"": 722115000, ""eval_count"": 71, ""eval_duration"": 1190508000}",13.795740918000092,ok,,85edb411a3706843a8043481e3d814b59ae4ba89dd02accf4a0c122fc94c22f2,False,1.0,ok,0.6239189688993397,ok,1.0,ok
Q005,2_interpretatif_ringan,trend_interpretation,Bagaimana tren Indeks Pembangunan Manusia (IPM) Indonesia dari edisi ke edisi?,S2_I01,,clean,,,trend_interpretation,,,deepseek-flash,"Berdasarkan konteks yang tersedia, saya hanya dapat menjelaskan tren IPM Indonesia untuk periode 2020–2023 sebagaimana dimuat dalam publikasi edisi 2023, bukan perbandingan antar edisi publikasi.

Konteks [2] menyatakan:

> ""Indeks Pembangunan Manusia (IPM) Indonesia sudah tergolong berstatus tinggi (di atas 70) sejak 2016 dan terus mengalami peningkatan yang konsisten sejak tahun 2020 hingga 2023. Dimulai dengan nilai 72,81 pada tahun 2020 yang meningkat ke 73,16 pada tahun 2021 dan terus meningkat menjadi 73,77 pada tahun 2022, hingga akhirnya IPM Indonesia mencapai 74,39 pada tahun 2023.""

Konteks [2] juga mencatat percepatan pertumbuhan:

> ""Kenaikan IPM juga terus mengalami percepatan setiap tahun, dimulai dari 0,48 persen dari 2020 ke 2021, meningkat menjadi 0,83 persen dari 2021 ke 2022, dan mengalami peningkatan tercepat dari 2022 ke 2023 dengan pertumbuhan 0,84 persen. Secara rata-rata, pertumbuhan IPM Indonesia 2020–2023 adalah sebesar 0,72 persen per tahun.""

Jadi, dalam rentang 2020–2023, IPM Indonesia menunjukkan tren meningkat konsisten dari 72,81 menjadi 74,39, dengan laju pertumbuhan yang juga semakin cepat [2].

Perlu saya sampaikan bahwa konteks yang tersedia tidak memuat angka IPM dari edisi-edisi publikasi sebelumnya secara terpisah,",deepseek-flash,[],"[1] Indeks Pembangunan Manusia 2023 | sec_019
INDEKS PEMBANGUNAN MANUSIA 2023
terpenuhi maka banyak peluang dalam aspek kehidupan manusia lainnya yang tidak kunjung terbuka. Berangkat dari konsep dasar tersebut, UNDP menyusun sebuah indeks sebagai ukuran dari capaian pembangunan manusia. Indeks komposit yang mengukur pembangunan manusia dijelaskan dan diperkenalkan sebagai Indeks Pembangunan Manusia (IPM) atau Human Development Index (HDI). UNDP pertama kali memperkenalkan IPM pada tahun 1990 melalui publikasi “ Human Development Report 1990 ”.
Sejak saat itu, UNDP menghitung IPM dan merilisnya dalam publikasi dengan judul yang sama setiap tahunnya untuk menjelaskan bagaimana masyarakat dapat memperoleh manfaat dari hasil pembangunan dalam aspek penghasilan, kesehatan, pendidikan, dan aspek lainnya. Seiring dengan perkembangan peradaban manusia dari zaman ke zaman, pengukuran IPM pun terus diupayakan penyempurnaan dari waktu ke waktu. Hingga saat ini tercatat sudah terjadi lima kali perubahan untuk perbaikan terhadap penghitungan IPM sejak pertama kali dirilis tahun 1990. Perubahan paling signifikan terjadi pada tahun 2010, dimana UNDP mengadopsi sejumlah indikator baru penyusun IPM. Sementara, pada tahun 2014, UNDP sedikit melakukan modifikasi pada metode penghitungan IPM. Gambar 1.2 di bawah ini menampilkan secara kronologis, sejarah penghitungan IPM yang dilakukan oleh UNDP dari waktu ke waktu.

[2] Indeks Pembangunan Manusia 2023 | sec_025
2.1 Pembangunan Manusia Indonesia 2023
Indeks Pembangunan Manusia (IPM) Indonesia sudah tergolong berstatus tinggi (di atas 70) sejak 2016 dan terus mengalami peningkatan yang konsisten sejak tahun 2020 hingga 2023. Dimulai dengan nilai 72,81 pada tahun 2020 yang meningkat ke 73,16 pada tahun 2021 dan terus meningkat menjadi 73,77 pada tahun 2022, hingga akhirnya IPM Indonesia mencapai 74,39 pada tahun 2023. Kenaikan IPM juga terus mengalami percepatan setiap tahun, dimulai dari 0,48 persen dari 2020 ke 2021, meningkat menjadi 0,83 persen dari 2021 ke 2022, dan mengalami peningkatan tercepat dari 2022 ke 2023 dengan pertumbuhan 0,84 persen. Secara rata-rata, pertumbuhan IPM Indonesia 20202023 adalah sebesar 0,72 persen per tahun. Rata-rata pertumbuhan: 0,72% 7439 2,77 23,16 72,81 2020 2021 2022 2023 fmm Indeks Pembangunan Manusia (IPM) ~~==@=—P~~ ertumbuhan IPM (%) Sumber: Badan Pusat Statistik Gambar 2.1 Indeks Pembangunan Manusia Indonesia, 2020–2023
Percepatan kenaikan IPM 2023 salah satunya didorong oleh dimensi standar hidup layak yang diwakili oleh pengeluaran riil per kapita yang disesuaikan yang mengalami pertumbuhan sebesar 3,66 persen dari 2022 ke 2023. Selain itu, dimensi umur panjang dan hidup sehat serta dimensi pengetahuan juga mengalami peningkatan dibandingkan tahun sebelumnya.
19

INDEKS PEMBANGUNAN MANUSIA 2023

[3] Indeks Pembangunan Manusia 2023 | sec_020
1.2.3 Indikator Pembangunan Manusia di Indonesia
Indonesia mengadopsi pengukuran pembangunan manusia UNDP dengan menghitung indeks yang sama, yaitu Indeks Pembangunan Manusia (IPM). IPM yang dihitung secara mandiri oleh Indonesia juga terdiri atas tiga dimensi seperti halnya yang disusun oleh UNDP, yaitu:
- i. dimensi umur panjang dan hidup sehat;
- ii. dimensi pengetahuan ; dan
- iii. dimensi standar hidup yang layak.
Indonesia selalu mengikuti setiap perubahan yang dilakukan oleh UNDP terkait penghitungan IPM, baik itu perubahan pada indikator yang digunakan maupun perubahan metodologi penghitungan. Sejak tahun 2015 hingga saat ini, metodologi penghitungan IPM Indonesia telah menggunakan metodologi terakhir yang disempurnakan oleh UNDP pada tahun 2014 sebagai standar penghitungan IPM. Indeks Pembangunan Manusia (IPM) adalah sebuah indeks komposit. Artinya, indeks ini disusun dari sejumlah indikator untuk kemudian dihitung menggunakan metode tertentu untuk menghasilkan IPM. Dari tiga dimensi IPM di atas, terdapat empat indikator penyusun. Dalam menentukan indikator yang digunakan, IPM Indonesia juga mengacu pada standar UNDP. Meski demikian, terdapat perbedaan pada salah satu indikator dimensi standar hidup yang layak yang dipicu oleh ketiadaan indikator yang sama dengan yang digunakan oleh UNDP pada level subnasional di Indonesia, baik di tingkat provinsi maupun kabupaten/kota. Untuk dimensi umur panjang dan hidup sehat, indikator yang digunakan adalah Umur Harapan Hidup saat Lahir (UHH) atau e0. UHH merupakan perkiraan rata-rata lamanya waktu (dalam tahun) yang akan dijalani oleh seseorang selama hidupnya. Penggunaan indikator ini didasarkan pada kenyataan bahwa umur panjang merupakan sesuatu yang tak ternilai dan dapat terwujud jikalau manusia mendapatkan nutrisi yang cukup dan kesehatan yang baik. UHH dihitung menggunakan pendekatan tak langsung ( indirect estimation ) dan di standardisasi menggunakan standar penghitungan UNDP.

[4] Indeks Pembangunan Manusia 2023 | sec_021
1.3 Indeks Pembangunan Manusia dan Perencanaan Pembangunan
IPM dapat digunakan sebagai alat ukur kemajuan pembangunan suatu negara atau wilayah. Konsepnya yang terbangun atas dasar tiga hakikat utama jati diri manusia, membuat IPM mampu menjelaskan kemajuan manusia secara keseluruhan dan dapat digunakan untuk mengevaluasi kemajuan pembangunan dari waktu ke waktu dan antarwilayah yang berbeda. Selain itu, capaian IPM antarwilayah dapat digunakan untuk memandu pemangku kebijakan dalam menyusun skala prioritas pembangunan wilayah di suatu negara. Contohnya, ketika suatu wilayah memiliki nilai IPM yang rendah di dimensi pengetahuan atau pendidikan, maka pemerintah dapat mengalihkan sumber daya dan fokus untuk meningkatkan kualitas pendidikan di wilayah tersebut. Selain untuk membantu proses perencanaan pembangunan, IPM juga dapat berperan pada proses evaluasi efektivitas kebijakan pembangunan. Dengan memperhatikan perkembangan IPM dan indikator penyusunnya dari waktu ke waktu, maka pemerintah dapat menilai apakah kebijakan yang telah dilaksanakan selama ini memiliki dampak yang positif bagi kesejahteraan masyarakat. Dari proses di atas, dapat dilihat peran penting IPM dalam siklus perencanaan pembangunan, yang dimulai dari penyediaan data dan informasi, penyusunan perencanaan pembangunan, hingga sampai pada tahap evaluasi pembangunan. Indeks Pembangunan Manusia (IPM) adalah ukuran statistik yang digunakan untuk mengevaluasi kemajuan dan kualitas hidup manusia di suatu negara (UNDP, 2023b). IPM memberikan informasi yang penting bagi pembuat kebijakan untuk mengembangkan kebijakan pembangunan yang lebih baik dan berkelanjutan.

[5] Indeks Pembangunan Manusia 2022 | sec_016
1.2.1 Manfaat Indeks Pembangunan Manusia
Indeks Pembangunan Manusia (IPM) adalah ukuran statistik yang digunakan untuk mengevaluasi kemajuan dan kualitas hidup manusia di suatu negara (UNDP, 2023b). IPM didasarkan pada tiga dimensi utama yaitu umur panjang dan hidup sehat, pengetahuan, dan standar hidup yang layak. IPM memberikan informasi yang penting bagi pembuat kebijakan untuk mengembangkan kebijakan pembangunan yang lebih baik dan berkelanjutan.","[""INDEKS PEMBANGUNAN MANUSIA 2023\nterpenuhi maka banyak peluang dalam aspek kehidupan manusia lainnya yang tidak kunjung terbuka. Berangkat dari konsep dasar tersebut, UNDP menyusun sebuah indeks sebagai ukuran dari capaian pembangunan manusia. Indeks komposit yang mengukur pembangunan manusia dijelaskan dan diperkenalkan sebagai Indeks Pembangunan Manusia (IPM) atau Human Development Index (HDI). UNDP pertama kali memperkenalkan IPM pada tahun 1990 melalui publikasi “ Human Development Report 1990 ”.\nSejak saat itu, UNDP menghitung IPM dan merilisnya dalam publikasi dengan judul yang sama setiap tahunnya untuk menjelaskan bagaimana masyarakat dapat memperoleh manfaat dari hasil pembangunan dalam aspek penghasilan, kesehatan, pendidikan, dan aspek lainnya. Seiring dengan perkembangan peradaban manusia dari zaman ke zaman, pengukuran IPM pun terus diupayakan penyempurnaan dari waktu ke waktu. Hingga saat ini tercatat sudah terjadi lima kali perubahan untuk perbaikan terhadap penghitungan IPM sejak pertama kali dirilis tahun 1990. Perubahan paling signifikan terjadi pada tahun 2010, dimana UNDP mengadopsi sejumlah indikator baru penyusun IPM. Sementara, pada tahun 2014, UNDP sedikit melakukan modifikasi pada metode penghitungan IPM. Gambar 1.2 di bawah ini menampilkan secara kronologis, sejarah penghitungan IPM yang dilakukan oleh UNDP dari waktu ke waktu."", ""2.1 Pembangunan Manusia Indonesia 2023\nIndeks Pembangunan Manusia (IPM) Indonesia sudah tergolong berstatus tinggi (di atas 70) sejak 2016 dan terus mengalami peningkatan yang konsisten sejak tahun 2020 hingga 2023. Dimulai dengan nilai 72,81 pada tahun 2020 yang meningkat ke 73,16 pada tahun 2021 dan terus meningkat menjadi 73,77 pada tahun 2022, hingga akhirnya IPM Indonesia mencapai 74,39 pada tahun 2023. Kenaikan IPM juga terus mengalami percepatan setiap tahun, dimulai dari 0,48 persen dari 2020 ke 2021, meningkat menjadi 0,83 persen dari 2021 ke 2022, dan mengalami peningkatan tercepat dari 2022 ke 2023 dengan pertumbuhan 0,84 persen. Secara rata-rata, pertumbuhan IPM Indonesia 20202023 adalah sebesar 0,72 persen per tahun. Rata-rata pertumbuhan: 0,72% 7439 2,77 23,16 72,81 2020 2021 2022 2023 fmm Indeks Pembangunan Manusia (IPM) ~~==@=—P~~ ertumbuhan IPM (%) Sumber: Badan Pusat Statistik Gambar 2.1 Indeks Pembangunan Manusia Indonesia, 2020–2023\nPercepatan kenaikan IPM 2023 salah satunya didorong oleh dimensi standar hidup layak yang diwakili oleh pengeluaran riil per kapita yang disesuaikan yang mengalami pertumbuhan sebesar 3,66 persen dari 2022 ke 2023. Selain itu, dimensi umur panjang dan hidup sehat serta dimensi pengetahuan juga mengalami peningkatan dibandingkan tahun sebelumnya.\n19\n\nINDEKS PEMBANGUNAN MANUSIA 2023"", ""1.2.3 Indikator Pembangunan Manusia di Indonesia\nIndonesia mengadopsi pengukuran pembangunan manusia UNDP dengan menghitung indeks yang sama, yaitu Indeks Pembangunan Manusia (IPM). IPM yang dihitung secara mandiri oleh Indonesia juga terdiri atas tiga dimensi seperti halnya yang disusun oleh UNDP, yaitu:\n- i. dimensi umur panjang dan hidup sehat;\n- ii. dimensi pengetahuan ; dan\n- iii. dimensi standar hidup yang layak.\nIndonesia selalu mengikuti setiap perubahan yang dilakukan oleh UNDP terkait penghitungan IPM, baik itu perubahan pada indikator yang digunakan maupun perubahan metodologi penghitungan. Sejak tahun 2015 hingga saat ini, metodologi penghitungan IPM Indonesia telah menggunakan metodologi terakhir yang disempurnakan oleh UNDP pada tahun 2014 sebagai standar penghitungan IPM. Indeks Pembangunan Manusia (IPM) adalah sebuah indeks komposit. Artinya, indeks ini disusun dari sejumlah indikator untuk kemudian dihitung menggunakan metode tertentu untuk menghasilkan IPM. Dari tiga dimensi IPM di atas, terdapat empat indikator penyusun. Dalam menentukan indikator yang digunakan, IPM Indonesia juga mengacu pada standar UNDP. Meski demikian, terdapat perbedaan pada salah satu indikator dimensi standar hidup yang layak yang dipicu oleh ketiadaan indikator yang sama dengan yang digunakan oleh UNDP pada level subnasional di Indonesia, baik di tingkat provinsi maupun kabupaten/kota. Untuk dimensi umur panjang dan hidup sehat, indikator yang digunakan adalah Umur Harapan Hidup saat Lahir (UHH) atau e0. UHH merupakan perkiraan rata-rata lamanya waktu (dalam tahun) yang akan dijalani oleh seseorang selama hidupnya. Penggunaan indikator ini didasarkan pada kenyataan bahwa umur panjang merupakan sesuatu yang tak ternilai dan dapat terwujud jikalau manusia mendapatkan nutrisi yang cukup dan kesehatan yang baik. UHH dihitung menggunakan pendekatan tak langsung ( indirect estimation ) dan di standardisasi menggunakan standar penghitungan UNDP."", ""1.3 Indeks Pembangunan Manusia dan Perencanaan Pembangunan\nIPM dapat digunakan sebagai alat ukur kemajuan pembangunan suatu negara atau wilayah. Konsepnya yang terbangun atas dasar tiga hakikat utama jati diri manusia, membuat IPM mampu menjelaskan kemajuan manusia secara keseluruhan dan dapat digunakan untuk mengevaluasi kemajuan pembangunan dari waktu ke waktu dan antarwilayah yang berbeda. Selain itu, capaian IPM antarwilayah dapat digunakan untuk memandu pemangku kebijakan dalam menyusun skala prioritas pembangunan wilayah di suatu negara. Contohnya, ketika suatu wilayah memiliki nilai IPM yang rendah di dimensi pengetahuan atau pendidikan, maka pemerintah dapat mengalihkan sumber daya dan fokus untuk meningkatkan kualitas pendidikan di wilayah tersebut. Selain untuk membantu proses perencanaan pembangunan, IPM juga dapat berperan pada proses evaluasi efektivitas kebijakan pembangunan. Dengan memperhatikan perkembangan IPM dan indikator penyusunnya dari waktu ke waktu, maka pemerintah dapat menilai apakah kebijakan yang telah dilaksanakan selama ini memiliki dampak yang positif bagi kesejahteraan masyarakat. Dari proses di atas, dapat dilihat peran penting IPM dalam siklus perencanaan pembangunan, yang dimulai dari penyediaan data dan informasi, penyusunan perencanaan pembangunan, hingga sampai pada tahap evaluasi pembangunan. Indeks Pembangunan Manusia (IPM) adalah ukuran statistik yang digunakan untuk mengevaluasi kemajuan dan kualitas hidup manusia di suatu negara (UNDP, 2023b). IPM memberikan informasi yang penting bagi pembuat kebijakan untuk mengembangkan kebijakan pembangunan yang lebih baik dan berkelanjutan."", ""1.2.1 Manfaat Indeks Pembangunan Manusia\nIndeks Pembangunan Manusia (IPM) adalah ukuran statistik yang digunakan untuk mengevaluasi kemajuan dan kualitas hidup manusia di suatu negara (UNDP, 2023b). IPM didasarkan pada tiga dimensi utama yaitu umur panjang dan hidup sehat, pengetahuan, dan standar hidup yang layak. IPM memberikan informasi yang penting bagi pembuat kebijakan untuk mengembangkan kebijakan pembangunan yang lebih baik dan berkelanjutan.""]","[{""chunk_id"": ""indeks-pembangunan-manusia-2023__sec_019__c002"", ""faiss_id"": 680, ""document_title"": ""Indeks Pembangunan Manusia 2023"", ""section_id"": ""sec_019"", ""page_start"": 35, ""page_end"": 36, ""bps_url"": ""https://www.bps.go.id/id/publication/2024/05/13/8f77e73a66a6f484c655985a/indeks-pembangunan-manusia-2023.html"", ""rerank_score"": 4.481677532196045}, {""chunk_id"": ""indeks-pembangunan-manusia-2023__sec_025__c001"", ""faiss_id"": 691, ""document_title"": ""Indeks Pembangunan Manusia 2023"", ""section_id"": ""sec_025"", ""page_start"": 43, ""page_end"": 43, ""bps_url"": ""https://www.bps.go.id/id/publication/2024/05/13/8f77e73a66a6f484c655985a/indeks-pembangunan-manusia-2023.html"", ""rerank_score"": 4.47362756729126}, {""chunk_id"": ""indeks-pembangunan-manusia-2023__sec_020__c001"", ""faiss_id"": 682, ""document_title"": ""Indeks Pembangunan Manusia 2023"", ""section_id"": ""sec_020"", ""page_start"": 37, ""page_end"": 37, ""bps_url"": ""https://www.bps.go.id/id/publication/2024/05/13/8f77e73a66a6f484c655985a/indeks-pembangunan-manusia-2023.html"", ""rerank_score"": 4.466080665588379}, {""chunk_id"": ""indeks-pembangunan-manusia-2023__sec_021__c001"", ""faiss_id"": 685, ""document_title"": ""Indeks Pembangunan Manusia 2023"", ""section_id"": ""sec_021"", ""page_start"": 38, ""page_end"": 39, ""bps_url"": ""https://www.bps.go.id/id/publication/2024/05/13/8f77e73a66a6f484c655985a/indeks-pembangunan-manusia-2023.html"", ""rerank_score"": 4.324094295501709}, {""chunk_id"": ""indeks-pembangunan-manusia-2022__sec_016__c001"", ""faiss_id"": 385, ""document_title"": ""Indeks Pembangunan Manusia 2022"", ""section_id"": ""sec_016"", ""page_start"": 22, ""page_end"": 23, ""bps_url"": ""https://www.bps.go.id/id/publication/2023/05/16/ef80bec78ab91cb5b703b943/indeks-pembangunan-manusia-2022.html"", ""rerank_score"": 4.303625583648682}]",{},3.025198494999813,2.850906564999832,"{""prompt_tokens"": 2096, ""completion_tokens"": 512, ""total_tokens"": 2608, ""prompt_tokens_details"": {""cached_tokens"": 1920}, ""completion_tokens_details"": {""reasoning_tokens"": 151}, ""prompt_cache_hit_tokens"": 1920, ""prompt_cache_miss_tokens"": 176}",8.787689763999879,ok,,85edb411a3706843a8043481e3d814b59ae4ba89dd02accf4a0c122fc94c22f2,False,1.0,ok,0.6685683360162208,ok,1.0,ok
Q006,2_interpretatif_ringan,trend_interpretation,Kualitas hidup orang Indonesia sekarang membaik nggak sih dibanding dulu?,S2_I02,,clean,,,trend_interpretation,,,llama3.2-finetuned,"Teks menyatakan bahwa ""peningkatan kualitas hidup yang dirasakan antargender diharapkan dapat mengoptimalkan pembangunan nasional"" dan ""capaian pembangunan gender Indonesia cenderung mengalami perbaikan"" dengan IPG Indonesia meningkat dari 89,42 menjadi 91,63. Karena itu, kualitas hidup orang Indonesia sekarang membaik dibandingkan masa lalu.",llama3.2-finetuned,"[""Indonesia mengalami peningkatan kualitas hidup.""]","[1] Indeks Pembangunan Manusia 2022 | sec_009
tertinggi dibandingkan dengan seluruh kabupaten/kota (3,84 persen), sehingga disparitas capaian IPM antarkabupaten/kota menjadi lebih kecil dibandingkan tahun sebelumnya. Pembangunan manusia yang dicapai seyogyanya dirasakan secara adil oleh laki-laki maupun perempuan. Meratanya peningkatan kualitas hidup yang dirasakan antargender diharapkan dapat mengoptimalkan pembangunan nasional. Selama periode 20102022, capaian pembangunan gender Indonesia cenderung mengalami perbaikan. IPG Indonesia pada tahun 2010 adalah 89,42 dan pada tahun 2022 meningkat menjadi 91,63. Pada tahun 2022, pertumbuhan IPG mencapai 0,39 persen, dengan peningkatan IPG sebesar 0,36 poin dibanding tahun sebelumnya.

[2] Indeks Pembangunan Manusia 2024 | sec_003
Pada dimensi umur panjang dan hidup sehat, bayi yang lahir pada 2024 memiliki harapan untuk dapat hidup hingga 74,15 tahun, meningkat 0,22 tahun dibandingkan dengan mereka yang lahir pada tahun sebelumnya. Pada dimensi pengetahuan, Harapan Lama Sekolah (HLS) penduduk umur 7 tahun meningkat 0,06 tahun dibandingkan tahun sebelumnya, dari 13,15 tahun menjadi 13,21 tahun. Sementara itu, Rata-rata Lama Sekolah (RLS) penduduk umur 25 tahun ke atas meningkat 0,08 tahun, dari 8,77 tahun pada 2023 menjadi 8,85 tahun pada 2024. Dimensi standar hidup layak yang diukur berdasarkan pengeluaran riil per kapita per tahun yang disesuaikan meningkat 422 ribu rupiah (3,71 persen) dibandingkan tahun sebelumnya. Pembangunan manusia di Indonesia terus mengalami kemajuan. Sejak 2020, status pembangunan manusia Indonesia sudah berada di level “tinggi”. Selama 2020-2024, IPM Indonesia rata-rata meningkat sebesar 0,75 persen per tahun, dari 72,81 pada 2020 menjadi 75,02 pada 2024. Umur Harapan Hidup saat lahir (UHH) yang merepresentasikan dimensi umur panjang dan hidup sehat terus meningkat dari tahun ke tahun. Selama periode 2020–2024, UHH telah meningkat sebesar 0,78 tahun atau rata-rata tumbuh sebesar 0,26 persen per tahun. Pada 2020, UHH Indonesia adalah 73,37 tahun dan pada 2024 mencapai 74,15 tahun. Kedua indikator pembentuk dimensi pengetahuan juga terus meningkat. Selama periode 2020–2024, HLS Indonesia rata-rata meningkat 0,44 persen per tahun, sementara RLS meningkat 1,07 persen per tahun. Sementara itu, untuk dimensi standar hidup layak, indikator pengeluaran riil per kapita per tahun yang disesuaikan masyarakat Indonesia meningkat sebesar 2,89 persen per tahun selama periode 2020–2024. Pada tahun 2020 pengeluaran riil per kapita yang disesuaikan mencapai Rp11.013.000, meningkat menjadi Rp12.341.000 pada tahun 2024.

[3] Indeks Pembangunan Manusia 2023 | sec_009
Pada dimensi umur panjang dan hidup sehat, bayi yang lahir pada 2023 memiliki harapan untuk dapat hidup hingga 73,93 tahun, meningkat 0,23 tahun dibandingkan dengan mereka yang lahir pada tahun sebelumnya. Pada dimensi pengetahuan, Harapan Lama Sekolah (HLS) penduduk umur 7 tahun meningkat 0,05 tahun dibandingkan tahun sebelumnya, dari 13,10 tahun menjadi 13,15 tahun. Sementara itu, Rata-rata Lama Sekolah (RLS) penduduk umur 25 tahun ke atas meningkat 0,08 tahun, dari 8,69 tahun pada 2023 menjadi 8,77 tahun pada 2023. Dimensi standar hidup layak yang diukur berdasarkan pengeluaran riil per kapita per tahun yang disesuaikan meningkat 420 ribu rupiah (3,66 persen) dibandingkan tahun sebelumnya. Pembangunan manusia di Indonesia terus mengalami kemajuan. Sejak 2020, status pembangunan manusia Indonesia sudah berada di level “tinggi”. Selama 2022-2023, IPM Indonesia rata-rata meningkat sebesar 0,72 persen per tahun, dari 72,81 pada 2020 menjadi 74,39 pada 2023. Umur Harapan Hidup saat lahir (UHH) yang merepresentasikan dimensi umur panjang dan hidup sehat terus meningkat dari tahun ke tahun. Selama periode 2020 hingga 2023, UHH telah meningkat sebesar 0,56 tahun atau rata-rata tumbuh sebesar 0,25 persen per tahun. Pada 2020, UHH Indonesia adalah 73,37 tahun dan pada 2023 mencapai 73,93 tahun. Kedua indikator pembentuk dimensi pengetahuan juga terus meningkat. Selama periode 2020 hingga 2023, HLS Indonesia rata-rata meningkat 0,43 persen per tahun, sementara RLS meningkat 1,13 persen per tahun. Sementara itu, untuk dimensi standar hidup layak, indikator pengeluaran riil per kapita per tahun yang disesuaikan masyarakat Indonesia meningkat sebesar 2,09 persen per tahun selama periode 2020 hingga 2023. Pada tahun 2020 pengeluaran riil per kapita yang disesuaikan mencapai Rp11.013.000, meningkat menjadi Rp11.899.000 pada tahun 2023.","[""tertinggi dibandingkan dengan seluruh kabupaten/kota (3,84 persen), sehingga disparitas capaian IPM antarkabupaten/kota menjadi lebih kecil dibandingkan tahun sebelumnya. Pembangunan manusia yang dicapai seyogyanya dirasakan secara adil oleh laki-laki maupun perempuan. Meratanya peningkatan kualitas hidup yang dirasakan antargender diharapkan dapat mengoptimalkan pembangunan nasional. Selama periode 20102022, capaian pembangunan gender Indonesia cenderung mengalami perbaikan. IPG Indonesia pada tahun 2010 adalah 89,42 dan pada tahun 2022 meningkat menjadi 91,63. Pada tahun 2022, pertumbuhan IPG mencapai 0,39 persen, dengan peningkatan IPG sebesar 0,36 poin dibanding tahun sebelumnya."", ""Pada dimensi umur panjang dan hidup sehat, bayi yang lahir pada 2024 memiliki harapan untuk dapat hidup hingga 74,15 tahun, meningkat 0,22 tahun dibandingkan dengan mereka yang lahir pada tahun sebelumnya. Pada dimensi pengetahuan, Harapan Lama Sekolah (HLS) penduduk umur 7 tahun meningkat 0,06 tahun dibandingkan tahun sebelumnya, dari 13,15 tahun menjadi 13,21 tahun. Sementara itu, Rata-rata Lama Sekolah (RLS) penduduk umur 25 tahun ke atas meningkat 0,08 tahun, dari 8,77 tahun pada 2023 menjadi 8,85 tahun pada 2024. Dimensi standar hidup layak yang diukur berdasarkan pengeluaran riil per kapita per tahun yang disesuaikan meningkat 422 ribu rupiah (3,71 persen) dibandingkan tahun sebelumnya. Pembangunan manusia di Indonesia terus mengalami kemajuan. Sejak 2020, status pembangunan manusia Indonesia sudah berada di level “tinggi”. Selama 2020-2024, IPM Indonesia rata-rata meningkat sebesar 0,75 persen per tahun, dari 72,81 pada 2020 menjadi 75,02 pada 2024. Umur Harapan Hidup saat lahir (UHH) yang merepresentasikan dimensi umur panjang dan hidup sehat terus meningkat dari tahun ke tahun. Selama periode 2020–2024, UHH telah meningkat sebesar 0,78 tahun atau rata-rata tumbuh sebesar 0,26 persen per tahun. Pada 2020, UHH Indonesia adalah 73,37 tahun dan pada 2024 mencapai 74,15 tahun. Kedua indikator pembentuk dimensi pengetahuan juga terus meningkat. Selama periode 2020–2024, HLS Indonesia rata-rata meningkat 0,44 persen per tahun, sementara RLS meningkat 1,07 persen per tahun. Sementara itu, untuk dimensi standar hidup layak, indikator pengeluaran riil per kapita per tahun yang disesuaikan masyarakat Indonesia meningkat sebesar 2,89 persen per tahun selama periode 2020–2024. Pada tahun 2020 pengeluaran riil per kapita yang disesuaikan mencapai Rp11.013.000, meningkat menjadi Rp12.341.000 pada tahun 2024."", ""Pada dimensi umur panjang dan hidup sehat, bayi yang lahir pada 2023 memiliki harapan untuk dapat hidup hingga 73,93 tahun, meningkat 0,23 tahun dibandingkan dengan mereka yang lahir pada tahun sebelumnya. Pada dimensi pengetahuan, Harapan Lama Sekolah (HLS) penduduk umur 7 tahun meningkat 0,05 tahun dibandingkan tahun sebelumnya, dari 13,10 tahun menjadi 13,15 tahun. Sementara itu, Rata-rata Lama Sekolah (RLS) penduduk umur 25 tahun ke atas meningkat 0,08 tahun, dari 8,69 tahun pada 2023 menjadi 8,77 tahun pada 2023. Dimensi standar hidup layak yang diukur berdasarkan pengeluaran riil per kapita per tahun yang disesuaikan meningkat 420 ribu rupiah (3,66 persen) dibandingkan tahun sebelumnya. Pembangunan manusia di Indonesia terus mengalami kemajuan. Sejak 2020, status pembangunan manusia Indonesia sudah berada di level “tinggi”. Selama 2022-2023, IPM Indonesia rata-rata meningkat sebesar 0,72 persen per tahun, dari 72,81 pada 2020 menjadi 74,39 pada 2023. Umur Harapan Hidup saat lahir (UHH) yang merepresentasikan dimensi umur panjang dan hidup sehat terus meningkat dari tahun ke tahun. Selama periode 2020 hingga 2023, UHH telah meningkat sebesar 0,56 tahun atau rata-rata tumbuh sebesar 0,25 persen per tahun. Pada 2020, UHH Indonesia adalah 73,37 tahun dan pada 2023 mencapai 73,93 tahun. Kedua indikator pembentuk dimensi pengetahuan juga terus meningkat. Selama periode 2020 hingga 2023, HLS Indonesia rata-rata meningkat 0,43 persen per tahun, sementara RLS meningkat 1,13 persen per tahun. Sementara itu, untuk dimensi standar hidup layak, indikator pengeluaran riil per kapita per tahun yang disesuaikan masyarakat Indonesia meningkat sebesar 2,09 persen per tahun selama periode 2020 hingga 2023. Pada tahun 2020 pengeluaran riil per kapita yang disesuaikan mencapai Rp11.013.000, meningkat menjadi Rp11.899.000 pada tahun 2023.""]","[{""chunk_id"": ""indeks-pembangunan-manusia-2022__sec_009__c002"", ""faiss_id"": 378, ""document_title"": ""Indeks Pembangunan Manusia 2022"", ""section_id"": ""sec_009"", ""page_start"": 16, ""page_end"": null, ""bps_url"": ""https://www.bps.go.id/id/publication/2023/05/16/ef80bec78ab91cb5b703b943/indeks-pembangunan-manusia-2022.html"", ""rerank_score"": -0.27752918004989624}, {""chunk_id"": ""indeks-pembangunan-manusia-2024__sec_003__c002"", ""faiss_id"": 901, ""document_title"": ""Indeks Pembangunan Manusia 2024"", ""section_id"": ""sec_003"", ""page_start"": 9, ""page_end"": 10, ""bps_url"": ""https://www.bps.go.id/id/publication/2025/05/15/dd9a3ce7dfae1c733e46338f/indeks-pembangunan-manusia-2024.html"", ""rerank_score"": -0.32693153619766235}, {""chunk_id"": ""indeks-pembangunan-manusia-2023__sec_009__c002"", ""faiss_id"": 656, ""document_title"": ""Indeks Pembangunan Manusia 2023"", ""section_id"": ""sec_009"", ""page_start"": 25, ""page_end"": 28, ""bps_url"": ""https://www.bps.go.id/id/publication/2024/05/13/8f77e73a66a6f484c655985a/indeks-pembangunan-manusia-2023.html"", ""rerank_score"": -0.5060060620307922}]",{},2.4554581009999765,3.4669878940001126,"{""total_duration"": 3464766989, ""load_duration"": 1458140, ""prompt_eval_count"": 1807, ""prompt_eval_duration"": 866447000, ""eval_count"": 100, ""eval_duration"": 2342175000}",17.764724530999956,ok,,85edb411a3706843a8043481e3d814b59ae4ba89dd02accf4a0c122fc94c22f2,False,1.0,ok,0.6828687337718139,ok,1.0,ok
Q006,2_interpretatif_ringan,trend_interpretation,Kualitas hidup orang Indonesia sekarang membaik nggak sih dibanding dulu?,S2_I02,,clean,,,trend_interpretation,,,gemma2-finetuned,"Teks menyatakan IPM Indonesia meningkat dari 72,81 pada 2020 menjadi 75,02 pada 2024, atau naik 2,21 persen. Karena itu, kualitas hidup orang Indonesia membaik.",gemma2-finetuned,"[""Kualitas hidup orang Indonesia saat ini dibandingkan dengan masa lalu.""]","[1] Indeks Pembangunan Manusia 2022 | sec_009
tertinggi dibandingkan dengan seluruh kabupaten/kota (3,84 persen), sehingga disparitas capaian IPM antarkabupaten/kota menjadi lebih kecil dibandingkan tahun sebelumnya. Pembangunan manusia yang dicapai seyogyanya dirasakan secara adil oleh laki-laki maupun perempuan. Meratanya peningkatan kualitas hidup yang dirasakan antargender diharapkan dapat mengoptimalkan pembangunan nasional. Selama periode 20102022, capaian pembangunan gender Indonesia cenderung mengalami perbaikan. IPG Indonesia pada tahun 2010 adalah 89,42 dan pada tahun 2022 meningkat menjadi 91,63. Pada tahun 2022, pertumbuhan IPG mencapai 0,39 persen, dengan peningkatan IPG sebesar 0,36 poin dibanding tahun sebelumnya.

[2] Indeks Pembangunan Manusia 2024 | sec_003
Pada dimensi umur panjang dan hidup sehat, bayi yang lahir pada 2024 memiliki harapan untuk dapat hidup hingga 74,15 tahun, meningkat 0,22 tahun dibandingkan dengan mereka yang lahir pada tahun sebelumnya. Pada dimensi pengetahuan, Harapan Lama Sekolah (HLS) penduduk umur 7 tahun meningkat 0,06 tahun dibandingkan tahun sebelumnya, dari 13,15 tahun menjadi 13,21 tahun. Sementara itu, Rata-rata Lama Sekolah (RLS) penduduk umur 25 tahun ke atas meningkat 0,08 tahun, dari 8,77 tahun pada 2023 menjadi 8,85 tahun pada 2024. Dimensi standar hidup layak yang diukur berdasarkan pengeluaran riil per kapita per tahun yang disesuaikan meningkat 422 ribu rupiah (3,71 persen) dibandingkan tahun sebelumnya. Pembangunan manusia di Indonesia terus mengalami kemajuan. Sejak 2020, status pembangunan manusia Indonesia sudah berada di level “tinggi”. Selama 2020-2024, IPM Indonesia rata-rata meningkat sebesar 0,75 persen per tahun, dari 72,81 pada 2020 menjadi 75,02 pada 2024. Umur Harapan Hidup saat lahir (UHH) yang merepresentasikan dimensi umur panjang dan hidup sehat terus meningkat dari tahun ke tahun. Selama periode 2020–2024, UHH telah meningkat sebesar 0,78 tahun atau rata-rata tumbuh sebesar 0,26 persen per tahun. Pada 2020, UHH Indonesia adalah 73,37 tahun dan pada 2024 mencapai 74,15 tahun. Kedua indikator pembentuk dimensi pengetahuan juga terus meningkat. Selama periode 2020–2024, HLS Indonesia rata-rata meningkat 0,44 persen per tahun, sementara RLS meningkat 1,07 persen per tahun. Sementara itu, untuk dimensi standar hidup layak, indikator pengeluaran riil per kapita per tahun yang disesuaikan masyarakat Indonesia meningkat sebesar 2,89 persen per tahun selama periode 2020–2024. Pada tahun 2020 pengeluaran riil per kapita yang disesuaikan mencapai Rp11.013.000, meningkat menjadi Rp12.341.000 pada tahun 2024.

[3] Indeks Pembangunan Manusia 2023 | sec_009
Pada dimensi umur panjang dan hidup sehat, bayi yang lahir pada 2023 memiliki harapan untuk dapat hidup hingga 73,93 tahun, meningkat 0,23 tahun dibandingkan dengan mereka yang lahir pada tahun sebelumnya. Pada dimensi pengetahuan, Harapan Lama Sekolah (HLS) penduduk umur 7 tahun meningkat 0,05 tahun dibandingkan tahun sebelumnya, dari 13,10 tahun menjadi 13,15 tahun. Sementara itu, Rata-rata Lama Sekolah (RLS) penduduk umur 25 tahun ke atas meningkat 0,08 tahun, dari 8,69 tahun pada 2023 menjadi 8,77 tahun pada 2023. Dimensi standar hidup layak yang diukur berdasarkan pengeluaran riil per kapita per tahun yang disesuaikan meningkat 420 ribu rupiah (3,66 persen) dibandingkan tahun sebelumnya. Pembangunan manusia di Indonesia terus mengalami kemajuan. Sejak 2020, status pembangunan manusia Indonesia sudah berada di level “tinggi”. Selama 2022-2023, IPM Indonesia rata-rata meningkat sebesar 0,72 persen per tahun, dari 72,81 pada 2020 menjadi 74,39 pada 2023. Umur Harapan Hidup saat lahir (UHH) yang merepresentasikan dimensi umur panjang dan hidup sehat terus meningkat dari tahun ke tahun. Selama periode 2020 hingga 2023, UHH telah meningkat sebesar 0,56 tahun atau rata-rata tumbuh sebesar 0,25 persen per tahun. Pada 2020, UHH Indonesia adalah 73,37 tahun dan pada 2023 mencapai 73,93 tahun. Kedua indikator pembentuk dimensi pengetahuan juga terus meningkat. Selama periode 2020 hingga 2023, HLS Indonesia rata-rata meningkat 0,43 persen per tahun, sementara RLS meningkat 1,13 persen per tahun. Sementara itu, untuk dimensi standar hidup layak, indikator pengeluaran riil per kapita per tahun yang disesuaikan masyarakat Indonesia meningkat sebesar 2,09 persen per tahun selama periode 2020 hingga 2023. Pada tahun 2020 pengeluaran riil per kapita yang disesuaikan mencapai Rp11.013.000, meningkat menjadi Rp11.899.000 pada tahun 2023.","[""tertinggi dibandingkan dengan seluruh kabupaten/kota (3,84 persen), sehingga disparitas capaian IPM antarkabupaten/kota menjadi lebih kecil dibandingkan tahun sebelumnya. Pembangunan manusia yang dicapai seyogyanya dirasakan secara adil oleh laki-laki maupun perempuan. Meratanya peningkatan kualitas hidup yang dirasakan antargender diharapkan dapat mengoptimalkan pembangunan nasional. Selama periode 20102022, capaian pembangunan gender Indonesia cenderung mengalami perbaikan. IPG Indonesia pada tahun 2010 adalah 89,42 dan pada tahun 2022 meningkat menjadi 91,63. Pada tahun 2022, pertumbuhan IPG mencapai 0,39 persen, dengan peningkatan IPG sebesar 0,36 poin dibanding tahun sebelumnya."", ""Pada dimensi umur panjang dan hidup sehat, bayi yang lahir pada 2024 memiliki harapan untuk dapat hidup hingga 74,15 tahun, meningkat 0,22 tahun dibandingkan dengan mereka yang lahir pada tahun sebelumnya. Pada dimensi pengetahuan, Harapan Lama Sekolah (HLS) penduduk umur 7 tahun meningkat 0,06 tahun dibandingkan tahun sebelumnya, dari 13,15 tahun menjadi 13,21 tahun. Sementara itu, Rata-rata Lama Sekolah (RLS) penduduk umur 25 tahun ke atas meningkat 0,08 tahun, dari 8,77 tahun pada 2023 menjadi 8,85 tahun pada 2024. Dimensi standar hidup layak yang diukur berdasarkan pengeluaran riil per kapita per tahun yang disesuaikan meningkat 422 ribu rupiah (3,71 persen) dibandingkan tahun sebelumnya. Pembangunan manusia di Indonesia terus mengalami kemajuan. Sejak 2020, status pembangunan manusia Indonesia sudah berada di level “tinggi”. Selama 2020-2024, IPM Indonesia rata-rata meningkat sebesar 0,75 persen per tahun, dari 72,81 pada 2020 menjadi 75,02 pada 2024. Umur Harapan Hidup saat lahir (UHH) yang merepresentasikan dimensi umur panjang dan hidup sehat terus meningkat dari tahun ke tahun. Selama periode 2020–2024, UHH telah meningkat sebesar 0,78 tahun atau rata-rata tumbuh sebesar 0,26 persen per tahun. Pada 2020, UHH Indonesia adalah 73,37 tahun dan pada 2024 mencapai 74,15 tahun. Kedua indikator pembentuk dimensi pengetahuan juga terus meningkat. Selama periode 2020–2024, HLS Indonesia rata-rata meningkat 0,44 persen per tahun, sementara RLS meningkat 1,07 persen per tahun. Sementara itu, untuk dimensi standar hidup layak, indikator pengeluaran riil per kapita per tahun yang disesuaikan masyarakat Indonesia meningkat sebesar 2,89 persen per tahun selama periode 2020–2024. Pada tahun 2020 pengeluaran riil per kapita yang disesuaikan mencapai Rp11.013.000, meningkat menjadi Rp12.341.000 pada tahun 2024."", ""Pada dimensi umur panjang dan hidup sehat, bayi yang lahir pada 2023 memiliki harapan untuk dapat hidup hingga 73,93 tahun, meningkat 0,23 tahun dibandingkan dengan mereka yang lahir pada tahun sebelumnya. Pada dimensi pengetahuan, Harapan Lama Sekolah (HLS) penduduk umur 7 tahun meningkat 0,05 tahun dibandingkan tahun sebelumnya, dari 13,10 tahun menjadi 13,15 tahun. Sementara itu, Rata-rata Lama Sekolah (RLS) penduduk umur 25 tahun ke atas meningkat 0,08 tahun, dari 8,69 tahun pada 2023 menjadi 8,77 tahun pada 2023. Dimensi standar hidup layak yang diukur berdasarkan pengeluaran riil per kapita per tahun yang disesuaikan meningkat 420 ribu rupiah (3,66 persen) dibandingkan tahun sebelumnya. Pembangunan manusia di Indonesia terus mengalami kemajuan. Sejak 2020, status pembangunan manusia Indonesia sudah berada di level “tinggi”. Selama 2022-2023, IPM Indonesia rata-rata meningkat sebesar 0,72 persen per tahun, dari 72,81 pada 2020 menjadi 74,39 pada 2023. Umur Harapan Hidup saat lahir (UHH) yang merepresentasikan dimensi umur panjang dan hidup sehat terus meningkat dari tahun ke tahun. Selama periode 2020 hingga 2023, UHH telah meningkat sebesar 0,56 tahun atau rata-rata tumbuh sebesar 0,25 persen per tahun. Pada 2020, UHH Indonesia adalah 73,37 tahun dan pada 2023 mencapai 73,93 tahun. Kedua indikator pembentuk dimensi pengetahuan juga terus meningkat. Selama periode 2020 hingga 2023, HLS Indonesia rata-rata meningkat 0,43 persen per tahun, sementara RLS meningkat 1,13 persen per tahun. Sementara itu, untuk dimensi standar hidup layak, indikator pengeluaran riil per kapita per tahun yang disesuaikan masyarakat Indonesia meningkat sebesar 2,09 persen per tahun selama periode 2020 hingga 2023. Pada tahun 2020 pengeluaran riil per kapita yang disesuaikan mencapai Rp11.013.000, meningkat menjadi Rp11.899.000 pada tahun 2023.""]","[{""chunk_id"": ""indeks-pembangunan-manusia-2022__sec_009__c002"", ""faiss_id"": 378, ""document_title"": ""Indeks Pembangunan Manusia 2022"", ""section_id"": ""sec_009"", ""page_start"": 16, ""page_end"": null, ""bps_url"": ""https://www.bps.go.id/id/publication/2023/05/16/ef80bec78ab91cb5b703b943/indeks-pembangunan-manusia-2022.html"", ""rerank_score"": -0.27752918004989624}, {""chunk_id"": ""indeks-pembangunan-manusia-2024__sec_003__c002"", ""faiss_id"": 901, ""document_title"": ""Indeks Pembangunan Manusia 2024"", ""section_id"": ""sec_003"", ""page_start"": 9, ""page_end"": 10, ""bps_url"": ""https://www.bps.go.id/id/publication/2025/05/15/dd9a3ce7dfae1c733e46338f/indeks-pembangunan-manusia-2024.html"", ""rerank_score"": -0.32693153619766235}, {""chunk_id"": ""indeks-pembangunan-manusia-2023__sec_009__c002"", ""faiss_id"": 656, ""document_title"": ""Indeks Pembangunan Manusia 2023"", ""section_id"": ""sec_009"", ""page_start"": 25, ""page_end"": 28, ""bps_url"": ""https://www.bps.go.id/id/publication/2024/05/13/8f77e73a66a6f484c655985a/indeks-pembangunan-manusia-2023.html"", ""rerank_score"": -0.5060060620307922}]",{},2.437657419000061,1.8559638240001277,"{""total_duration"": 1854039078, ""load_duration"": 1487990, ""prompt_eval_count"": 1492, ""prompt_eval_duration"": 613143000, ""eval_count"": 52, ""eval_duration"": 975426000}",14.281963282000106,ok,,85edb411a3706843a8043481e3d814b59ae4ba89dd02accf4a0c122fc94c22f2,False,0.6666666666666666,ok,0.39924982770036893,ok,1.0,ok
Q006,2_interpretatif_ringan,trend_interpretation,Kualitas hidup orang Indonesia sekarang membaik nggak sih dibanding dulu?,S2_I02,,clean,,,trend_interpretation,,,deepseek-flash,,deepseek-flash,[],"[1] Indeks Pembangunan Manusia 2022 | sec_009
tertinggi dibandingkan dengan seluruh kabupaten/kota (3,84 persen), sehingga disparitas capaian IPM antarkabupaten/kota menjadi lebih kecil dibandingkan tahun sebelumnya. Pembangunan manusia yang dicapai seyogyanya dirasakan secara adil oleh laki-laki maupun perempuan. Meratanya peningkatan kualitas hidup yang dirasakan antargender diharapkan dapat mengoptimalkan pembangunan nasional. Selama periode 20102022, capaian pembangunan gender Indonesia cenderung mengalami perbaikan. IPG Indonesia pada tahun 2010 adalah 89,42 dan pada tahun 2022 meningkat menjadi 91,63. Pada tahun 2022, pertumbuhan IPG mencapai 0,39 persen, dengan peningkatan IPG sebesar 0,36 poin dibanding tahun sebelumnya.

[2] Indeks Pembangunan Manusia 2024 | sec_003
Pada dimensi umur panjang dan hidup sehat, bayi yang lahir pada 2024 memiliki harapan untuk dapat hidup hingga 74,15 tahun, meningkat 0,22 tahun dibandingkan dengan mereka yang lahir pada tahun sebelumnya. Pada dimensi pengetahuan, Harapan Lama Sekolah (HLS) penduduk umur 7 tahun meningkat 0,06 tahun dibandingkan tahun sebelumnya, dari 13,15 tahun menjadi 13,21 tahun. Sementara itu, Rata-rata Lama Sekolah (RLS) penduduk umur 25 tahun ke atas meningkat 0,08 tahun, dari 8,77 tahun pada 2023 menjadi 8,85 tahun pada 2024. Dimensi standar hidup layak yang diukur berdasarkan pengeluaran riil per kapita per tahun yang disesuaikan meningkat 422 ribu rupiah (3,71 persen) dibandingkan tahun sebelumnya. Pembangunan manusia di Indonesia terus mengalami kemajuan. Sejak 2020, status pembangunan manusia Indonesia sudah berada di level “tinggi”. Selama 2020-2024, IPM Indonesia rata-rata meningkat sebesar 0,75 persen per tahun, dari 72,81 pada 2020 menjadi 75,02 pada 2024. Umur Harapan Hidup saat lahir (UHH) yang merepresentasikan dimensi umur panjang dan hidup sehat terus meningkat dari tahun ke tahun. Selama periode 2020–2024, UHH telah meningkat sebesar 0,78 tahun atau rata-rata tumbuh sebesar 0,26 persen per tahun. Pada 2020, UHH Indonesia adalah 73,37 tahun dan pada 2024 mencapai 74,15 tahun. Kedua indikator pembentuk dimensi pengetahuan juga terus meningkat. Selama periode 2020–2024, HLS Indonesia rata-rata meningkat 0,44 persen per tahun, sementara RLS meningkat 1,07 persen per tahun. Sementara itu, untuk dimensi standar hidup layak, indikator pengeluaran riil per kapita per tahun yang disesuaikan masyarakat Indonesia meningkat sebesar 2,89 persen per tahun selama periode 2020–2024. Pada tahun 2020 pengeluaran riil per kapita yang disesuaikan mencapai Rp11.013.000, meningkat menjadi Rp12.341.000 pada tahun 2024.

[3] Indeks Pembangunan Manusia 2023 | sec_009
Pada dimensi umur panjang dan hidup sehat, bayi yang lahir pada 2023 memiliki harapan untuk dapat hidup hingga 73,93 tahun, meningkat 0,23 tahun dibandingkan dengan mereka yang lahir pada tahun sebelumnya. Pada dimensi pengetahuan, Harapan Lama Sekolah (HLS) penduduk umur 7 tahun meningkat 0,05 tahun dibandingkan tahun sebelumnya, dari 13,10 tahun menjadi 13,15 tahun. Sementara itu, Rata-rata Lama Sekolah (RLS) penduduk umur 25 tahun ke atas meningkat 0,08 tahun, dari 8,69 tahun pada 2023 menjadi 8,77 tahun pada 2023. Dimensi standar hidup layak yang diukur berdasarkan pengeluaran riil per kapita per tahun yang disesuaikan meningkat 420 ribu rupiah (3,66 persen) dibandingkan tahun sebelumnya. Pembangunan manusia di Indonesia terus mengalami kemajuan. Sejak 2020, status pembangunan manusia Indonesia sudah berada di level “tinggi”. Selama 2022-2023, IPM Indonesia rata-rata meningkat sebesar 0,72 persen per tahun, dari 72,81 pada 2020 menjadi 74,39 pada 2023. Umur Harapan Hidup saat lahir (UHH) yang merepresentasikan dimensi umur panjang dan hidup sehat terus meningkat dari tahun ke tahun. Selama periode 2020 hingga 2023, UHH telah meningkat sebesar 0,56 tahun atau rata-rata tumbuh sebesar 0,25 persen per tahun. Pada 2020, UHH Indonesia adalah 73,37 tahun dan pada 2023 mencapai 73,93 tahun. Kedua indikator pembentuk dimensi pengetahuan juga terus meningkat. Selama periode 2020 hingga 2023, HLS Indonesia rata-rata meningkat 0,43 persen per tahun, sementara RLS meningkat 1,13 persen per tahun. Sementara itu, untuk dimensi standar hidup layak, indikator pengeluaran riil per kapita per tahun yang disesuaikan masyarakat Indonesia meningkat sebesar 2,09 persen per tahun selama periode 2020 hingga 2023. Pada tahun 2020 pengeluaran riil per kapita yang disesuaikan mencapai Rp11.013.000, meningkat menjadi Rp11.899.000 pada tahun 2023.

[4] Indeks Pembangunan Manusia 2022 | sec_021
2.1 Pembangunan Manusia Indonesia di Masa Transisi Pandemi
Pandemi COVID-19 sudah memasuki tahun ketiga. Dalam kurun waktu 3 tahun, pandemi COVID-19 sangat berdampak terhadap kehidupan manusia di dunia, tak terkecuali Indonesia. Hingga akhir tahun 2022, terdapat lebih dari 6 juta kasus COVID-19 di Indonesia dengan jumlah kematian mencapai lebih dari 160 ribu jiwa. Hal itu membuat Indonesia menempati posisi kedua di Asia dan posisi pertama di Asia Tenggara dengan jumlah kematian terbanyak akibat COVID-19. Dampak akibat COVID-19 juga tercermin pada kegiatan perekonomian maupun sosial masyarakat. Kebijakan Pemberlakuan Pembatasan Kegiatan Masyarakat (PPKM) yang diterapkan oleh pemerintah membuat kegiatan masyarakat menjadi terbatas. Keterbatasan tersebut membuat manusia dipaksa untuk lebih kreatif dalam menyiasati keadaan yang ada. Kegiatan yang biasa dilakukan secara luar jaringan (luring), berubah menjadi dalam jaringan (daring) seperti work from home , school from home , bahkan shop from home . Perubahan ini tentunya berpengaruh terhadap kualitas sumber daya manusia yang ada.
Tahun 2022 situasi pandemi COVID-19 semakin terkendali. Masyarakat semakin dapat beradaptasi dengan kondisi yang ada. Berdasarkan hasil survei yang dilakukan oleh Kementerian Kesehatan, tingkat kekebalan masyarakat mencapai 98,5 persen per Juli 2022, meningkat jika dibandingkan Desember 2021 yang hanya 87,8 persen. Kondisi yang membaik itu mendorong kebijakan PPKM semakin longgar hingga per 30 Desember 2022 PPKM sudah tidak diberlakukan lagi.
Sejalan dengan kondisi yang membaik, pada tahun 2022 IPM Indonesia mencapai 72,91, tumbuh 0,86 persen, lebih cepat dibanding tahun sebelumnya yang hanya 0,49 persen pada tahun 2021 dan 0,03 persen pada tahun 2020. Pertumbuhan pada tahun 2022 hampir menyamai rata-rata pertumbuhan IPM per tahun selama 2010-2019 atau periode sebelum pandemi COVID-19. Rata-rata pertumbuhan IPM 2010-2022 sebesar 0,77 persen.","[""tertinggi dibandingkan dengan seluruh kabupaten/kota (3,84 persen), sehingga disparitas capaian IPM antarkabupaten/kota menjadi lebih kecil dibandingkan tahun sebelumnya. Pembangunan manusia yang dicapai seyogyanya dirasakan secara adil oleh laki-laki maupun perempuan. Meratanya peningkatan kualitas hidup yang dirasakan antargender diharapkan dapat mengoptimalkan pembangunan nasional. Selama periode 20102022, capaian pembangunan gender Indonesia cenderung mengalami perbaikan. IPG Indonesia pada tahun 2010 adalah 89,42 dan pada tahun 2022 meningkat menjadi 91,63. Pada tahun 2022, pertumbuhan IPG mencapai 0,39 persen, dengan peningkatan IPG sebesar 0,36 poin dibanding tahun sebelumnya."", ""Pada dimensi umur panjang dan hidup sehat, bayi yang lahir pada 2024 memiliki harapan untuk dapat hidup hingga 74,15 tahun, meningkat 0,22 tahun dibandingkan dengan mereka yang lahir pada tahun sebelumnya. Pada dimensi pengetahuan, Harapan Lama Sekolah (HLS) penduduk umur 7 tahun meningkat 0,06 tahun dibandingkan tahun sebelumnya, dari 13,15 tahun menjadi 13,21 tahun. Sementara itu, Rata-rata Lama Sekolah (RLS) penduduk umur 25 tahun ke atas meningkat 0,08 tahun, dari 8,77 tahun pada 2023 menjadi 8,85 tahun pada 2024. Dimensi standar hidup layak yang diukur berdasarkan pengeluaran riil per kapita per tahun yang disesuaikan meningkat 422 ribu rupiah (3,71 persen) dibandingkan tahun sebelumnya. Pembangunan manusia di Indonesia terus mengalami kemajuan. Sejak 2020, status pembangunan manusia Indonesia sudah berada di level “tinggi”. Selama 2020-2024, IPM Indonesia rata-rata meningkat sebesar 0,75 persen per tahun, dari 72,81 pada 2020 menjadi 75,02 pada 2024. Umur Harapan Hidup saat lahir (UHH) yang merepresentasikan dimensi umur panjang dan hidup sehat terus meningkat dari tahun ke tahun. Selama periode 2020–2024, UHH telah meningkat sebesar 0,78 tahun atau rata-rata tumbuh sebesar 0,26 persen per tahun. Pada 2020, UHH Indonesia adalah 73,37 tahun dan pada 2024 mencapai 74,15 tahun. Kedua indikator pembentuk dimensi pengetahuan juga terus meningkat. Selama periode 2020–2024, HLS Indonesia rata-rata meningkat 0,44 persen per tahun, sementara RLS meningkat 1,07 persen per tahun. Sementara itu, untuk dimensi standar hidup layak, indikator pengeluaran riil per kapita per tahun yang disesuaikan masyarakat Indonesia meningkat sebesar 2,89 persen per tahun selama periode 2020–2024. Pada tahun 2020 pengeluaran riil per kapita yang disesuaikan mencapai Rp11.013.000, meningkat menjadi Rp12.341.000 pada tahun 2024."", ""Pada dimensi umur panjang dan hidup sehat, bayi yang lahir pada 2023 memiliki harapan untuk dapat hidup hingga 73,93 tahun, meningkat 0,23 tahun dibandingkan dengan mereka yang lahir pada tahun sebelumnya. Pada dimensi pengetahuan, Harapan Lama Sekolah (HLS) penduduk umur 7 tahun meningkat 0,05 tahun dibandingkan tahun sebelumnya, dari 13,10 tahun menjadi 13,15 tahun. Sementara itu, Rata-rata Lama Sekolah (RLS) penduduk umur 25 tahun ke atas meningkat 0,08 tahun, dari 8,69 tahun pada 2023 menjadi 8,77 tahun pada 2023. Dimensi standar hidup layak yang diukur berdasarkan pengeluaran riil per kapita per tahun yang disesuaikan meningkat 420 ribu rupiah (3,66 persen) dibandingkan tahun sebelumnya. Pembangunan manusia di Indonesia terus mengalami kemajuan. Sejak 2020, status pembangunan manusia Indonesia sudah berada di level “tinggi”. Selama 2022-2023, IPM Indonesia rata-rata meningkat sebesar 0,72 persen per tahun, dari 72,81 pada 2020 menjadi 74,39 pada 2023. Umur Harapan Hidup saat lahir (UHH) yang merepresentasikan dimensi umur panjang dan hidup sehat terus meningkat dari tahun ke tahun. Selama periode 2020 hingga 2023, UHH telah meningkat sebesar 0,56 tahun atau rata-rata tumbuh sebesar 0,25 persen per tahun. Pada 2020, UHH Indonesia adalah 73,37 tahun dan pada 2023 mencapai 73,93 tahun. Kedua indikator pembentuk dimensi pengetahuan juga terus meningkat. Selama periode 2020 hingga 2023, HLS Indonesia rata-rata meningkat 0,43 persen per tahun, sementara RLS meningkat 1,13 persen per tahun. Sementara itu, untuk dimensi standar hidup layak, indikator pengeluaran riil per kapita per tahun yang disesuaikan masyarakat Indonesia meningkat sebesar 2,09 persen per tahun selama periode 2020 hingga 2023. Pada tahun 2020 pengeluaran riil per kapita yang disesuaikan mencapai Rp11.013.000, meningkat menjadi Rp11.899.000 pada tahun 2023."", ""2.1 Pembangunan Manusia Indonesia di Masa Transisi Pandemi\nPandemi COVID-19 sudah memasuki tahun ketiga. Dalam kurun waktu 3 tahun, pandemi COVID-19 sangat berdampak terhadap kehidupan manusia di dunia, tak terkecuali Indonesia. Hingga akhir tahun 2022, terdapat lebih dari 6 juta kasus COVID-19 di Indonesia dengan jumlah kematian mencapai lebih dari 160 ribu jiwa. Hal itu membuat Indonesia menempati posisi kedua di Asia dan posisi pertama di Asia Tenggara dengan jumlah kematian terbanyak akibat COVID-19. Dampak akibat COVID-19 juga tercermin pada kegiatan perekonomian maupun sosial masyarakat. Kebijakan Pemberlakuan Pembatasan Kegiatan Masyarakat (PPKM) yang diterapkan oleh pemerintah membuat kegiatan masyarakat menjadi terbatas. Keterbatasan tersebut membuat manusia dipaksa untuk lebih kreatif dalam menyiasati keadaan yang ada. Kegiatan yang biasa dilakukan secara luar jaringan (luring), berubah menjadi dalam jaringan (daring) seperti work from home , school from home , bahkan shop from home . Perubahan ini tentunya berpengaruh terhadap kualitas sumber daya manusia yang ada.\nTahun 2022 situasi pandemi COVID-19 semakin terkendali. Masyarakat semakin dapat beradaptasi dengan kondisi yang ada. Berdasarkan hasil survei yang dilakukan oleh Kementerian Kesehatan, tingkat kekebalan masyarakat mencapai 98,5 persen per Juli 2022, meningkat jika dibandingkan Desember 2021 yang hanya 87,8 persen. Kondisi yang membaik itu mendorong kebijakan PPKM semakin longgar hingga per 30 Desember 2022 PPKM sudah tidak diberlakukan lagi.\nSejalan dengan kondisi yang membaik, pada tahun 2022 IPM Indonesia mencapai 72,91, tumbuh 0,86 persen, lebih cepat dibanding tahun sebelumnya yang hanya 0,49 persen pada tahun 2021 dan 0,03 persen pada tahun 2020. Pertumbuhan pada tahun 2022 hampir menyamai rata-rata pertumbuhan IPM per tahun selama 2010-2019 atau periode sebelum pandemi COVID-19. Rata-rata pertumbuhan IPM 2010-2022 sebesar 0,77 persen.""]","[{""chunk_id"": ""indeks-pembangunan-manusia-2022__sec_009__c002"", ""faiss_id"": 378, ""document_title"": ""Indeks Pembangunan Manusia 2022"", ""section_id"": ""sec_009"", ""page_start"": 16, ""page_end"": null, ""bps_url"": ""https://www.bps.go.id/id/publication/2023/05/16/ef80bec78ab91cb5b703b943/indeks-pembangunan-manusia-2022.html"", ""rerank_score"": -0.27752918004989624}, {""chunk_id"": ""indeks-pembangunan-manusia-2024__sec_003__c002"", ""faiss_id"": 901, ""document_title"": ""Indeks Pembangunan Manusia 2024"", ""section_id"": ""sec_003"", ""page_start"": 9, ""page_end"": 10, ""bps_url"": ""https://www.bps.go.id/id/publication/2025/05/15/dd9a3ce7dfae1c733e46338f/indeks-pembangunan-manusia-2024.html"", ""rerank_score"": -0.32693153619766235}, {""chunk_id"": ""indeks-pembangunan-manusia-2023__sec_009__c002"", ""faiss_id"": 656, ""document_title"": ""Indeks Pembangunan Manusia 2023"", ""section_id"": ""sec_009"", ""page_start"": 25, ""page_end"": 28, ""bps_url"": ""https://www.bps.go.id/id/publication/2024/05/13/8f77e73a66a6f484c655985a/indeks-pembangunan-manusia-2023.html"", ""rerank_score"": -0.5060060620307922}, {""chunk_id"": ""indeks-pembangunan-manusia-2022__sec_021__c001"", ""faiss_id"": 396, ""document_title"": ""Indeks Pembangunan Manusia 2022"", ""section_id"": ""sec_021"", ""page_start"": 28, ""page_end"": 28, ""bps_url"": ""https://www.bps.go.id/id/publication/2023/05/16/ef80bec78ab91cb5b703b943/indeks-pembangunan-manusia-2022.html"", ""rerank_score"": -0.9125832915306091}]",{},3.0937886520000575,2.836415580999983,"{""prompt_tokens"": 2083, ""completion_tokens"": 512, ""total_tokens"": 2595, ""prompt_tokens_details"": {""cached_tokens"": 1920}, ""completion_tokens_details"": {""reasoning_tokens"": 512}, ""prompt_cache_hit_tokens"": 1920, ""prompt_cache_miss_tokens"": 163}",8.941399439999941,ok,,85edb411a3706843a8043481e3d814b59ae4ba89dd02accf4a0c122fc94c22f2,False,,empty_answer,,empty_answer,,empty_answer
Q007,2_interpretatif_ringan,comparative_analysis,"Bagaimana capaian penanganan stunting berdasarkan Laporan IKPS antarperiode, membaik atau memburuk?",S2_I03,,clean,,,comparative_analysis,,,llama3.2-finetuned,"Teks menyatakan bahwa pada tahun 2021-2022, mayoritas provinsi masih memiliki capaian IKPS di bawah angka nasional, dan sebagian besar provinsi dengan capaian IKPS di atas angka nasional terletak di wilayah Indonesia Bagian Barat dan Indonesia Bagian Tengah. Teks juga menyatakan bahwa penurunan capaian IKPS disebabkan penurunan capaian indeks indikator/dimensi yang lebih tinggi dibandingkan peningkatan capaian indeks indikator/dimensi penyusun IKPS. Karena itu, capaian penanganan stunting antarperiode dapat berfluktuasi, dengan mayoritas provinsi masih di bawah angka nasional dan penurunan capaian terjadi pada dimensi tertentu yang lebih tinggi daripada peningkatan dimensi lainnya.",llama3.2-finetuned,"[""Capaian penanganan stunting di Indonesia berdasarkan Laporan IKPS antarperiode menunjukkan perubahan dari 11,4 persen pada 2020 menjadi 10,9 persen pada 2021, kemudian menurun menjadi 10,5 persen pada 2022, dan terus menurun hingga 9,7""]","[1] Laporan Indeks Khusus Penanganan Stunting (IKPS) 2022–2023 | sec_009
1.2 Tujuan
Dalam rangka melakukan monitoring atas program percepatan penurunan stunting yang telah berjalan, diperlukan sebuah instrumen khusus yang dapat mengukur sejauh mana rumah tangga sasaran telah menerima berbagai intervensi. IKPS disusun untuk membandingkan bagaimana perkembangan cakupan-cakupan intervensi terhadap rumah tangga sasaran, baik secara nasional, provinsi, hingga kabupaten/kota.
Laporan Indeks Khusus Penanganan Stunting 2022–2023 disusun dengan tujuan untuk memenuhi kebutuhan data dan informasi bagi pemerintah dalam memantau kinerja penanganan stunting di Indonesia. Laporan ini diharapkan dapat bermanfaat bagi kementerian/lembaga dan pemerintah daerah. Selain itu, laporan ini juga diharapkan dapat menyediakan berbagai informasi yang dibutuhkan dalam perancangan kebijakan penanganan stunting di Indonesia.
1.3 Manfaat IKPS diharapkan tidak hanya bermanfaat bagi kementerian/lembaga di tingkat pusat, namun juga pemerintah daerah. IKPS merupakan bagian dari instrumen monitoring dan evaluasi, yang bisa dipantau secara periodik untuk melihat implementasi dari program penanganan stunting. IKPS dibangun untuk menjembatani kepentingan kementerian/lembaga dalam pelaksanaan penanganan stunting. Di lain pihak, IKPS secara tidak langsung juga dapat mencerminkan variasi pelaksanaan program penanganan stunting yang dilakukan oleh pemerintah daerah.
Pendahuluan

on 3 ? ns .| 7 e.

[2] Laporan Indeks Khusus Penanganan Stunting 2021–2022 | sec_025
Pada tahun 2021-2022, mayoritas provinsi masih memiliki capaian IKPS di bawah angka nasional. Apabila diperhatikan lebih lanjut, sebagian besar provinsi dengan capaian IKPS di atas angka nasional terletak di wilayah Indonesia Bagian Barat, dan beberapa terletak di Indonesia Bagian Tengah. Adapun untuk provinsi di Indonesia Bagian Timur, yaitu Maluku, Maluku Utara, Papua Barat, dan Papua (tidak berurutan) menempati empat peringkat terakhir dalam hal capaian IKPS (Gambar 3.2). Fenomena ini mengindikasikan masih adanya kesenjangan penanganan stunting di tingkat provinsi antarwilayah di Indonesia. Pemerintah daerah provinsi serta didukung oleh semua pihak yang terlibat perlu terus meningkatkan program percepatan penurunan stunting.
|program percepatan penurunan stunting.||
|---|---|
|Tabel 3.2||
|Perubahan IKPS Provinsi Tahun 2021-2022||
|Keterangan Jumlah Provinsi Persentase||
|(1) (2) (3) Menunjukkan peningkatan 20 58,8 <1% 12 35,3 ≥1% 8 23,5 Tidak Menunjukkan Perubahan 3 8,8 Menunjukkan penurunan 11 32,4 <1% 5 14,7 ≥1% 6 17,6 Jumlah 34 100,0 Tabel 3.2 menunjukkan perubahan capaian IKPS provinsi pada tahun 2021-2022. Sebanyak 20 provinsi mengalami peningkatan capaian IKPS. Sebagian besar provinsi mengalami peningkatan capaian IKPS kurang dari 1 persen. Adapun yang mengalami penurunan ****||
|capaian IKPS, jumlahnya sebanyak 11 provinsi, dimana 5 provinsi mengalami penurunan||
|kurang dari 1 persen dan 6 provinsi lainnya mengalami penurunan capaian IKPS 1 persen||
|atau lebih.||
Penurunan capaian IKPS disebabkan penurunan capaian indeks indikator/dimensi yang lebih tinggi dibandingkan peningkatan capaian indeks indikator/dimensi penyusun IKPS. Terdapat beragam faktor yang diduga menyebabkan terjadinya penurunan capaian indeks indikator penyusun IKPS, antara lain:

[3] Laporan Indeks Khusus Penanganan Stunting 2021–2022 | sec_007
1.2 Tujuan
Dalam rangka melakukan monitoring atas program percepatan penurunan stunting yang telah berjalan, diperlukan sebuah instrumen khusus yang dapat mengukur sejauh mana rumah tangga sasaran telah menerima berbagai intervensi. Instrumen khusus berupa IKPS ini disusun dengan tujuan agar dapat digunakan untuk membandingkan bagaimana perkembangan cakupan-cakupan intervensi terhadap rumah tangga sasaran, baik secara nasional, provinsi, hingga kabupaten/kota.
Pendahuluan
3

Laporan Indeks Khusus Penanganan Stunting 2021-2022 disusun dengan tujuan untuk memenuhi kebutuhan data dan informasi bagi pemerintah dalam memantau kinerja penanganan stunting di Indonesia. Laporan ini diharapkan dapat menjelaskan manfaat IKPS untuk kementerian/lembaga dan pemerintah daerah, serta dapat menyediakan berbagai informasi yang dibutuhkan dalam perancangan kebijakan penanganan stunting di Indonesia.

[4] Laporan Indeks Khusus Penanganan Stunting Kabupaten/Kota 2021–2022 | sec_033
1.2 Tujuan
Dalam rangka melakukan monitoring atas program percepatan penurunan stunting yang telah berjalan, diperlukan sebuah instrumen khusus yang dapat mengukur sejauh mana rumah tangga sasaran telah menerima berbagai intervensi. Instrumen khusus berupa IKPS ini disusun dengan tujuan agar dapat digunakan untuk membandingkan bagaimana perkembangan cakupan-cakupan intervensi terhadap rumah tangga sasaran, baik secara nasional, provinsi, hingga kabupaten/kota.
Pendahuluan
3

Laporan Indeks Khusus Penanganan Stunting Kabupaten/Kota 2021-2022 disusun dengan tujuan untuk memenuhi kebutuhan data dan informasi bagi pemerintah dalam memantau kinerja penanganan stunting di Indonesia. Laporan ini diharapkan dapat menjelaskan manfaat IKPS untuk kementerian/lembaga dan pemerintah daerah, serta dapat menyediakan berbagai informasi yang dibutuhkan dalam perancangan kebijakan penanganan stunting di Indonesia.

[5] Laporan Indeks Khusus Penanganan Stunting 2021–2022 | sec_006
Seperti yang telah disampaikan sebelumnya, IKPS disajikan baik pada tingkat nasional, provinsi, hingga kabupaten/kota. Berbeda dengan IKPS pada tingkat nasional dan provinsi yang disusun dari enam dimensi, yaitu dimensi kesehatan, gizi, perumahan, pangan, pendidikan, dan dimensi perlindungan sosial, IKPS tingkat kabupaten/kota hanya dibangun dari lima dimensi, yaitu tanpa mengikutsertakandimensi pangan. Hal ini dikarenakan adanya keterbatasan ketersediaan data pada tingkat kabupaten/kota. Laporan Indeks Khusus Penanganan Stunting ••••••••••••••••••••••••••••••••••••••••••••••••••••••••••••• 2021-2022 memuat capaian IKPS untuk RSE dapat digunakan untuk mengukur tingkat nasional, provinsi, dan kabupaten/kota tingkat presisi nilai estimasi indikator. dengan Relative Standard Error (RSE) kurang Jika RSE indikator penyusun IKPS dari 25 persen untuk seluruh indikator 25 persen hingga 50 persen, penyusun IKPS tahun 2021 dan 2022. Adapun pengguna data harus berhati-hati daftar lengkap capaian IKPS seluruh dalam menggunakan indikator tersebut. kabupaten/kota yang dilengkapi dengan Adapun jika RSE lebih dari 50 persen, confidence interval terdapat dalam Laporan nilai indikator dianggap tidak akurat. Indeks Khusus Penanganan Stunting Kabupaten/Kota 2021-2022. •••••••••••••••••••••••••••••••••••••••••••••••••••••••••••••","[""1.2 Tujuan\nDalam rangka melakukan monitoring atas program percepatan penurunan stunting yang telah berjalan, diperlukan sebuah instrumen khusus yang dapat mengukur sejauh mana rumah tangga sasaran telah menerima berbagai intervensi. IKPS disusun untuk membandingkan bagaimana perkembangan cakupan-cakupan intervensi terhadap rumah tangga sasaran, baik secara nasional, provinsi, hingga kabupaten/kota.\nLaporan Indeks Khusus Penanganan Stunting 2022–2023 disusun dengan tujuan untuk memenuhi kebutuhan data dan informasi bagi pemerintah dalam memantau kinerja penanganan stunting di Indonesia. Laporan ini diharapkan dapat bermanfaat bagi kementerian/lembaga dan pemerintah daerah. Selain itu, laporan ini juga diharapkan dapat menyediakan berbagai informasi yang dibutuhkan dalam perancangan kebijakan penanganan stunting di Indonesia.\n1.3 Manfaat IKPS diharapkan tidak hanya bermanfaat bagi kementerian/lembaga di tingkat pusat, namun juga pemerintah daerah. IKPS merupakan bagian dari instrumen monitoring dan evaluasi, yang bisa dipantau secara periodik untuk melihat implementasi dari program penanganan stunting. IKPS dibangun untuk menjembatani kepentingan kementerian/lembaga dalam pelaksanaan penanganan stunting. Di lain pihak, IKPS secara tidak langsung juga dapat mencerminkan variasi pelaksanaan program penanganan stunting yang dilakukan oleh pemerintah daerah.\nPendahuluan\n\non 3 ? ns .| 7 e."", ""Pada tahun 2021-2022, mayoritas provinsi masih memiliki capaian IKPS di bawah angka nasional. Apabila diperhatikan lebih lanjut, sebagian besar provinsi dengan capaian IKPS di atas angka nasional terletak di wilayah Indonesia Bagian Barat, dan beberapa terletak di Indonesia Bagian Tengah. Adapun untuk provinsi di Indonesia Bagian Timur, yaitu Maluku, Maluku Utara, Papua Barat, dan Papua (tidak berurutan) menempati empat peringkat terakhir dalam hal capaian IKPS (Gambar 3.2). Fenomena ini mengindikasikan masih adanya kesenjangan penanganan stunting di tingkat provinsi antarwilayah di Indonesia. Pemerintah daerah provinsi serta didukung oleh semua pihak yang terlibat perlu terus meningkatkan program percepatan penurunan stunting.\n|program percepatan penurunan stunting.||\n|---|---|\n|Tabel 3.2||\n|Perubahan IKPS Provinsi Tahun 2021-2022||\n|Keterangan Jumlah Provinsi Persentase||\n|(1) (2) (3) Menunjukkan peningkatan 20 58,8 <1% 12 35,3 ≥1% 8 23,5 Tidak Menunjukkan Perubahan 3 8,8 Menunjukkan penurunan 11 32,4 <1% 5 14,7 ≥1% 6 17,6 Jumlah 34 100,0 Tabel 3.2 menunjukkan perubahan capaian IKPS provinsi pada tahun 2021-2022. Sebanyak 20 provinsi mengalami peningkatan capaian IKPS. Sebagian besar provinsi mengalami peningkatan capaian IKPS kurang dari 1 persen. Adapun yang mengalami penurunan ****||\n|capaian IKPS, jumlahnya sebanyak 11 provinsi, dimana 5 provinsi mengalami penurunan||\n|kurang dari 1 persen dan 6 provinsi lainnya mengalami penurunan capaian IKPS 1 persen||\n|atau lebih.||\nPenurunan capaian IKPS disebabkan penurunan capaian indeks indikator/dimensi yang lebih tinggi dibandingkan peningkatan capaian indeks indikator/dimensi penyusun IKPS. Terdapat beragam faktor yang diduga menyebabkan terjadinya penurunan capaian indeks indikator penyusun IKPS, antara lain:"", ""1.2 Tujuan\nDalam rangka melakukan monitoring atas program percepatan penurunan stunting yang telah berjalan, diperlukan sebuah instrumen khusus yang dapat mengukur sejauh mana rumah tangga sasaran telah menerima berbagai intervensi. Instrumen khusus berupa IKPS ini disusun dengan tujuan agar dapat digunakan untuk membandingkan bagaimana perkembangan cakupan-cakupan intervensi terhadap rumah tangga sasaran, baik secara nasional, provinsi, hingga kabupaten/kota.\nPendahuluan\n3\n\nLaporan Indeks Khusus Penanganan Stunting 2021-2022 disusun dengan tujuan untuk memenuhi kebutuhan data dan informasi bagi pemerintah dalam memantau kinerja penanganan stunting di Indonesia. Laporan ini diharapkan dapat menjelaskan manfaat IKPS untuk kementerian/lembaga dan pemerintah daerah, serta dapat menyediakan berbagai informasi yang dibutuhkan dalam perancangan kebijakan penanganan stunting di Indonesia."", ""1.2 Tujuan\nDalam rangka melakukan monitoring atas program percepatan penurunan stunting yang telah berjalan, diperlukan sebuah instrumen khusus yang dapat mengukur sejauh mana rumah tangga sasaran telah menerima berbagai intervensi. Instrumen khusus berupa IKPS ini disusun dengan tujuan agar dapat digunakan untuk membandingkan bagaimana perkembangan cakupan-cakupan intervensi terhadap rumah tangga sasaran, baik secara nasional, provinsi, hingga kabupaten/kota.\nPendahuluan\n3\n\nLaporan Indeks Khusus Penanganan Stunting Kabupaten/Kota 2021-2022 disusun dengan tujuan untuk memenuhi kebutuhan data dan informasi bagi pemerintah dalam memantau kinerja penanganan stunting di Indonesia. Laporan ini diharapkan dapat menjelaskan manfaat IKPS untuk kementerian/lembaga dan pemerintah daerah, serta dapat menyediakan berbagai informasi yang dibutuhkan dalam perancangan kebijakan penanganan stunting di Indonesia."", ""Seperti yang telah disampaikan sebelumnya, IKPS disajikan baik pada tingkat nasional, provinsi, hingga kabupaten/kota. Berbeda dengan IKPS pada tingkat nasional dan provinsi yang disusun dari enam dimensi, yaitu dimensi kesehatan, gizi, perumahan, pangan, pendidikan, dan dimensi perlindungan sosial, IKPS tingkat kabupaten/kota hanya dibangun dari lima dimensi, yaitu tanpa mengikutsertakandimensi pangan. Hal ini dikarenakan adanya keterbatasan ketersediaan data pada tingkat kabupaten/kota. Laporan Indeks Khusus Penanganan Stunting ••••••••••••••••••••••••••••••••••••••••••••••••••••••••••••• 2021-2022 memuat capaian IKPS untuk RSE dapat digunakan untuk mengukur tingkat nasional, provinsi, dan kabupaten/kota tingkat presisi nilai estimasi indikator. dengan Relative Standard Error (RSE) kurang Jika RSE indikator penyusun IKPS dari 25 persen untuk seluruh indikator 25 persen hingga 50 persen, penyusun IKPS tahun 2021 dan 2022. Adapun pengguna data harus berhati-hati daftar lengkap capaian IKPS seluruh dalam menggunakan indikator tersebut. kabupaten/kota yang dilengkapi dengan Adapun jika RSE lebih dari 50 persen, confidence interval terdapat dalam Laporan nilai indikator dianggap tidak akurat. Indeks Khusus Penanganan Stunting Kabupaten/Kota 2021-2022. •••••••••••••••••••••••••••••••••••••••••••••••••••••••••••••""]","[{""chunk_id"": ""laporan-indeks-khusus-penanganan-stunting--ikps--2022-2023__sec_009__c001"", ""faiss_id"": 3731, ""document_title"": ""Laporan Indeks Khusus Penanganan Stunting (IKPS) 2022–2023"", ""section_id"": ""sec_009"", ""page_start"": 25, ""page_end"": 28, ""bps_url"": ""https://www.bps.go.id/id/publication/2024/12/19/b87a8f73426081075be407fe/laporan-indeks-khusus-penanganan-stunting--ikps--2022-2023.html"", ""rerank_score"": 3.472323417663574}, {""chunk_id"": ""laporan-indeks-khusus-penanganan-stunting-2021-2022__sec_025__c010"", ""faiss_id"": 3888, ""document_title"": ""Laporan Indeks Khusus Penanganan Stunting 2021–2022"", ""section_id"": ""sec_025"", ""page_start"": 45, ""page_end"": 51, ""bps_url"": ""https://www.bps.go.id/id/publication/2023/12/19/37ee0674d0e89152b2425e9f/laporan-indeks-khusus-penanganan-stunting-2021-2022.html"", ""rerank_score"": 2.8602821826934814}, {""chunk_id"": ""laporan-indeks-khusus-penanganan-stunting-2021-2022__sec_007__c001"", ""faiss_id"": 3840, ""document_title"": ""Laporan Indeks Khusus Penanganan Stunting 2021–2022"", ""section_id"": ""sec_007"", ""page_start"": 23, ""page_end"": 23, ""bps_url"": ""https://www.bps.go.id/id/publication/2023/12/19/37ee0674d0e89152b2425e9f/laporan-indeks-khusus-penanganan-stunting-2021-2022.html"", ""rerank_score"": 2.85544490814209}, {""chunk_id"": ""laporan-indeks-khusus-penanganan-stunting-kabupaten-kota-2021-2022__sec_033__c001"", ""faiss_id"": 3982, ""document_title"": ""Laporan Indeks Khusus Penanganan Stunting Kabupaten/Kota 2021–2022"", ""section_id"": ""sec_033"", ""page_start"": 51, ""page_end"": 51, ""bps_url"": ""https://www.bps.go.id/id/publication/2023/12/19/7d87599450712cf4bab879f2/laporan-indeks-khusus-penanganan-stunting-kabupaten-kota-2021-2022.html"", ""rerank_score"": 2.7081050872802734}, {""chunk_id"": ""laporan-indeks-khusus-penanganan-stunting-2021-2022__sec_006__c006"", ""faiss_id"": 3839, ""document_title"": ""Laporan Indeks Khusus Penanganan Stunting 2021–2022"", ""section_id"": ""sec_006"", ""page_start"": 21, ""page_end"": 22, ""bps_url"": ""https://www.bps.go.id/id/publication/2023/12/19/37ee0674d0e89152b2425e9f/laporan-indeks-khusus-penanganan-stunting-2021-2022.html"", ""rerank_score"": 2.3844239711761475}]","{""1"": ""IKPS disusun untuk membandingkan bagaimana perkembangan cakupan-cakupan intervensi terhadap rumah tangga sasaran, baik secara nasional, provinsi, hingga kabupaten/kota."", ""2"": ""Pada tahun 2021-2022, mayoritas provinsi masih memiliki capaian IKPS di bawah angka nasional, dengan sebagian besar provinsi di Indonesia Bagian Barat dan Indonesia Bagian Tengah yang memiliki capaian di atas angka nasional, dan provinsi di Indonesia Bagian Timur yang menempati empat peringkat terakhir."", ""3"": ""IKPS disusun untuk membandingkan bagaimana perkembangan cakupan-cakupan intervensi terhadap rumah tangga sasaran, baik secara nasional, provinsi, hingga kabupaten/kota."", ""4"": ""Laporan Indeks Khusus Penanganan Stunting 2021-2022 disusun untuk memenuhi kebutuhan data dan informasi bagi pemerintah dalam memantau kinerja penanganan stunting di Indonesia."", ""5"": ""IKPS tingkat kabupaten/kota hanya dibangun dari lima dimensi, yaitu tanpa mengikutsertakan dimensi pangan, karena adanya keterbatasan ketersediaan data pada tingkat kabupaten/kota."", ""6"": ""Laporan Indeks Khusus Penanganan Stunting Kabupaten/Kota 2021-2022 memuat capaian IKPS untuk tingkat kabupaten/kota, dengan RSE kurang dari 25 persen untuk seluruh indikator penyusun IKPS.""}",3.693208381999966,5.782169759999988,"{""total_duration"": 5780260868, ""load_duration"": 1665105, ""prompt_eval_count"": 2510, ""prompt_eval_duration"": 1153385000, ""eval_count"": 201, ""eval_duration"": 4317411000}",19.127968540999973,ok,,85edb411a3706843a8043481e3d814b59ae4ba89dd02accf4a0c122fc94c22f2,False,0.8571428571428571,ok,0.3900580271330087,ok,1.0,ok
Q007,2_interpretatif_ringan,comparative_analysis,"Bagaimana capaian penanganan stunting berdasarkan Laporan IKPS antarperiode, membaik atau memburuk?",S2_I03,,clean,,,comparative_analysis,,,gemma2-finetuned,"Capaian IKPS pada tingkat nasional, provinsi, dan kabupaten/kota untuk tahun 2022–2023 menunjukkan peningkatan pada 20 provinsi, peningkatan kurang dari 1 persen pada 12 provinsi, peningkatan 1 persen–lebih dari 1 persen pada 8 provinsi, serta penurunan pada 11 provinsi.",gemma2-finetuned,"[""Capaian penanganan stunting berdasarkan Laporan IKPS antarperiode.""]","[1] Laporan Indeks Khusus Penanganan Stunting (IKPS) 2022–2023 | sec_008
Terdapat lima pilar pencegahan stunting pada Stranas stunting, dengan pilar ke-lima merupakan pemantauan dan evaluasi. Pemantauan adalah kegiatan mengamati perkembangan pelaksanaan percepatan penurunan stunting, mengidentifikasi, serta mengantisipasi permasalahan yang timbul dan/atau akan timbul untuk dapat diambil tindakan sedini mungkin. Sementara itu, evaluasi mencakup rangkaian kegiatan membandingkan antartarget dan capaian pelaksanaan percepatan penurunan stunting. Indeks Khusus Penanganan Stunting (IKPS) disusun sabagai salah satu instrumen untuk mengukur kinerja pelaksanaan program percepatan penurunan stunting di tingkat nasional, provinsi, hingga tingkat kabupaten/kota dalam memenuhi aspek evaluasi. Pembahasan dan penyusunan IKPS pertama kali dilaksanakan sejak tahun 2018. Dalam perjalanannya, penyusunan IKPS terus mengalami perbaikan dengan berdasarkan diskusi dengan Sekretariat Wakil Presiden Republik Indonesia (Setwapres RI) sebagai ketua pengarah dalam koordinasi penyelenggaraan percepatan penurunan stunting, diskusi juga turut melibatkan kementerian/lembaga serta para pakar di berbagai bidang. Pencegahan stunting memerlukan intervensi gizi konvergen yang mencakup intervensi gizi spesifik dan gizi sensitif. Intervensi gizi spesifik dilaksanakan untuk mengatasi penyebab langsung terjadinya stunting. Sementara intervensi gizi sensitif dilaksanakan untuk mengatasi penyebab tidak langsung terjadinya stunting. Indikator penyusun dalam IKPS berpedoman pada penyebab langsung dan tidak langsung stunting berdasarkan pada kerangka konsep penyebab dan pencegahan stunting.

[2] Laporan Indeks Khusus Penanganan Stunting (IKPS) 2022–2023 | sec_009
1.2 Tujuan
Dalam rangka melakukan monitoring atas program percepatan penurunan stunting yang telah berjalan, diperlukan sebuah instrumen khusus yang dapat mengukur sejauh mana rumah tangga sasaran telah menerima berbagai intervensi. IKPS disusun untuk membandingkan bagaimana perkembangan cakupan-cakupan intervensi terhadap rumah tangga sasaran, baik secara nasional, provinsi, hingga kabupaten/kota.
Laporan Indeks Khusus Penanganan Stunting 2022–2023 disusun dengan tujuan untuk memenuhi kebutuhan data dan informasi bagi pemerintah dalam memantau kinerja penanganan stunting di Indonesia. Laporan ini diharapkan dapat bermanfaat bagi kementerian/lembaga dan pemerintah daerah. Selain itu, laporan ini juga diharapkan dapat menyediakan berbagai informasi yang dibutuhkan dalam perancangan kebijakan penanganan stunting di Indonesia.
1.3 Manfaat IKPS diharapkan tidak hanya bermanfaat bagi kementerian/lembaga di tingkat pusat, namun juga pemerintah daerah. IKPS merupakan bagian dari instrumen monitoring dan evaluasi, yang bisa dipantau secara periodik untuk melihat implementasi dari program penanganan stunting. IKPS dibangun untuk menjembatani kepentingan kementerian/lembaga dalam pelaksanaan penanganan stunting. Di lain pihak, IKPS secara tidak langsung juga dapat mencerminkan variasi pelaksanaan program penanganan stunting yang dilakukan oleh pemerintah daerah.
Pendahuluan

on 3 ? ns .| 7 e.

[3] Laporan Indeks Khusus Penanganan Stunting (IKPS) 2022–2023 | sec_008
Laporan Indeks Khusus Penanganan Stunting 2022–2023 memuat capaian IKPS untuk tingkat nasional, provinsi, dan perkembangan IKPS kabupaten/kota dengan Relative Standard Error (RSE) kurang dari 25 persen untuk seluruh indikator penyusun IKPS tahun 2022 dan 2023. Berbeda dengan IKPS pada tingkat nasional dan provinsi yang disusun dari enam dimensi, yaitu dimensi kesehatan, gizi, perumahan, pangan, pendidikan, dan dimensi perlindungan sosial, IKPS tingkat kabupaten/kota hanya dibangun dari lima dimensi, tanpa mengikutsertakan dimensi pangan karena adanya keterbatasan ketersediaan data pada tingkat kabupaten/kota.

[4] Laporan Indeks Khusus Penanganan Stunting 2021–2022 | sec_025
Pada tahun 2021-2022, mayoritas provinsi masih memiliki capaian IKPS di bawah angka nasional. Apabila diperhatikan lebih lanjut, sebagian besar provinsi dengan capaian IKPS di atas angka nasional terletak di wilayah Indonesia Bagian Barat, dan beberapa terletak di Indonesia Bagian Tengah. Adapun untuk provinsi di Indonesia Bagian Timur, yaitu Maluku, Maluku Utara, Papua Barat, dan Papua (tidak berurutan) menempati empat peringkat terakhir dalam hal capaian IKPS (Gambar 3.2). Fenomena ini mengindikasikan masih adanya kesenjangan penanganan stunting di tingkat provinsi antarwilayah di Indonesia. Pemerintah daerah provinsi serta didukung oleh semua pihak yang terlibat perlu terus meningkatkan program percepatan penurunan stunting.
|program percepatan penurunan stunting.||
|---|---|
|Tabel 3.2||
|Perubahan IKPS Provinsi Tahun 2021-2022||
|Keterangan Jumlah Provinsi Persentase||
|(1) (2) (3) Menunjukkan peningkatan 20 58,8 <1% 12 35,3 ≥1% 8 23,5 Tidak Menunjukkan Perubahan 3 8,8 Menunjukkan penurunan 11 32,4 <1% 5 14,7 ≥1% 6 17,6 Jumlah 34 100,0 Tabel 3.2 menunjukkan perubahan capaian IKPS provinsi pada tahun 2021-2022. Sebanyak 20 provinsi mengalami peningkatan capaian IKPS. Sebagian besar provinsi mengalami peningkatan capaian IKPS kurang dari 1 persen. Adapun yang mengalami penurunan ****||
|capaian IKPS, jumlahnya sebanyak 11 provinsi, dimana 5 provinsi mengalami penurunan||
|kurang dari 1 persen dan 6 provinsi lainnya mengalami penurunan capaian IKPS 1 persen||
|atau lebih.||
Penurunan capaian IKPS disebabkan penurunan capaian indeks indikator/dimensi yang lebih tinggi dibandingkan peningkatan capaian indeks indikator/dimensi penyusun IKPS. Terdapat beragam faktor yang diduga menyebabkan terjadinya penurunan capaian indeks indikator penyusun IKPS, antara lain:

[5] Laporan Indeks Khusus Penanganan Stunting 2021–2022 | sec_007
1.2 Tujuan
Dalam rangka melakukan monitoring atas program percepatan penurunan stunting yang telah berjalan, diperlukan sebuah instrumen khusus yang dapat mengukur sejauh mana rumah tangga sasaran telah menerima berbagai intervensi. Instrumen khusus berupa IKPS ini disusun dengan tujuan agar dapat digunakan untuk membandingkan bagaimana perkembangan cakupan-cakupan intervensi terhadap rumah tangga sasaran, baik secara nasional, provinsi, hingga kabupaten/kota.
Pendahuluan
3

Laporan Indeks Khusus Penanganan Stunting 2021-2022 disusun dengan tujuan untuk memenuhi kebutuhan data dan informasi bagi pemerintah dalam memantau kinerja penanganan stunting di Indonesia. Laporan ini diharapkan dapat menjelaskan manfaat IKPS untuk kementerian/lembaga dan pemerintah daerah, serta dapat menyediakan berbagai informasi yang dibutuhkan dalam perancangan kebijakan penanganan stunting di Indonesia.","[""Terdapat lima pilar pencegahan stunting pada Stranas stunting, dengan pilar ke-lima merupakan pemantauan dan evaluasi. Pemantauan adalah kegiatan mengamati perkembangan pelaksanaan percepatan penurunan stunting, mengidentifikasi, serta mengantisipasi permasalahan yang timbul dan/atau akan timbul untuk dapat diambil tindakan sedini mungkin. Sementara itu, evaluasi mencakup rangkaian kegiatan membandingkan antartarget dan capaian pelaksanaan percepatan penurunan stunting. Indeks Khusus Penanganan Stunting (IKPS) disusun sabagai salah satu instrumen untuk mengukur kinerja pelaksanaan program percepatan penurunan stunting di tingkat nasional, provinsi, hingga tingkat kabupaten/kota dalam memenuhi aspek evaluasi. Pembahasan dan penyusunan IKPS pertama kali dilaksanakan sejak tahun 2018. Dalam perjalanannya, penyusunan IKPS terus mengalami perbaikan dengan berdasarkan diskusi dengan Sekretariat Wakil Presiden Republik Indonesia (Setwapres RI) sebagai ketua pengarah dalam koordinasi penyelenggaraan percepatan penurunan stunting, diskusi juga turut melibatkan kementerian/lembaga serta para pakar di berbagai bidang. Pencegahan stunting memerlukan intervensi gizi konvergen yang mencakup intervensi gizi spesifik dan gizi sensitif. Intervensi gizi spesifik dilaksanakan untuk mengatasi penyebab langsung terjadinya stunting. Sementara intervensi gizi sensitif dilaksanakan untuk mengatasi penyebab tidak langsung terjadinya stunting. Indikator penyusun dalam IKPS berpedoman pada penyebab langsung dan tidak langsung stunting berdasarkan pada kerangka konsep penyebab dan pencegahan stunting."", ""1.2 Tujuan\nDalam rangka melakukan monitoring atas program percepatan penurunan stunting yang telah berjalan, diperlukan sebuah instrumen khusus yang dapat mengukur sejauh mana rumah tangga sasaran telah menerima berbagai intervensi. IKPS disusun untuk membandingkan bagaimana perkembangan cakupan-cakupan intervensi terhadap rumah tangga sasaran, baik secara nasional, provinsi, hingga kabupaten/kota.\nLaporan Indeks Khusus Penanganan Stunting 2022–2023 disusun dengan tujuan untuk memenuhi kebutuhan data dan informasi bagi pemerintah dalam memantau kinerja penanganan stunting di Indonesia. Laporan ini diharapkan dapat bermanfaat bagi kementerian/lembaga dan pemerintah daerah. Selain itu, laporan ini juga diharapkan dapat menyediakan berbagai informasi yang dibutuhkan dalam perancangan kebijakan penanganan stunting di Indonesia.\n1.3 Manfaat IKPS diharapkan tidak hanya bermanfaat bagi kementerian/lembaga di tingkat pusat, namun juga pemerintah daerah. IKPS merupakan bagian dari instrumen monitoring dan evaluasi, yang bisa dipantau secara periodik untuk melihat implementasi dari program penanganan stunting. IKPS dibangun untuk menjembatani kepentingan kementerian/lembaga dalam pelaksanaan penanganan stunting. Di lain pihak, IKPS secara tidak langsung juga dapat mencerminkan variasi pelaksanaan program penanganan stunting yang dilakukan oleh pemerintah daerah.\nPendahuluan\n\non 3 ? ns .| 7 e."", ""Laporan Indeks Khusus Penanganan Stunting 2022–2023 memuat capaian IKPS untuk tingkat nasional, provinsi, dan perkembangan IKPS kabupaten/kota dengan Relative Standard Error (RSE) kurang dari 25 persen untuk seluruh indikator penyusun IKPS tahun 2022 dan 2023. Berbeda dengan IKPS pada tingkat nasional dan provinsi yang disusun dari enam dimensi, yaitu dimensi kesehatan, gizi, perumahan, pangan, pendidikan, dan dimensi perlindungan sosial, IKPS tingkat kabupaten/kota hanya dibangun dari lima dimensi, tanpa mengikutsertakan dimensi pangan karena adanya keterbatasan ketersediaan data pada tingkat kabupaten/kota."", ""Pada tahun 2021-2022, mayoritas provinsi masih memiliki capaian IKPS di bawah angka nasional. Apabila diperhatikan lebih lanjut, sebagian besar provinsi dengan capaian IKPS di atas angka nasional terletak di wilayah Indonesia Bagian Barat, dan beberapa terletak di Indonesia Bagian Tengah. Adapun untuk provinsi di Indonesia Bagian Timur, yaitu Maluku, Maluku Utara, Papua Barat, dan Papua (tidak berurutan) menempati empat peringkat terakhir dalam hal capaian IKPS (Gambar 3.2). Fenomena ini mengindikasikan masih adanya kesenjangan penanganan stunting di tingkat provinsi antarwilayah di Indonesia. Pemerintah daerah provinsi serta didukung oleh semua pihak yang terlibat perlu terus meningkatkan program percepatan penurunan stunting.\n|program percepatan penurunan stunting.||\n|---|---|\n|Tabel 3.2||\n|Perubahan IKPS Provinsi Tahun 2021-2022||\n|Keterangan Jumlah Provinsi Persentase||\n|(1) (2) (3) Menunjukkan peningkatan 20 58,8 <1% 12 35,3 ≥1% 8 23,5 Tidak Menunjukkan Perubahan 3 8,8 Menunjukkan penurunan 11 32,4 <1% 5 14,7 ≥1% 6 17,6 Jumlah 34 100,0 Tabel 3.2 menunjukkan perubahan capaian IKPS provinsi pada tahun 2021-2022. Sebanyak 20 provinsi mengalami peningkatan capaian IKPS. Sebagian besar provinsi mengalami peningkatan capaian IKPS kurang dari 1 persen. Adapun yang mengalami penurunan ****||\n|capaian IKPS, jumlahnya sebanyak 11 provinsi, dimana 5 provinsi mengalami penurunan||\n|kurang dari 1 persen dan 6 provinsi lainnya mengalami penurunan capaian IKPS 1 persen||\n|atau lebih.||\nPenurunan capaian IKPS disebabkan penurunan capaian indeks indikator/dimensi yang lebih tinggi dibandingkan peningkatan capaian indeks indikator/dimensi penyusun IKPS. Terdapat beragam faktor yang diduga menyebabkan terjadinya penurunan capaian indeks indikator penyusun IKPS, antara lain:"", ""1.2 Tujuan\nDalam rangka melakukan monitoring atas program percepatan penurunan stunting yang telah berjalan, diperlukan sebuah instrumen khusus yang dapat mengukur sejauh mana rumah tangga sasaran telah menerima berbagai intervensi. Instrumen khusus berupa IKPS ini disusun dengan tujuan agar dapat digunakan untuk membandingkan bagaimana perkembangan cakupan-cakupan intervensi terhadap rumah tangga sasaran, baik secara nasional, provinsi, hingga kabupaten/kota.\nPendahuluan\n3\n\nLaporan Indeks Khusus Penanganan Stunting 2021-2022 disusun dengan tujuan untuk memenuhi kebutuhan data dan informasi bagi pemerintah dalam memantau kinerja penanganan stunting di Indonesia. Laporan ini diharapkan dapat menjelaskan manfaat IKPS untuk kementerian/lembaga dan pemerintah daerah, serta dapat menyediakan berbagai informasi yang dibutuhkan dalam perancangan kebijakan penanganan stunting di Indonesia.""]","[{""chunk_id"": ""laporan-indeks-khusus-penanganan-stunting--ikps--2022-2023__sec_008__c004"", ""faiss_id"": 3729, ""document_title"": ""Laporan Indeks Khusus Penanganan Stunting (IKPS) 2022–2023"", ""section_id"": ""sec_008"", ""page_start"": 23, ""page_end"": 24, ""bps_url"": ""https://www.bps.go.id/id/publication/2024/12/19/b87a8f73426081075be407fe/laporan-indeks-khusus-penanganan-stunting--ikps--2022-2023.html"", ""rerank_score"": 4.108442306518555}, {""chunk_id"": ""laporan-indeks-khusus-penanganan-stunting--ikps--2022-2023__sec_009__c001"", ""faiss_id"": 3731, ""document_title"": ""Laporan Indeks Khusus Penanganan Stunting (IKPS) 2022–2023"", ""section_id"": ""sec_009"", ""page_start"": 25, ""page_end"": 28, ""bps_url"": ""https://www.bps.go.id/id/publication/2024/12/19/b87a8f73426081075be407fe/laporan-indeks-khusus-penanganan-stunting--ikps--2022-2023.html"", ""rerank_score"": 3.472323417663574}, {""chunk_id"": ""laporan-indeks-khusus-penanganan-stunting--ikps--2022-2023__sec_008__c005"", ""faiss_id"": 3730, ""document_title"": ""Laporan Indeks Khusus Penanganan Stunting (IKPS) 2022–2023"", ""section_id"": ""sec_008"", ""page_start"": 23, ""page_end"": 24, ""bps_url"": ""https://www.bps.go.id/id/publication/2024/12/19/b87a8f73426081075be407fe/laporan-indeks-khusus-penanganan-stunting--ikps--2022-2023.html"", ""rerank_score"": 2.9391748905181885}, {""chunk_id"": ""laporan-indeks-khusus-penanganan-stunting-2021-2022__sec_025__c010"", ""faiss_id"": 3888, ""document_title"": ""Laporan Indeks Khusus Penanganan Stunting 2021–2022"", ""section_id"": ""sec_025"", ""page_start"": 45, ""page_end"": 51, ""bps_url"": ""https://www.bps.go.id/id/publication/2023/12/19/37ee0674d0e89152b2425e9f/laporan-indeks-khusus-penanganan-stunting-2021-2022.html"", ""rerank_score"": 2.8602821826934814}, {""chunk_id"": ""laporan-indeks-khusus-penanganan-stunting-2021-2022__sec_007__c001"", ""faiss_id"": 3840, ""document_title"": ""Laporan Indeks Khusus Penanganan Stunting 2021–2022"", ""section_id"": ""sec_007"", ""page_start"": 23, ""page_end"": 23, ""bps_url"": ""https://www.bps.go.id/id/publication/2023/12/19/37ee0674d0e89152b2425e9f/laporan-indeks-khusus-penanganan-stunting-2021-2022.html"", ""rerank_score"": 2.85544490814209}]","{""1"": ""Penanganan stunting membaik karena IKPS digunakan untuk membandingkan perkembangan cakupan intervensi rumah tangga sasaran, baik secara nasional, provinsi, hingga kabupaten/kota, dan penyusunan IKPS terus mengalami perbaikan dengan masukan dari Sekretariat Wakil Presiden Republik Indonesia (Setwapres RI)."", ""2"": ""IKPS disusun untuk membandingkan perkembangan cakupan-cakupan intervensi terhadap rumah tangga sasaran, baik secara nasional, provinsi, hingga kabupaten/kota, dan laporan 2022–2023 disusun untuk memenuhi kebutuhan data dan informasi bagi pemerintah dalam memantau kinerja penanganan stunting di Indonesia."", ""3"": ""Laporan 2022–2023 memuat capaian IKPS untuk tingkat nasional, provinsi, dan perkembangan IKPS kabupaten/kota dengan Relative Standard Error (RSE) kurang dari 25 persen untuk seluruh indikator penyusun IKPS tahun 2022 dan 2023, dan IKPS tingkat kabupaten/kota hanya dibangun dari lima dimensi karena keterbatasan ketersediaan data pada tingkat kabupaten/kota."", ""4"": ""Pada tahun 2021-2022, mayoritas provinsi masih memiliki capaian IKPS di bawah angka nasional, sebagian besar provinsi dengan capaian IKPS di atas angka nasional terletak di wilayah Indonesia Bagian Barat, dan provinsi di Indonesia Bagian Timur seperti Maluku, Maluku Utara, Papua Barat, dan Papua menempati empat peringkat terakhir."", ""5"": ""IKPS disusun untuk membandingkan perkembangan cakupan-cakupan intervensi terhadap rumah tangga sasaran, baik secara nasional, provinsi, hingga kabupaten/kota, dan laporan 2021-2022 disusun untuk memenuhi kebutuhan data dan informasi bagi pemerintah dalam memantau kinerja penanganan stunting di Indonesia. Laporan ini diharapkan dapat menjelaskan manfaat IKPS untuk kementerian/lembaga dan pemerintah daerah, serta dapat menyediakan berbagai informasi yang dibutuhkan dalam perancangan kebijakan penanganan stunting di Indonesia. ""}",2.6304550859999836,2.4594786499999373,"{""total_duration"": 2457332513, ""load_duration"": 2666043, ""prompt_eval_count"": 1741, ""prompt_eval_duration"": 589274000, ""eval_count"": 70, ""eval_duration"": 1504311000}",15.175476180000032,ok,,85edb411a3706843a8043481e3d814b59ae4ba89dd02accf4a0c122fc94c22f2,False,0.75,ok,0.39266688473306505,ok,1.0,ok
Q007,2_interpretatif_ringan,comparative_analysis,"Bagaimana capaian penanganan stunting berdasarkan Laporan IKPS antarperiode, membaik atau memburuk?",S2_I03,,clean,,,comparative_analysis,,,deepseek-flash,,deepseek-flash,[],"[1] Laporan Indeks Khusus Penanganan Stunting (IKPS) 2022–2023 | sec_009
1.2 Tujuan
Dalam rangka melakukan monitoring atas program percepatan penurunan stunting yang telah berjalan, diperlukan sebuah instrumen khusus yang dapat mengukur sejauh mana rumah tangga sasaran telah menerima berbagai intervensi. IKPS disusun untuk membandingkan bagaimana perkembangan cakupan-cakupan intervensi terhadap rumah tangga sasaran, baik secara nasional, provinsi, hingga kabupaten/kota.
Laporan Indeks Khusus Penanganan Stunting 2022–2023 disusun dengan tujuan untuk memenuhi kebutuhan data dan informasi bagi pemerintah dalam memantau kinerja penanganan stunting di Indonesia. Laporan ini diharapkan dapat bermanfaat bagi kementerian/lembaga dan pemerintah daerah. Selain itu, laporan ini juga diharapkan dapat menyediakan berbagai informasi yang dibutuhkan dalam perancangan kebijakan penanganan stunting di Indonesia.
1.3 Manfaat IKPS diharapkan tidak hanya bermanfaat bagi kementerian/lembaga di tingkat pusat, namun juga pemerintah daerah. IKPS merupakan bagian dari instrumen monitoring dan evaluasi, yang bisa dipantau secara periodik untuk melihat implementasi dari program penanganan stunting. IKPS dibangun untuk menjembatani kepentingan kementerian/lembaga dalam pelaksanaan penanganan stunting. Di lain pihak, IKPS secara tidak langsung juga dapat mencerminkan variasi pelaksanaan program penanganan stunting yang dilakukan oleh pemerintah daerah.
Pendahuluan

on 3 ? ns .| 7 e.

[2] Laporan Indeks Khusus Penanganan Stunting (IKPS) 2022–2023 | sec_008
Laporan Indeks Khusus Penanganan Stunting 2022–2023 memuat capaian IKPS untuk tingkat nasional, provinsi, dan perkembangan IKPS kabupaten/kota dengan Relative Standard Error (RSE) kurang dari 25 persen untuk seluruh indikator penyusun IKPS tahun 2022 dan 2023. Berbeda dengan IKPS pada tingkat nasional dan provinsi yang disusun dari enam dimensi, yaitu dimensi kesehatan, gizi, perumahan, pangan, pendidikan, dan dimensi perlindungan sosial, IKPS tingkat kabupaten/kota hanya dibangun dari lima dimensi, tanpa mengikutsertakan dimensi pangan karena adanya keterbatasan ketersediaan data pada tingkat kabupaten/kota.

[3] Laporan Indeks Khusus Penanganan Stunting 2021–2022 | sec_025
Pada tahun 2021-2022, mayoritas provinsi masih memiliki capaian IKPS di bawah angka nasional. Apabila diperhatikan lebih lanjut, sebagian besar provinsi dengan capaian IKPS di atas angka nasional terletak di wilayah Indonesia Bagian Barat, dan beberapa terletak di Indonesia Bagian Tengah. Adapun untuk provinsi di Indonesia Bagian Timur, yaitu Maluku, Maluku Utara, Papua Barat, dan Papua (tidak berurutan) menempati empat peringkat terakhir dalam hal capaian IKPS (Gambar 3.2). Fenomena ini mengindikasikan masih adanya kesenjangan penanganan stunting di tingkat provinsi antarwilayah di Indonesia. Pemerintah daerah provinsi serta didukung oleh semua pihak yang terlibat perlu terus meningkatkan program percepatan penurunan stunting.
|program percepatan penurunan stunting.||
|---|---|
|Tabel 3.2||
|Perubahan IKPS Provinsi Tahun 2021-2022||
|Keterangan Jumlah Provinsi Persentase||
|(1) (2) (3) Menunjukkan peningkatan 20 58,8 <1% 12 35,3 ≥1% 8 23,5 Tidak Menunjukkan Perubahan 3 8,8 Menunjukkan penurunan 11 32,4 <1% 5 14,7 ≥1% 6 17,6 Jumlah 34 100,0 Tabel 3.2 menunjukkan perubahan capaian IKPS provinsi pada tahun 2021-2022. Sebanyak 20 provinsi mengalami peningkatan capaian IKPS. Sebagian besar provinsi mengalami peningkatan capaian IKPS kurang dari 1 persen. Adapun yang mengalami penurunan ****||
|capaian IKPS, jumlahnya sebanyak 11 provinsi, dimana 5 provinsi mengalami penurunan||
|kurang dari 1 persen dan 6 provinsi lainnya mengalami penurunan capaian IKPS 1 persen||
|atau lebih.||
Penurunan capaian IKPS disebabkan penurunan capaian indeks indikator/dimensi yang lebih tinggi dibandingkan peningkatan capaian indeks indikator/dimensi penyusun IKPS. Terdapat beragam faktor yang diduga menyebabkan terjadinya penurunan capaian indeks indikator penyusun IKPS, antara lain:

[4] Laporan Indeks Khusus Penanganan Stunting 2021–2022 | sec_007
1.2 Tujuan
Dalam rangka melakukan monitoring atas program percepatan penurunan stunting yang telah berjalan, diperlukan sebuah instrumen khusus yang dapat mengukur sejauh mana rumah tangga sasaran telah menerima berbagai intervensi. Instrumen khusus berupa IKPS ini disusun dengan tujuan agar dapat digunakan untuk membandingkan bagaimana perkembangan cakupan-cakupan intervensi terhadap rumah tangga sasaran, baik secara nasional, provinsi, hingga kabupaten/kota.
Pendahuluan
3

Laporan Indeks Khusus Penanganan Stunting 2021-2022 disusun dengan tujuan untuk memenuhi kebutuhan data dan informasi bagi pemerintah dalam memantau kinerja penanganan stunting di Indonesia. Laporan ini diharapkan dapat menjelaskan manfaat IKPS untuk kementerian/lembaga dan pemerintah daerah, serta dapat menyediakan berbagai informasi yang dibutuhkan dalam perancangan kebijakan penanganan stunting di Indonesia.

[5] Laporan Indeks Khusus Penanganan Stunting Kabupaten/Kota 2021–2022 | sec_033
1.2 Tujuan
Dalam rangka melakukan monitoring atas program percepatan penurunan stunting yang telah berjalan, diperlukan sebuah instrumen khusus yang dapat mengukur sejauh mana rumah tangga sasaran telah menerima berbagai intervensi. Instrumen khusus berupa IKPS ini disusun dengan tujuan agar dapat digunakan untuk membandingkan bagaimana perkembangan cakupan-cakupan intervensi terhadap rumah tangga sasaran, baik secara nasional, provinsi, hingga kabupaten/kota.
Pendahuluan
3

Laporan Indeks Khusus Penanganan Stunting Kabupaten/Kota 2021-2022 disusun dengan tujuan untuk memenuhi kebutuhan data dan informasi bagi pemerintah dalam memantau kinerja penanganan stunting di Indonesia. Laporan ini diharapkan dapat menjelaskan manfaat IKPS untuk kementerian/lembaga dan pemerintah daerah, serta dapat menyediakan berbagai informasi yang dibutuhkan dalam perancangan kebijakan penanganan stunting di Indonesia.","[""1.2 Tujuan\nDalam rangka melakukan monitoring atas program percepatan penurunan stunting yang telah berjalan, diperlukan sebuah instrumen khusus yang dapat mengukur sejauh mana rumah tangga sasaran telah menerima berbagai intervensi. IKPS disusun untuk membandingkan bagaimana perkembangan cakupan-cakupan intervensi terhadap rumah tangga sasaran, baik secara nasional, provinsi, hingga kabupaten/kota.\nLaporan Indeks Khusus Penanganan Stunting 2022–2023 disusun dengan tujuan untuk memenuhi kebutuhan data dan informasi bagi pemerintah dalam memantau kinerja penanganan stunting di Indonesia. Laporan ini diharapkan dapat bermanfaat bagi kementerian/lembaga dan pemerintah daerah. Selain itu, laporan ini juga diharapkan dapat menyediakan berbagai informasi yang dibutuhkan dalam perancangan kebijakan penanganan stunting di Indonesia.\n1.3 Manfaat IKPS diharapkan tidak hanya bermanfaat bagi kementerian/lembaga di tingkat pusat, namun juga pemerintah daerah. IKPS merupakan bagian dari instrumen monitoring dan evaluasi, yang bisa dipantau secara periodik untuk melihat implementasi dari program penanganan stunting. IKPS dibangun untuk menjembatani kepentingan kementerian/lembaga dalam pelaksanaan penanganan stunting. Di lain pihak, IKPS secara tidak langsung juga dapat mencerminkan variasi pelaksanaan program penanganan stunting yang dilakukan oleh pemerintah daerah.\nPendahuluan\n\non 3 ? ns .| 7 e."", ""Laporan Indeks Khusus Penanganan Stunting 2022–2023 memuat capaian IKPS untuk tingkat nasional, provinsi, dan perkembangan IKPS kabupaten/kota dengan Relative Standard Error (RSE) kurang dari 25 persen untuk seluruh indikator penyusun IKPS tahun 2022 dan 2023. Berbeda dengan IKPS pada tingkat nasional dan provinsi yang disusun dari enam dimensi, yaitu dimensi kesehatan, gizi, perumahan, pangan, pendidikan, dan dimensi perlindungan sosial, IKPS tingkat kabupaten/kota hanya dibangun dari lima dimensi, tanpa mengikutsertakan dimensi pangan karena adanya keterbatasan ketersediaan data pada tingkat kabupaten/kota."", ""Pada tahun 2021-2022, mayoritas provinsi masih memiliki capaian IKPS di bawah angka nasional. Apabila diperhatikan lebih lanjut, sebagian besar provinsi dengan capaian IKPS di atas angka nasional terletak di wilayah Indonesia Bagian Barat, dan beberapa terletak di Indonesia Bagian Tengah. Adapun untuk provinsi di Indonesia Bagian Timur, yaitu Maluku, Maluku Utara, Papua Barat, dan Papua (tidak berurutan) menempati empat peringkat terakhir dalam hal capaian IKPS (Gambar 3.2). Fenomena ini mengindikasikan masih adanya kesenjangan penanganan stunting di tingkat provinsi antarwilayah di Indonesia. Pemerintah daerah provinsi serta didukung oleh semua pihak yang terlibat perlu terus meningkatkan program percepatan penurunan stunting.\n|program percepatan penurunan stunting.||\n|---|---|\n|Tabel 3.2||\n|Perubahan IKPS Provinsi Tahun 2021-2022||\n|Keterangan Jumlah Provinsi Persentase||\n|(1) (2) (3) Menunjukkan peningkatan 20 58,8 <1% 12 35,3 ≥1% 8 23,5 Tidak Menunjukkan Perubahan 3 8,8 Menunjukkan penurunan 11 32,4 <1% 5 14,7 ≥1% 6 17,6 Jumlah 34 100,0 Tabel 3.2 menunjukkan perubahan capaian IKPS provinsi pada tahun 2021-2022. Sebanyak 20 provinsi mengalami peningkatan capaian IKPS. Sebagian besar provinsi mengalami peningkatan capaian IKPS kurang dari 1 persen. Adapun yang mengalami penurunan ****||\n|capaian IKPS, jumlahnya sebanyak 11 provinsi, dimana 5 provinsi mengalami penurunan||\n|kurang dari 1 persen dan 6 provinsi lainnya mengalami penurunan capaian IKPS 1 persen||\n|atau lebih.||\nPenurunan capaian IKPS disebabkan penurunan capaian indeks indikator/dimensi yang lebih tinggi dibandingkan peningkatan capaian indeks indikator/dimensi penyusun IKPS. Terdapat beragam faktor yang diduga menyebabkan terjadinya penurunan capaian indeks indikator penyusun IKPS, antara lain:"", ""1.2 Tujuan\nDalam rangka melakukan monitoring atas program percepatan penurunan stunting yang telah berjalan, diperlukan sebuah instrumen khusus yang dapat mengukur sejauh mana rumah tangga sasaran telah menerima berbagai intervensi. Instrumen khusus berupa IKPS ini disusun dengan tujuan agar dapat digunakan untuk membandingkan bagaimana perkembangan cakupan-cakupan intervensi terhadap rumah tangga sasaran, baik secara nasional, provinsi, hingga kabupaten/kota.\nPendahuluan\n3\n\nLaporan Indeks Khusus Penanganan Stunting 2021-2022 disusun dengan tujuan untuk memenuhi kebutuhan data dan informasi bagi pemerintah dalam memantau kinerja penanganan stunting di Indonesia. Laporan ini diharapkan dapat menjelaskan manfaat IKPS untuk kementerian/lembaga dan pemerintah daerah, serta dapat menyediakan berbagai informasi yang dibutuhkan dalam perancangan kebijakan penanganan stunting di Indonesia."", ""1.2 Tujuan\nDalam rangka melakukan monitoring atas program percepatan penurunan stunting yang telah berjalan, diperlukan sebuah instrumen khusus yang dapat mengukur sejauh mana rumah tangga sasaran telah menerima berbagai intervensi. Instrumen khusus berupa IKPS ini disusun dengan tujuan agar dapat digunakan untuk membandingkan bagaimana perkembangan cakupan-cakupan intervensi terhadap rumah tangga sasaran, baik secara nasional, provinsi, hingga kabupaten/kota.\nPendahuluan\n3\n\nLaporan Indeks Khusus Penanganan Stunting Kabupaten/Kota 2021-2022 disusun dengan tujuan untuk memenuhi kebutuhan data dan informasi bagi pemerintah dalam memantau kinerja penanganan stunting di Indonesia. Laporan ini diharapkan dapat menjelaskan manfaat IKPS untuk kementerian/lembaga dan pemerintah daerah, serta dapat menyediakan berbagai informasi yang dibutuhkan dalam perancangan kebijakan penanganan stunting di Indonesia.""]","[{""chunk_id"": ""laporan-indeks-khusus-penanganan-stunting--ikps--2022-2023__sec_009__c001"", ""faiss_id"": 3731, ""document_title"": ""Laporan Indeks Khusus Penanganan Stunting (IKPS) 2022–2023"", ""section_id"": ""sec_009"", ""page_start"": 25, ""page_end"": 28, ""bps_url"": ""https://www.bps.go.id/id/publication/2024/12/19/b87a8f73426081075be407fe/laporan-indeks-khusus-penanganan-stunting--ikps--2022-2023.html"", ""rerank_score"": 3.472323417663574}, {""chunk_id"": ""laporan-indeks-khusus-penanganan-stunting--ikps--2022-2023__sec_008__c005"", ""faiss_id"": 3730, ""document_title"": ""Laporan Indeks Khusus Penanganan Stunting (IKPS) 2022–2023"", ""section_id"": ""sec_008"", ""page_start"": 23, ""page_end"": 24, ""bps_url"": ""https://www.bps.go.id/id/publication/2024/12/19/b87a8f73426081075be407fe/laporan-indeks-khusus-penanganan-stunting--ikps--2022-2023.html"", ""rerank_score"": 2.9391748905181885}, {""chunk_id"": ""laporan-indeks-khusus-penanganan-stunting-2021-2022__sec_025__c010"", ""faiss_id"": 3888, ""document_title"": ""Laporan Indeks Khusus Penanganan Stunting 2021–2022"", ""section_id"": ""sec_025"", ""page_start"": 45, ""page_end"": 51, ""bps_url"": ""https://www.bps.go.id/id/publication/2023/12/19/37ee0674d0e89152b2425e9f/laporan-indeks-khusus-penanganan-stunting-2021-2022.html"", ""rerank_score"": 2.8602821826934814}, {""chunk_id"": ""laporan-indeks-khusus-penanganan-stunting-2021-2022__sec_007__c001"", ""faiss_id"": 3840, ""document_title"": ""Laporan Indeks Khusus Penanganan Stunting 2021–2022"", ""section_id"": ""sec_007"", ""page_start"": 23, ""page_end"": 23, ""bps_url"": ""https://www.bps.go.id/id/publication/2023/12/19/37ee0674d0e89152b2425e9f/laporan-indeks-khusus-penanganan-stunting-2021-2022.html"", ""rerank_score"": 2.85544490814209}, {""chunk_id"": ""laporan-indeks-khusus-penanganan-stunting-kabupaten-kota-2021-2022__sec_033__c001"", ""faiss_id"": 3982, ""document_title"": ""Laporan Indeks Khusus Penanganan Stunting Kabupaten/Kota 2021–2022"", ""section_id"": ""sec_033"", ""page_start"": 51, ""page_end"": 51, ""bps_url"": ""https://www.bps.go.id/id/publication/2023/12/19/7d87599450712cf4bab879f2/laporan-indeks-khusus-penanganan-stunting-kabupaten-kota-2021-2022.html"", ""rerank_score"": 2.7081050872802734}]",{},2.6802174980000473,3.1041175959999237,"{""prompt_tokens"": 1928, ""completion_tokens"": 512, ""total_tokens"": 2440, ""prompt_tokens_details"": {""cached_tokens"": 1792}, ""completion_tokens_details"": {""reasoning_tokens"": 512}, ""prompt_cache_hit_tokens"": 1792, ""prompt_cache_miss_tokens"": 136}",8.377744954000036,ok,,85edb411a3706843a8043481e3d814b59ae4ba89dd02accf4a0c122fc94c22f2,False,,empty_answer,,empty_answer,,empty_answer
Q008,2_interpretatif_ringan,trend_interpretation,Apa itu Indeks Pembangunan Manusia (IPM) dan bagaimana perkembangan definisinya antaredisi publikasi?,S2_I04,,clean,,,trend_interpretation,,,llama3.2-finetuned,"Teks menyatakan bahwa IPM adalah ukuran statistik yang digunakan untuk mengevaluasi kemajuan dan kualitas hidup manusia di suatu negara, didasarkan pada tiga dimensi utama yaitu umur panjang dan hidup sehat, pengetahuan, dan standar hidup yang layak. Teks juga menyatakan bahwa IPM pertama kali dirilis pada tahun 1990 melalui publikasi ""Human Development Report 1990"" dan telah mengalami lima kali perubahan sejak saat itu, termasuk perubahan pada tahun 2010 dan 2014.

Indeks Pembangunan Manusia (IPM) adalah ukuran statistik yang digunakan untuk mengevaluasi kemajuan dan kualitas hidup manusia di suatu negara, didasarkan pada tiga dimensi utama yaitu umur panjang dan hidup sehat, pengetahuan, dan standar hidup yang layak. IPM pertama kali dirilis pada tahun 1990 melalui publikasi ""Human Development Report 1990"". Sejak saat itu, IPM telah mengalami lima kali perubahan, termasuk perubahan pada tahun 2010 dan 2014, untuk penyempurnaan penghitungan dari waktu ke waktu.",llama3.2-finetuned,"[""Indeks Pembangunan Manusia (IPM) adalah ukuran yang menggabungkan tiga komponen utama, yaitu pendidikan, kesehatan, dan standard of living, untuk menilai kemajuan pembangunan manusia suatu wilayah.""]","[1] Indeks Pembangunan Manusia 2023 | sec_019
INDEKS PEMBANGUNAN MANUSIA 2023
terpenuhi maka banyak peluang dalam aspek kehidupan manusia lainnya yang tidak kunjung terbuka. Berangkat dari konsep dasar tersebut, UNDP menyusun sebuah indeks sebagai ukuran dari capaian pembangunan manusia. Indeks komposit yang mengukur pembangunan manusia dijelaskan dan diperkenalkan sebagai Indeks Pembangunan Manusia (IPM) atau Human Development Index (HDI). UNDP pertama kali memperkenalkan IPM pada tahun 1990 melalui publikasi “ Human Development Report 1990 ”.
Sejak saat itu, UNDP menghitung IPM dan merilisnya dalam publikasi dengan judul yang sama setiap tahunnya untuk menjelaskan bagaimana masyarakat dapat memperoleh manfaat dari hasil pembangunan dalam aspek penghasilan, kesehatan, pendidikan, dan aspek lainnya. Seiring dengan perkembangan peradaban manusia dari zaman ke zaman, pengukuran IPM pun terus diupayakan penyempurnaan dari waktu ke waktu. Hingga saat ini tercatat sudah terjadi lima kali perubahan untuk perbaikan terhadap penghitungan IPM sejak pertama kali dirilis tahun 1990. Perubahan paling signifikan terjadi pada tahun 2010, dimana UNDP mengadopsi sejumlah indikator baru penyusun IPM. Sementara, pada tahun 2014, UNDP sedikit melakukan modifikasi pada metode penghitungan IPM. Gambar 1.2 di bawah ini menampilkan secara kronologis, sejarah penghitungan IPM yang dilakukan oleh UNDP dari waktu ke waktu.

[2] Indeks Pembangunan Manusia 2023 | sec_021
1.3 Indeks Pembangunan Manusia dan Perencanaan Pembangunan
IPM dapat digunakan sebagai alat ukur kemajuan pembangunan suatu negara atau wilayah. Konsepnya yang terbangun atas dasar tiga hakikat utama jati diri manusia, membuat IPM mampu menjelaskan kemajuan manusia secara keseluruhan dan dapat digunakan untuk mengevaluasi kemajuan pembangunan dari waktu ke waktu dan antarwilayah yang berbeda. Selain itu, capaian IPM antarwilayah dapat digunakan untuk memandu pemangku kebijakan dalam menyusun skala prioritas pembangunan wilayah di suatu negara. Contohnya, ketika suatu wilayah memiliki nilai IPM yang rendah di dimensi pengetahuan atau pendidikan, maka pemerintah dapat mengalihkan sumber daya dan fokus untuk meningkatkan kualitas pendidikan di wilayah tersebut. Selain untuk membantu proses perencanaan pembangunan, IPM juga dapat berperan pada proses evaluasi efektivitas kebijakan pembangunan. Dengan memperhatikan perkembangan IPM dan indikator penyusunnya dari waktu ke waktu, maka pemerintah dapat menilai apakah kebijakan yang telah dilaksanakan selama ini memiliki dampak yang positif bagi kesejahteraan masyarakat. Dari proses di atas, dapat dilihat peran penting IPM dalam siklus perencanaan pembangunan, yang dimulai dari penyediaan data dan informasi, penyusunan perencanaan pembangunan, hingga sampai pada tahap evaluasi pembangunan. Indeks Pembangunan Manusia (IPM) adalah ukuran statistik yang digunakan untuk mengevaluasi kemajuan dan kualitas hidup manusia di suatu negara (UNDP, 2023b). IPM memberikan informasi yang penting bagi pembuat kebijakan untuk mengembangkan kebijakan pembangunan yang lebih baik dan berkelanjutan.

[3] Indeks Pembangunan Manusia 2024 | sec_130
Diagram Penghitungan IPM
Manusia
Indeks Pembangunan Manusia (IPM) Menurut UNDP, Indeks Pembangunan Manusia (IPM) mengukur capaian pembangunan manusia berbasis sejumlah komponen dasar kualitas hidup. Sebagai ukuran kualitas hidup, IPM dibangun melalui pendekatan tiga dimensi dasar. Dimensi tersebut mencakup umur panjang dan sehat, pengetahuan, dan standar hidup layak. Ketiga dimensi tersebut memiliki pengertian sangat luas karena terkait banyak faktor. Untuk mengukur dimensi umur panjang dan hidup sehat, digunakan indikator umur harapan hidup saat lahir. Selanjutnya, untuk mengukur dimensi pengetahuan digunakan gabungan indikator harapan lama sekolah dan rata-rata lama sekolah. Adapun untuk mengukur dimensi standar hidup layak digunakan indikator kemampuan daya beli. Kemampuan daya beli masyarakat terhadap sejumlah kebutuhan pokok yang dilihat dari rata-rata besarnya pengeluaran rill per kapita sebagai pendekatan pendapatan yang mewakili capaian pembangunan untuk standar hidup layak.

[4] Indeks Pembangunan Manusia 2022 | sec_016
1.2.1 Manfaat Indeks Pembangunan Manusia
Indeks Pembangunan Manusia (IPM) adalah ukuran statistik yang digunakan untuk mengevaluasi kemajuan dan kualitas hidup manusia di suatu negara (UNDP, 2023b). IPM didasarkan pada tiga dimensi utama yaitu umur panjang dan hidup sehat, pengetahuan, dan standar hidup yang layak. IPM memberikan informasi yang penting bagi pembuat kebijakan untuk mengembangkan kebijakan pembangunan yang lebih baik dan berkelanjutan.

[5] Indeks Pembangunan Manusia 2024 | sec_016
Di tingkat global, angka IPM digunakan untuk mendorong kerja sama internasional dalam konteks pembangunan. Negara-negara dengan kondisi pembangunan manusia yang sudah lebih mapan dengan IPM yang tinggi, dapat membantu negara lain yang masih berjuang meningkatkan kondisi pembangunan manusianya untuk mencapai tujuan pembangunannya. Hal ini sesuai dengan amanah dari UNDP dalam salah satu laporannya yang menyebutkan bahwa salah satu manfaat utama IPM adalah adanya keterbandingan antarnegara dalam hal kemajuan pembangunan manusia (UNDP, 2023a). Secara keseluruhan, IPM bukan hanya sekadar indikator statistik, tetapi merupakan alat yang sangat relevan dalam merancang kebijakan pembangunan yang berkelanjutan dan berfokus pada peningkatan kualitas hidup manusia. Hubungan antara IPM dan Pembangunan Berkelanjutan (SDGs) IPM yang mampu menilai sejauh mana perkembangan kualitas manusia di suatu tempat sejalan dengan tujuan pembangunan manusia atau disebut dengan SDGs. SDGs terdiri dari 17 tujuan yang secara komprehensif mencakup aspek sosial, ekonomi, dan lingkungan. IPM mengukur kemajuan dalam tiga dimensi utama, yaitu kesehatan, pendidikan, dan pendapatan, yang merupakan elemen-elemen penting dalam mencapai berbagai tujuan SDGs. Misalnya, dimensi kesehatan dalam IPM, yang diukur melalui harapan hidup, sejalan dengan tujuan SDG 3 tentang kesehatan yang baik dan kesejahteraan. Selain itu, dimensi pendidikan dalam IPM, seperti rata-rata lama sekolah dan harapan lama sekolah, berhubungan langsung dengan SDG 4 yang bertujuan untuk memastikan pendidikan berkualitas bagi semua. IPM juga mencakup pendapatan per kapita, yang mencerminkan taraf hidup masyarakat dan mendukung tujuan SDG 1 tentang pengentasan kemiskinan serta SDG 10 yang berfokus pada pengurangan ketimpangan. Pencapaian IPM yang lebih tinggi juga mencerminkan adanya pembangunan ekonomi yang inklusif dan berkelanjutan, yang terkait dengan SDG 8. Selain itu, meskipun tidak langsung, peningkatan kualitas hidup yang","[""INDEKS PEMBANGUNAN MANUSIA 2023\nterpenuhi maka banyak peluang dalam aspek kehidupan manusia lainnya yang tidak kunjung terbuka. Berangkat dari konsep dasar tersebut, UNDP menyusun sebuah indeks sebagai ukuran dari capaian pembangunan manusia. Indeks komposit yang mengukur pembangunan manusia dijelaskan dan diperkenalkan sebagai Indeks Pembangunan Manusia (IPM) atau Human Development Index (HDI). UNDP pertama kali memperkenalkan IPM pada tahun 1990 melalui publikasi “ Human Development Report 1990 ”.\nSejak saat itu, UNDP menghitung IPM dan merilisnya dalam publikasi dengan judul yang sama setiap tahunnya untuk menjelaskan bagaimana masyarakat dapat memperoleh manfaat dari hasil pembangunan dalam aspek penghasilan, kesehatan, pendidikan, dan aspek lainnya. Seiring dengan perkembangan peradaban manusia dari zaman ke zaman, pengukuran IPM pun terus diupayakan penyempurnaan dari waktu ke waktu. Hingga saat ini tercatat sudah terjadi lima kali perubahan untuk perbaikan terhadap penghitungan IPM sejak pertama kali dirilis tahun 1990. Perubahan paling signifikan terjadi pada tahun 2010, dimana UNDP mengadopsi sejumlah indikator baru penyusun IPM. Sementara, pada tahun 2014, UNDP sedikit melakukan modifikasi pada metode penghitungan IPM. Gambar 1.2 di bawah ini menampilkan secara kronologis, sejarah penghitungan IPM yang dilakukan oleh UNDP dari waktu ke waktu."", ""1.3 Indeks Pembangunan Manusia dan Perencanaan Pembangunan\nIPM dapat digunakan sebagai alat ukur kemajuan pembangunan suatu negara atau wilayah. Konsepnya yang terbangun atas dasar tiga hakikat utama jati diri manusia, membuat IPM mampu menjelaskan kemajuan manusia secara keseluruhan dan dapat digunakan untuk mengevaluasi kemajuan pembangunan dari waktu ke waktu dan antarwilayah yang berbeda. Selain itu, capaian IPM antarwilayah dapat digunakan untuk memandu pemangku kebijakan dalam menyusun skala prioritas pembangunan wilayah di suatu negara. Contohnya, ketika suatu wilayah memiliki nilai IPM yang rendah di dimensi pengetahuan atau pendidikan, maka pemerintah dapat mengalihkan sumber daya dan fokus untuk meningkatkan kualitas pendidikan di wilayah tersebut. Selain untuk membantu proses perencanaan pembangunan, IPM juga dapat berperan pada proses evaluasi efektivitas kebijakan pembangunan. Dengan memperhatikan perkembangan IPM dan indikator penyusunnya dari waktu ke waktu, maka pemerintah dapat menilai apakah kebijakan yang telah dilaksanakan selama ini memiliki dampak yang positif bagi kesejahteraan masyarakat. Dari proses di atas, dapat dilihat peran penting IPM dalam siklus perencanaan pembangunan, yang dimulai dari penyediaan data dan informasi, penyusunan perencanaan pembangunan, hingga sampai pada tahap evaluasi pembangunan. Indeks Pembangunan Manusia (IPM) adalah ukuran statistik yang digunakan untuk mengevaluasi kemajuan dan kualitas hidup manusia di suatu negara (UNDP, 2023b). IPM memberikan informasi yang penting bagi pembuat kebijakan untuk mengembangkan kebijakan pembangunan yang lebih baik dan berkelanjutan."", ""Diagram Penghitungan IPM\nManusia\nIndeks Pembangunan Manusia (IPM) Menurut UNDP, Indeks Pembangunan Manusia (IPM) mengukur capaian pembangunan manusia berbasis sejumlah komponen dasar kualitas hidup. Sebagai ukuran kualitas hidup, IPM dibangun melalui pendekatan tiga dimensi dasar. Dimensi tersebut mencakup umur panjang dan sehat, pengetahuan, dan standar hidup layak. Ketiga dimensi tersebut memiliki pengertian sangat luas karena terkait banyak faktor. Untuk mengukur dimensi umur panjang dan hidup sehat, digunakan indikator umur harapan hidup saat lahir. Selanjutnya, untuk mengukur dimensi pengetahuan digunakan gabungan indikator harapan lama sekolah dan rata-rata lama sekolah. Adapun untuk mengukur dimensi standar hidup layak digunakan indikator kemampuan daya beli. Kemampuan daya beli masyarakat terhadap sejumlah kebutuhan pokok yang dilihat dari rata-rata besarnya pengeluaran rill per kapita sebagai pendekatan pendapatan yang mewakili capaian pembangunan untuk standar hidup layak."", ""1.2.1 Manfaat Indeks Pembangunan Manusia\nIndeks Pembangunan Manusia (IPM) adalah ukuran statistik yang digunakan untuk mengevaluasi kemajuan dan kualitas hidup manusia di suatu negara (UNDP, 2023b). IPM didasarkan pada tiga dimensi utama yaitu umur panjang dan hidup sehat, pengetahuan, dan standar hidup yang layak. IPM memberikan informasi yang penting bagi pembuat kebijakan untuk mengembangkan kebijakan pembangunan yang lebih baik dan berkelanjutan."", ""Di tingkat global, angka IPM digunakan untuk mendorong kerja sama internasional dalam konteks pembangunan. Negara-negara dengan kondisi pembangunan manusia yang sudah lebih mapan dengan IPM yang tinggi, dapat membantu negara lain yang masih berjuang meningkatkan kondisi pembangunan manusianya untuk mencapai tujuan pembangunannya. Hal ini sesuai dengan amanah dari UNDP dalam salah satu laporannya yang menyebutkan bahwa salah satu manfaat utama IPM adalah adanya keterbandingan antarnegara dalam hal kemajuan pembangunan manusia (UNDP, 2023a). Secara keseluruhan, IPM bukan hanya sekadar indikator statistik, tetapi merupakan alat yang sangat relevan dalam merancang kebijakan pembangunan yang berkelanjutan dan berfokus pada peningkatan kualitas hidup manusia. Hubungan antara IPM dan Pembangunan Berkelanjutan (SDGs) IPM yang mampu menilai sejauh mana perkembangan kualitas manusia di suatu tempat sejalan dengan tujuan pembangunan manusia atau disebut dengan SDGs. SDGs terdiri dari 17 tujuan yang secara komprehensif mencakup aspek sosial, ekonomi, dan lingkungan. IPM mengukur kemajuan dalam tiga dimensi utama, yaitu kesehatan, pendidikan, dan pendapatan, yang merupakan elemen-elemen penting dalam mencapai berbagai tujuan SDGs. Misalnya, dimensi kesehatan dalam IPM, yang diukur melalui harapan hidup, sejalan dengan tujuan SDG 3 tentang kesehatan yang baik dan kesejahteraan. Selain itu, dimensi pendidikan dalam IPM, seperti rata-rata lama sekolah dan harapan lama sekolah, berhubungan langsung dengan SDG 4 yang bertujuan untuk memastikan pendidikan berkualitas bagi semua. IPM juga mencakup pendapatan per kapita, yang mencerminkan taraf hidup masyarakat dan mendukung tujuan SDG 1 tentang pengentasan kemiskinan serta SDG 10 yang berfokus pada pengurangan ketimpangan. Pencapaian IPM yang lebih tinggi juga mencerminkan adanya pembangunan ekonomi yang inklusif dan berkelanjutan, yang terkait dengan SDG 8. Selain itu, meskipun tidak langsung, peningkatan kualitas hidup yang""]","[{""chunk_id"": ""indeks-pembangunan-manusia-2023__sec_019__c002"", ""faiss_id"": 680, ""document_title"": ""Indeks Pembangunan Manusia 2023"", ""section_id"": ""sec_019"", ""page_start"": 35, ""page_end"": 36, ""bps_url"": ""https://www.bps.go.id/id/publication/2024/05/13/8f77e73a66a6f484c655985a/indeks-pembangunan-manusia-2023.html"", ""rerank_score"": 5.588379383087158}, {""chunk_id"": ""indeks-pembangunan-manusia-2023__sec_021__c001"", ""faiss_id"": 685, ""document_title"": ""Indeks Pembangunan Manusia 2023"", ""section_id"": ""sec_021"", ""page_start"": 38, ""page_end"": 39, ""bps_url"": ""https://www.bps.go.id/id/publication/2024/05/13/8f77e73a66a6f484c655985a/indeks-pembangunan-manusia-2023.html"", ""rerank_score"": 4.701869964599609}, {""chunk_id"": ""indeks-pembangunan-manusia-2024__sec_130__c001"", ""faiss_id"": 1196, ""document_title"": ""Indeks Pembangunan Manusia 2024"", ""section_id"": ""sec_130"", ""page_start"": 183, ""page_end"": null, ""bps_url"": ""https://www.bps.go.id/id/publication/2025/05/15/dd9a3ce7dfae1c733e46338f/indeks-pembangunan-manusia-2024.html"", ""rerank_score"": 3.6641197204589844}, {""chunk_id"": ""indeks-pembangunan-manusia-2022__sec_016__c001"", ""faiss_id"": 385, ""document_title"": ""Indeks Pembangunan Manusia 2022"", ""section_id"": ""sec_016"", ""page_start"": 22, ""page_end"": 23, ""bps_url"": ""https://www.bps.go.id/id/publication/2023/05/16/ef80bec78ab91cb5b703b943/indeks-pembangunan-manusia-2022.html"", ""rerank_score"": 3.61049222946167}, {""chunk_id"": ""indeks-pembangunan-manusia-2024__sec_016__c003"", ""faiss_id"": 953, ""document_title"": ""Indeks Pembangunan Manusia 2024"", ""section_id"": ""sec_016"", ""page_start"": 34, ""page_end"": 35, ""bps_url"": ""https://www.bps.go.id/id/publication/2025/05/15/dd9a3ce7dfae1c733e46338f/indeks-pembangunan-manusia-2024.html"", ""rerank_score"": 3.5921645164489746}]",{},3.759312653000052,8.227211484000009,"{""total_duration"": 8225029377, ""load_duration"": 2409099, ""prompt_eval_count"": 2336, ""prompt_eval_duration"": 799768000, ""eval_count"": 290, ""eval_duration"": 7012469000}",24.092091386999982,ok,,85edb411a3706843a8043481e3d814b59ae4ba89dd02accf4a0c122fc94c22f2,False,1.0,ok,0.7248088287121116,ok,1.0,ok
Q008,2_interpretatif_ringan,trend_interpretation,Apa itu Indeks Pembangunan Manusia (IPM) dan bagaimana perkembangan definisinya antaredisi publikasi?,S2_I04,,clean,,,trend_interpretation,,,gemma2-finetuned,"Indeks Pembangunan Manusia (IPM) adalah ukuran statistik yang digunakan untuk mengevaluasi kemajuan dan kualitas hidup manusia di suatu negara. Definisi IPM pada publikasi UNDP tahun 1990 dijelaskan secara rinci, dan sejak saat itu IPM dirilis dalam bentuk publikasi berkala/tahunan. Pengukuran IPM terus diupayakan penyempurnaan dari waktu ke waktu, dengan lima kali perubahan penyempurnaan sejak 1990, perubahan signifikan pada tahun 2010 terkait indikator penyusun IPM, dan perubahan metode penghitungan pada tahun 2014.",gemma2-finetuned,"[""Indeks Pembangunan Manusia (IPM) adalah indikator komposit yang dihitung dari rata-rata skor komponen IPM.""]","[1] Indeks Pembangunan Manusia 2023 | sec_019
INDEKS PEMBANGUNAN MANUSIA 2023
terpenuhi maka banyak peluang dalam aspek kehidupan manusia lainnya yang tidak kunjung terbuka. Berangkat dari konsep dasar tersebut, UNDP menyusun sebuah indeks sebagai ukuran dari capaian pembangunan manusia. Indeks komposit yang mengukur pembangunan manusia dijelaskan dan diperkenalkan sebagai Indeks Pembangunan Manusia (IPM) atau Human Development Index (HDI). UNDP pertama kali memperkenalkan IPM pada tahun 1990 melalui publikasi “ Human Development Report 1990 ”.
Sejak saat itu, UNDP menghitung IPM dan merilisnya dalam publikasi dengan judul yang sama setiap tahunnya untuk menjelaskan bagaimana masyarakat dapat memperoleh manfaat dari hasil pembangunan dalam aspek penghasilan, kesehatan, pendidikan, dan aspek lainnya. Seiring dengan perkembangan peradaban manusia dari zaman ke zaman, pengukuran IPM pun terus diupayakan penyempurnaan dari waktu ke waktu. Hingga saat ini tercatat sudah terjadi lima kali perubahan untuk perbaikan terhadap penghitungan IPM sejak pertama kali dirilis tahun 1990. Perubahan paling signifikan terjadi pada tahun 2010, dimana UNDP mengadopsi sejumlah indikator baru penyusun IPM. Sementara, pada tahun 2014, UNDP sedikit melakukan modifikasi pada metode penghitungan IPM. Gambar 1.2 di bawah ini menampilkan secara kronologis, sejarah penghitungan IPM yang dilakukan oleh UNDP dari waktu ke waktu.

[2] Indeks Pembangunan Manusia 2022 | sec_017
1.3.2 Perkembangan Pengukuran Pembangunan Manusia
Konsep dan definisi pembangunan manusia telah termuat dalam laporan UNDP tahun 1990. Dalam laporan tersebut, pengukuran pembangunan manusia dijelaskan secara detail yang berbentuk IPM. Mulai tahun 1990, IPM dirilis dalam bentuk publikasi berkala/ tahunan yang menjelaskan bagaimana masyarakat dapat memperoleh manfaat dari hasil pembangunan dalam aspek penghasilan, kesehatan, pendidikan, dan aspek lainnya. Layaknya manusia yang selalu berkembang, begitu pula pengukuran IPM mengalami penyempurnaan dari waktu ke waktu. Telah terjadi lima kali penyempurnaan terhadap IPM sejak tahun 1990. Penyempurnaan signifikan terjadi pada tahun 2010 yang utamanya terkait indikator-indikator penyusun IPM, sedangkan tahun 2014 terjadi perubahan metode penghitungan. Jika digambarkan, penyempurnaan pengukuran IPM dapat diamati melalui Gambar 1.1 berikut. Gambar 1.1 Perkembangan Metodologi IPM oleh UNDP Launching Penyempurnaan Penyempurnaan Komponen IPM: UHH, Mengganti Mengganti tahun AMH, PDB per kapita Komponen IPM dasar PNB per kapita menjadi : UHH, AMH, dari tahun dasar Metode Agregasi: APK Gabungan, PDB 2008 menjadi 2005 rata-rata aritmetik per kapita 1990 1991 1995 2010 2011 2014 Penyempurnaan Perubahan Metodologi Penyempurnaan Mengganti Komponen IPM: UHH,HLS, Mengganti tahun dasar PNB per Komponen IPM RLS, PNB per kapita kapita dari tahun 2005 menjadi tahun 2011 menjadi: UHH, AMH, RLS, PDB per kapita Metode Agregasi: rata- Merubah metode agregasi indeks rata geometrik pendidikan dari rata-rata geometrik menjadi rata-rata aritmetik
Sumber: Badan Pusat Statistik

[3] Indeks Pembangunan Manusia 2023 | sec_021
1.3 Indeks Pembangunan Manusia dan Perencanaan Pembangunan
IPM dapat digunakan sebagai alat ukur kemajuan pembangunan suatu negara atau wilayah. Konsepnya yang terbangun atas dasar tiga hakikat utama jati diri manusia, membuat IPM mampu menjelaskan kemajuan manusia secara keseluruhan dan dapat digunakan untuk mengevaluasi kemajuan pembangunan dari waktu ke waktu dan antarwilayah yang berbeda. Selain itu, capaian IPM antarwilayah dapat digunakan untuk memandu pemangku kebijakan dalam menyusun skala prioritas pembangunan wilayah di suatu negara. Contohnya, ketika suatu wilayah memiliki nilai IPM yang rendah di dimensi pengetahuan atau pendidikan, maka pemerintah dapat mengalihkan sumber daya dan fokus untuk meningkatkan kualitas pendidikan di wilayah tersebut. Selain untuk membantu proses perencanaan pembangunan, IPM juga dapat berperan pada proses evaluasi efektivitas kebijakan pembangunan. Dengan memperhatikan perkembangan IPM dan indikator penyusunnya dari waktu ke waktu, maka pemerintah dapat menilai apakah kebijakan yang telah dilaksanakan selama ini memiliki dampak yang positif bagi kesejahteraan masyarakat. Dari proses di atas, dapat dilihat peran penting IPM dalam siklus perencanaan pembangunan, yang dimulai dari penyediaan data dan informasi, penyusunan perencanaan pembangunan, hingga sampai pada tahap evaluasi pembangunan. Indeks Pembangunan Manusia (IPM) adalah ukuran statistik yang digunakan untuk mengevaluasi kemajuan dan kualitas hidup manusia di suatu negara (UNDP, 2023b). IPM memberikan informasi yang penting bagi pembuat kebijakan untuk mengembangkan kebijakan pembangunan yang lebih baik dan berkelanjutan.

[4] Indeks Pembangunan Manusia 2024 | sec_130
Diagram Penghitungan IPM
Manusia
Indeks Pembangunan Manusia (IPM) Menurut UNDP, Indeks Pembangunan Manusia (IPM) mengukur capaian pembangunan manusia berbasis sejumlah komponen dasar kualitas hidup. Sebagai ukuran kualitas hidup, IPM dibangun melalui pendekatan tiga dimensi dasar. Dimensi tersebut mencakup umur panjang dan sehat, pengetahuan, dan standar hidup layak. Ketiga dimensi tersebut memiliki pengertian sangat luas karena terkait banyak faktor. Untuk mengukur dimensi umur panjang dan hidup sehat, digunakan indikator umur harapan hidup saat lahir. Selanjutnya, untuk mengukur dimensi pengetahuan digunakan gabungan indikator harapan lama sekolah dan rata-rata lama sekolah. Adapun untuk mengukur dimensi standar hidup layak digunakan indikator kemampuan daya beli. Kemampuan daya beli masyarakat terhadap sejumlah kebutuhan pokok yang dilihat dari rata-rata besarnya pengeluaran rill per kapita sebagai pendekatan pendapatan yang mewakili capaian pembangunan untuk standar hidup layak.

[5] Indeks Pembangunan Manusia 2022 | sec_016
1.2.1 Manfaat Indeks Pembangunan Manusia
Indeks Pembangunan Manusia (IPM) adalah ukuran statistik yang digunakan untuk mengevaluasi kemajuan dan kualitas hidup manusia di suatu negara (UNDP, 2023b). IPM didasarkan pada tiga dimensi utama yaitu umur panjang dan hidup sehat, pengetahuan, dan standar hidup yang layak. IPM memberikan informasi yang penting bagi pembuat kebijakan untuk mengembangkan kebijakan pembangunan yang lebih baik dan berkelanjutan.","[""INDEKS PEMBANGUNAN MANUSIA 2023\nterpenuhi maka banyak peluang dalam aspek kehidupan manusia lainnya yang tidak kunjung terbuka. Berangkat dari konsep dasar tersebut, UNDP menyusun sebuah indeks sebagai ukuran dari capaian pembangunan manusia. Indeks komposit yang mengukur pembangunan manusia dijelaskan dan diperkenalkan sebagai Indeks Pembangunan Manusia (IPM) atau Human Development Index (HDI). UNDP pertama kali memperkenalkan IPM pada tahun 1990 melalui publikasi “ Human Development Report 1990 ”.\nSejak saat itu, UNDP menghitung IPM dan merilisnya dalam publikasi dengan judul yang sama setiap tahunnya untuk menjelaskan bagaimana masyarakat dapat memperoleh manfaat dari hasil pembangunan dalam aspek penghasilan, kesehatan, pendidikan, dan aspek lainnya. Seiring dengan perkembangan peradaban manusia dari zaman ke zaman, pengukuran IPM pun terus diupayakan penyempurnaan dari waktu ke waktu. Hingga saat ini tercatat sudah terjadi lima kali perubahan untuk perbaikan terhadap penghitungan IPM sejak pertama kali dirilis tahun 1990. Perubahan paling signifikan terjadi pada tahun 2010, dimana UNDP mengadopsi sejumlah indikator baru penyusun IPM. Sementara, pada tahun 2014, UNDP sedikit melakukan modifikasi pada metode penghitungan IPM. Gambar 1.2 di bawah ini menampilkan secara kronologis, sejarah penghitungan IPM yang dilakukan oleh UNDP dari waktu ke waktu."", ""1.3.2 Perkembangan Pengukuran Pembangunan Manusia\nKonsep dan definisi pembangunan manusia telah termuat dalam laporan UNDP tahun 1990. Dalam laporan tersebut, pengukuran pembangunan manusia dijelaskan secara detail yang berbentuk IPM. Mulai tahun 1990, IPM dirilis dalam bentuk publikasi berkala/ tahunan yang menjelaskan bagaimana masyarakat dapat memperoleh manfaat dari hasil pembangunan dalam aspek penghasilan, kesehatan, pendidikan, dan aspek lainnya. Layaknya manusia yang selalu berkembang, begitu pula pengukuran IPM mengalami penyempurnaan dari waktu ke waktu. Telah terjadi lima kali penyempurnaan terhadap IPM sejak tahun 1990. Penyempurnaan signifikan terjadi pada tahun 2010 yang utamanya terkait indikator-indikator penyusun IPM, sedangkan tahun 2014 terjadi perubahan metode penghitungan. Jika digambarkan, penyempurnaan pengukuran IPM dapat diamati melalui Gambar 1.1 berikut. Gambar 1.1 Perkembangan Metodologi IPM oleh UNDP Launching Penyempurnaan Penyempurnaan Komponen IPM: UHH, Mengganti Mengganti tahun AMH, PDB per kapita Komponen IPM dasar PNB per kapita menjadi : UHH, AMH, dari tahun dasar Metode Agregasi: APK Gabungan, PDB 2008 menjadi 2005 rata-rata aritmetik per kapita 1990 1991 1995 2010 2011 2014 Penyempurnaan Perubahan Metodologi Penyempurnaan Mengganti Komponen IPM: UHH,HLS, Mengganti tahun dasar PNB per Komponen IPM RLS, PNB per kapita kapita dari tahun 2005 menjadi tahun 2011 menjadi: UHH, AMH, RLS, PDB per kapita Metode Agregasi: rata- Merubah metode agregasi indeks rata geometrik pendidikan dari rata-rata geometrik menjadi rata-rata aritmetik\nSumber: Badan Pusat Statistik"", ""1.3 Indeks Pembangunan Manusia dan Perencanaan Pembangunan\nIPM dapat digunakan sebagai alat ukur kemajuan pembangunan suatu negara atau wilayah. Konsepnya yang terbangun atas dasar tiga hakikat utama jati diri manusia, membuat IPM mampu menjelaskan kemajuan manusia secara keseluruhan dan dapat digunakan untuk mengevaluasi kemajuan pembangunan dari waktu ke waktu dan antarwilayah yang berbeda. Selain itu, capaian IPM antarwilayah dapat digunakan untuk memandu pemangku kebijakan dalam menyusun skala prioritas pembangunan wilayah di suatu negara. Contohnya, ketika suatu wilayah memiliki nilai IPM yang rendah di dimensi pengetahuan atau pendidikan, maka pemerintah dapat mengalihkan sumber daya dan fokus untuk meningkatkan kualitas pendidikan di wilayah tersebut. Selain untuk membantu proses perencanaan pembangunan, IPM juga dapat berperan pada proses evaluasi efektivitas kebijakan pembangunan. Dengan memperhatikan perkembangan IPM dan indikator penyusunnya dari waktu ke waktu, maka pemerintah dapat menilai apakah kebijakan yang telah dilaksanakan selama ini memiliki dampak yang positif bagi kesejahteraan masyarakat. Dari proses di atas, dapat dilihat peran penting IPM dalam siklus perencanaan pembangunan, yang dimulai dari penyediaan data dan informasi, penyusunan perencanaan pembangunan, hingga sampai pada tahap evaluasi pembangunan. Indeks Pembangunan Manusia (IPM) adalah ukuran statistik yang digunakan untuk mengevaluasi kemajuan dan kualitas hidup manusia di suatu negara (UNDP, 2023b). IPM memberikan informasi yang penting bagi pembuat kebijakan untuk mengembangkan kebijakan pembangunan yang lebih baik dan berkelanjutan."", ""Diagram Penghitungan IPM\nManusia\nIndeks Pembangunan Manusia (IPM) Menurut UNDP, Indeks Pembangunan Manusia (IPM) mengukur capaian pembangunan manusia berbasis sejumlah komponen dasar kualitas hidup. Sebagai ukuran kualitas hidup, IPM dibangun melalui pendekatan tiga dimensi dasar. Dimensi tersebut mencakup umur panjang dan sehat, pengetahuan, dan standar hidup layak. Ketiga dimensi tersebut memiliki pengertian sangat luas karena terkait banyak faktor. Untuk mengukur dimensi umur panjang dan hidup sehat, digunakan indikator umur harapan hidup saat lahir. Selanjutnya, untuk mengukur dimensi pengetahuan digunakan gabungan indikator harapan lama sekolah dan rata-rata lama sekolah. Adapun untuk mengukur dimensi standar hidup layak digunakan indikator kemampuan daya beli. Kemampuan daya beli masyarakat terhadap sejumlah kebutuhan pokok yang dilihat dari rata-rata besarnya pengeluaran rill per kapita sebagai pendekatan pendapatan yang mewakili capaian pembangunan untuk standar hidup layak."", ""1.2.1 Manfaat Indeks Pembangunan Manusia\nIndeks Pembangunan Manusia (IPM) adalah ukuran statistik yang digunakan untuk mengevaluasi kemajuan dan kualitas hidup manusia di suatu negara (UNDP, 2023b). IPM didasarkan pada tiga dimensi utama yaitu umur panjang dan hidup sehat, pengetahuan, dan standar hidup yang layak. IPM memberikan informasi yang penting bagi pembuat kebijakan untuk mengembangkan kebijakan pembangunan yang lebih baik dan berkelanjutan.""]","[{""chunk_id"": ""indeks-pembangunan-manusia-2023__sec_019__c002"", ""faiss_id"": 680, ""document_title"": ""Indeks Pembangunan Manusia 2023"", ""section_id"": ""sec_019"", ""page_start"": 35, ""page_end"": 36, ""bps_url"": ""https://www.bps.go.id/id/publication/2024/05/13/8f77e73a66a6f484c655985a/indeks-pembangunan-manusia-2023.html"", ""rerank_score"": 5.588379383087158}, {""chunk_id"": ""indeks-pembangunan-manusia-2022__sec_017__c001"", ""faiss_id"": 391, ""document_title"": ""Indeks Pembangunan Manusia 2022"", ""section_id"": ""sec_017"", ""page_start"": 24, ""page_end"": null, ""bps_url"": ""https://www.bps.go.id/id/publication/2023/05/16/ef80bec78ab91cb5b703b943/indeks-pembangunan-manusia-2022.html"", ""rerank_score"": 5.126479625701904}, {""chunk_id"": ""indeks-pembangunan-manusia-2023__sec_021__c001"", ""faiss_id"": 685, ""document_title"": ""Indeks Pembangunan Manusia 2023"", ""section_id"": ""sec_021"", ""page_start"": 38, ""page_end"": 39, ""bps_url"": ""https://www.bps.go.id/id/publication/2024/05/13/8f77e73a66a6f484c655985a/indeks-pembangunan-manusia-2023.html"", ""rerank_score"": 4.701869964599609}, {""chunk_id"": ""indeks-pembangunan-manusia-2024__sec_130__c001"", ""faiss_id"": 1196, ""document_title"": ""Indeks Pembangunan Manusia 2024"", ""section_id"": ""sec_130"", ""page_start"": 183, ""page_end"": null, ""bps_url"": ""https://www.bps.go.id/id/publication/2025/05/15/dd9a3ce7dfae1c733e46338f/indeks-pembangunan-manusia-2024.html"", ""rerank_score"": 3.6641197204589844}, {""chunk_id"": ""indeks-pembangunan-manusia-2022__sec_016__c001"", ""faiss_id"": 385, ""document_title"": ""Indeks Pembangunan Manusia 2022"", ""section_id"": ""sec_016"", ""page_start"": 22, ""page_end"": 23, ""bps_url"": ""https://www.bps.go.id/id/publication/2023/05/16/ef80bec78ab91cb5b703b943/indeks-pembangunan-manusia-2022.html"", ""rerank_score"": 3.61049222946167}]",{},2.759473900999865,3.42832878299987,"{""total_duration"": 3426405379, ""load_duration"": 1611648, ""prompt_eval_count"": 1605, ""prompt_eval_duration"": 639682000, ""eval_count"": 123, ""eval_duration"": 2419304000}",15.91730174899999,ok,,85edb411a3706843a8043481e3d814b59ae4ba89dd02accf4a0c122fc94c22f2,False,1.0,ok,0.4608614148357582,ok,1.0,ok
Q008,2_interpretatif_ringan,trend_interpretation,Apa itu Indeks Pembangunan Manusia (IPM) dan bagaimana perkembangan definisinya antaredisi publikasi?,S2_I04,,clean,,,trend_interpretation,,,deepseek-flash,,deepseek-flash,[],"[1] Indeks Pembangunan Manusia 2023 | sec_019
INDEKS PEMBANGUNAN MANUSIA 2023
terpenuhi maka banyak peluang dalam aspek kehidupan manusia lainnya yang tidak kunjung terbuka. Berangkat dari konsep dasar tersebut, UNDP menyusun sebuah indeks sebagai ukuran dari capaian pembangunan manusia. Indeks komposit yang mengukur pembangunan manusia dijelaskan dan diperkenalkan sebagai Indeks Pembangunan Manusia (IPM) atau Human Development Index (HDI). UNDP pertama kali memperkenalkan IPM pada tahun 1990 melalui publikasi “ Human Development Report 1990 ”.
Sejak saat itu, UNDP menghitung IPM dan merilisnya dalam publikasi dengan judul yang sama setiap tahunnya untuk menjelaskan bagaimana masyarakat dapat memperoleh manfaat dari hasil pembangunan dalam aspek penghasilan, kesehatan, pendidikan, dan aspek lainnya. Seiring dengan perkembangan peradaban manusia dari zaman ke zaman, pengukuran IPM pun terus diupayakan penyempurnaan dari waktu ke waktu. Hingga saat ini tercatat sudah terjadi lima kali perubahan untuk perbaikan terhadap penghitungan IPM sejak pertama kali dirilis tahun 1990. Perubahan paling signifikan terjadi pada tahun 2010, dimana UNDP mengadopsi sejumlah indikator baru penyusun IPM. Sementara, pada tahun 2014, UNDP sedikit melakukan modifikasi pada metode penghitungan IPM. Gambar 1.2 di bawah ini menampilkan secara kronologis, sejarah penghitungan IPM yang dilakukan oleh UNDP dari waktu ke waktu.

[2] Indeks Pembangunan Manusia 2023 | sec_021
1.3 Indeks Pembangunan Manusia dan Perencanaan Pembangunan
IPM dapat digunakan sebagai alat ukur kemajuan pembangunan suatu negara atau wilayah. Konsepnya yang terbangun atas dasar tiga hakikat utama jati diri manusia, membuat IPM mampu menjelaskan kemajuan manusia secara keseluruhan dan dapat digunakan untuk mengevaluasi kemajuan pembangunan dari waktu ke waktu dan antarwilayah yang berbeda. Selain itu, capaian IPM antarwilayah dapat digunakan untuk memandu pemangku kebijakan dalam menyusun skala prioritas pembangunan wilayah di suatu negara. Contohnya, ketika suatu wilayah memiliki nilai IPM yang rendah di dimensi pengetahuan atau pendidikan, maka pemerintah dapat mengalihkan sumber daya dan fokus untuk meningkatkan kualitas pendidikan di wilayah tersebut. Selain untuk membantu proses perencanaan pembangunan, IPM juga dapat berperan pada proses evaluasi efektivitas kebijakan pembangunan. Dengan memperhatikan perkembangan IPM dan indikator penyusunnya dari waktu ke waktu, maka pemerintah dapat menilai apakah kebijakan yang telah dilaksanakan selama ini memiliki dampak yang positif bagi kesejahteraan masyarakat. Dari proses di atas, dapat dilihat peran penting IPM dalam siklus perencanaan pembangunan, yang dimulai dari penyediaan data dan informasi, penyusunan perencanaan pembangunan, hingga sampai pada tahap evaluasi pembangunan. Indeks Pembangunan Manusia (IPM) adalah ukuran statistik yang digunakan untuk mengevaluasi kemajuan dan kualitas hidup manusia di suatu negara (UNDP, 2023b). IPM memberikan informasi yang penting bagi pembuat kebijakan untuk mengembangkan kebijakan pembangunan yang lebih baik dan berkelanjutan.

[3] Indeks Pembangunan Manusia 2024 | sec_130
Diagram Penghitungan IPM
Manusia
Indeks Pembangunan Manusia (IPM) Menurut UNDP, Indeks Pembangunan Manusia (IPM) mengukur capaian pembangunan manusia berbasis sejumlah komponen dasar kualitas hidup. Sebagai ukuran kualitas hidup, IPM dibangun melalui pendekatan tiga dimensi dasar. Dimensi tersebut mencakup umur panjang dan sehat, pengetahuan, dan standar hidup layak. Ketiga dimensi tersebut memiliki pengertian sangat luas karena terkait banyak faktor. Untuk mengukur dimensi umur panjang dan hidup sehat, digunakan indikator umur harapan hidup saat lahir. Selanjutnya, untuk mengukur dimensi pengetahuan digunakan gabungan indikator harapan lama sekolah dan rata-rata lama sekolah. Adapun untuk mengukur dimensi standar hidup layak digunakan indikator kemampuan daya beli. Kemampuan daya beli masyarakat terhadap sejumlah kebutuhan pokok yang dilihat dari rata-rata besarnya pengeluaran rill per kapita sebagai pendekatan pendapatan yang mewakili capaian pembangunan untuk standar hidup layak.

[4] Indeks Pembangunan Manusia 2022 | sec_016
1.2.1 Manfaat Indeks Pembangunan Manusia
Indeks Pembangunan Manusia (IPM) adalah ukuran statistik yang digunakan untuk mengevaluasi kemajuan dan kualitas hidup manusia di suatu negara (UNDP, 2023b). IPM didasarkan pada tiga dimensi utama yaitu umur panjang dan hidup sehat, pengetahuan, dan standar hidup yang layak. IPM memberikan informasi yang penting bagi pembuat kebijakan untuk mengembangkan kebijakan pembangunan yang lebih baik dan berkelanjutan.

[5] Indeks Pembangunan Manusia 2024 | sec_016
Di tingkat global, angka IPM digunakan untuk mendorong kerja sama internasional dalam konteks pembangunan. Negara-negara dengan kondisi pembangunan manusia yang sudah lebih mapan dengan IPM yang tinggi, dapat membantu negara lain yang masih berjuang meningkatkan kondisi pembangunan manusianya untuk mencapai tujuan pembangunannya. Hal ini sesuai dengan amanah dari UNDP dalam salah satu laporannya yang menyebutkan bahwa salah satu manfaat utama IPM adalah adanya keterbandingan antarnegara dalam hal kemajuan pembangunan manusia (UNDP, 2023a). Secara keseluruhan, IPM bukan hanya sekadar indikator statistik, tetapi merupakan alat yang sangat relevan dalam merancang kebijakan pembangunan yang berkelanjutan dan berfokus pada peningkatan kualitas hidup manusia. Hubungan antara IPM dan Pembangunan Berkelanjutan (SDGs) IPM yang mampu menilai sejauh mana perkembangan kualitas manusia di suatu tempat sejalan dengan tujuan pembangunan manusia atau disebut dengan SDGs. SDGs terdiri dari 17 tujuan yang secara komprehensif mencakup aspek sosial, ekonomi, dan lingkungan. IPM mengukur kemajuan dalam tiga dimensi utama, yaitu kesehatan, pendidikan, dan pendapatan, yang merupakan elemen-elemen penting dalam mencapai berbagai tujuan SDGs. Misalnya, dimensi kesehatan dalam IPM, yang diukur melalui harapan hidup, sejalan dengan tujuan SDG 3 tentang kesehatan yang baik dan kesejahteraan. Selain itu, dimensi pendidikan dalam IPM, seperti rata-rata lama sekolah dan harapan lama sekolah, berhubungan langsung dengan SDG 4 yang bertujuan untuk memastikan pendidikan berkualitas bagi semua. IPM juga mencakup pendapatan per kapita, yang mencerminkan taraf hidup masyarakat dan mendukung tujuan SDG 1 tentang pengentasan kemiskinan serta SDG 10 yang berfokus pada pengurangan ketimpangan. Pencapaian IPM yang lebih tinggi juga mencerminkan adanya pembangunan ekonomi yang inklusif dan berkelanjutan, yang terkait dengan SDG 8. Selain itu, meskipun tidak langsung, peningkatan kualitas hidup yang","[""INDEKS PEMBANGUNAN MANUSIA 2023\nterpenuhi maka banyak peluang dalam aspek kehidupan manusia lainnya yang tidak kunjung terbuka. Berangkat dari konsep dasar tersebut, UNDP menyusun sebuah indeks sebagai ukuran dari capaian pembangunan manusia. Indeks komposit yang mengukur pembangunan manusia dijelaskan dan diperkenalkan sebagai Indeks Pembangunan Manusia (IPM) atau Human Development Index (HDI). UNDP pertama kali memperkenalkan IPM pada tahun 1990 melalui publikasi “ Human Development Report 1990 ”.\nSejak saat itu, UNDP menghitung IPM dan merilisnya dalam publikasi dengan judul yang sama setiap tahunnya untuk menjelaskan bagaimana masyarakat dapat memperoleh manfaat dari hasil pembangunan dalam aspek penghasilan, kesehatan, pendidikan, dan aspek lainnya. Seiring dengan perkembangan peradaban manusia dari zaman ke zaman, pengukuran IPM pun terus diupayakan penyempurnaan dari waktu ke waktu. Hingga saat ini tercatat sudah terjadi lima kali perubahan untuk perbaikan terhadap penghitungan IPM sejak pertama kali dirilis tahun 1990. Perubahan paling signifikan terjadi pada tahun 2010, dimana UNDP mengadopsi sejumlah indikator baru penyusun IPM. Sementara, pada tahun 2014, UNDP sedikit melakukan modifikasi pada metode penghitungan IPM. Gambar 1.2 di bawah ini menampilkan secara kronologis, sejarah penghitungan IPM yang dilakukan oleh UNDP dari waktu ke waktu."", ""1.3 Indeks Pembangunan Manusia dan Perencanaan Pembangunan\nIPM dapat digunakan sebagai alat ukur kemajuan pembangunan suatu negara atau wilayah. Konsepnya yang terbangun atas dasar tiga hakikat utama jati diri manusia, membuat IPM mampu menjelaskan kemajuan manusia secara keseluruhan dan dapat digunakan untuk mengevaluasi kemajuan pembangunan dari waktu ke waktu dan antarwilayah yang berbeda. Selain itu, capaian IPM antarwilayah dapat digunakan untuk memandu pemangku kebijakan dalam menyusun skala prioritas pembangunan wilayah di suatu negara. Contohnya, ketika suatu wilayah memiliki nilai IPM yang rendah di dimensi pengetahuan atau pendidikan, maka pemerintah dapat mengalihkan sumber daya dan fokus untuk meningkatkan kualitas pendidikan di wilayah tersebut. Selain untuk membantu proses perencanaan pembangunan, IPM juga dapat berperan pada proses evaluasi efektivitas kebijakan pembangunan. Dengan memperhatikan perkembangan IPM dan indikator penyusunnya dari waktu ke waktu, maka pemerintah dapat menilai apakah kebijakan yang telah dilaksanakan selama ini memiliki dampak yang positif bagi kesejahteraan masyarakat. Dari proses di atas, dapat dilihat peran penting IPM dalam siklus perencanaan pembangunan, yang dimulai dari penyediaan data dan informasi, penyusunan perencanaan pembangunan, hingga sampai pada tahap evaluasi pembangunan. Indeks Pembangunan Manusia (IPM) adalah ukuran statistik yang digunakan untuk mengevaluasi kemajuan dan kualitas hidup manusia di suatu negara (UNDP, 2023b). IPM memberikan informasi yang penting bagi pembuat kebijakan untuk mengembangkan kebijakan pembangunan yang lebih baik dan berkelanjutan."", ""Diagram Penghitungan IPM\nManusia\nIndeks Pembangunan Manusia (IPM) Menurut UNDP, Indeks Pembangunan Manusia (IPM) mengukur capaian pembangunan manusia berbasis sejumlah komponen dasar kualitas hidup. Sebagai ukuran kualitas hidup, IPM dibangun melalui pendekatan tiga dimensi dasar. Dimensi tersebut mencakup umur panjang dan sehat, pengetahuan, dan standar hidup layak. Ketiga dimensi tersebut memiliki pengertian sangat luas karena terkait banyak faktor. Untuk mengukur dimensi umur panjang dan hidup sehat, digunakan indikator umur harapan hidup saat lahir. Selanjutnya, untuk mengukur dimensi pengetahuan digunakan gabungan indikator harapan lama sekolah dan rata-rata lama sekolah. Adapun untuk mengukur dimensi standar hidup layak digunakan indikator kemampuan daya beli. Kemampuan daya beli masyarakat terhadap sejumlah kebutuhan pokok yang dilihat dari rata-rata besarnya pengeluaran rill per kapita sebagai pendekatan pendapatan yang mewakili capaian pembangunan untuk standar hidup layak."", ""1.2.1 Manfaat Indeks Pembangunan Manusia\nIndeks Pembangunan Manusia (IPM) adalah ukuran statistik yang digunakan untuk mengevaluasi kemajuan dan kualitas hidup manusia di suatu negara (UNDP, 2023b). IPM didasarkan pada tiga dimensi utama yaitu umur panjang dan hidup sehat, pengetahuan, dan standar hidup yang layak. IPM memberikan informasi yang penting bagi pembuat kebijakan untuk mengembangkan kebijakan pembangunan yang lebih baik dan berkelanjutan."", ""Di tingkat global, angka IPM digunakan untuk mendorong kerja sama internasional dalam konteks pembangunan. Negara-negara dengan kondisi pembangunan manusia yang sudah lebih mapan dengan IPM yang tinggi, dapat membantu negara lain yang masih berjuang meningkatkan kondisi pembangunan manusianya untuk mencapai tujuan pembangunannya. Hal ini sesuai dengan amanah dari UNDP dalam salah satu laporannya yang menyebutkan bahwa salah satu manfaat utama IPM adalah adanya keterbandingan antarnegara dalam hal kemajuan pembangunan manusia (UNDP, 2023a). Secara keseluruhan, IPM bukan hanya sekadar indikator statistik, tetapi merupakan alat yang sangat relevan dalam merancang kebijakan pembangunan yang berkelanjutan dan berfokus pada peningkatan kualitas hidup manusia. Hubungan antara IPM dan Pembangunan Berkelanjutan (SDGs) IPM yang mampu menilai sejauh mana perkembangan kualitas manusia di suatu tempat sejalan dengan tujuan pembangunan manusia atau disebut dengan SDGs. SDGs terdiri dari 17 tujuan yang secara komprehensif mencakup aspek sosial, ekonomi, dan lingkungan. IPM mengukur kemajuan dalam tiga dimensi utama, yaitu kesehatan, pendidikan, dan pendapatan, yang merupakan elemen-elemen penting dalam mencapai berbagai tujuan SDGs. Misalnya, dimensi kesehatan dalam IPM, yang diukur melalui harapan hidup, sejalan dengan tujuan SDG 3 tentang kesehatan yang baik dan kesejahteraan. Selain itu, dimensi pendidikan dalam IPM, seperti rata-rata lama sekolah dan harapan lama sekolah, berhubungan langsung dengan SDG 4 yang bertujuan untuk memastikan pendidikan berkualitas bagi semua. IPM juga mencakup pendapatan per kapita, yang mencerminkan taraf hidup masyarakat dan mendukung tujuan SDG 1 tentang pengentasan kemiskinan serta SDG 10 yang berfokus pada pengurangan ketimpangan. Pencapaian IPM yang lebih tinggi juga mencerminkan adanya pembangunan ekonomi yang inklusif dan berkelanjutan, yang terkait dengan SDG 8. Selain itu, meskipun tidak langsung, peningkatan kualitas hidup yang""]","[{""chunk_id"": ""indeks-pembangunan-manusia-2023__sec_019__c002"", ""faiss_id"": 680, ""document_title"": ""Indeks Pembangunan Manusia 2023"", ""section_id"": ""sec_019"", ""page_start"": 35, ""page_end"": 36, ""bps_url"": ""https://www.bps.go.id/id/publication/2024/05/13/8f77e73a66a6f484c655985a/indeks-pembangunan-manusia-2023.html"", ""rerank_score"": 5.588379383087158}, {""chunk_id"": ""indeks-pembangunan-manusia-2023__sec_021__c001"", ""faiss_id"": 685, ""document_title"": ""Indeks Pembangunan Manusia 2023"", ""section_id"": ""sec_021"", ""page_start"": 38, ""page_end"": 39, ""bps_url"": ""https://www.bps.go.id/id/publication/2024/05/13/8f77e73a66a6f484c655985a/indeks-pembangunan-manusia-2023.html"", ""rerank_score"": 4.701869964599609}, {""chunk_id"": ""indeks-pembangunan-manusia-2024__sec_130__c001"", ""faiss_id"": 1196, ""document_title"": ""Indeks Pembangunan Manusia 2024"", ""section_id"": ""sec_130"", ""page_start"": 183, ""page_end"": null, ""bps_url"": ""https://www.bps.go.id/id/publication/2025/05/15/dd9a3ce7dfae1c733e46338f/indeks-pembangunan-manusia-2024.html"", ""rerank_score"": 3.6641197204589844}, {""chunk_id"": ""indeks-pembangunan-manusia-2022__sec_016__c001"", ""faiss_id"": 385, ""document_title"": ""Indeks Pembangunan Manusia 2022"", ""section_id"": ""sec_016"", ""page_start"": 22, ""page_end"": 23, ""bps_url"": ""https://www.bps.go.id/id/publication/2023/05/16/ef80bec78ab91cb5b703b943/indeks-pembangunan-manusia-2022.html"", ""rerank_score"": 3.61049222946167}, {""chunk_id"": ""indeks-pembangunan-manusia-2024__sec_016__c003"", ""faiss_id"": 953, ""document_title"": ""Indeks Pembangunan Manusia 2024"", ""section_id"": ""sec_016"", ""page_start"": 34, ""page_end"": 35, ""bps_url"": ""https://www.bps.go.id/id/publication/2025/05/15/dd9a3ce7dfae1c733e46338f/indeks-pembangunan-manusia-2024.html"", ""rerank_score"": 3.5921645164489746}]",{},3.324477929000068,2.7734795419999045,"{""prompt_tokens"": 1923, ""completion_tokens"": 512, ""total_tokens"": 2435, ""prompt_tokens_details"": {""cached_tokens"": 1789}, ""completion_tokens_details"": {""reasoning_tokens"": 512}, ""prompt_cache_hit_tokens"": 1789, ""prompt_cache_miss_tokens"": 134}",8.909476541000004,ok,,85edb411a3706843a8043481e3d814b59ae4ba89dd02accf4a0c122fc94c22f2,False,,empty_answer,,empty_answer,,empty_answer
Q009,3_variasi_gaya_bahasa,formal,Bagaimana tren Indeks Pembangunan Manusia (IPM) Indonesia dari edisi ke edisi?,S2_I01,STYLE-IPM-TREND,formal,,,style_variation,,,llama3.2-finetuned,"Teks menyatakan bahwa IPM Indonesia sudah tergolong berstatus tinggi (di atas 70) sejak 2016 dan terus mengalami peningkatan yang konsisten sejak tahun 2020 hingga 2023. Kenaikan IPM juga terus mengalami percepatan setiap tahun, dengan pertumbuhan 0,48 persen dari 2020 ke 2021, meningkat menjadi 0,83 persen dari 2021 ke 2022, dan mengalami peningkatan tercepat dari 2022 ke 2023 dengan pertumbuhan 0,84 persen. Secara rata-rata, pertumbuhan IPM Indonesia 2020-2023 adalah sebesar 0,72 persen per tahun.",llama3.2-finetuned,"[""Indeks Pembangunan Manusia (IPM) Indonesia mengalami peningkatan dari edisi ke edisi, dengan nilai IPM nasional meningkat dari 69,81 pada 2010 menjadi 72,55 pada 2021.""]","[1] Indeks Pembangunan Manusia 2023 | sec_019
INDEKS PEMBANGUNAN MANUSIA 2023
terpenuhi maka banyak peluang dalam aspek kehidupan manusia lainnya yang tidak kunjung terbuka. Berangkat dari konsep dasar tersebut, UNDP menyusun sebuah indeks sebagai ukuran dari capaian pembangunan manusia. Indeks komposit yang mengukur pembangunan manusia dijelaskan dan diperkenalkan sebagai Indeks Pembangunan Manusia (IPM) atau Human Development Index (HDI). UNDP pertama kali memperkenalkan IPM pada tahun 1990 melalui publikasi “ Human Development Report 1990 ”.
Sejak saat itu, UNDP menghitung IPM dan merilisnya dalam publikasi dengan judul yang sama setiap tahunnya untuk menjelaskan bagaimana masyarakat dapat memperoleh manfaat dari hasil pembangunan dalam aspek penghasilan, kesehatan, pendidikan, dan aspek lainnya. Seiring dengan perkembangan peradaban manusia dari zaman ke zaman, pengukuran IPM pun terus diupayakan penyempurnaan dari waktu ke waktu. Hingga saat ini tercatat sudah terjadi lima kali perubahan untuk perbaikan terhadap penghitungan IPM sejak pertama kali dirilis tahun 1990. Perubahan paling signifikan terjadi pada tahun 2010, dimana UNDP mengadopsi sejumlah indikator baru penyusun IPM. Sementara, pada tahun 2014, UNDP sedikit melakukan modifikasi pada metode penghitungan IPM. Gambar 1.2 di bawah ini menampilkan secara kronologis, sejarah penghitungan IPM yang dilakukan oleh UNDP dari waktu ke waktu.

[2] Indeks Pembangunan Manusia 2023 | sec_025
2.1 Pembangunan Manusia Indonesia 2023
Indeks Pembangunan Manusia (IPM) Indonesia sudah tergolong berstatus tinggi (di atas 70) sejak 2016 dan terus mengalami peningkatan yang konsisten sejak tahun 2020 hingga 2023. Dimulai dengan nilai 72,81 pada tahun 2020 yang meningkat ke 73,16 pada tahun 2021 dan terus meningkat menjadi 73,77 pada tahun 2022, hingga akhirnya IPM Indonesia mencapai 74,39 pada tahun 2023. Kenaikan IPM juga terus mengalami percepatan setiap tahun, dimulai dari 0,48 persen dari 2020 ke 2021, meningkat menjadi 0,83 persen dari 2021 ke 2022, dan mengalami peningkatan tercepat dari 2022 ke 2023 dengan pertumbuhan 0,84 persen. Secara rata-rata, pertumbuhan IPM Indonesia 20202023 adalah sebesar 0,72 persen per tahun. Rata-rata pertumbuhan: 0,72% 7439 2,77 23,16 72,81 2020 2021 2022 2023 fmm Indeks Pembangunan Manusia (IPM) ~~==@=—P~~ ertumbuhan IPM (%) Sumber: Badan Pusat Statistik Gambar 2.1 Indeks Pembangunan Manusia Indonesia, 2020–2023
Percepatan kenaikan IPM 2023 salah satunya didorong oleh dimensi standar hidup layak yang diwakili oleh pengeluaran riil per kapita yang disesuaikan yang mengalami pertumbuhan sebesar 3,66 persen dari 2022 ke 2023. Selain itu, dimensi umur panjang dan hidup sehat serta dimensi pengetahuan juga mengalami peningkatan dibandingkan tahun sebelumnya.
19

INDEKS PEMBANGUNAN MANUSIA 2023

[3] Indeks Pembangunan Manusia 2023 | sec_020
1.2.3 Indikator Pembangunan Manusia di Indonesia
Indonesia mengadopsi pengukuran pembangunan manusia UNDP dengan menghitung indeks yang sama, yaitu Indeks Pembangunan Manusia (IPM). IPM yang dihitung secara mandiri oleh Indonesia juga terdiri atas tiga dimensi seperti halnya yang disusun oleh UNDP, yaitu:
- i. dimensi umur panjang dan hidup sehat;
- ii. dimensi pengetahuan ; dan
- iii. dimensi standar hidup yang layak.
Indonesia selalu mengikuti setiap perubahan yang dilakukan oleh UNDP terkait penghitungan IPM, baik itu perubahan pada indikator yang digunakan maupun perubahan metodologi penghitungan. Sejak tahun 2015 hingga saat ini, metodologi penghitungan IPM Indonesia telah menggunakan metodologi terakhir yang disempurnakan oleh UNDP pada tahun 2014 sebagai standar penghitungan IPM. Indeks Pembangunan Manusia (IPM) adalah sebuah indeks komposit. Artinya, indeks ini disusun dari sejumlah indikator untuk kemudian dihitung menggunakan metode tertentu untuk menghasilkan IPM. Dari tiga dimensi IPM di atas, terdapat empat indikator penyusun. Dalam menentukan indikator yang digunakan, IPM Indonesia juga mengacu pada standar UNDP. Meski demikian, terdapat perbedaan pada salah satu indikator dimensi standar hidup yang layak yang dipicu oleh ketiadaan indikator yang sama dengan yang digunakan oleh UNDP pada level subnasional di Indonesia, baik di tingkat provinsi maupun kabupaten/kota. Untuk dimensi umur panjang dan hidup sehat, indikator yang digunakan adalah Umur Harapan Hidup saat Lahir (UHH) atau e0. UHH merupakan perkiraan rata-rata lamanya waktu (dalam tahun) yang akan dijalani oleh seseorang selama hidupnya. Penggunaan indikator ini didasarkan pada kenyataan bahwa umur panjang merupakan sesuatu yang tak ternilai dan dapat terwujud jikalau manusia mendapatkan nutrisi yang cukup dan kesehatan yang baik. UHH dihitung menggunakan pendekatan tak langsung ( indirect estimation ) dan di standardisasi menggunakan standar penghitungan UNDP.

[4] Indeks Pembangunan Manusia 2023 | 6_285
INDEKS PEMBANGUNAN MANUSIA 2023
Sumber: Badan Pusat Statistik
Gambar 4.9 Perbedaan Pengeluaran Riil per Kapita antara Perempuan dan Laki-laki menurut Provinsi (ribu rupiah per tahun), 2023 4.3 Capaian IPG Indonesia di Tingkat Nasional dan Provinsi IPG merupakan indikator yang mengukur keberhasilan pembangunan manusia dari perspektif gender. Indeks ini membandingkan capaian pembangunan perempuan dan laki-laki berdasarkan dimensi dalam IPM. Capaian IPG yang tinggi menunjukkan kualitas perempuan dan laki-laki yang semakin setara dan begitu pula sebaliknya. Capaian IPG yang baik akan berdampak terhadap optimalisasi peran masing-masing gender dalam pembangunan. Menilik Gambar 4.10, IPG nasional memiliki tren naik atau meningkat dari tahun ke tahun. Bahkan, IPG nasional di atas nilai 91 selama empat tahun terakhir. Selain itu, peningkatan IPG ini menunjukkan bahwa kesenjangan capaian kemampuan dasar antara perempuan dan laki-laki yang semakin berkurang. Pada tahun 2023, IPG nasional mencapai 92,29 atau meningkat sebanyak 0,24 poin dari tahun sebelumnya.
Sumber: Badan Pusat Statistik
Gambar 4.10 Indeks Pembangunan Gender (IPG) Indonesia, 2020–2023
46

[5] Indeks Pembangunan Manusia 2023 | sec_021
1.3 Indeks Pembangunan Manusia dan Perencanaan Pembangunan
IPM dapat digunakan sebagai alat ukur kemajuan pembangunan suatu negara atau wilayah. Konsepnya yang terbangun atas dasar tiga hakikat utama jati diri manusia, membuat IPM mampu menjelaskan kemajuan manusia secara keseluruhan dan dapat digunakan untuk mengevaluasi kemajuan pembangunan dari waktu ke waktu dan antarwilayah yang berbeda. Selain itu, capaian IPM antarwilayah dapat digunakan untuk memandu pemangku kebijakan dalam menyusun skala prioritas pembangunan wilayah di suatu negara. Contohnya, ketika suatu wilayah memiliki nilai IPM yang rendah di dimensi pengetahuan atau pendidikan, maka pemerintah dapat mengalihkan sumber daya dan fokus untuk meningkatkan kualitas pendidikan di wilayah tersebut. Selain untuk membantu proses perencanaan pembangunan, IPM juga dapat berperan pada proses evaluasi efektivitas kebijakan pembangunan. Dengan memperhatikan perkembangan IPM dan indikator penyusunnya dari waktu ke waktu, maka pemerintah dapat menilai apakah kebijakan yang telah dilaksanakan selama ini memiliki dampak yang positif bagi kesejahteraan masyarakat. Dari proses di atas, dapat dilihat peran penting IPM dalam siklus perencanaan pembangunan, yang dimulai dari penyediaan data dan informasi, penyusunan perencanaan pembangunan, hingga sampai pada tahap evaluasi pembangunan. Indeks Pembangunan Manusia (IPM) adalah ukuran statistik yang digunakan untuk mengevaluasi kemajuan dan kualitas hidup manusia di suatu negara (UNDP, 2023b). IPM memberikan informasi yang penting bagi pembuat kebijakan untuk mengembangkan kebijakan pembangunan yang lebih baik dan berkelanjutan.","[""INDEKS PEMBANGUNAN MANUSIA 2023\nterpenuhi maka banyak peluang dalam aspek kehidupan manusia lainnya yang tidak kunjung terbuka. Berangkat dari konsep dasar tersebut, UNDP menyusun sebuah indeks sebagai ukuran dari capaian pembangunan manusia. Indeks komposit yang mengukur pembangunan manusia dijelaskan dan diperkenalkan sebagai Indeks Pembangunan Manusia (IPM) atau Human Development Index (HDI). UNDP pertama kali memperkenalkan IPM pada tahun 1990 melalui publikasi “ Human Development Report 1990 ”.\nSejak saat itu, UNDP menghitung IPM dan merilisnya dalam publikasi dengan judul yang sama setiap tahunnya untuk menjelaskan bagaimana masyarakat dapat memperoleh manfaat dari hasil pembangunan dalam aspek penghasilan, kesehatan, pendidikan, dan aspek lainnya. Seiring dengan perkembangan peradaban manusia dari zaman ke zaman, pengukuran IPM pun terus diupayakan penyempurnaan dari waktu ke waktu. Hingga saat ini tercatat sudah terjadi lima kali perubahan untuk perbaikan terhadap penghitungan IPM sejak pertama kali dirilis tahun 1990. Perubahan paling signifikan terjadi pada tahun 2010, dimana UNDP mengadopsi sejumlah indikator baru penyusun IPM. Sementara, pada tahun 2014, UNDP sedikit melakukan modifikasi pada metode penghitungan IPM. Gambar 1.2 di bawah ini menampilkan secara kronologis, sejarah penghitungan IPM yang dilakukan oleh UNDP dari waktu ke waktu."", ""2.1 Pembangunan Manusia Indonesia 2023\nIndeks Pembangunan Manusia (IPM) Indonesia sudah tergolong berstatus tinggi (di atas 70) sejak 2016 dan terus mengalami peningkatan yang konsisten sejak tahun 2020 hingga 2023. Dimulai dengan nilai 72,81 pada tahun 2020 yang meningkat ke 73,16 pada tahun 2021 dan terus meningkat menjadi 73,77 pada tahun 2022, hingga akhirnya IPM Indonesia mencapai 74,39 pada tahun 2023. Kenaikan IPM juga terus mengalami percepatan setiap tahun, dimulai dari 0,48 persen dari 2020 ke 2021, meningkat menjadi 0,83 persen dari 2021 ke 2022, dan mengalami peningkatan tercepat dari 2022 ke 2023 dengan pertumbuhan 0,84 persen. Secara rata-rata, pertumbuhan IPM Indonesia 20202023 adalah sebesar 0,72 persen per tahun. Rata-rata pertumbuhan: 0,72% 7439 2,77 23,16 72,81 2020 2021 2022 2023 fmm Indeks Pembangunan Manusia (IPM) ~~==@=—P~~ ertumbuhan IPM (%) Sumber: Badan Pusat Statistik Gambar 2.1 Indeks Pembangunan Manusia Indonesia, 2020–2023\nPercepatan kenaikan IPM 2023 salah satunya didorong oleh dimensi standar hidup layak yang diwakili oleh pengeluaran riil per kapita yang disesuaikan yang mengalami pertumbuhan sebesar 3,66 persen dari 2022 ke 2023. Selain itu, dimensi umur panjang dan hidup sehat serta dimensi pengetahuan juga mengalami peningkatan dibandingkan tahun sebelumnya.\n19\n\nINDEKS PEMBANGUNAN MANUSIA 2023"", ""1.2.3 Indikator Pembangunan Manusia di Indonesia\nIndonesia mengadopsi pengukuran pembangunan manusia UNDP dengan menghitung indeks yang sama, yaitu Indeks Pembangunan Manusia (IPM). IPM yang dihitung secara mandiri oleh Indonesia juga terdiri atas tiga dimensi seperti halnya yang disusun oleh UNDP, yaitu:\n- i. dimensi umur panjang dan hidup sehat;\n- ii. dimensi pengetahuan ; dan\n- iii. dimensi standar hidup yang layak.\nIndonesia selalu mengikuti setiap perubahan yang dilakukan oleh UNDP terkait penghitungan IPM, baik itu perubahan pada indikator yang digunakan maupun perubahan metodologi penghitungan. Sejak tahun 2015 hingga saat ini, metodologi penghitungan IPM Indonesia telah menggunakan metodologi terakhir yang disempurnakan oleh UNDP pada tahun 2014 sebagai standar penghitungan IPM. Indeks Pembangunan Manusia (IPM) adalah sebuah indeks komposit. Artinya, indeks ini disusun dari sejumlah indikator untuk kemudian dihitung menggunakan metode tertentu untuk menghasilkan IPM. Dari tiga dimensi IPM di atas, terdapat empat indikator penyusun. Dalam menentukan indikator yang digunakan, IPM Indonesia juga mengacu pada standar UNDP. Meski demikian, terdapat perbedaan pada salah satu indikator dimensi standar hidup yang layak yang dipicu oleh ketiadaan indikator yang sama dengan yang digunakan oleh UNDP pada level subnasional di Indonesia, baik di tingkat provinsi maupun kabupaten/kota. Untuk dimensi umur panjang dan hidup sehat, indikator yang digunakan adalah Umur Harapan Hidup saat Lahir (UHH) atau e0. UHH merupakan perkiraan rata-rata lamanya waktu (dalam tahun) yang akan dijalani oleh seseorang selama hidupnya. Penggunaan indikator ini didasarkan pada kenyataan bahwa umur panjang merupakan sesuatu yang tak ternilai dan dapat terwujud jikalau manusia mendapatkan nutrisi yang cukup dan kesehatan yang baik. UHH dihitung menggunakan pendekatan tak langsung ( indirect estimation ) dan di standardisasi menggunakan standar penghitungan UNDP."", ""INDEKS PEMBANGUNAN MANUSIA 2023\nSumber: Badan Pusat Statistik\nGambar 4.9 Perbedaan Pengeluaran Riil per Kapita antara Perempuan dan Laki-laki menurut Provinsi (ribu rupiah per tahun), 2023 4.3 Capaian IPG Indonesia di Tingkat Nasional dan Provinsi IPG merupakan indikator yang mengukur keberhasilan pembangunan manusia dari perspektif gender. Indeks ini membandingkan capaian pembangunan perempuan dan laki-laki berdasarkan dimensi dalam IPM. Capaian IPG yang tinggi menunjukkan kualitas perempuan dan laki-laki yang semakin setara dan begitu pula sebaliknya. Capaian IPG yang baik akan berdampak terhadap optimalisasi peran masing-masing gender dalam pembangunan. Menilik Gambar 4.10, IPG nasional memiliki tren naik atau meningkat dari tahun ke tahun. Bahkan, IPG nasional di atas nilai 91 selama empat tahun terakhir. Selain itu, peningkatan IPG ini menunjukkan bahwa kesenjangan capaian kemampuan dasar antara perempuan dan laki-laki yang semakin berkurang. Pada tahun 2023, IPG nasional mencapai 92,29 atau meningkat sebanyak 0,24 poin dari tahun sebelumnya.\nSumber: Badan Pusat Statistik\nGambar 4.10 Indeks Pembangunan Gender (IPG) Indonesia, 2020–2023\n46"", ""1.3 Indeks Pembangunan Manusia dan Perencanaan Pembangunan\nIPM dapat digunakan sebagai alat ukur kemajuan pembangunan suatu negara atau wilayah. Konsepnya yang terbangun atas dasar tiga hakikat utama jati diri manusia, membuat IPM mampu menjelaskan kemajuan manusia secara keseluruhan dan dapat digunakan untuk mengevaluasi kemajuan pembangunan dari waktu ke waktu dan antarwilayah yang berbeda. Selain itu, capaian IPM antarwilayah dapat digunakan untuk memandu pemangku kebijakan dalam menyusun skala prioritas pembangunan wilayah di suatu negara. Contohnya, ketika suatu wilayah memiliki nilai IPM yang rendah di dimensi pengetahuan atau pendidikan, maka pemerintah dapat mengalihkan sumber daya dan fokus untuk meningkatkan kualitas pendidikan di wilayah tersebut. Selain untuk membantu proses perencanaan pembangunan, IPM juga dapat berperan pada proses evaluasi efektivitas kebijakan pembangunan. Dengan memperhatikan perkembangan IPM dan indikator penyusunnya dari waktu ke waktu, maka pemerintah dapat menilai apakah kebijakan yang telah dilaksanakan selama ini memiliki dampak yang positif bagi kesejahteraan masyarakat. Dari proses di atas, dapat dilihat peran penting IPM dalam siklus perencanaan pembangunan, yang dimulai dari penyediaan data dan informasi, penyusunan perencanaan pembangunan, hingga sampai pada tahap evaluasi pembangunan. Indeks Pembangunan Manusia (IPM) adalah ukuran statistik yang digunakan untuk mengevaluasi kemajuan dan kualitas hidup manusia di suatu negara (UNDP, 2023b). IPM memberikan informasi yang penting bagi pembuat kebijakan untuk mengembangkan kebijakan pembangunan yang lebih baik dan berkelanjutan.""]","[{""chunk_id"": ""indeks-pembangunan-manusia-2023__sec_019__c002"", ""faiss_id"": 680, ""document_title"": ""Indeks Pembangunan Manusia 2023"", ""section_id"": ""sec_019"", ""page_start"": 35, ""page_end"": 36, ""bps_url"": ""https://www.bps.go.id/id/publication/2024/05/13/8f77e73a66a6f484c655985a/indeks-pembangunan-manusia-2023.html"", ""rerank_score"": 4.481677532196045}, {""chunk_id"": ""indeks-pembangunan-manusia-2023__sec_025__c001"", ""faiss_id"": 691, ""document_title"": ""Indeks Pembangunan Manusia 2023"", ""section_id"": ""sec_025"", ""page_start"": 43, ""page_end"": 43, ""bps_url"": ""https://www.bps.go.id/id/publication/2024/05/13/8f77e73a66a6f484c655985a/indeks-pembangunan-manusia-2023.html"", ""rerank_score"": 4.47362756729126}, {""chunk_id"": ""indeks-pembangunan-manusia-2023__sec_020__c001"", ""faiss_id"": 682, ""document_title"": ""Indeks Pembangunan Manusia 2023"", ""section_id"": ""sec_020"", ""page_start"": 37, ""page_end"": 37, ""bps_url"": ""https://www.bps.go.id/id/publication/2024/05/13/8f77e73a66a6f484c655985a/indeks-pembangunan-manusia-2023.html"", ""rerank_score"": 4.466080665588379}, {""chunk_id"": ""indeks-pembangunan-manusia-2023__6_285__c002"", ""faiss_id"": 722, ""document_title"": ""Indeks Pembangunan Manusia 2023"", ""section_id"": ""6_285"", ""page_start"": 69, ""page_end"": 76, ""bps_url"": ""https://www.bps.go.id/id/publication/2024/05/13/8f77e73a66a6f484c655985a/indeks-pembangunan-manusia-2023.html"", ""rerank_score"": 4.362104892730713}, {""chunk_id"": ""indeks-pembangunan-manusia-2023__sec_021__c001"", ""faiss_id"": 685, ""document_title"": ""Indeks Pembangunan Manusia 2023"", ""section_id"": ""sec_021"", ""page_start"": 38, ""page_end"": 39, ""bps_url"": ""https://www.bps.go.id/id/publication/2024/05/13/8f77e73a66a6f484c655985a/indeks-pembangunan-manusia-2023.html"", ""rerank_score"": 4.324094295501709}]","{""1"": ""Indeks Pembangunan Manusia (IPM) Indonesia sudah tergolong berstatus tinggi (di atas 70) sejak 2016 dan terus mengalami peningkatan yang konsisten sejak tahun 2020 hingga 2023."", ""2"": ""Indonesia mengadopsi pengukuran pembangunan manusia UNDP dengan menghitung indeks yang sama, yaitu Indeks Pembangunan Manusia (IPM). IPM yang dihitung secara mandiri oleh Indonesia juga terdiri atas tiga dimensi seperti halnya yang disusun oleh UNDP, yaitu dimensi umur panjang dan hidup sehat, dimensi pengetahuan, dan dimensi standar hidup yang layak."", ""3"": ""Indeks Pembangunan Manusia (IPM) adalah sebuah indeks komposit yang disusun dari sejumlah indikator untuk kemudian dihitung menggunakan metode tertentu untuk menghasilkan IPM. Dari tiga dimensi IPM di atas, terdapat empat indikator penyusun. Dalam menentukan indikator yang digunakan, IPM Indonesia juga mengacu pada standar UNDP."", ""4"": ""Indeks Pembangunan Gender (IPG) Indonesia memiliki tren naik atau meningkat dari tahun ke tahun, bahkan IPG nasional di atas nilai 91 selama empat tahun terakhir. Pada tahun 2023, IPG nasional mencapai 92,29 atau meningkat sebanyak 0,24 poin dari tahun sebelumnya."", ""5"": ""IPM dapat digunakan sebagai alat ukur kemajuan pembangunan suatu negara atau wilayah. Konsepnya yang terbangun atas dasar tiga hakikat utama jati diri manusia, membuat IPM mampu menjelaskan kemajuan manusia secara keseluruhan dan dapat digunakan untuk mengevaluasi kemajuan pembangunan dari waktu ke waktu dan antarwilayah yang berbeda.""}",3.2471245480001016,4.977422009000065,"{""total_duration"": 4975355196, ""load_duration"": 1520520, ""prompt_eval_count"": 2705, ""prompt_eval_duration"": 958258000, ""eval_count"": 173, ""eval_duration"": 3602219000}",14.965729721000116,ok,,85edb411a3706843a8043481e3d814b59ae4ba89dd02accf4a0c122fc94c22f2,False,1.0,ok,0.672754560562654,ok,1.0,ok
Q009,3_variasi_gaya_bahasa,formal,Bagaimana tren Indeks Pembangunan Manusia (IPM) Indonesia dari edisi ke edisi?,S2_I01,STYLE-IPM-TREND,formal,,,style_variation,,,gemma2-finetuned,"IPM Indonesia terus meningkat dari tahun 2020 hingga 2023, dengan nilai 74,39 pada tahun 2023. Percepatan kenaikan IPM terjadi pada 2023 dengan pertumbuhan 0,84 persen, dan pertumbuhannya rata-rata 0,72 persen per tahun.",gemma2-finetuned,"[""Indeks Pembangunan Manusia (IPM) Indonesia dari edisi ke edisi.""]","[1] Indeks Pembangunan Manusia 2023 | sec_019
INDEKS PEMBANGUNAN MANUSIA 2023
terpenuhi maka banyak peluang dalam aspek kehidupan manusia lainnya yang tidak kunjung terbuka. Berangkat dari konsep dasar tersebut, UNDP menyusun sebuah indeks sebagai ukuran dari capaian pembangunan manusia. Indeks komposit yang mengukur pembangunan manusia dijelaskan dan diperkenalkan sebagai Indeks Pembangunan Manusia (IPM) atau Human Development Index (HDI). UNDP pertama kali memperkenalkan IPM pada tahun 1990 melalui publikasi “ Human Development Report 1990 ”.
Sejak saat itu, UNDP menghitung IPM dan merilisnya dalam publikasi dengan judul yang sama setiap tahunnya untuk menjelaskan bagaimana masyarakat dapat memperoleh manfaat dari hasil pembangunan dalam aspek penghasilan, kesehatan, pendidikan, dan aspek lainnya. Seiring dengan perkembangan peradaban manusia dari zaman ke zaman, pengukuran IPM pun terus diupayakan penyempurnaan dari waktu ke waktu. Hingga saat ini tercatat sudah terjadi lima kali perubahan untuk perbaikan terhadap penghitungan IPM sejak pertama kali dirilis tahun 1990. Perubahan paling signifikan terjadi pada tahun 2010, dimana UNDP mengadopsi sejumlah indikator baru penyusun IPM. Sementara, pada tahun 2014, UNDP sedikit melakukan modifikasi pada metode penghitungan IPM. Gambar 1.2 di bawah ini menampilkan secara kronologis, sejarah penghitungan IPM yang dilakukan oleh UNDP dari waktu ke waktu.

[2] Indeks Pembangunan Manusia 2023 | sec_025
2.1 Pembangunan Manusia Indonesia 2023
Indeks Pembangunan Manusia (IPM) Indonesia sudah tergolong berstatus tinggi (di atas 70) sejak 2016 dan terus mengalami peningkatan yang konsisten sejak tahun 2020 hingga 2023. Dimulai dengan nilai 72,81 pada tahun 2020 yang meningkat ke 73,16 pada tahun 2021 dan terus meningkat menjadi 73,77 pada tahun 2022, hingga akhirnya IPM Indonesia mencapai 74,39 pada tahun 2023. Kenaikan IPM juga terus mengalami percepatan setiap tahun, dimulai dari 0,48 persen dari 2020 ke 2021, meningkat menjadi 0,83 persen dari 2021 ke 2022, dan mengalami peningkatan tercepat dari 2022 ke 2023 dengan pertumbuhan 0,84 persen. Secara rata-rata, pertumbuhan IPM Indonesia 20202023 adalah sebesar 0,72 persen per tahun. Rata-rata pertumbuhan: 0,72% 7439 2,77 23,16 72,81 2020 2021 2022 2023 fmm Indeks Pembangunan Manusia (IPM) ~~==@=—P~~ ertumbuhan IPM (%) Sumber: Badan Pusat Statistik Gambar 2.1 Indeks Pembangunan Manusia Indonesia, 2020–2023
Percepatan kenaikan IPM 2023 salah satunya didorong oleh dimensi standar hidup layak yang diwakili oleh pengeluaran riil per kapita yang disesuaikan yang mengalami pertumbuhan sebesar 3,66 persen dari 2022 ke 2023. Selain itu, dimensi umur panjang dan hidup sehat serta dimensi pengetahuan juga mengalami peningkatan dibandingkan tahun sebelumnya.
19

INDEKS PEMBANGUNAN MANUSIA 2023

[3] Indeks Pembangunan Manusia 2023 | sec_020
1.2.3 Indikator Pembangunan Manusia di Indonesia
Indonesia mengadopsi pengukuran pembangunan manusia UNDP dengan menghitung indeks yang sama, yaitu Indeks Pembangunan Manusia (IPM). IPM yang dihitung secara mandiri oleh Indonesia juga terdiri atas tiga dimensi seperti halnya yang disusun oleh UNDP, yaitu:
- i. dimensi umur panjang dan hidup sehat;
- ii. dimensi pengetahuan ; dan
- iii. dimensi standar hidup yang layak.
Indonesia selalu mengikuti setiap perubahan yang dilakukan oleh UNDP terkait penghitungan IPM, baik itu perubahan pada indikator yang digunakan maupun perubahan metodologi penghitungan. Sejak tahun 2015 hingga saat ini, metodologi penghitungan IPM Indonesia telah menggunakan metodologi terakhir yang disempurnakan oleh UNDP pada tahun 2014 sebagai standar penghitungan IPM. Indeks Pembangunan Manusia (IPM) adalah sebuah indeks komposit. Artinya, indeks ini disusun dari sejumlah indikator untuk kemudian dihitung menggunakan metode tertentu untuk menghasilkan IPM. Dari tiga dimensi IPM di atas, terdapat empat indikator penyusun. Dalam menentukan indikator yang digunakan, IPM Indonesia juga mengacu pada standar UNDP. Meski demikian, terdapat perbedaan pada salah satu indikator dimensi standar hidup yang layak yang dipicu oleh ketiadaan indikator yang sama dengan yang digunakan oleh UNDP pada level subnasional di Indonesia, baik di tingkat provinsi maupun kabupaten/kota. Untuk dimensi umur panjang dan hidup sehat, indikator yang digunakan adalah Umur Harapan Hidup saat Lahir (UHH) atau e0. UHH merupakan perkiraan rata-rata lamanya waktu (dalam tahun) yang akan dijalani oleh seseorang selama hidupnya. Penggunaan indikator ini didasarkan pada kenyataan bahwa umur panjang merupakan sesuatu yang tak ternilai dan dapat terwujud jikalau manusia mendapatkan nutrisi yang cukup dan kesehatan yang baik. UHH dihitung menggunakan pendekatan tak langsung ( indirect estimation ) dan di standardisasi menggunakan standar penghitungan UNDP.

[4] Indeks Pembangunan Manusia 2023 | sec_021
1.3 Indeks Pembangunan Manusia dan Perencanaan Pembangunan
IPM dapat digunakan sebagai alat ukur kemajuan pembangunan suatu negara atau wilayah. Konsepnya yang terbangun atas dasar tiga hakikat utama jati diri manusia, membuat IPM mampu menjelaskan kemajuan manusia secara keseluruhan dan dapat digunakan untuk mengevaluasi kemajuan pembangunan dari waktu ke waktu dan antarwilayah yang berbeda. Selain itu, capaian IPM antarwilayah dapat digunakan untuk memandu pemangku kebijakan dalam menyusun skala prioritas pembangunan wilayah di suatu negara. Contohnya, ketika suatu wilayah memiliki nilai IPM yang rendah di dimensi pengetahuan atau pendidikan, maka pemerintah dapat mengalihkan sumber daya dan fokus untuk meningkatkan kualitas pendidikan di wilayah tersebut. Selain untuk membantu proses perencanaan pembangunan, IPM juga dapat berperan pada proses evaluasi efektivitas kebijakan pembangunan. Dengan memperhatikan perkembangan IPM dan indikator penyusunnya dari waktu ke waktu, maka pemerintah dapat menilai apakah kebijakan yang telah dilaksanakan selama ini memiliki dampak yang positif bagi kesejahteraan masyarakat. Dari proses di atas, dapat dilihat peran penting IPM dalam siklus perencanaan pembangunan, yang dimulai dari penyediaan data dan informasi, penyusunan perencanaan pembangunan, hingga sampai pada tahap evaluasi pembangunan. Indeks Pembangunan Manusia (IPM) adalah ukuran statistik yang digunakan untuk mengevaluasi kemajuan dan kualitas hidup manusia di suatu negara (UNDP, 2023b). IPM memberikan informasi yang penting bagi pembuat kebijakan untuk mengembangkan kebijakan pembangunan yang lebih baik dan berkelanjutan.

[5] Indeks Pembangunan Manusia 2022 | sec_016
1.2.1 Manfaat Indeks Pembangunan Manusia
Indeks Pembangunan Manusia (IPM) adalah ukuran statistik yang digunakan untuk mengevaluasi kemajuan dan kualitas hidup manusia di suatu negara (UNDP, 2023b). IPM didasarkan pada tiga dimensi utama yaitu umur panjang dan hidup sehat, pengetahuan, dan standar hidup yang layak. IPM memberikan informasi yang penting bagi pembuat kebijakan untuk mengembangkan kebijakan pembangunan yang lebih baik dan berkelanjutan.","[""INDEKS PEMBANGUNAN MANUSIA 2023\nterpenuhi maka banyak peluang dalam aspek kehidupan manusia lainnya yang tidak kunjung terbuka. Berangkat dari konsep dasar tersebut, UNDP menyusun sebuah indeks sebagai ukuran dari capaian pembangunan manusia. Indeks komposit yang mengukur pembangunan manusia dijelaskan dan diperkenalkan sebagai Indeks Pembangunan Manusia (IPM) atau Human Development Index (HDI). UNDP pertama kali memperkenalkan IPM pada tahun 1990 melalui publikasi “ Human Development Report 1990 ”.\nSejak saat itu, UNDP menghitung IPM dan merilisnya dalam publikasi dengan judul yang sama setiap tahunnya untuk menjelaskan bagaimana masyarakat dapat memperoleh manfaat dari hasil pembangunan dalam aspek penghasilan, kesehatan, pendidikan, dan aspek lainnya. Seiring dengan perkembangan peradaban manusia dari zaman ke zaman, pengukuran IPM pun terus diupayakan penyempurnaan dari waktu ke waktu. Hingga saat ini tercatat sudah terjadi lima kali perubahan untuk perbaikan terhadap penghitungan IPM sejak pertama kali dirilis tahun 1990. Perubahan paling signifikan terjadi pada tahun 2010, dimana UNDP mengadopsi sejumlah indikator baru penyusun IPM. Sementara, pada tahun 2014, UNDP sedikit melakukan modifikasi pada metode penghitungan IPM. Gambar 1.2 di bawah ini menampilkan secara kronologis, sejarah penghitungan IPM yang dilakukan oleh UNDP dari waktu ke waktu."", ""2.1 Pembangunan Manusia Indonesia 2023\nIndeks Pembangunan Manusia (IPM) Indonesia sudah tergolong berstatus tinggi (di atas 70) sejak 2016 dan terus mengalami peningkatan yang konsisten sejak tahun 2020 hingga 2023. Dimulai dengan nilai 72,81 pada tahun 2020 yang meningkat ke 73,16 pada tahun 2021 dan terus meningkat menjadi 73,77 pada tahun 2022, hingga akhirnya IPM Indonesia mencapai 74,39 pada tahun 2023. Kenaikan IPM juga terus mengalami percepatan setiap tahun, dimulai dari 0,48 persen dari 2020 ke 2021, meningkat menjadi 0,83 persen dari 2021 ke 2022, dan mengalami peningkatan tercepat dari 2022 ke 2023 dengan pertumbuhan 0,84 persen. Secara rata-rata, pertumbuhan IPM Indonesia 20202023 adalah sebesar 0,72 persen per tahun. Rata-rata pertumbuhan: 0,72% 7439 2,77 23,16 72,81 2020 2021 2022 2023 fmm Indeks Pembangunan Manusia (IPM) ~~==@=—P~~ ertumbuhan IPM (%) Sumber: Badan Pusat Statistik Gambar 2.1 Indeks Pembangunan Manusia Indonesia, 2020–2023\nPercepatan kenaikan IPM 2023 salah satunya didorong oleh dimensi standar hidup layak yang diwakili oleh pengeluaran riil per kapita yang disesuaikan yang mengalami pertumbuhan sebesar 3,66 persen dari 2022 ke 2023. Selain itu, dimensi umur panjang dan hidup sehat serta dimensi pengetahuan juga mengalami peningkatan dibandingkan tahun sebelumnya.\n19\n\nINDEKS PEMBANGUNAN MANUSIA 2023"", ""1.2.3 Indikator Pembangunan Manusia di Indonesia\nIndonesia mengadopsi pengukuran pembangunan manusia UNDP dengan menghitung indeks yang sama, yaitu Indeks Pembangunan Manusia (IPM). IPM yang dihitung secara mandiri oleh Indonesia juga terdiri atas tiga dimensi seperti halnya yang disusun oleh UNDP, yaitu:\n- i. dimensi umur panjang dan hidup sehat;\n- ii. dimensi pengetahuan ; dan\n- iii. dimensi standar hidup yang layak.\nIndonesia selalu mengikuti setiap perubahan yang dilakukan oleh UNDP terkait penghitungan IPM, baik itu perubahan pada indikator yang digunakan maupun perubahan metodologi penghitungan. Sejak tahun 2015 hingga saat ini, metodologi penghitungan IPM Indonesia telah menggunakan metodologi terakhir yang disempurnakan oleh UNDP pada tahun 2014 sebagai standar penghitungan IPM. Indeks Pembangunan Manusia (IPM) adalah sebuah indeks komposit. Artinya, indeks ini disusun dari sejumlah indikator untuk kemudian dihitung menggunakan metode tertentu untuk menghasilkan IPM. Dari tiga dimensi IPM di atas, terdapat empat indikator penyusun. Dalam menentukan indikator yang digunakan, IPM Indonesia juga mengacu pada standar UNDP. Meski demikian, terdapat perbedaan pada salah satu indikator dimensi standar hidup yang layak yang dipicu oleh ketiadaan indikator yang sama dengan yang digunakan oleh UNDP pada level subnasional di Indonesia, baik di tingkat provinsi maupun kabupaten/kota. Untuk dimensi umur panjang dan hidup sehat, indikator yang digunakan adalah Umur Harapan Hidup saat Lahir (UHH) atau e0. UHH merupakan perkiraan rata-rata lamanya waktu (dalam tahun) yang akan dijalani oleh seseorang selama hidupnya. Penggunaan indikator ini didasarkan pada kenyataan bahwa umur panjang merupakan sesuatu yang tak ternilai dan dapat terwujud jikalau manusia mendapatkan nutrisi yang cukup dan kesehatan yang baik. UHH dihitung menggunakan pendekatan tak langsung ( indirect estimation ) dan di standardisasi menggunakan standar penghitungan UNDP."", ""1.3 Indeks Pembangunan Manusia dan Perencanaan Pembangunan\nIPM dapat digunakan sebagai alat ukur kemajuan pembangunan suatu negara atau wilayah. Konsepnya yang terbangun atas dasar tiga hakikat utama jati diri manusia, membuat IPM mampu menjelaskan kemajuan manusia secara keseluruhan dan dapat digunakan untuk mengevaluasi kemajuan pembangunan dari waktu ke waktu dan antarwilayah yang berbeda. Selain itu, capaian IPM antarwilayah dapat digunakan untuk memandu pemangku kebijakan dalam menyusun skala prioritas pembangunan wilayah di suatu negara. Contohnya, ketika suatu wilayah memiliki nilai IPM yang rendah di dimensi pengetahuan atau pendidikan, maka pemerintah dapat mengalihkan sumber daya dan fokus untuk meningkatkan kualitas pendidikan di wilayah tersebut. Selain untuk membantu proses perencanaan pembangunan, IPM juga dapat berperan pada proses evaluasi efektivitas kebijakan pembangunan. Dengan memperhatikan perkembangan IPM dan indikator penyusunnya dari waktu ke waktu, maka pemerintah dapat menilai apakah kebijakan yang telah dilaksanakan selama ini memiliki dampak yang positif bagi kesejahteraan masyarakat. Dari proses di atas, dapat dilihat peran penting IPM dalam siklus perencanaan pembangunan, yang dimulai dari penyediaan data dan informasi, penyusunan perencanaan pembangunan, hingga sampai pada tahap evaluasi pembangunan. Indeks Pembangunan Manusia (IPM) adalah ukuran statistik yang digunakan untuk mengevaluasi kemajuan dan kualitas hidup manusia di suatu negara (UNDP, 2023b). IPM memberikan informasi yang penting bagi pembuat kebijakan untuk mengembangkan kebijakan pembangunan yang lebih baik dan berkelanjutan."", ""1.2.1 Manfaat Indeks Pembangunan Manusia\nIndeks Pembangunan Manusia (IPM) adalah ukuran statistik yang digunakan untuk mengevaluasi kemajuan dan kualitas hidup manusia di suatu negara (UNDP, 2023b). IPM didasarkan pada tiga dimensi utama yaitu umur panjang dan hidup sehat, pengetahuan, dan standar hidup yang layak. IPM memberikan informasi yang penting bagi pembuat kebijakan untuk mengembangkan kebijakan pembangunan yang lebih baik dan berkelanjutan.""]","[{""chunk_id"": ""indeks-pembangunan-manusia-2023__sec_019__c002"", ""faiss_id"": 680, ""document_title"": ""Indeks Pembangunan Manusia 2023"", ""section_id"": ""sec_019"", ""page_start"": 35, ""page_end"": 36, ""bps_url"": ""https://www.bps.go.id/id/publication/2024/05/13/8f77e73a66a6f484c655985a/indeks-pembangunan-manusia-2023.html"", ""rerank_score"": 4.481677532196045}, {""chunk_id"": ""indeks-pembangunan-manusia-2023__sec_025__c001"", ""faiss_id"": 691, ""document_title"": ""Indeks Pembangunan Manusia 2023"", ""section_id"": ""sec_025"", ""page_start"": 43, ""page_end"": 43, ""bps_url"": ""https://www.bps.go.id/id/publication/2024/05/13/8f77e73a66a6f484c655985a/indeks-pembangunan-manusia-2023.html"", ""rerank_score"": 4.47362756729126}, {""chunk_id"": ""indeks-pembangunan-manusia-2023__sec_020__c001"", ""faiss_id"": 682, ""document_title"": ""Indeks Pembangunan Manusia 2023"", ""section_id"": ""sec_020"", ""page_start"": 37, ""page_end"": 37, ""bps_url"": ""https://www.bps.go.id/id/publication/2024/05/13/8f77e73a66a6f484c655985a/indeks-pembangunan-manusia-2023.html"", ""rerank_score"": 4.466080665588379}, {""chunk_id"": ""indeks-pembangunan-manusia-2023__sec_021__c001"", ""faiss_id"": 685, ""document_title"": ""Indeks Pembangunan Manusia 2023"", ""section_id"": ""sec_021"", ""page_start"": 38, ""page_end"": 39, ""bps_url"": ""https://www.bps.go.id/id/publication/2024/05/13/8f77e73a66a6f484c655985a/indeks-pembangunan-manusia-2023.html"", ""rerank_score"": 4.324094295501709}, {""chunk_id"": ""indeks-pembangunan-manusia-2022__sec_016__c001"", ""faiss_id"": 385, ""document_title"": ""Indeks Pembangunan Manusia 2022"", ""section_id"": ""sec_016"", ""page_start"": 22, ""page_end"": 23, ""bps_url"": ""https://www.bps.go.id/id/publication/2023/05/16/ef80bec78ab91cb5b703b943/indeks-pembangunan-manusia-2022.html"", ""rerank_score"": 4.303625583648682}]",{},2.520913400999916,2.8930271690001064,"{""total_duration"": 2890965839, ""load_duration"": 2071516, ""prompt_eval_count"": 1830, ""prompt_eval_duration"": 802973000, ""eval_count"": 71, ""eval_duration"": 1600935000}",13.990949465999847,ok,,85edb411a3706843a8043481e3d814b59ae4ba89dd02accf4a0c122fc94c22f2,False,1.0,ok,0.6239189688993397,ok,1.0,ok
Q009,3_variasi_gaya_bahasa,formal,Bagaimana tren Indeks Pembangunan Manusia (IPM) Indonesia dari edisi ke edisi?,S2_I01,STYLE-IPM-TREND,formal,,,style_variation,,,deepseek-flash,,deepseek-flash,[],"[1] Indeks Pembangunan Manusia 2023 | sec_019
INDEKS PEMBANGUNAN MANUSIA 2023
terpenuhi maka banyak peluang dalam aspek kehidupan manusia lainnya yang tidak kunjung terbuka. Berangkat dari konsep dasar tersebut, UNDP menyusun sebuah indeks sebagai ukuran dari capaian pembangunan manusia. Indeks komposit yang mengukur pembangunan manusia dijelaskan dan diperkenalkan sebagai Indeks Pembangunan Manusia (IPM) atau Human Development Index (HDI). UNDP pertama kali memperkenalkan IPM pada tahun 1990 melalui publikasi “ Human Development Report 1990 ”.
Sejak saat itu, UNDP menghitung IPM dan merilisnya dalam publikasi dengan judul yang sama setiap tahunnya untuk menjelaskan bagaimana masyarakat dapat memperoleh manfaat dari hasil pembangunan dalam aspek penghasilan, kesehatan, pendidikan, dan aspek lainnya. Seiring dengan perkembangan peradaban manusia dari zaman ke zaman, pengukuran IPM pun terus diupayakan penyempurnaan dari waktu ke waktu. Hingga saat ini tercatat sudah terjadi lima kali perubahan untuk perbaikan terhadap penghitungan IPM sejak pertama kali dirilis tahun 1990. Perubahan paling signifikan terjadi pada tahun 2010, dimana UNDP mengadopsi sejumlah indikator baru penyusun IPM. Sementara, pada tahun 2014, UNDP sedikit melakukan modifikasi pada metode penghitungan IPM. Gambar 1.2 di bawah ini menampilkan secara kronologis, sejarah penghitungan IPM yang dilakukan oleh UNDP dari waktu ke waktu.

[2] Indeks Pembangunan Manusia 2023 | sec_025
2.1 Pembangunan Manusia Indonesia 2023
Indeks Pembangunan Manusia (IPM) Indonesia sudah tergolong berstatus tinggi (di atas 70) sejak 2016 dan terus mengalami peningkatan yang konsisten sejak tahun 2020 hingga 2023. Dimulai dengan nilai 72,81 pada tahun 2020 yang meningkat ke 73,16 pada tahun 2021 dan terus meningkat menjadi 73,77 pada tahun 2022, hingga akhirnya IPM Indonesia mencapai 74,39 pada tahun 2023. Kenaikan IPM juga terus mengalami percepatan setiap tahun, dimulai dari 0,48 persen dari 2020 ke 2021, meningkat menjadi 0,83 persen dari 2021 ke 2022, dan mengalami peningkatan tercepat dari 2022 ke 2023 dengan pertumbuhan 0,84 persen. Secara rata-rata, pertumbuhan IPM Indonesia 20202023 adalah sebesar 0,72 persen per tahun. Rata-rata pertumbuhan: 0,72% 7439 2,77 23,16 72,81 2020 2021 2022 2023 fmm Indeks Pembangunan Manusia (IPM) ~~==@=—P~~ ertumbuhan IPM (%) Sumber: Badan Pusat Statistik Gambar 2.1 Indeks Pembangunan Manusia Indonesia, 2020–2023
Percepatan kenaikan IPM 2023 salah satunya didorong oleh dimensi standar hidup layak yang diwakili oleh pengeluaran riil per kapita yang disesuaikan yang mengalami pertumbuhan sebesar 3,66 persen dari 2022 ke 2023. Selain itu, dimensi umur panjang dan hidup sehat serta dimensi pengetahuan juga mengalami peningkatan dibandingkan tahun sebelumnya.
19

INDEKS PEMBANGUNAN MANUSIA 2023

[3] Indeks Pembangunan Manusia 2023 | sec_020
1.2.3 Indikator Pembangunan Manusia di Indonesia
Indonesia mengadopsi pengukuran pembangunan manusia UNDP dengan menghitung indeks yang sama, yaitu Indeks Pembangunan Manusia (IPM). IPM yang dihitung secara mandiri oleh Indonesia juga terdiri atas tiga dimensi seperti halnya yang disusun oleh UNDP, yaitu:
- i. dimensi umur panjang dan hidup sehat;
- ii. dimensi pengetahuan ; dan
- iii. dimensi standar hidup yang layak.
Indonesia selalu mengikuti setiap perubahan yang dilakukan oleh UNDP terkait penghitungan IPM, baik itu perubahan pada indikator yang digunakan maupun perubahan metodologi penghitungan. Sejak tahun 2015 hingga saat ini, metodologi penghitungan IPM Indonesia telah menggunakan metodologi terakhir yang disempurnakan oleh UNDP pada tahun 2014 sebagai standar penghitungan IPM. Indeks Pembangunan Manusia (IPM) adalah sebuah indeks komposit. Artinya, indeks ini disusun dari sejumlah indikator untuk kemudian dihitung menggunakan metode tertentu untuk menghasilkan IPM. Dari tiga dimensi IPM di atas, terdapat empat indikator penyusun. Dalam menentukan indikator yang digunakan, IPM Indonesia juga mengacu pada standar UNDP. Meski demikian, terdapat perbedaan pada salah satu indikator dimensi standar hidup yang layak yang dipicu oleh ketiadaan indikator yang sama dengan yang digunakan oleh UNDP pada level subnasional di Indonesia, baik di tingkat provinsi maupun kabupaten/kota. Untuk dimensi umur panjang dan hidup sehat, indikator yang digunakan adalah Umur Harapan Hidup saat Lahir (UHH) atau e0. UHH merupakan perkiraan rata-rata lamanya waktu (dalam tahun) yang akan dijalani oleh seseorang selama hidupnya. Penggunaan indikator ini didasarkan pada kenyataan bahwa umur panjang merupakan sesuatu yang tak ternilai dan dapat terwujud jikalau manusia mendapatkan nutrisi yang cukup dan kesehatan yang baik. UHH dihitung menggunakan pendekatan tak langsung ( indirect estimation ) dan di standardisasi menggunakan standar penghitungan UNDP.

[4] Indeks Pembangunan Manusia 2023 | sec_021
1.3 Indeks Pembangunan Manusia dan Perencanaan Pembangunan
IPM dapat digunakan sebagai alat ukur kemajuan pembangunan suatu negara atau wilayah. Konsepnya yang terbangun atas dasar tiga hakikat utama jati diri manusia, membuat IPM mampu menjelaskan kemajuan manusia secara keseluruhan dan dapat digunakan untuk mengevaluasi kemajuan pembangunan dari waktu ke waktu dan antarwilayah yang berbeda. Selain itu, capaian IPM antarwilayah dapat digunakan untuk memandu pemangku kebijakan dalam menyusun skala prioritas pembangunan wilayah di suatu negara. Contohnya, ketika suatu wilayah memiliki nilai IPM yang rendah di dimensi pengetahuan atau pendidikan, maka pemerintah dapat mengalihkan sumber daya dan fokus untuk meningkatkan kualitas pendidikan di wilayah tersebut. Selain untuk membantu proses perencanaan pembangunan, IPM juga dapat berperan pada proses evaluasi efektivitas kebijakan pembangunan. Dengan memperhatikan perkembangan IPM dan indikator penyusunnya dari waktu ke waktu, maka pemerintah dapat menilai apakah kebijakan yang telah dilaksanakan selama ini memiliki dampak yang positif bagi kesejahteraan masyarakat. Dari proses di atas, dapat dilihat peran penting IPM dalam siklus perencanaan pembangunan, yang dimulai dari penyediaan data dan informasi, penyusunan perencanaan pembangunan, hingga sampai pada tahap evaluasi pembangunan. Indeks Pembangunan Manusia (IPM) adalah ukuran statistik yang digunakan untuk mengevaluasi kemajuan dan kualitas hidup manusia di suatu negara (UNDP, 2023b). IPM memberikan informasi yang penting bagi pembuat kebijakan untuk mengembangkan kebijakan pembangunan yang lebih baik dan berkelanjutan.

[5] Indeks Pembangunan Manusia 2022 | sec_016
1.2.1 Manfaat Indeks Pembangunan Manusia
Indeks Pembangunan Manusia (IPM) adalah ukuran statistik yang digunakan untuk mengevaluasi kemajuan dan kualitas hidup manusia di suatu negara (UNDP, 2023b). IPM didasarkan pada tiga dimensi utama yaitu umur panjang dan hidup sehat, pengetahuan, dan standar hidup yang layak. IPM memberikan informasi yang penting bagi pembuat kebijakan untuk mengembangkan kebijakan pembangunan yang lebih baik dan berkelanjutan.","[""INDEKS PEMBANGUNAN MANUSIA 2023\nterpenuhi maka banyak peluang dalam aspek kehidupan manusia lainnya yang tidak kunjung terbuka. Berangkat dari konsep dasar tersebut, UNDP menyusun sebuah indeks sebagai ukuran dari capaian pembangunan manusia. Indeks komposit yang mengukur pembangunan manusia dijelaskan dan diperkenalkan sebagai Indeks Pembangunan Manusia (IPM) atau Human Development Index (HDI). UNDP pertama kali memperkenalkan IPM pada tahun 1990 melalui publikasi “ Human Development Report 1990 ”.\nSejak saat itu, UNDP menghitung IPM dan merilisnya dalam publikasi dengan judul yang sama setiap tahunnya untuk menjelaskan bagaimana masyarakat dapat memperoleh manfaat dari hasil pembangunan dalam aspek penghasilan, kesehatan, pendidikan, dan aspek lainnya. Seiring dengan perkembangan peradaban manusia dari zaman ke zaman, pengukuran IPM pun terus diupayakan penyempurnaan dari waktu ke waktu. Hingga saat ini tercatat sudah terjadi lima kali perubahan untuk perbaikan terhadap penghitungan IPM sejak pertama kali dirilis tahun 1990. Perubahan paling signifikan terjadi pada tahun 2010, dimana UNDP mengadopsi sejumlah indikator baru penyusun IPM. Sementara, pada tahun 2014, UNDP sedikit melakukan modifikasi pada metode penghitungan IPM. Gambar 1.2 di bawah ini menampilkan secara kronologis, sejarah penghitungan IPM yang dilakukan oleh UNDP dari waktu ke waktu."", ""2.1 Pembangunan Manusia Indonesia 2023\nIndeks Pembangunan Manusia (IPM) Indonesia sudah tergolong berstatus tinggi (di atas 70) sejak 2016 dan terus mengalami peningkatan yang konsisten sejak tahun 2020 hingga 2023. Dimulai dengan nilai 72,81 pada tahun 2020 yang meningkat ke 73,16 pada tahun 2021 dan terus meningkat menjadi 73,77 pada tahun 2022, hingga akhirnya IPM Indonesia mencapai 74,39 pada tahun 2023. Kenaikan IPM juga terus mengalami percepatan setiap tahun, dimulai dari 0,48 persen dari 2020 ke 2021, meningkat menjadi 0,83 persen dari 2021 ke 2022, dan mengalami peningkatan tercepat dari 2022 ke 2023 dengan pertumbuhan 0,84 persen. Secara rata-rata, pertumbuhan IPM Indonesia 20202023 adalah sebesar 0,72 persen per tahun. Rata-rata pertumbuhan: 0,72% 7439 2,77 23,16 72,81 2020 2021 2022 2023 fmm Indeks Pembangunan Manusia (IPM) ~~==@=—P~~ ertumbuhan IPM (%) Sumber: Badan Pusat Statistik Gambar 2.1 Indeks Pembangunan Manusia Indonesia, 2020–2023\nPercepatan kenaikan IPM 2023 salah satunya didorong oleh dimensi standar hidup layak yang diwakili oleh pengeluaran riil per kapita yang disesuaikan yang mengalami pertumbuhan sebesar 3,66 persen dari 2022 ke 2023. Selain itu, dimensi umur panjang dan hidup sehat serta dimensi pengetahuan juga mengalami peningkatan dibandingkan tahun sebelumnya.\n19\n\nINDEKS PEMBANGUNAN MANUSIA 2023"", ""1.2.3 Indikator Pembangunan Manusia di Indonesia\nIndonesia mengadopsi pengukuran pembangunan manusia UNDP dengan menghitung indeks yang sama, yaitu Indeks Pembangunan Manusia (IPM). IPM yang dihitung secara mandiri oleh Indonesia juga terdiri atas tiga dimensi seperti halnya yang disusun oleh UNDP, yaitu:\n- i. dimensi umur panjang dan hidup sehat;\n- ii. dimensi pengetahuan ; dan\n- iii. dimensi standar hidup yang layak.\nIndonesia selalu mengikuti setiap perubahan yang dilakukan oleh UNDP terkait penghitungan IPM, baik itu perubahan pada indikator yang digunakan maupun perubahan metodologi penghitungan. Sejak tahun 2015 hingga saat ini, metodologi penghitungan IPM Indonesia telah menggunakan metodologi terakhir yang disempurnakan oleh UNDP pada tahun 2014 sebagai standar penghitungan IPM. Indeks Pembangunan Manusia (IPM) adalah sebuah indeks komposit. Artinya, indeks ini disusun dari sejumlah indikator untuk kemudian dihitung menggunakan metode tertentu untuk menghasilkan IPM. Dari tiga dimensi IPM di atas, terdapat empat indikator penyusun. Dalam menentukan indikator yang digunakan, IPM Indonesia juga mengacu pada standar UNDP. Meski demikian, terdapat perbedaan pada salah satu indikator dimensi standar hidup yang layak yang dipicu oleh ketiadaan indikator yang sama dengan yang digunakan oleh UNDP pada level subnasional di Indonesia, baik di tingkat provinsi maupun kabupaten/kota. Untuk dimensi umur panjang dan hidup sehat, indikator yang digunakan adalah Umur Harapan Hidup saat Lahir (UHH) atau e0. UHH merupakan perkiraan rata-rata lamanya waktu (dalam tahun) yang akan dijalani oleh seseorang selama hidupnya. Penggunaan indikator ini didasarkan pada kenyataan bahwa umur panjang merupakan sesuatu yang tak ternilai dan dapat terwujud jikalau manusia mendapatkan nutrisi yang cukup dan kesehatan yang baik. UHH dihitung menggunakan pendekatan tak langsung ( indirect estimation ) dan di standardisasi menggunakan standar penghitungan UNDP."", ""1.3 Indeks Pembangunan Manusia dan Perencanaan Pembangunan\nIPM dapat digunakan sebagai alat ukur kemajuan pembangunan suatu negara atau wilayah. Konsepnya yang terbangun atas dasar tiga hakikat utama jati diri manusia, membuat IPM mampu menjelaskan kemajuan manusia secara keseluruhan dan dapat digunakan untuk mengevaluasi kemajuan pembangunan dari waktu ke waktu dan antarwilayah yang berbeda. Selain itu, capaian IPM antarwilayah dapat digunakan untuk memandu pemangku kebijakan dalam menyusun skala prioritas pembangunan wilayah di suatu negara. Contohnya, ketika suatu wilayah memiliki nilai IPM yang rendah di dimensi pengetahuan atau pendidikan, maka pemerintah dapat mengalihkan sumber daya dan fokus untuk meningkatkan kualitas pendidikan di wilayah tersebut. Selain untuk membantu proses perencanaan pembangunan, IPM juga dapat berperan pada proses evaluasi efektivitas kebijakan pembangunan. Dengan memperhatikan perkembangan IPM dan indikator penyusunnya dari waktu ke waktu, maka pemerintah dapat menilai apakah kebijakan yang telah dilaksanakan selama ini memiliki dampak yang positif bagi kesejahteraan masyarakat. Dari proses di atas, dapat dilihat peran penting IPM dalam siklus perencanaan pembangunan, yang dimulai dari penyediaan data dan informasi, penyusunan perencanaan pembangunan, hingga sampai pada tahap evaluasi pembangunan. Indeks Pembangunan Manusia (IPM) adalah ukuran statistik yang digunakan untuk mengevaluasi kemajuan dan kualitas hidup manusia di suatu negara (UNDP, 2023b). IPM memberikan informasi yang penting bagi pembuat kebijakan untuk mengembangkan kebijakan pembangunan yang lebih baik dan berkelanjutan."", ""1.2.1 Manfaat Indeks Pembangunan Manusia\nIndeks Pembangunan Manusia (IPM) adalah ukuran statistik yang digunakan untuk mengevaluasi kemajuan dan kualitas hidup manusia di suatu negara (UNDP, 2023b). IPM didasarkan pada tiga dimensi utama yaitu umur panjang dan hidup sehat, pengetahuan, dan standar hidup yang layak. IPM memberikan informasi yang penting bagi pembuat kebijakan untuk mengembangkan kebijakan pembangunan yang lebih baik dan berkelanjutan.""]","[{""chunk_id"": ""indeks-pembangunan-manusia-2023__sec_019__c002"", ""faiss_id"": 680, ""document_title"": ""Indeks Pembangunan Manusia 2023"", ""section_id"": ""sec_019"", ""page_start"": 35, ""page_end"": 36, ""bps_url"": ""https://www.bps.go.id/id/publication/2024/05/13/8f77e73a66a6f484c655985a/indeks-pembangunan-manusia-2023.html"", ""rerank_score"": 4.481677532196045}, {""chunk_id"": ""indeks-pembangunan-manusia-2023__sec_025__c001"", ""faiss_id"": 691, ""document_title"": ""Indeks Pembangunan Manusia 2023"", ""section_id"": ""sec_025"", ""page_start"": 43, ""page_end"": 43, ""bps_url"": ""https://www.bps.go.id/id/publication/2024/05/13/8f77e73a66a6f484c655985a/indeks-pembangunan-manusia-2023.html"", ""rerank_score"": 4.47362756729126}, {""chunk_id"": ""indeks-pembangunan-manusia-2023__sec_020__c001"", ""faiss_id"": 682, ""document_title"": ""Indeks Pembangunan Manusia 2023"", ""section_id"": ""sec_020"", ""page_start"": 37, ""page_end"": 37, ""bps_url"": ""https://www.bps.go.id/id/publication/2024/05/13/8f77e73a66a6f484c655985a/indeks-pembangunan-manusia-2023.html"", ""rerank_score"": 4.466080665588379}, {""chunk_id"": ""indeks-pembangunan-manusia-2023__sec_021__c001"", ""faiss_id"": 685, ""document_title"": ""Indeks Pembangunan Manusia 2023"", ""section_id"": ""sec_021"", ""page_start"": 38, ""page_end"": 39, ""bps_url"": ""https://www.bps.go.id/id/publication/2024/05/13/8f77e73a66a6f484c655985a/indeks-pembangunan-manusia-2023.html"", ""rerank_score"": 4.324094295501709}, {""chunk_id"": ""indeks-pembangunan-manusia-2022__sec_016__c001"", ""faiss_id"": 385, ""document_title"": ""Indeks Pembangunan Manusia 2022"", ""section_id"": ""sec_016"", ""page_start"": 22, ""page_end"": 23, ""bps_url"": ""https://www.bps.go.id/id/publication/2023/05/16/ef80bec78ab91cb5b703b943/indeks-pembangunan-manusia-2022.html"", ""rerank_score"": 4.303625583648682}]",{},3.025198494999813,2.812564451000071,"{""prompt_tokens"": 2096, ""completion_tokens"": 512, ""total_tokens"": 2608, ""prompt_tokens_details"": {""cached_tokens"": 1920}, ""completion_tokens_details"": {""reasoning_tokens"": 512}, ""prompt_cache_hit_tokens"": 1920, ""prompt_cache_miss_tokens"": 176}",5.908368872999972,ok,,85edb411a3706843a8043481e3d814b59ae4ba89dd02accf4a0c122fc94c22f2,False,,empty_answer,,empty_answer,,empty_answer
Q010,3_variasi_gaya_bahasa,informal,ipm indo makin ke sini makin naik atau turun sih?,S2_I01,STYLE-IPM-TREND,informal,,,style_variation,,,llama3.2-finetuned,"Teks menyatakan bahwa IPM Indonesia meningkat dari 72,81 pada 2020 menjadi 73,77 pada 2021, 73,77 pada 2022, dan 74,39 pada 2023. Karena itu, tren IPM Indonesia adalah meningkat secara konsisten dari tahun ke tahun.",llama3.2-finetuned,"[""Indonesia IPM tahun 2024 tercatat naik dari 4,53 menjadi 4,73.""]","[1] Indeks Pembangunan Manusia 2023 | sec_025
2.1 Pembangunan Manusia Indonesia 2023
Indeks Pembangunan Manusia (IPM) Indonesia sudah tergolong berstatus tinggi (di atas 70) sejak 2016 dan terus mengalami peningkatan yang konsisten sejak tahun 2020 hingga 2023. Dimulai dengan nilai 72,81 pada tahun 2020 yang meningkat ke 73,16 pada tahun 2021 dan terus meningkat menjadi 73,77 pada tahun 2022, hingga akhirnya IPM Indonesia mencapai 74,39 pada tahun 2023. Kenaikan IPM juga terus mengalami percepatan setiap tahun, dimulai dari 0,48 persen dari 2020 ke 2021, meningkat menjadi 0,83 persen dari 2021 ke 2022, dan mengalami peningkatan tercepat dari 2022 ke 2023 dengan pertumbuhan 0,84 persen. Secara rata-rata, pertumbuhan IPM Indonesia 20202023 adalah sebesar 0,72 persen per tahun. Rata-rata pertumbuhan: 0,72% 7439 2,77 23,16 72,81 2020 2021 2022 2023 fmm Indeks Pembangunan Manusia (IPM) ~~==@=—P~~ ertumbuhan IPM (%) Sumber: Badan Pusat Statistik Gambar 2.1 Indeks Pembangunan Manusia Indonesia, 2020–2023
Percepatan kenaikan IPM 2023 salah satunya didorong oleh dimensi standar hidup layak yang diwakili oleh pengeluaran riil per kapita yang disesuaikan yang mengalami pertumbuhan sebesar 3,66 persen dari 2022 ke 2023. Selain itu, dimensi umur panjang dan hidup sehat serta dimensi pengetahuan juga mengalami peningkatan dibandingkan tahun sebelumnya.
19

INDEKS PEMBANGUNAN MANUSIA 2023

[2] Indeks Pembangunan Manusia 2024 | sec_025
2.2 Capaian Pembangunan Manusia di Tingkat Nasional
Pengukuran Capaian Pembangunan Manusia di Indonesia menghasilkan IPM (Indeks Pembangunan Manusia). IPM di Indonesia merupakan salah satu indikator utama dalam Rencana Pembangunan Jangka Menengah Nasional (RPJMN) 2019–2024, yang dijadikan sebagai tolok ukur dalam mengukur keberhasilan pembangunan manusia di berbagai aspek fundamental. Pemerintah Indonesia menargetkan IPM sebesar 75,54 pada tahun 2024 sebagai bagian dari strategi pembangunan nasional yang berfokus pada peningkatan kualitas hidup masyarakat.
Pada tahun 2024, IPM Indonesia berhasil mencapai angka 75,02 yang berada pada kategori tinggi. Selain itu, pertumbuhan IPM Indonesia mencapai laju pertumbuhan tertinggi dalam lima tahun terakhir, yakni sebesar 0,85 persen selama periode 2020–2024. Jika dirata-ratakan, pertumbuhan IPM Indonesia dalam periode 2020–2024 mencapai sekitar 0,75 persen per tahun. Percepatan kenaikan IPM 2024 salah satunya didorong oleh dimensi standar hidup layak yang diwakilkan oleh pengeluaran rill per kapita yang disesuaikan mengalami pertumbuhan sebesar 3,71 persen dari 2023 ke 2024. Selain itu, dimensi umur panjang dan hidup sehat serta dimensi pengetahuan juga mengalami peningkatan dibandingkan tahun sebelumnya. 75,02 74,39 73,77 73,16 72,81 0,83 0,84 0,85 0,48 2020 2021 2022 2023 2024 Indeks Pembangunan Manusia (IPM) Pertumbuhan IPM (%)
Sumber: Badan Pusat Statistik, Penyusunan Indeks Pembangunan Manusia, 2024
Gambar 2.8 Indeks Pembangunan Manusia Indonesia, 2020–2024

[3] Indeks Pembangunan Manusia 2024 | sec_003
Ringkasan
Indeks Pembangunan Manusia (IPM) Indonesia tahun 2024 mencapai 75,02, meningkat 0,63 poin (0,85 persen) dibandingkan tahun sebelumnya (74,39). IPM 2024 tumbuh lebih cepat dibandingkan tahun sebelumnya. Seluruh dimensi pembentuk IPM meningkat, terutama standar hidup layak dan pengetahuan.

[4] Indeks Pembangunan Manusia 2022 | sec_030
3.3 Perubahan Status Pembangunan Manusia di Tingkat Kabupaten/Kota
Pencapaian keberhasilan pembangunan manusia yang diukur dengan IPM di tingkat provinsi secara konsisten juga terlihat di kabupaten/kota. Persentase kabupaten/kota dengan status IPM kategori rendah berangsur berkurang selama dua belas tahun terakhir, dari 20,66 persen pada 2010 menjadi hanya 3,89 persen pada 2022.
Dominasi kabupaten/kota dengan status IPM kategori sedang juga sudah berangsur menurun karena sebagian besar kabupaten/kota tersebut berhasil naik status menjadi daerah dengan IPM kategori tinggi dan sangat tinggi. Sebagaimana ditunjukkan pada Gambar 3.5, pada 2010 tercatat 61,98 persen kabupaten/kota di Indonesia memiliki nilai IPM dengan status sedang, kemudian berubah menjadi hanya 43 persen pada 2022. Gambar 3.5 Persentase Kabupaten/Kota menurut Status Pembangunan Manusia, 2010, 2021, dan 2022 0.62% 16,74% 739% 7,98% 39,69% 45, 14%
Sumber: Badan Pusat Statistik (diolah)
Persentase kabupaten/kota dengan status IPM kategori tinggi juga berangsur meningkat. Bahkan, pada tahun 2022, mayoritas kabupaten/kota termasuk dalam kelompok daerah dengan status IPM kategori tinggi. Persentasenya meningkat sebesar 5,45 persen poin dibandingkan tahun sebelumnya, dan 28,4 persen poin dibandingkan dengan kondisi dua belas tahun lalu. Selain itu, kabupaten/kota dengan status IPM kategori sangat tinggi juga beranjak naik, dari 7,39 persen pada 2021 menjadi 7,98 persen pada 2022. Padahal, pada 2010, belum satupun kabupaten/kota di Indonesia memiliki nilai IPM kategori sangat tinggi.
CAPAIAN PEMBANGUNAN MANUSIA DI TINGKAT DAERAH
25

[5] Indeks Pembangunan Manusia 2023 | sec_009
Ringkasan
Indeks Pembangunan Manusia (IPM) Indonesia tahun 2023 mencapai 74,39, meningkat 0,62 poin (0,84 persen) dibandingkan tahun sebelumnya (73,77). IPM 2023 tumbuh lebih cepat dibandingkan tahun sebelumnya. Seluruh dimensi pembentuk IPM meningkat, terutama standar hidup layak dan pengetahuan.","[""2.1 Pembangunan Manusia Indonesia 2023\nIndeks Pembangunan Manusia (IPM) Indonesia sudah tergolong berstatus tinggi (di atas 70) sejak 2016 dan terus mengalami peningkatan yang konsisten sejak tahun 2020 hingga 2023. Dimulai dengan nilai 72,81 pada tahun 2020 yang meningkat ke 73,16 pada tahun 2021 dan terus meningkat menjadi 73,77 pada tahun 2022, hingga akhirnya IPM Indonesia mencapai 74,39 pada tahun 2023. Kenaikan IPM juga terus mengalami percepatan setiap tahun, dimulai dari 0,48 persen dari 2020 ke 2021, meningkat menjadi 0,83 persen dari 2021 ke 2022, dan mengalami peningkatan tercepat dari 2022 ke 2023 dengan pertumbuhan 0,84 persen. Secara rata-rata, pertumbuhan IPM Indonesia 20202023 adalah sebesar 0,72 persen per tahun. Rata-rata pertumbuhan: 0,72% 7439 2,77 23,16 72,81 2020 2021 2022 2023 fmm Indeks Pembangunan Manusia (IPM) ~~==@=—P~~ ertumbuhan IPM (%) Sumber: Badan Pusat Statistik Gambar 2.1 Indeks Pembangunan Manusia Indonesia, 2020–2023\nPercepatan kenaikan IPM 2023 salah satunya didorong oleh dimensi standar hidup layak yang diwakili oleh pengeluaran riil per kapita yang disesuaikan yang mengalami pertumbuhan sebesar 3,66 persen dari 2022 ke 2023. Selain itu, dimensi umur panjang dan hidup sehat serta dimensi pengetahuan juga mengalami peningkatan dibandingkan tahun sebelumnya.\n19\n\nINDEKS PEMBANGUNAN MANUSIA 2023"", ""2.2 Capaian Pembangunan Manusia di Tingkat Nasional\nPengukuran Capaian Pembangunan Manusia di Indonesia menghasilkan IPM (Indeks Pembangunan Manusia). IPM di Indonesia merupakan salah satu indikator utama dalam Rencana Pembangunan Jangka Menengah Nasional (RPJMN) 2019–2024, yang dijadikan sebagai tolok ukur dalam mengukur keberhasilan pembangunan manusia di berbagai aspek fundamental. Pemerintah Indonesia menargetkan IPM sebesar 75,54 pada tahun 2024 sebagai bagian dari strategi pembangunan nasional yang berfokus pada peningkatan kualitas hidup masyarakat.\nPada tahun 2024, IPM Indonesia berhasil mencapai angka 75,02 yang berada pada kategori tinggi. Selain itu, pertumbuhan IPM Indonesia mencapai laju pertumbuhan tertinggi dalam lima tahun terakhir, yakni sebesar 0,85 persen selama periode 2020–2024. Jika dirata-ratakan, pertumbuhan IPM Indonesia dalam periode 2020–2024 mencapai sekitar 0,75 persen per tahun. Percepatan kenaikan IPM 2024 salah satunya didorong oleh dimensi standar hidup layak yang diwakilkan oleh pengeluaran rill per kapita yang disesuaikan mengalami pertumbuhan sebesar 3,71 persen dari 2023 ke 2024. Selain itu, dimensi umur panjang dan hidup sehat serta dimensi pengetahuan juga mengalami peningkatan dibandingkan tahun sebelumnya. 75,02 74,39 73,77 73,16 72,81 0,83 0,84 0,85 0,48 2020 2021 2022 2023 2024 Indeks Pembangunan Manusia (IPM) Pertumbuhan IPM (%)\nSumber: Badan Pusat Statistik, Penyusunan Indeks Pembangunan Manusia, 2024\nGambar 2.8 Indeks Pembangunan Manusia Indonesia, 2020–2024"", ""Ringkasan\nIndeks Pembangunan Manusia (IPM) Indonesia tahun 2024 mencapai 75,02, meningkat 0,63 poin (0,85 persen) dibandingkan tahun sebelumnya (74,39). IPM 2024 tumbuh lebih cepat dibandingkan tahun sebelumnya. Seluruh dimensi pembentuk IPM meningkat, terutama standar hidup layak dan pengetahuan."", ""3.3 Perubahan Status Pembangunan Manusia di Tingkat Kabupaten/Kota\nPencapaian keberhasilan pembangunan manusia yang diukur dengan IPM di tingkat provinsi secara konsisten juga terlihat di kabupaten/kota. Persentase kabupaten/kota dengan status IPM kategori rendah berangsur berkurang selama dua belas tahun terakhir, dari 20,66 persen pada 2010 menjadi hanya 3,89 persen pada 2022.\nDominasi kabupaten/kota dengan status IPM kategori sedang juga sudah berangsur menurun karena sebagian besar kabupaten/kota tersebut berhasil naik status menjadi daerah dengan IPM kategori tinggi dan sangat tinggi. Sebagaimana ditunjukkan pada Gambar 3.5, pada 2010 tercatat 61,98 persen kabupaten/kota di Indonesia memiliki nilai IPM dengan status sedang, kemudian berubah menjadi hanya 43 persen pada 2022. Gambar 3.5 Persentase Kabupaten/Kota menurut Status Pembangunan Manusia, 2010, 2021, dan 2022 0.62% 16,74% 739% 7,98% 39,69% 45, 14%\nSumber: Badan Pusat Statistik (diolah)\nPersentase kabupaten/kota dengan status IPM kategori tinggi juga berangsur meningkat. Bahkan, pada tahun 2022, mayoritas kabupaten/kota termasuk dalam kelompok daerah dengan status IPM kategori tinggi. Persentasenya meningkat sebesar 5,45 persen poin dibandingkan tahun sebelumnya, dan 28,4 persen poin dibandingkan dengan kondisi dua belas tahun lalu. Selain itu, kabupaten/kota dengan status IPM kategori sangat tinggi juga beranjak naik, dari 7,39 persen pada 2021 menjadi 7,98 persen pada 2022. Padahal, pada 2010, belum satupun kabupaten/kota di Indonesia memiliki nilai IPM kategori sangat tinggi.\nCAPAIAN PEMBANGUNAN MANUSIA DI TINGKAT DAERAH\n25"", ""Ringkasan\nIndeks Pembangunan Manusia (IPM) Indonesia tahun 2023 mencapai 74,39, meningkat 0,62 poin (0,84 persen) dibandingkan tahun sebelumnya (73,77). IPM 2023 tumbuh lebih cepat dibandingkan tahun sebelumnya. Seluruh dimensi pembentuk IPM meningkat, terutama standar hidup layak dan pengetahuan.""]","[{""chunk_id"": ""indeks-pembangunan-manusia-2023__sec_025__c001"", ""faiss_id"": 691, ""document_title"": ""Indeks Pembangunan Manusia 2023"", ""section_id"": ""sec_025"", ""page_start"": 43, ""page_end"": 43, ""bps_url"": ""https://www.bps.go.id/id/publication/2024/05/13/8f77e73a66a6f484c655985a/indeks-pembangunan-manusia-2023.html"", ""rerank_score"": 2.276793956756592}, {""chunk_id"": ""indeks-pembangunan-manusia-2024__sec_025__c001"", ""faiss_id"": 974, ""document_title"": ""Indeks Pembangunan Manusia 2024"", ""section_id"": ""sec_025"", ""page_start"": 50, ""page_end"": null, ""bps_url"": ""https://www.bps.go.id/id/publication/2025/05/15/dd9a3ce7dfae1c733e46338f/indeks-pembangunan-manusia-2024.html"", ""rerank_score"": 1.5255926847457886}, {""chunk_id"": ""indeks-pembangunan-manusia-2024__sec_003__c001"", ""faiss_id"": 900, ""document_title"": ""Indeks Pembangunan Manusia 2024"", ""section_id"": ""sec_003"", ""page_start"": 9, ""page_end"": 10, ""bps_url"": ""https://www.bps.go.id/id/publication/2025/05/15/dd9a3ce7dfae1c733e46338f/indeks-pembangunan-manusia-2024.html"", ""rerank_score"": 0.91754549741745}, {""chunk_id"": ""indeks-pembangunan-manusia-2022__sec_030__c001"", ""faiss_id"": 412, ""document_title"": ""Indeks Pembangunan Manusia 2022"", ""section_id"": ""sec_030"", ""page_start"": 40, ""page_end"": 41, ""bps_url"": ""https://www.bps.go.id/id/publication/2023/05/16/ef80bec78ab91cb5b703b943/indeks-pembangunan-manusia-2022.html"", ""rerank_score"": 0.7113838195800781}, {""chunk_id"": ""indeks-pembangunan-manusia-2023__sec_009__c001"", ""faiss_id"": 655, ""document_title"": ""Indeks Pembangunan Manusia 2023"", ""section_id"": ""sec_009"", ""page_start"": 25, ""page_end"": 28, ""bps_url"": ""https://www.bps.go.id/id/publication/2024/05/13/8f77e73a66a6f484c655985a/indeks-pembangunan-manusia-2023.html"", ""rerank_score"": 0.6892502903938293}]","{""1"": ""IPM Indonesia sudah tergolong berstatus tinggi (di atas 70) sejak 2016 dan terus mengalami peningkatan yang konsisten sejak tahun 2020 hingga 2023, dengan pertumbuhan rata-rata 0,72 persen per tahun."", ""2"": ""IPM Indonesia pada tahun 2024 mencapai angka 75,02 yang berada pada kategori tinggi, pertumbuhan IPM Indonesia mencapai laju pertumbuhan tertinggi dalam lima tahun terakhir, yakni sebesar 0,85 persen selama periode 2020–2024."", ""3"": ""Indeks Pembangunan Manusia (IPM) Indonesia tahun 2023 mencapai 74,39, meningkat 0,62 poin (0,84 persen) dibandingkan tahun sebelumnya (73,77). IPM 2023 tumbuh lebih cepat dibandingkan tahun sebelumnya. Seluruh dimensi pembentuk IPM meningkat, terutama standar hidup layak dan pengetahuan."", ""4"": ""Persentase kabupaten/kota dengan status IPM kategori rendah berangsur berkurang selama dua belas tahun terakhir, dari 20,66 persen pada 2010 menjadi hanya 3,89 persen pada 2022, dominasi kabupaten/kota dengan status IPM kategori sedang juga sudah berangsur menurun karena sebagian besar kabupaten/kota tersebut berhasil naik status menjadi daerah dengan IPM kategori tinggi dan sangat tinggi."", ""5"": ""Indeks Pembangunan Manusia (IPM) Indonesia tahun 2023 mencapai 74,39, meningkat 0,62 poin (0,84 persen) dibandingkan tahun sebelumnya (73,77). IPM 2023 tumbuh lebih cepat dibandingkan tahun sebelumnya. Seluruh dimensi pembentuk IPM meningkat, terutama standar hidup layak dan pengetahuan.""}",2.7179016719999254,2.916493077999803,"{""total_duration"": 2914364413, ""load_duration"": 1538575, ""prompt_eval_count"": 2120, ""prompt_eval_duration"": 1004172000, ""eval_count"": 70, ""eval_duration"": 1637028000}",17.728153067999983,ok,,85edb411a3706843a8043481e3d814b59ae4ba89dd02accf4a0c122fc94c22f2,False,0.5,ok,0.521227838759987,ok,1.0,ok
Q010,3_variasi_gaya_bahasa,informal,ipm indo makin ke sini makin naik atau turun sih?,S2_I01,STYLE-IPM-TREND,informal,,,style_variation,,,gemma2-finetuned,"IPM Indonesia terus meningkat sejak 2020, dari 72,81 pada 2020 menjadi 74,39 pada 2023, dengan pertumbuhan 0,84 persen dari 2022 ke 2023.",gemma2-finetuned,"[""Indeks Pembangunan Manusia (IPM) Indonesia naik atau turun?""]","[1] Indeks Pembangunan Manusia 2023 | sec_025
2.1 Pembangunan Manusia Indonesia 2023
Indeks Pembangunan Manusia (IPM) Indonesia sudah tergolong berstatus tinggi (di atas 70) sejak 2016 dan terus mengalami peningkatan yang konsisten sejak tahun 2020 hingga 2023. Dimulai dengan nilai 72,81 pada tahun 2020 yang meningkat ke 73,16 pada tahun 2021 dan terus meningkat menjadi 73,77 pada tahun 2022, hingga akhirnya IPM Indonesia mencapai 74,39 pada tahun 2023. Kenaikan IPM juga terus mengalami percepatan setiap tahun, dimulai dari 0,48 persen dari 2020 ke 2021, meningkat menjadi 0,83 persen dari 2021 ke 2022, dan mengalami peningkatan tercepat dari 2022 ke 2023 dengan pertumbuhan 0,84 persen. Secara rata-rata, pertumbuhan IPM Indonesia 20202023 adalah sebesar 0,72 persen per tahun. Rata-rata pertumbuhan: 0,72% 7439 2,77 23,16 72,81 2020 2021 2022 2023 fmm Indeks Pembangunan Manusia (IPM) ~~==@=—P~~ ertumbuhan IPM (%) Sumber: Badan Pusat Statistik Gambar 2.1 Indeks Pembangunan Manusia Indonesia, 2020–2023
Percepatan kenaikan IPM 2023 salah satunya didorong oleh dimensi standar hidup layak yang diwakili oleh pengeluaran riil per kapita yang disesuaikan yang mengalami pertumbuhan sebesar 3,66 persen dari 2022 ke 2023. Selain itu, dimensi umur panjang dan hidup sehat serta dimensi pengetahuan juga mengalami peningkatan dibandingkan tahun sebelumnya.
19

INDEKS PEMBANGUNAN MANUSIA 2023

[2] Indeks Pembangunan Manusia 2024 | sec_025
2.2 Capaian Pembangunan Manusia di Tingkat Nasional
Pengukuran Capaian Pembangunan Manusia di Indonesia menghasilkan IPM (Indeks Pembangunan Manusia). IPM di Indonesia merupakan salah satu indikator utama dalam Rencana Pembangunan Jangka Menengah Nasional (RPJMN) 2019–2024, yang dijadikan sebagai tolok ukur dalam mengukur keberhasilan pembangunan manusia di berbagai aspek fundamental. Pemerintah Indonesia menargetkan IPM sebesar 75,54 pada tahun 2024 sebagai bagian dari strategi pembangunan nasional yang berfokus pada peningkatan kualitas hidup masyarakat.
Pada tahun 2024, IPM Indonesia berhasil mencapai angka 75,02 yang berada pada kategori tinggi. Selain itu, pertumbuhan IPM Indonesia mencapai laju pertumbuhan tertinggi dalam lima tahun terakhir, yakni sebesar 0,85 persen selama periode 2020–2024. Jika dirata-ratakan, pertumbuhan IPM Indonesia dalam periode 2020–2024 mencapai sekitar 0,75 persen per tahun. Percepatan kenaikan IPM 2024 salah satunya didorong oleh dimensi standar hidup layak yang diwakilkan oleh pengeluaran rill per kapita yang disesuaikan mengalami pertumbuhan sebesar 3,71 persen dari 2023 ke 2024. Selain itu, dimensi umur panjang dan hidup sehat serta dimensi pengetahuan juga mengalami peningkatan dibandingkan tahun sebelumnya. 75,02 74,39 73,77 73,16 72,81 0,83 0,84 0,85 0,48 2020 2021 2022 2023 2024 Indeks Pembangunan Manusia (IPM) Pertumbuhan IPM (%)
Sumber: Badan Pusat Statistik, Penyusunan Indeks Pembangunan Manusia, 2024
Gambar 2.8 Indeks Pembangunan Manusia Indonesia, 2020–2024

[3] Indeks Pembangunan Manusia 2024 | sec_003
Ringkasan
Indeks Pembangunan Manusia (IPM) Indonesia tahun 2024 mencapai 75,02, meningkat 0,63 poin (0,85 persen) dibandingkan tahun sebelumnya (74,39). IPM 2024 tumbuh lebih cepat dibandingkan tahun sebelumnya. Seluruh dimensi pembentuk IPM meningkat, terutama standar hidup layak dan pengetahuan.

[4] Indeks Pembangunan Manusia 2023 | sec_009
Ringkasan
Indeks Pembangunan Manusia (IPM) Indonesia tahun 2023 mencapai 74,39, meningkat 0,62 poin (0,84 persen) dibandingkan tahun sebelumnya (73,77). IPM 2023 tumbuh lebih cepat dibandingkan tahun sebelumnya. Seluruh dimensi pembentuk IPM meningkat, terutama standar hidup layak dan pengetahuan.

[5] Indeks Pembangunan Manusia 2022 | sec_028
3.1 Indeks Pembangunan Manusia (IPM) Provinsi
Perkembangan Indeks Pembangunan Manusia (IPM) di seluruh provinsi di Indonesia mengalami peningkatan dibandingkan dengan tahun sebelumnya. Provinsi dengan nilai IPM tertinggi adalah Provinsi DKI Jakarta (81,65), sedangkan provinsi dengan nilai IPM terendah masih diduduki Provinsi Papua (61,39). Artinya, rentang antara IPM tertinggi dan terendah tercatat sebesar 20,26. Sebaran angka IPM provinsi seperti terlihat pada Gambar 3.1 mengindikasikan bahwa sebagian besar provinsi memiliki nilai IPM yang berada di sekitar IPM Nasional dan memungkinkan beberapa provinsi untuk tumbuh melebihi IPM Nasional di beberapa tahun ke depan. Pada tahun 2022, terdapat sepuluh provinsi dengan nilai IPM-nya yang melebihi IPM Nasional, yang tercatat sebesar 72,91. Gambar 3.1 Capaian IPM Menurut Provinsi, 2022 81,65 80 Nasional 72,91
Sumber: Badan Pusat Statistik (diolah)
Sepuluh provinsi dengan nilai IPM di atas IPM Nasional mengalami peningkatan pada ketiga komponen IPM. Usia Harapan Hidup (UHH) berkisar antara 69,90 tahun hingga 75,08 tahun, Harapan Lama Sekolah (HLS) dan Rata-rata Lama Sekolah (RLS) tercatat sekitar 12,62-15,65 tahun dan 8,69-11,31 tahun. Komponen ketiga, pengeluaran riil per
CAPAIAN PEMBANGUNAN MANUSIA DI TINGKAT DAERAH
21","[""2.1 Pembangunan Manusia Indonesia 2023\nIndeks Pembangunan Manusia (IPM) Indonesia sudah tergolong berstatus tinggi (di atas 70) sejak 2016 dan terus mengalami peningkatan yang konsisten sejak tahun 2020 hingga 2023. Dimulai dengan nilai 72,81 pada tahun 2020 yang meningkat ke 73,16 pada tahun 2021 dan terus meningkat menjadi 73,77 pada tahun 2022, hingga akhirnya IPM Indonesia mencapai 74,39 pada tahun 2023. Kenaikan IPM juga terus mengalami percepatan setiap tahun, dimulai dari 0,48 persen dari 2020 ke 2021, meningkat menjadi 0,83 persen dari 2021 ke 2022, dan mengalami peningkatan tercepat dari 2022 ke 2023 dengan pertumbuhan 0,84 persen. Secara rata-rata, pertumbuhan IPM Indonesia 20202023 adalah sebesar 0,72 persen per tahun. Rata-rata pertumbuhan: 0,72% 7439 2,77 23,16 72,81 2020 2021 2022 2023 fmm Indeks Pembangunan Manusia (IPM) ~~==@=—P~~ ertumbuhan IPM (%) Sumber: Badan Pusat Statistik Gambar 2.1 Indeks Pembangunan Manusia Indonesia, 2020–2023\nPercepatan kenaikan IPM 2023 salah satunya didorong oleh dimensi standar hidup layak yang diwakili oleh pengeluaran riil per kapita yang disesuaikan yang mengalami pertumbuhan sebesar 3,66 persen dari 2022 ke 2023. Selain itu, dimensi umur panjang dan hidup sehat serta dimensi pengetahuan juga mengalami peningkatan dibandingkan tahun sebelumnya.\n19\n\nINDEKS PEMBANGUNAN MANUSIA 2023"", ""2.2 Capaian Pembangunan Manusia di Tingkat Nasional\nPengukuran Capaian Pembangunan Manusia di Indonesia menghasilkan IPM (Indeks Pembangunan Manusia). IPM di Indonesia merupakan salah satu indikator utama dalam Rencana Pembangunan Jangka Menengah Nasional (RPJMN) 2019–2024, yang dijadikan sebagai tolok ukur dalam mengukur keberhasilan pembangunan manusia di berbagai aspek fundamental. Pemerintah Indonesia menargetkan IPM sebesar 75,54 pada tahun 2024 sebagai bagian dari strategi pembangunan nasional yang berfokus pada peningkatan kualitas hidup masyarakat.\nPada tahun 2024, IPM Indonesia berhasil mencapai angka 75,02 yang berada pada kategori tinggi. Selain itu, pertumbuhan IPM Indonesia mencapai laju pertumbuhan tertinggi dalam lima tahun terakhir, yakni sebesar 0,85 persen selama periode 2020–2024. Jika dirata-ratakan, pertumbuhan IPM Indonesia dalam periode 2020–2024 mencapai sekitar 0,75 persen per tahun. Percepatan kenaikan IPM 2024 salah satunya didorong oleh dimensi standar hidup layak yang diwakilkan oleh pengeluaran rill per kapita yang disesuaikan mengalami pertumbuhan sebesar 3,71 persen dari 2023 ke 2024. Selain itu, dimensi umur panjang dan hidup sehat serta dimensi pengetahuan juga mengalami peningkatan dibandingkan tahun sebelumnya. 75,02 74,39 73,77 73,16 72,81 0,83 0,84 0,85 0,48 2020 2021 2022 2023 2024 Indeks Pembangunan Manusia (IPM) Pertumbuhan IPM (%)\nSumber: Badan Pusat Statistik, Penyusunan Indeks Pembangunan Manusia, 2024\nGambar 2.8 Indeks Pembangunan Manusia Indonesia, 2020–2024"", ""Ringkasan\nIndeks Pembangunan Manusia (IPM) Indonesia tahun 2024 mencapai 75,02, meningkat 0,63 poin (0,85 persen) dibandingkan tahun sebelumnya (74,39). IPM 2024 tumbuh lebih cepat dibandingkan tahun sebelumnya. Seluruh dimensi pembentuk IPM meningkat, terutama standar hidup layak dan pengetahuan."", ""Ringkasan\nIndeks Pembangunan Manusia (IPM) Indonesia tahun 2023 mencapai 74,39, meningkat 0,62 poin (0,84 persen) dibandingkan tahun sebelumnya (73,77). IPM 2023 tumbuh lebih cepat dibandingkan tahun sebelumnya. Seluruh dimensi pembentuk IPM meningkat, terutama standar hidup layak dan pengetahuan."", ""3.1 Indeks Pembangunan Manusia (IPM) Provinsi\nPerkembangan Indeks Pembangunan Manusia (IPM) di seluruh provinsi di Indonesia mengalami peningkatan dibandingkan dengan tahun sebelumnya. Provinsi dengan nilai IPM tertinggi adalah Provinsi DKI Jakarta (81,65), sedangkan provinsi dengan nilai IPM terendah masih diduduki Provinsi Papua (61,39). Artinya, rentang antara IPM tertinggi dan terendah tercatat sebesar 20,26. Sebaran angka IPM provinsi seperti terlihat pada Gambar 3.1 mengindikasikan bahwa sebagian besar provinsi memiliki nilai IPM yang berada di sekitar IPM Nasional dan memungkinkan beberapa provinsi untuk tumbuh melebihi IPM Nasional di beberapa tahun ke depan. Pada tahun 2022, terdapat sepuluh provinsi dengan nilai IPM-nya yang melebihi IPM Nasional, yang tercatat sebesar 72,91. Gambar 3.1 Capaian IPM Menurut Provinsi, 2022 81,65 80 Nasional 72,91\nSumber: Badan Pusat Statistik (diolah)\nSepuluh provinsi dengan nilai IPM di atas IPM Nasional mengalami peningkatan pada ketiga komponen IPM. Usia Harapan Hidup (UHH) berkisar antara 69,90 tahun hingga 75,08 tahun, Harapan Lama Sekolah (HLS) dan Rata-rata Lama Sekolah (RLS) tercatat sekitar 12,62-15,65 tahun dan 8,69-11,31 tahun. Komponen ketiga, pengeluaran riil per\nCAPAIAN PEMBANGUNAN MANUSIA DI TINGKAT DAERAH\n21""]","[{""chunk_id"": ""indeks-pembangunan-manusia-2023__sec_025__c001"", ""faiss_id"": 691, ""document_title"": ""Indeks Pembangunan Manusia 2023"", ""section_id"": ""sec_025"", ""page_start"": 43, ""page_end"": 43, ""bps_url"": ""https://www.bps.go.id/id/publication/2024/05/13/8f77e73a66a6f484c655985a/indeks-pembangunan-manusia-2023.html"", ""rerank_score"": 2.276793956756592}, {""chunk_id"": ""indeks-pembangunan-manusia-2024__sec_025__c001"", ""faiss_id"": 974, ""document_title"": ""Indeks Pembangunan Manusia 2024"", ""section_id"": ""sec_025"", ""page_start"": 50, ""page_end"": null, ""bps_url"": ""https://www.bps.go.id/id/publication/2025/05/15/dd9a3ce7dfae1c733e46338f/indeks-pembangunan-manusia-2024.html"", ""rerank_score"": 1.5255926847457886}, {""chunk_id"": ""indeks-pembangunan-manusia-2024__sec_003__c001"", ""faiss_id"": 900, ""document_title"": ""Indeks Pembangunan Manusia 2024"", ""section_id"": ""sec_003"", ""page_start"": 9, ""page_end"": 10, ""bps_url"": ""https://www.bps.go.id/id/publication/2025/05/15/dd9a3ce7dfae1c733e46338f/indeks-pembangunan-manusia-2024.html"", ""rerank_score"": 0.91754549741745}, {""chunk_id"": ""indeks-pembangunan-manusia-2023__sec_009__c001"", ""faiss_id"": 655, ""document_title"": ""Indeks Pembangunan Manusia 2023"", ""section_id"": ""sec_009"", ""page_start"": 25, ""page_end"": 28, ""bps_url"": ""https://www.bps.go.id/id/publication/2024/05/13/8f77e73a66a6f484c655985a/indeks-pembangunan-manusia-2023.html"", ""rerank_score"": 0.6892502903938293}, {""chunk_id"": ""indeks-pembangunan-manusia-2022__sec_028__c001"", ""faiss_id"": 406, ""document_title"": ""Indeks Pembangunan Manusia 2022"", ""section_id"": ""sec_028"", ""page_start"": 36, ""page_end"": 37, ""bps_url"": ""https://www.bps.go.id/id/publication/2023/05/16/ef80bec78ab91cb5b703b943/indeks-pembangunan-manusia-2022.html"", ""rerank_score"": -0.5355244874954224}]",{},2.696040438999944,2.139635806000115,"{""total_duration"": 2137450181, ""load_duration"": 1664015, ""prompt_eval_count"": 1677, ""prompt_eval_duration"": 647920000, ""eval_count"": 61, ""eval_duration"": 1165968000}",14.20253358900004,ok,,85edb411a3706843a8043481e3d814b59ae4ba89dd02accf4a0c122fc94c22f2,False,1.0,ok,0.5850532262809259,ok,1.0,ok
Q010,3_variasi_gaya_bahasa,informal,ipm indo makin ke sini makin naik atau turun sih?,S2_I01,STYLE-IPM-TREND,informal,,,style_variation,,,deepseek-flash,"Berdasarkan konteks yang tersedia, IPM Indonesia cenderung **naik**.

- “Indeks Pembangunan Manusia (IPM) Indonesia tahun 2024 mencapai 75,02, meningkat 0,63 poin (0,85 persen) dibandingkan tahun sebelumnya (74,39).” [1]
- “Indeks Pembangunan Manusia (IPM) Indonesia tahun 2023 mencapai 74,39, meningkat 0,62 poin (0,84 persen) dibandingkan tahun sebelumnya (73,77).” [2]

",deepseek-flash,[],"[1] Indeks Pembangunan Manusia 2024 | sec_003
Ringkasan
Indeks Pembangunan Manusia (IPM) Indonesia tahun 2024 mencapai 75,02, meningkat 0,63 poin (0,85 persen) dibandingkan tahun sebelumnya (74,39). IPM 2024 tumbuh lebih cepat dibandingkan tahun sebelumnya. Seluruh dimensi pembentuk IPM meningkat, terutama standar hidup layak dan pengetahuan.

[2] Indeks Pembangunan Manusia 2023 | sec_009
Ringkasan
Indeks Pembangunan Manusia (IPM) Indonesia tahun 2023 mencapai 74,39, meningkat 0,62 poin (0,84 persen) dibandingkan tahun sebelumnya (73,77). IPM 2023 tumbuh lebih cepat dibandingkan tahun sebelumnya. Seluruh dimensi pembentuk IPM meningkat, terutama standar hidup layak dan pengetahuan.","[""Ringkasan\nIndeks Pembangunan Manusia (IPM) Indonesia tahun 2024 mencapai 75,02, meningkat 0,63 poin (0,85 persen) dibandingkan tahun sebelumnya (74,39). IPM 2024 tumbuh lebih cepat dibandingkan tahun sebelumnya. Seluruh dimensi pembentuk IPM meningkat, terutama standar hidup layak dan pengetahuan."", ""Ringkasan\nIndeks Pembangunan Manusia (IPM) Indonesia tahun 2023 mencapai 74,39, meningkat 0,62 poin (0,84 persen) dibandingkan tahun sebelumnya (73,77). IPM 2023 tumbuh lebih cepat dibandingkan tahun sebelumnya. Seluruh dimensi pembentuk IPM meningkat, terutama standar hidup layak dan pengetahuan.""]","[{""chunk_id"": ""indeks-pembangunan-manusia-2024__sec_003__c001"", ""faiss_id"": 900, ""document_title"": ""Indeks Pembangunan Manusia 2024"", ""section_id"": ""sec_003"", ""page_start"": 9, ""page_end"": 10, ""bps_url"": ""https://www.bps.go.id/id/publication/2025/05/15/dd9a3ce7dfae1c733e46338f/indeks-pembangunan-manusia-2024.html"", ""rerank_score"": 0.91754549741745}, {""chunk_id"": ""indeks-pembangunan-manusia-2023__sec_009__c001"", ""faiss_id"": 655, ""document_title"": ""Indeks Pembangunan Manusia 2023"", ""section_id"": ""sec_009"", ""page_start"": 25, ""page_end"": 28, ""bps_url"": ""https://www.bps.go.id/id/publication/2024/05/13/8f77e73a66a6f484c655985a/indeks-pembangunan-manusia-2023.html"", ""rerank_score"": 0.6892502903938293}]","{""1"": ""IPM Indonesia pada tahun 2024 mencapai 75,02, naik 0,63 poin dibandingkan tahun sebelumnya (74,39), sehingga menunjukkan kenaikan."", ""2"": ""IPM Indonesia pada tahun 2023 mencapai 74,39, naik 0,62 poin dibandingkan tahun sebelumnya (73,77), sehingga menunjukkan kenaikan.""}",3.244708011000057,2.9083180389998233,"{""prompt_tokens"": 515, ""completion_tokens"": 512, ""total_tokens"": 1027, ""prompt_tokens_details"": {""cached_tokens"": 381}, ""completion_tokens_details"": {""reasoning_tokens"": 388}, ""prompt_cache_hit_tokens"": 381, ""prompt_cache_miss_tokens"": 134}",7.986225264000041,ok,,85edb411a3706843a8043481e3d814b59ae4ba89dd02accf4a0c122fc94c22f2,False,0.7142857142857143,ok,0.47711106411955884,ok,1.0,ok
Q011,3_variasi_gaya_bahasa,langsung_ringkas,Apa tren utama IPM Indonesia dalam beberapa edisi terakhir?,S2_I01,STYLE-IPM-TREND,langsung_ringkas,,,style_variation,,,llama3.2-finetuned,"Teks menyatakan bahwa meskipun dalam tren peningkatan, perubahan IPM sejak tahun 2022 sampai sekarang menunjukkan angka yang stagnan. Karena itu, tren utama IPM Indonesia adalah stagnasi, bukan peningkatan yang terus muncul.",llama3.2-finetuned,"[""Tren utama IPM Indonesia menunjukkan penurunan, yang berarti tingkat partisipasi ekonomi masyarakat berkurang.""]","[1] Indeks Pembangunan Manusia 2024 | sec_025
2.2 Capaian Pembangunan Manusia di Tingkat Nasional
Pengukuran Capaian Pembangunan Manusia di Indonesia menghasilkan IPM (Indeks Pembangunan Manusia). IPM di Indonesia merupakan salah satu indikator utama dalam Rencana Pembangunan Jangka Menengah Nasional (RPJMN) 2019–2024, yang dijadikan sebagai tolok ukur dalam mengukur keberhasilan pembangunan manusia di berbagai aspek fundamental. Pemerintah Indonesia menargetkan IPM sebesar 75,54 pada tahun 2024 sebagai bagian dari strategi pembangunan nasional yang berfokus pada peningkatan kualitas hidup masyarakat.
Pada tahun 2024, IPM Indonesia berhasil mencapai angka 75,02 yang berada pada kategori tinggi. Selain itu, pertumbuhan IPM Indonesia mencapai laju pertumbuhan tertinggi dalam lima tahun terakhir, yakni sebesar 0,85 persen selama periode 2020–2024. Jika dirata-ratakan, pertumbuhan IPM Indonesia dalam periode 2020–2024 mencapai sekitar 0,75 persen per tahun. Percepatan kenaikan IPM 2024 salah satunya didorong oleh dimensi standar hidup layak yang diwakilkan oleh pengeluaran rill per kapita yang disesuaikan mengalami pertumbuhan sebesar 3,71 persen dari 2023 ke 2024. Selain itu, dimensi umur panjang dan hidup sehat serta dimensi pengetahuan juga mengalami peningkatan dibandingkan tahun sebelumnya. 75,02 74,39 73,77 73,16 72,81 0,83 0,84 0,85 0,48 2020 2021 2022 2023 2024 Indeks Pembangunan Manusia (IPM) Pertumbuhan IPM (%)
Sumber: Badan Pusat Statistik, Penyusunan Indeks Pembangunan Manusia, 2024
Gambar 2.8 Indeks Pembangunan Manusia Indonesia, 2020–2024

[2] Indeks Pembangunan Manusia 2024 | sec_016
Di tingkat global, angka IPM digunakan untuk mendorong kerja sama internasional dalam konteks pembangunan. Negara-negara dengan kondisi pembangunan manusia yang sudah lebih mapan dengan IPM yang tinggi, dapat membantu negara lain yang masih berjuang meningkatkan kondisi pembangunan manusianya untuk mencapai tujuan pembangunannya. Hal ini sesuai dengan amanah dari UNDP dalam salah satu laporannya yang menyebutkan bahwa salah satu manfaat utama IPM adalah adanya keterbandingan antarnegara dalam hal kemajuan pembangunan manusia (UNDP, 2023a). Secara keseluruhan, IPM bukan hanya sekadar indikator statistik, tetapi merupakan alat yang sangat relevan dalam merancang kebijakan pembangunan yang berkelanjutan dan berfokus pada peningkatan kualitas hidup manusia. Hubungan antara IPM dan Pembangunan Berkelanjutan (SDGs) IPM yang mampu menilai sejauh mana perkembangan kualitas manusia di suatu tempat sejalan dengan tujuan pembangunan manusia atau disebut dengan SDGs. SDGs terdiri dari 17 tujuan yang secara komprehensif mencakup aspek sosial, ekonomi, dan lingkungan. IPM mengukur kemajuan dalam tiga dimensi utama, yaitu kesehatan, pendidikan, dan pendapatan, yang merupakan elemen-elemen penting dalam mencapai berbagai tujuan SDGs. Misalnya, dimensi kesehatan dalam IPM, yang diukur melalui harapan hidup, sejalan dengan tujuan SDG 3 tentang kesehatan yang baik dan kesejahteraan. Selain itu, dimensi pendidikan dalam IPM, seperti rata-rata lama sekolah dan harapan lama sekolah, berhubungan langsung dengan SDG 4 yang bertujuan untuk memastikan pendidikan berkualitas bagi semua. IPM juga mencakup pendapatan per kapita, yang mencerminkan taraf hidup masyarakat dan mendukung tujuan SDG 1 tentang pengentasan kemiskinan serta SDG 10 yang berfokus pada pengurangan ketimpangan. Pencapaian IPM yang lebih tinggi juga mencerminkan adanya pembangunan ekonomi yang inklusif dan berkelanjutan, yang terkait dengan SDG 8. Selain itu, meskipun tidak langsung, peningkatan kualitas hidup yang

[3] Indeks Pembangunan Manusia 2024 | sec_026
Capaian Pembangunan Manusia dalam Dimensi Penyusunnya
Meskipun mengalami masa krisis karena pandemi COVID-19, IPM Indonesia terus menunjukkan tren yang positif. Meskipun dalam tren peningkatan, perubahan IPM sejak tahun 2022 sampai sekarang menunjukkan angka yang stagnan (Gambar 2.8). Hal ini sangat dipengaruhi oleh perubahan variabel-variabel penyusunnya, yaitu UHH Saat Lahir dan Rata-rata Lama Sekolah yang menunjukkan perubahan yang cenderung menurun (Gambar 2.9 dan 2.10).
24

[4] Indeks Pembangunan Manusia 2024 | sec_016
IPM yang lebih tinggi juga mencerminkan adanya pembangunan ekonomi yang inklusif dan berkelanjutan, yang terkait dengan SDG 8. Selain itu, meskipun tidak langsung, peningkatan kualitas hidup yang tercermin dalam IPM dapat mendukung pencapaian tujuan SDG 14 dan SDG 15 yang berkaitan dengan keberlanjutan ekosistem dan pelestarian lingkungan. Dengan demikian, IPM tidak hanya menjadi indikator kemajuan pembangunan, tetapi juga alat yang penting dalam memantau dan mendorong pencapaian SDGs di berbagai negara atau wilayah.

9

Indeks Pembangunan Manusia 2024

[5] Indeks Pembangunan Manusia 2023 | sec_031
3.1 Indeks Pembangunan Manusia Provinsi
Sejalan dengan peningkatan Indeks Pembangunan Manusia (IPM) di Indonesia, IPM di seluruh provinsi juga mengalami peningkatan pada tahun 2023. Posisi IPM tertinggi dan terendah tidak mengalami perubahan sejak lima tahun terakhir. DKI Jakarta (83,55) selalu meraih posisi IPM tertinggi sedangkan Papua (63,01) berada di posisi terendah. Meskipun memiliki nilai IPM terendah, Papua merupakan provinsi dengan peningkatan IPM tercepat yaitu sebesar 1,37 persen. Jika dibandingkan dengan capaian nasional, terdapat 14 provinsi dengan capaian IPM di atas nasional. Jumlah tersebut tidak mengalami perubahan dibandingkan dengan tahun sebelumnya. 90 83,55 . Nasional 80 74,39 70 63,01 60 50 40 30 20
Sumber: Badan Pusat Statistik
Gambar 3.1 Capaian IPM menurut Provinsi, 2023
Pada tahun 2023, hampir seluruh provinsi mengalami peningkatan IPM di atas 0,5, hanya Sumatera Barat dan D.I. Yogyakarta yang tercatat mengalami peningkatan IPM di bawah 0,5, masing-masing meningkat sebesar 0,48 dan 0,44. Meskipun DKI Jakarta merupakan provinsi dengan capaian IPM tertinggi, pertumbuhan IPM tahun 2023 masih berada di posisi sebelas (0,94 persen). Sebaliknya, IPM Papua menempati posisi terakhir tetapi memiliki pertumbuhan tercepat.
27","[""2.2 Capaian Pembangunan Manusia di Tingkat Nasional\nPengukuran Capaian Pembangunan Manusia di Indonesia menghasilkan IPM (Indeks Pembangunan Manusia). IPM di Indonesia merupakan salah satu indikator utama dalam Rencana Pembangunan Jangka Menengah Nasional (RPJMN) 2019–2024, yang dijadikan sebagai tolok ukur dalam mengukur keberhasilan pembangunan manusia di berbagai aspek fundamental. Pemerintah Indonesia menargetkan IPM sebesar 75,54 pada tahun 2024 sebagai bagian dari strategi pembangunan nasional yang berfokus pada peningkatan kualitas hidup masyarakat.\nPada tahun 2024, IPM Indonesia berhasil mencapai angka 75,02 yang berada pada kategori tinggi. Selain itu, pertumbuhan IPM Indonesia mencapai laju pertumbuhan tertinggi dalam lima tahun terakhir, yakni sebesar 0,85 persen selama periode 2020–2024. Jika dirata-ratakan, pertumbuhan IPM Indonesia dalam periode 2020–2024 mencapai sekitar 0,75 persen per tahun. Percepatan kenaikan IPM 2024 salah satunya didorong oleh dimensi standar hidup layak yang diwakilkan oleh pengeluaran rill per kapita yang disesuaikan mengalami pertumbuhan sebesar 3,71 persen dari 2023 ke 2024. Selain itu, dimensi umur panjang dan hidup sehat serta dimensi pengetahuan juga mengalami peningkatan dibandingkan tahun sebelumnya. 75,02 74,39 73,77 73,16 72,81 0,83 0,84 0,85 0,48 2020 2021 2022 2023 2024 Indeks Pembangunan Manusia (IPM) Pertumbuhan IPM (%)\nSumber: Badan Pusat Statistik, Penyusunan Indeks Pembangunan Manusia, 2024\nGambar 2.8 Indeks Pembangunan Manusia Indonesia, 2020–2024"", ""Di tingkat global, angka IPM digunakan untuk mendorong kerja sama internasional dalam konteks pembangunan. Negara-negara dengan kondisi pembangunan manusia yang sudah lebih mapan dengan IPM yang tinggi, dapat membantu negara lain yang masih berjuang meningkatkan kondisi pembangunan manusianya untuk mencapai tujuan pembangunannya. Hal ini sesuai dengan amanah dari UNDP dalam salah satu laporannya yang menyebutkan bahwa salah satu manfaat utama IPM adalah adanya keterbandingan antarnegara dalam hal kemajuan pembangunan manusia (UNDP, 2023a). Secara keseluruhan, IPM bukan hanya sekadar indikator statistik, tetapi merupakan alat yang sangat relevan dalam merancang kebijakan pembangunan yang berkelanjutan dan berfokus pada peningkatan kualitas hidup manusia. Hubungan antara IPM dan Pembangunan Berkelanjutan (SDGs) IPM yang mampu menilai sejauh mana perkembangan kualitas manusia di suatu tempat sejalan dengan tujuan pembangunan manusia atau disebut dengan SDGs. SDGs terdiri dari 17 tujuan yang secara komprehensif mencakup aspek sosial, ekonomi, dan lingkungan. IPM mengukur kemajuan dalam tiga dimensi utama, yaitu kesehatan, pendidikan, dan pendapatan, yang merupakan elemen-elemen penting dalam mencapai berbagai tujuan SDGs. Misalnya, dimensi kesehatan dalam IPM, yang diukur melalui harapan hidup, sejalan dengan tujuan SDG 3 tentang kesehatan yang baik dan kesejahteraan. Selain itu, dimensi pendidikan dalam IPM, seperti rata-rata lama sekolah dan harapan lama sekolah, berhubungan langsung dengan SDG 4 yang bertujuan untuk memastikan pendidikan berkualitas bagi semua. IPM juga mencakup pendapatan per kapita, yang mencerminkan taraf hidup masyarakat dan mendukung tujuan SDG 1 tentang pengentasan kemiskinan serta SDG 10 yang berfokus pada pengurangan ketimpangan. Pencapaian IPM yang lebih tinggi juga mencerminkan adanya pembangunan ekonomi yang inklusif dan berkelanjutan, yang terkait dengan SDG 8. Selain itu, meskipun tidak langsung, peningkatan kualitas hidup yang"", ""Capaian Pembangunan Manusia dalam Dimensi Penyusunnya\nMeskipun mengalami masa krisis karena pandemi COVID-19, IPM Indonesia terus menunjukkan tren yang positif. Meskipun dalam tren peningkatan, perubahan IPM sejak tahun 2022 sampai sekarang menunjukkan angka yang stagnan (Gambar 2.8). Hal ini sangat dipengaruhi oleh perubahan variabel-variabel penyusunnya, yaitu UHH Saat Lahir dan Rata-rata Lama Sekolah yang menunjukkan perubahan yang cenderung menurun (Gambar 2.9 dan 2.10).\n24"", ""IPM yang lebih tinggi juga mencerminkan adanya pembangunan ekonomi yang inklusif dan berkelanjutan, yang terkait dengan SDG 8. Selain itu, meskipun tidak langsung, peningkatan kualitas hidup yang tercermin dalam IPM dapat mendukung pencapaian tujuan SDG 14 dan SDG 15 yang berkaitan dengan keberlanjutan ekosistem dan pelestarian lingkungan. Dengan demikian, IPM tidak hanya menjadi indikator kemajuan pembangunan, tetapi juga alat yang penting dalam memantau dan mendorong pencapaian SDGs di berbagai negara atau wilayah.\n\n9\n\nIndeks Pembangunan Manusia 2024"", ""3.1 Indeks Pembangunan Manusia Provinsi\nSejalan dengan peningkatan Indeks Pembangunan Manusia (IPM) di Indonesia, IPM di seluruh provinsi juga mengalami peningkatan pada tahun 2023. Posisi IPM tertinggi dan terendah tidak mengalami perubahan sejak lima tahun terakhir. DKI Jakarta (83,55) selalu meraih posisi IPM tertinggi sedangkan Papua (63,01) berada di posisi terendah. Meskipun memiliki nilai IPM terendah, Papua merupakan provinsi dengan peningkatan IPM tercepat yaitu sebesar 1,37 persen. Jika dibandingkan dengan capaian nasional, terdapat 14 provinsi dengan capaian IPM di atas nasional. Jumlah tersebut tidak mengalami perubahan dibandingkan dengan tahun sebelumnya. 90 83,55 . Nasional 80 74,39 70 63,01 60 50 40 30 20\nSumber: Badan Pusat Statistik\nGambar 3.1 Capaian IPM menurut Provinsi, 2023\nPada tahun 2023, hampir seluruh provinsi mengalami peningkatan IPM di atas 0,5, hanya Sumatera Barat dan D.I. Yogyakarta yang tercatat mengalami peningkatan IPM di bawah 0,5, masing-masing meningkat sebesar 0,48 dan 0,44. Meskipun DKI Jakarta merupakan provinsi dengan capaian IPM tertinggi, pertumbuhan IPM tahun 2023 masih berada di posisi sebelas (0,94 persen). Sebaliknya, IPM Papua menempati posisi terakhir tetapi memiliki pertumbuhan tercepat.\n27""]","[{""chunk_id"": ""indeks-pembangunan-manusia-2024__sec_025__c001"", ""faiss_id"": 974, ""document_title"": ""Indeks Pembangunan Manusia 2024"", ""section_id"": ""sec_025"", ""page_start"": 50, ""page_end"": null, ""bps_url"": ""https://www.bps.go.id/id/publication/2025/05/15/dd9a3ce7dfae1c733e46338f/indeks-pembangunan-manusia-2024.html"", ""rerank_score"": 2.855264663696289}, {""chunk_id"": ""indeks-pembangunan-manusia-2024__sec_016__c003"", ""faiss_id"": 953, ""document_title"": ""Indeks Pembangunan Manusia 2024"", ""section_id"": ""sec_016"", ""page_start"": 34, ""page_end"": 35, ""bps_url"": ""https://www.bps.go.id/id/publication/2025/05/15/dd9a3ce7dfae1c733e46338f/indeks-pembangunan-manusia-2024.html"", ""rerank_score"": 1.1895849704742432}, {""chunk_id"": ""indeks-pembangunan-manusia-2024__sec_026__c001"", ""faiss_id"": 975, ""document_title"": ""Indeks Pembangunan Manusia 2024"", ""section_id"": ""sec_026"", ""page_start"": 50, ""page_end"": 50, ""bps_url"": ""https://www.bps.go.id/id/publication/2025/05/15/dd9a3ce7dfae1c733e46338f/indeks-pembangunan-manusia-2024.html"", ""rerank_score"": 0.5780209898948669}, {""chunk_id"": ""indeks-pembangunan-manusia-2024__sec_016__c004"", ""faiss_id"": 954, ""document_title"": ""Indeks Pembangunan Manusia 2024"", ""section_id"": ""sec_016"", ""page_start"": 34, ""page_end"": 35, ""bps_url"": ""https://www.bps.go.id/id/publication/2025/05/15/dd9a3ce7dfae1c733e46338f/indeks-pembangunan-manusia-2024.html"", ""rerank_score"": -0.37499862909317017}, {""chunk_id"": ""indeks-pembangunan-manusia-2023__sec_031__c001"", ""faiss_id"": 697, ""document_title"": ""Indeks Pembangunan Manusia 2023"", ""section_id"": ""sec_031"", ""page_start"": 51, ""page_end"": 62, ""bps_url"": ""https://www.bps.go.id/id/publication/2024/05/13/8f77e73a66a6f484c655985a/indeks-pembangunan-manusia-2023.html"", ""rerank_score"": -0.5384919047355652}]","{""1"": ""IPM Indonesia berhasil mencapai angka 75,02 pada tahun 2024 dan pertumbuhannya mencapai laju pertumbuhan tertinggi dalam lima tahun terakhir, yakni sebesar 0,85 persen selama periode 2020–2024."", ""2"": ""IPM digunakan untuk mendorong kerja sama internasional dalam konteks pembangunan, dan negara dengan kondisi pembangunan manusia yang sudah lebih mapan dapat membantu negara lain yang masih berjuang meningkatkan kondisi pembangunan manusianya."", ""3"": ""Meskipun mengalami masa krisis karena pandemi COVID-19, IPM Indonesia terus menunjukkan tren yang positif, namun perubahan IPM sejak tahun 2022 sampai sekarang menunjukkan angka yang stagnan."", ""4"": ""IPM yang lebih tinggi juga mencerminkan adanya pembangunan ekonomi yang inklusif dan berkelanjutan, yang terkait dengan SDG 8, dan peningkatan kualitas hidup yang tercermin dalam IPM dapat mendukung pencapaian tujuan SDG 14 dan SDG 15 yang berkaitan dengan keberlanjutan ekosistem dan pelestarian lingkungan."", ""5"": ""Sejalan dengan peningkatan Indeks Pembangunan Manusia (IPM) di Indonesia, IPM di seluruh provinsi juga mengalami peningkatan pada tahun 2023, dengan DKI Jakarta selalu meraih posisi IPM tertinggi dan Papua berada di posisi terendah, meskipun Papua merupakan provinsi dengan peningkatan IPM tercepat sebesar 1,37 persen.""}",2.896830745999978,2.8149286919999668,"{""total_duration"": 2812790749, ""load_duration"": 1544549, ""prompt_eval_count"": 2274, ""prompt_eval_duration"": 1052790000, ""eval_count"": 69, ""eval_duration"": 1463954000}",16.22049386599997,ok,,85edb411a3706843a8043481e3d814b59ae4ba89dd02accf4a0c122fc94c22f2,False,0.3333333333333333,ok,0.7986354294705246,ok,1.0,ok
Q011,3_variasi_gaya_bahasa,langsung_ringkas,Apa tren utama IPM Indonesia dalam beberapa edisi terakhir?,S2_I01,STYLE-IPM-TREND,langsung_ringkas,,,style_variation,,,gemma2-finetuned,"Teks menyatakan bahwa IPM Indonesia mencapai 75,02 pada tahun 2024, berada pada kategori tinggi, dan pertumbuhannya mencapai 0,85 persen dalam periode 2020–2024. Karena itu, tren IPM Indonesia adalah peningkatan yang konsisten, dengan pertumbuhan tertinggi dalam lima tahun terakhir.

IPM Indonesia mencapai 75,02 pada tahun 2024, berada pada kategori tinggi, dan pertumbuhannya mencapai 0,85 persen selama periode 2020–2024.",gemma2-finetuned,"[""IPM Indonesia dalam beberapa edisi terakhir.""]","[1] Indeks Pembangunan Manusia 2024 | sec_025
2.2 Capaian Pembangunan Manusia di Tingkat Nasional
Pengukuran Capaian Pembangunan Manusia di Indonesia menghasilkan IPM (Indeks Pembangunan Manusia). IPM di Indonesia merupakan salah satu indikator utama dalam Rencana Pembangunan Jangka Menengah Nasional (RPJMN) 2019–2024, yang dijadikan sebagai tolok ukur dalam mengukur keberhasilan pembangunan manusia di berbagai aspek fundamental. Pemerintah Indonesia menargetkan IPM sebesar 75,54 pada tahun 2024 sebagai bagian dari strategi pembangunan nasional yang berfokus pada peningkatan kualitas hidup masyarakat.
Pada tahun 2024, IPM Indonesia berhasil mencapai angka 75,02 yang berada pada kategori tinggi. Selain itu, pertumbuhan IPM Indonesia mencapai laju pertumbuhan tertinggi dalam lima tahun terakhir, yakni sebesar 0,85 persen selama periode 2020–2024. Jika dirata-ratakan, pertumbuhan IPM Indonesia dalam periode 2020–2024 mencapai sekitar 0,75 persen per tahun. Percepatan kenaikan IPM 2024 salah satunya didorong oleh dimensi standar hidup layak yang diwakilkan oleh pengeluaran rill per kapita yang disesuaikan mengalami pertumbuhan sebesar 3,71 persen dari 2023 ke 2024. Selain itu, dimensi umur panjang dan hidup sehat serta dimensi pengetahuan juga mengalami peningkatan dibandingkan tahun sebelumnya. 75,02 74,39 73,77 73,16 72,81 0,83 0,84 0,85 0,48 2020 2021 2022 2023 2024 Indeks Pembangunan Manusia (IPM) Pertumbuhan IPM (%)
Sumber: Badan Pusat Statistik, Penyusunan Indeks Pembangunan Manusia, 2024
Gambar 2.8 Indeks Pembangunan Manusia Indonesia, 2020–2024

[2] Indeks Pembangunan Manusia 2024 | sec_026
Capaian Pembangunan Manusia dalam Dimensi Penyusunnya
Meskipun mengalami masa krisis karena pandemi COVID-19, IPM Indonesia terus menunjukkan tren yang positif. Meskipun dalam tren peningkatan, perubahan IPM sejak tahun 2022 sampai sekarang menunjukkan angka yang stagnan (Gambar 2.8). Hal ini sangat dipengaruhi oleh perubahan variabel-variabel penyusunnya, yaitu UHH Saat Lahir dan Rata-rata Lama Sekolah yang menunjukkan perubahan yang cenderung menurun (Gambar 2.9 dan 2.10).
24

[3] Indeks Pembangunan Manusia 2023 | sec_031
3.1 Indeks Pembangunan Manusia Provinsi
Sejalan dengan peningkatan Indeks Pembangunan Manusia (IPM) di Indonesia, IPM di seluruh provinsi juga mengalami peningkatan pada tahun 2023. Posisi IPM tertinggi dan terendah tidak mengalami perubahan sejak lima tahun terakhir. DKI Jakarta (83,55) selalu meraih posisi IPM tertinggi sedangkan Papua (63,01) berada di posisi terendah. Meskipun memiliki nilai IPM terendah, Papua merupakan provinsi dengan peningkatan IPM tercepat yaitu sebesar 1,37 persen. Jika dibandingkan dengan capaian nasional, terdapat 14 provinsi dengan capaian IPM di atas nasional. Jumlah tersebut tidak mengalami perubahan dibandingkan dengan tahun sebelumnya. 90 83,55 . Nasional 80 74,39 70 63,01 60 50 40 30 20
Sumber: Badan Pusat Statistik
Gambar 3.1 Capaian IPM menurut Provinsi, 2023
Pada tahun 2023, hampir seluruh provinsi mengalami peningkatan IPM di atas 0,5, hanya Sumatera Barat dan D.I. Yogyakarta yang tercatat mengalami peningkatan IPM di bawah 0,5, masing-masing meningkat sebesar 0,48 dan 0,44. Meskipun DKI Jakarta merupakan provinsi dengan capaian IPM tertinggi, pertumbuhan IPM tahun 2023 masih berada di posisi sebelas (0,94 persen). Sebaliknya, IPM Papua menempati posisi terakhir tetapi memiliki pertumbuhan tercepat.
27","[""2.2 Capaian Pembangunan Manusia di Tingkat Nasional\nPengukuran Capaian Pembangunan Manusia di Indonesia menghasilkan IPM (Indeks Pembangunan Manusia). IPM di Indonesia merupakan salah satu indikator utama dalam Rencana Pembangunan Jangka Menengah Nasional (RPJMN) 2019–2024, yang dijadikan sebagai tolok ukur dalam mengukur keberhasilan pembangunan manusia di berbagai aspek fundamental. Pemerintah Indonesia menargetkan IPM sebesar 75,54 pada tahun 2024 sebagai bagian dari strategi pembangunan nasional yang berfokus pada peningkatan kualitas hidup masyarakat.\nPada tahun 2024, IPM Indonesia berhasil mencapai angka 75,02 yang berada pada kategori tinggi. Selain itu, pertumbuhan IPM Indonesia mencapai laju pertumbuhan tertinggi dalam lima tahun terakhir, yakni sebesar 0,85 persen selama periode 2020–2024. Jika dirata-ratakan, pertumbuhan IPM Indonesia dalam periode 2020–2024 mencapai sekitar 0,75 persen per tahun. Percepatan kenaikan IPM 2024 salah satunya didorong oleh dimensi standar hidup layak yang diwakilkan oleh pengeluaran rill per kapita yang disesuaikan mengalami pertumbuhan sebesar 3,71 persen dari 2023 ke 2024. Selain itu, dimensi umur panjang dan hidup sehat serta dimensi pengetahuan juga mengalami peningkatan dibandingkan tahun sebelumnya. 75,02 74,39 73,77 73,16 72,81 0,83 0,84 0,85 0,48 2020 2021 2022 2023 2024 Indeks Pembangunan Manusia (IPM) Pertumbuhan IPM (%)\nSumber: Badan Pusat Statistik, Penyusunan Indeks Pembangunan Manusia, 2024\nGambar 2.8 Indeks Pembangunan Manusia Indonesia, 2020–2024"", ""Capaian Pembangunan Manusia dalam Dimensi Penyusunnya\nMeskipun mengalami masa krisis karena pandemi COVID-19, IPM Indonesia terus menunjukkan tren yang positif. Meskipun dalam tren peningkatan, perubahan IPM sejak tahun 2022 sampai sekarang menunjukkan angka yang stagnan (Gambar 2.8). Hal ini sangat dipengaruhi oleh perubahan variabel-variabel penyusunnya, yaitu UHH Saat Lahir dan Rata-rata Lama Sekolah yang menunjukkan perubahan yang cenderung menurun (Gambar 2.9 dan 2.10).\n24"", ""3.1 Indeks Pembangunan Manusia Provinsi\nSejalan dengan peningkatan Indeks Pembangunan Manusia (IPM) di Indonesia, IPM di seluruh provinsi juga mengalami peningkatan pada tahun 2023. Posisi IPM tertinggi dan terendah tidak mengalami perubahan sejak lima tahun terakhir. DKI Jakarta (83,55) selalu meraih posisi IPM tertinggi sedangkan Papua (63,01) berada di posisi terendah. Meskipun memiliki nilai IPM terendah, Papua merupakan provinsi dengan peningkatan IPM tercepat yaitu sebesar 1,37 persen. Jika dibandingkan dengan capaian nasional, terdapat 14 provinsi dengan capaian IPM di atas nasional. Jumlah tersebut tidak mengalami perubahan dibandingkan dengan tahun sebelumnya. 90 83,55 . Nasional 80 74,39 70 63,01 60 50 40 30 20\nSumber: Badan Pusat Statistik\nGambar 3.1 Capaian IPM menurut Provinsi, 2023\nPada tahun 2023, hampir seluruh provinsi mengalami peningkatan IPM di atas 0,5, hanya Sumatera Barat dan D.I. Yogyakarta yang tercatat mengalami peningkatan IPM di bawah 0,5, masing-masing meningkat sebesar 0,48 dan 0,44. Meskipun DKI Jakarta merupakan provinsi dengan capaian IPM tertinggi, pertumbuhan IPM tahun 2023 masih berada di posisi sebelas (0,94 persen). Sebaliknya, IPM Papua menempati posisi terakhir tetapi memiliki pertumbuhan tercepat.\n27""]","[{""chunk_id"": ""indeks-pembangunan-manusia-2024__sec_025__c001"", ""faiss_id"": 974, ""document_title"": ""Indeks Pembangunan Manusia 2024"", ""section_id"": ""sec_025"", ""page_start"": 50, ""page_end"": null, ""bps_url"": ""https://www.bps.go.id/id/publication/2025/05/15/dd9a3ce7dfae1c733e46338f/indeks-pembangunan-manusia-2024.html"", ""rerank_score"": 2.855264663696289}, {""chunk_id"": ""indeks-pembangunan-manusia-2024__sec_026__c001"", ""faiss_id"": 975, ""document_title"": ""Indeks Pembangunan Manusia 2024"", ""section_id"": ""sec_026"", ""page_start"": 50, ""page_end"": 50, ""bps_url"": ""https://www.bps.go.id/id/publication/2025/05/15/dd9a3ce7dfae1c733e46338f/indeks-pembangunan-manusia-2024.html"", ""rerank_score"": 0.5780209898948669}, {""chunk_id"": ""indeks-pembangunan-manusia-2023__sec_031__c001"", ""faiss_id"": 697, ""document_title"": ""Indeks Pembangunan Manusia 2023"", ""section_id"": ""sec_031"", ""page_start"": 51, ""page_end"": 62, ""bps_url"": ""https://www.bps.go.id/id/publication/2024/05/13/8f77e73a66a6f484c655985a/indeks-pembangunan-manusia-2023.html"", ""rerank_score"": -0.5384919047355652}]",{},2.4913228909999816,3.210016434999943,"{""total_duration"": 3208103667, ""load_duration"": 1925042, ""prompt_eval_count"": 1130, ""prompt_eval_duration"": 494362000, ""eval_count"": 116, ""eval_duration"": 2506010000}",16.336433311999826,ok,,85edb411a3706843a8043481e3d814b59ae4ba89dd02accf4a0c122fc94c22f2,False,0.875,ok,0.5628494180081679,ok,1.0,ok
Q011,3_variasi_gaya_bahasa,langsung_ringkas,Apa tren utama IPM Indonesia dalam beberapa edisi terakhir?,S2_I01,STYLE-IPM-TREND,langsung_ringkas,,,style_variation,,,deepseek-flash,,deepseek-flash,[],"[1] Indeks Pembangunan Manusia 2024 | sec_025
2.2 Capaian Pembangunan Manusia di Tingkat Nasional
Pengukuran Capaian Pembangunan Manusia di Indonesia menghasilkan IPM (Indeks Pembangunan Manusia). IPM di Indonesia merupakan salah satu indikator utama dalam Rencana Pembangunan Jangka Menengah Nasional (RPJMN) 2019–2024, yang dijadikan sebagai tolok ukur dalam mengukur keberhasilan pembangunan manusia di berbagai aspek fundamental. Pemerintah Indonesia menargetkan IPM sebesar 75,54 pada tahun 2024 sebagai bagian dari strategi pembangunan nasional yang berfokus pada peningkatan kualitas hidup masyarakat.
Pada tahun 2024, IPM Indonesia berhasil mencapai angka 75,02 yang berada pada kategori tinggi. Selain itu, pertumbuhan IPM Indonesia mencapai laju pertumbuhan tertinggi dalam lima tahun terakhir, yakni sebesar 0,85 persen selama periode 2020–2024. Jika dirata-ratakan, pertumbuhan IPM Indonesia dalam periode 2020–2024 mencapai sekitar 0,75 persen per tahun. Percepatan kenaikan IPM 2024 salah satunya didorong oleh dimensi standar hidup layak yang diwakilkan oleh pengeluaran rill per kapita yang disesuaikan mengalami pertumbuhan sebesar 3,71 persen dari 2023 ke 2024. Selain itu, dimensi umur panjang dan hidup sehat serta dimensi pengetahuan juga mengalami peningkatan dibandingkan tahun sebelumnya. 75,02 74,39 73,77 73,16 72,81 0,83 0,84 0,85 0,48 2020 2021 2022 2023 2024 Indeks Pembangunan Manusia (IPM) Pertumbuhan IPM (%)
Sumber: Badan Pusat Statistik, Penyusunan Indeks Pembangunan Manusia, 2024
Gambar 2.8 Indeks Pembangunan Manusia Indonesia, 2020–2024

[2] Indeks Pembangunan Manusia 2024 | sec_026
Capaian Pembangunan Manusia dalam Dimensi Penyusunnya
Meskipun mengalami masa krisis karena pandemi COVID-19, IPM Indonesia terus menunjukkan tren yang positif. Meskipun dalam tren peningkatan, perubahan IPM sejak tahun 2022 sampai sekarang menunjukkan angka yang stagnan (Gambar 2.8). Hal ini sangat dipengaruhi oleh perubahan variabel-variabel penyusunnya, yaitu UHH Saat Lahir dan Rata-rata Lama Sekolah yang menunjukkan perubahan yang cenderung menurun (Gambar 2.9 dan 2.10).
24

[3] Indeks Pembangunan Manusia 2023 | sec_031
3.1 Indeks Pembangunan Manusia Provinsi
Sejalan dengan peningkatan Indeks Pembangunan Manusia (IPM) di Indonesia, IPM di seluruh provinsi juga mengalami peningkatan pada tahun 2023. Posisi IPM tertinggi dan terendah tidak mengalami perubahan sejak lima tahun terakhir. DKI Jakarta (83,55) selalu meraih posisi IPM tertinggi sedangkan Papua (63,01) berada di posisi terendah. Meskipun memiliki nilai IPM terendah, Papua merupakan provinsi dengan peningkatan IPM tercepat yaitu sebesar 1,37 persen. Jika dibandingkan dengan capaian nasional, terdapat 14 provinsi dengan capaian IPM di atas nasional. Jumlah tersebut tidak mengalami perubahan dibandingkan dengan tahun sebelumnya. 90 83,55 . Nasional 80 74,39 70 63,01 60 50 40 30 20
Sumber: Badan Pusat Statistik
Gambar 3.1 Capaian IPM menurut Provinsi, 2023
Pada tahun 2023, hampir seluruh provinsi mengalami peningkatan IPM di atas 0,5, hanya Sumatera Barat dan D.I. Yogyakarta yang tercatat mengalami peningkatan IPM di bawah 0,5, masing-masing meningkat sebesar 0,48 dan 0,44. Meskipun DKI Jakarta merupakan provinsi dengan capaian IPM tertinggi, pertumbuhan IPM tahun 2023 masih berada di posisi sebelas (0,94 persen). Sebaliknya, IPM Papua menempati posisi terakhir tetapi memiliki pertumbuhan tercepat.
27","[""2.2 Capaian Pembangunan Manusia di Tingkat Nasional\nPengukuran Capaian Pembangunan Manusia di Indonesia menghasilkan IPM (Indeks Pembangunan Manusia). IPM di Indonesia merupakan salah satu indikator utama dalam Rencana Pembangunan Jangka Menengah Nasional (RPJMN) 2019–2024, yang dijadikan sebagai tolok ukur dalam mengukur keberhasilan pembangunan manusia di berbagai aspek fundamental. Pemerintah Indonesia menargetkan IPM sebesar 75,54 pada tahun 2024 sebagai bagian dari strategi pembangunan nasional yang berfokus pada peningkatan kualitas hidup masyarakat.\nPada tahun 2024, IPM Indonesia berhasil mencapai angka 75,02 yang berada pada kategori tinggi. Selain itu, pertumbuhan IPM Indonesia mencapai laju pertumbuhan tertinggi dalam lima tahun terakhir, yakni sebesar 0,85 persen selama periode 2020–2024. Jika dirata-ratakan, pertumbuhan IPM Indonesia dalam periode 2020–2024 mencapai sekitar 0,75 persen per tahun. Percepatan kenaikan IPM 2024 salah satunya didorong oleh dimensi standar hidup layak yang diwakilkan oleh pengeluaran rill per kapita yang disesuaikan mengalami pertumbuhan sebesar 3,71 persen dari 2023 ke 2024. Selain itu, dimensi umur panjang dan hidup sehat serta dimensi pengetahuan juga mengalami peningkatan dibandingkan tahun sebelumnya. 75,02 74,39 73,77 73,16 72,81 0,83 0,84 0,85 0,48 2020 2021 2022 2023 2024 Indeks Pembangunan Manusia (IPM) Pertumbuhan IPM (%)\nSumber: Badan Pusat Statistik, Penyusunan Indeks Pembangunan Manusia, 2024\nGambar 2.8 Indeks Pembangunan Manusia Indonesia, 2020–2024"", ""Capaian Pembangunan Manusia dalam Dimensi Penyusunnya\nMeskipun mengalami masa krisis karena pandemi COVID-19, IPM Indonesia terus menunjukkan tren yang positif. Meskipun dalam tren peningkatan, perubahan IPM sejak tahun 2022 sampai sekarang menunjukkan angka yang stagnan (Gambar 2.8). Hal ini sangat dipengaruhi oleh perubahan variabel-variabel penyusunnya, yaitu UHH Saat Lahir dan Rata-rata Lama Sekolah yang menunjukkan perubahan yang cenderung menurun (Gambar 2.9 dan 2.10).\n24"", ""3.1 Indeks Pembangunan Manusia Provinsi\nSejalan dengan peningkatan Indeks Pembangunan Manusia (IPM) di Indonesia, IPM di seluruh provinsi juga mengalami peningkatan pada tahun 2023. Posisi IPM tertinggi dan terendah tidak mengalami perubahan sejak lima tahun terakhir. DKI Jakarta (83,55) selalu meraih posisi IPM tertinggi sedangkan Papua (63,01) berada di posisi terendah. Meskipun memiliki nilai IPM terendah, Papua merupakan provinsi dengan peningkatan IPM tercepat yaitu sebesar 1,37 persen. Jika dibandingkan dengan capaian nasional, terdapat 14 provinsi dengan capaian IPM di atas nasional. Jumlah tersebut tidak mengalami perubahan dibandingkan dengan tahun sebelumnya. 90 83,55 . Nasional 80 74,39 70 63,01 60 50 40 30 20\nSumber: Badan Pusat Statistik\nGambar 3.1 Capaian IPM menurut Provinsi, 2023\nPada tahun 2023, hampir seluruh provinsi mengalami peningkatan IPM di atas 0,5, hanya Sumatera Barat dan D.I. Yogyakarta yang tercatat mengalami peningkatan IPM di bawah 0,5, masing-masing meningkat sebesar 0,48 dan 0,44. Meskipun DKI Jakarta merupakan provinsi dengan capaian IPM tertinggi, pertumbuhan IPM tahun 2023 masih berada di posisi sebelas (0,94 persen). Sebaliknya, IPM Papua menempati posisi terakhir tetapi memiliki pertumbuhan tercepat.\n27""]","[{""chunk_id"": ""indeks-pembangunan-manusia-2024__sec_025__c001"", ""faiss_id"": 974, ""document_title"": ""Indeks Pembangunan Manusia 2024"", ""section_id"": ""sec_025"", ""page_start"": 50, ""page_end"": null, ""bps_url"": ""https://www.bps.go.id/id/publication/2025/05/15/dd9a3ce7dfae1c733e46338f/indeks-pembangunan-manusia-2024.html"", ""rerank_score"": 2.855264663696289}, {""chunk_id"": ""indeks-pembangunan-manusia-2024__sec_026__c001"", ""faiss_id"": 975, ""document_title"": ""Indeks Pembangunan Manusia 2024"", ""section_id"": ""sec_026"", ""page_start"": 50, ""page_end"": 50, ""bps_url"": ""https://www.bps.go.id/id/publication/2025/05/15/dd9a3ce7dfae1c733e46338f/indeks-pembangunan-manusia-2024.html"", ""rerank_score"": 0.5780209898948669}, {""chunk_id"": ""indeks-pembangunan-manusia-2023__sec_031__c001"", ""faiss_id"": 697, ""document_title"": ""Indeks Pembangunan Manusia 2023"", ""section_id"": ""sec_031"", ""page_start"": 51, ""page_end"": 62, ""bps_url"": ""https://www.bps.go.id/id/publication/2024/05/13/8f77e73a66a6f484c655985a/indeks-pembangunan-manusia-2023.html"", ""rerank_score"": -0.5384919047355652}]",{},2.927354047000108,3.0066649479999796,"{""prompt_tokens"": 1281, ""completion_tokens"": 512, ""total_tokens"": 1793, ""prompt_tokens_details"": {""cached_tokens"": 1147}, ""completion_tokens_details"": {""reasoning_tokens"": 512}, ""prompt_cache_hit_tokens"": 1147, ""prompt_cache_miss_tokens"": 134}",9.072942097999885,ok,,85edb411a3706843a8043481e3d814b59ae4ba89dd02accf4a0c122fc94c22f2,False,,empty_answer,,empty_answer,,empty_answer
Q012,3_variasi_gaya_bahasa,akademik,"Berdasarkan publikasi BPS antaredisi, bagaimana perkembangan IPM Indonesia dan apa kecenderungan umumnya?",S2_I01,STYLE-IPM-TREND,akademik,,,style_variation,,,llama3.2-finetuned,"Teks menyatakan bahwa IPM Indonesia sudah tergolong berstatus tinggi sejak 2016 dan terus mengalami peningkatan yang konsisten sejak tahun 2020 hingga 2023, dengan pertumbuhan rata-rata sebesar 0,72 persen per tahun. Kenaikan IPM juga terus mengalami percepatan setiap tahun, dimulai dari 0,48 persen dari 2020 ke 2021, meningkat menjadi 0,83 persen dari 2021 ke 2022, dan mengalami peningkatan tercepat dari 2022 ke 2023 dengan pertumbuhan 0,84 persen. Kecenderungan umumnya IPM Indonesia terus meningkat dan terus mengalami percepatan pertumbuhan, dengan dimensi standar hidup layak yang diwakili pengeluaran riil per kapita yang mengalami pertumbuhan sebesar 3,66 persen dari 2022 ke 2023.",llama3.2-finetuned,"[""Perkembangan IPM Indonesia menunjukkan penurunan dari 3,83 pada 2020 menjadi 3,72 pada 2021, kemudian meningkat menjadi 3,73 pada 2022, dan terus menurun menjadi 3,69 pada 2023. Kecenderungan umumnya IPM Indonesia terus menurun, nam""]","[1] Statistik Pemuda Indonesia 2024 | sec_071
memanfaatkan peluang dengan baik. Antisipasi tersebut dapat dilakukan melalui pemantauan perkembangan pembangunan pemuda secara intensif dengan pengukuran capaian pembangunan pemuda setiap tahunnya. Pemantauan perkembangan pembangunan pemuda hanya dapat dilakukan jika data kepemudaan untuk pembangunan tersedia secara komprehensif. Optimalisasi pembangunan kepemudaan dapat dilakukan pada dasarnya dengan memastikan data dan informasi yang riil dan mencerminkan dinamika kinerja pembangunan pemuda tersedia.
Untuk memetakan situasi dan kondisi terkini, serta mendukung perencanaan dan evaluasi kebijakan dan program kepemudaan, diperlukan data dan informasi terkait pemuda di Indonesia, baik pada tingkat nasional maupun regional. Untuk menyikapi kondisi tersebut, BPS menyusun data dan informasi terkait pemuda dan mengemasnya menjadi suatu bentuk buku publikasi “Statistik Pemuda Indonesia 2024”. Publikasi ini memuat informasi pemuda yang dilihat dari berbagai aspek, seperti demografi, pendidikan, kesehatan, ketenagakerjaan, sosial ekonomi, dan kesehatan reproduksi serta programprogram untuk pemuda Indonesia yang sudah dijalankan oleh pemerintah. Secara keseluruhan, publikasi ini menyajikan data dan informasi tentang pemuda yang dapat dimanfaatkan sebagai bahan perencanaan, monitoring, dan evaluasi kebijakan maupun program pembangunan di bidang kepemudaan.

[2] Indeks Pembangunan Manusia 2022 | sec_017
1.3.2 Perkembangan Pengukuran Pembangunan Manusia
Konsep dan definisi pembangunan manusia telah termuat dalam laporan UNDP tahun 1990. Dalam laporan tersebut, pengukuran pembangunan manusia dijelaskan secara detail yang berbentuk IPM. Mulai tahun 1990, IPM dirilis dalam bentuk publikasi berkala/ tahunan yang menjelaskan bagaimana masyarakat dapat memperoleh manfaat dari hasil pembangunan dalam aspek penghasilan, kesehatan, pendidikan, dan aspek lainnya. Layaknya manusia yang selalu berkembang, begitu pula pengukuran IPM mengalami penyempurnaan dari waktu ke waktu. Telah terjadi lima kali penyempurnaan terhadap IPM sejak tahun 1990. Penyempurnaan signifikan terjadi pada tahun 2010 yang utamanya terkait indikator-indikator penyusun IPM, sedangkan tahun 2014 terjadi perubahan metode penghitungan. Jika digambarkan, penyempurnaan pengukuran IPM dapat diamati melalui Gambar 1.1 berikut. Gambar 1.1 Perkembangan Metodologi IPM oleh UNDP Launching Penyempurnaan Penyempurnaan Komponen IPM: UHH, Mengganti Mengganti tahun AMH, PDB per kapita Komponen IPM dasar PNB per kapita menjadi : UHH, AMH, dari tahun dasar Metode Agregasi: APK Gabungan, PDB 2008 menjadi 2005 rata-rata aritmetik per kapita 1990 1991 1995 2010 2011 2014 Penyempurnaan Perubahan Metodologi Penyempurnaan Mengganti Komponen IPM: UHH,HLS, Mengganti tahun dasar PNB per Komponen IPM RLS, PNB per kapita kapita dari tahun 2005 menjadi tahun 2011 menjadi: UHH, AMH, RLS, PDB per kapita Metode Agregasi: rata- Merubah metode agregasi indeks rata geometrik pendidikan dari rata-rata geometrik menjadi rata-rata aritmetik
Sumber: Badan Pusat Statistik

[3] Indeks Pembangunan Manusia 2023 | sec_025
2.1 Pembangunan Manusia Indonesia 2023
Indeks Pembangunan Manusia (IPM) Indonesia sudah tergolong berstatus tinggi (di atas 70) sejak 2016 dan terus mengalami peningkatan yang konsisten sejak tahun 2020 hingga 2023. Dimulai dengan nilai 72,81 pada tahun 2020 yang meningkat ke 73,16 pada tahun 2021 dan terus meningkat menjadi 73,77 pada tahun 2022, hingga akhirnya IPM Indonesia mencapai 74,39 pada tahun 2023. Kenaikan IPM juga terus mengalami percepatan setiap tahun, dimulai dari 0,48 persen dari 2020 ke 2021, meningkat menjadi 0,83 persen dari 2021 ke 2022, dan mengalami peningkatan tercepat dari 2022 ke 2023 dengan pertumbuhan 0,84 persen. Secara rata-rata, pertumbuhan IPM Indonesia 20202023 adalah sebesar 0,72 persen per tahun. Rata-rata pertumbuhan: 0,72% 7439 2,77 23,16 72,81 2020 2021 2022 2023 fmm Indeks Pembangunan Manusia (IPM) ~~==@=—P~~ ertumbuhan IPM (%) Sumber: Badan Pusat Statistik Gambar 2.1 Indeks Pembangunan Manusia Indonesia, 2020–2023
Percepatan kenaikan IPM 2023 salah satunya didorong oleh dimensi standar hidup layak yang diwakili oleh pengeluaran riil per kapita yang disesuaikan yang mengalami pertumbuhan sebesar 3,66 persen dari 2022 ke 2023. Selain itu, dimensi umur panjang dan hidup sehat serta dimensi pengetahuan juga mengalami peningkatan dibandingkan tahun sebelumnya.
19

INDEKS PEMBANGUNAN MANUSIA 2023

[4] Indeks Pembangunan Manusia 2023 | sec_019
INDEKS PEMBANGUNAN MANUSIA 2023
terpenuhi maka banyak peluang dalam aspek kehidupan manusia lainnya yang tidak kunjung terbuka. Berangkat dari konsep dasar tersebut, UNDP menyusun sebuah indeks sebagai ukuran dari capaian pembangunan manusia. Indeks komposit yang mengukur pembangunan manusia dijelaskan dan diperkenalkan sebagai Indeks Pembangunan Manusia (IPM) atau Human Development Index (HDI). UNDP pertama kali memperkenalkan IPM pada tahun 1990 melalui publikasi “ Human Development Report 1990 ”.
Sejak saat itu, UNDP menghitung IPM dan merilisnya dalam publikasi dengan judul yang sama setiap tahunnya untuk menjelaskan bagaimana masyarakat dapat memperoleh manfaat dari hasil pembangunan dalam aspek penghasilan, kesehatan, pendidikan, dan aspek lainnya. Seiring dengan perkembangan peradaban manusia dari zaman ke zaman, pengukuran IPM pun terus diupayakan penyempurnaan dari waktu ke waktu. Hingga saat ini tercatat sudah terjadi lima kali perubahan untuk perbaikan terhadap penghitungan IPM sejak pertama kali dirilis tahun 1990. Perubahan paling signifikan terjadi pada tahun 2010, dimana UNDP mengadopsi sejumlah indikator baru penyusun IPM. Sementara, pada tahun 2014, UNDP sedikit melakukan modifikasi pada metode penghitungan IPM. Gambar 1.2 di bawah ini menampilkan secara kronologis, sejarah penghitungan IPM yang dilakukan oleh UNDP dari waktu ke waktu.

[5] Profil Anak Usia Dini 2024 | sec_088
(BPS) telah menyusun suatu ukuran berupa Indeks Perlindungan Anak (IPA), Indeks Pemenuhan Hak Anak (IPHA), dan Indeks Perlindungan Khusus Anak (IPKA) untuk mengukur capaian upaya perlindungan anak yang telah dilakukan. Melalui publikasi Indeks Perlindungan Anak Tahun 2022 dapat dilihat bahwa capaian IPA di tahun 2022 meningkat menjadi 63,30, dari 61,38 pada tahun 2021. Sejalan dengan capaian IPA, pada tahun 2022 capaian IPHA yang menggambarkan tingkat realisasi pemenuhan hak anak sebesar 60,33. Sementara itu, IPKA pada tahun 2022 memiliki capaian sebesar 79,39. Sayangnya, ketiga capaian IPA, IPHA, dan IPKA belum dapat melampaui target RPJMN yang telah ditetapkan pada tahun 2022 (Kementerian Pemberdayaan Perempuan dan Perlindungan Anak 2022, 45).","[""memanfaatkan peluang dengan baik. Antisipasi tersebut dapat dilakukan melalui pemantauan perkembangan pembangunan pemuda secara intensif dengan pengukuran capaian pembangunan pemuda setiap tahunnya. Pemantauan perkembangan pembangunan pemuda hanya dapat dilakukan jika data kepemudaan untuk pembangunan tersedia secara komprehensif. Optimalisasi pembangunan kepemudaan dapat dilakukan pada dasarnya dengan memastikan data dan informasi yang riil dan mencerminkan dinamika kinerja pembangunan pemuda tersedia.\nUntuk memetakan situasi dan kondisi terkini, serta mendukung perencanaan dan evaluasi kebijakan dan program kepemudaan, diperlukan data dan informasi terkait pemuda di Indonesia, baik pada tingkat nasional maupun regional. Untuk menyikapi kondisi tersebut, BPS menyusun data dan informasi terkait pemuda dan mengemasnya menjadi suatu bentuk buku publikasi “Statistik Pemuda Indonesia 2024”. Publikasi ini memuat informasi pemuda yang dilihat dari berbagai aspek, seperti demografi, pendidikan, kesehatan, ketenagakerjaan, sosial ekonomi, dan kesehatan reproduksi serta programprogram untuk pemuda Indonesia yang sudah dijalankan oleh pemerintah. Secara keseluruhan, publikasi ini menyajikan data dan informasi tentang pemuda yang dapat dimanfaatkan sebagai bahan perencanaan, monitoring, dan evaluasi kebijakan maupun program pembangunan di bidang kepemudaan."", ""1.3.2 Perkembangan Pengukuran Pembangunan Manusia\nKonsep dan definisi pembangunan manusia telah termuat dalam laporan UNDP tahun 1990. Dalam laporan tersebut, pengukuran pembangunan manusia dijelaskan secara detail yang berbentuk IPM. Mulai tahun 1990, IPM dirilis dalam bentuk publikasi berkala/ tahunan yang menjelaskan bagaimana masyarakat dapat memperoleh manfaat dari hasil pembangunan dalam aspek penghasilan, kesehatan, pendidikan, dan aspek lainnya. Layaknya manusia yang selalu berkembang, begitu pula pengukuran IPM mengalami penyempurnaan dari waktu ke waktu. Telah terjadi lima kali penyempurnaan terhadap IPM sejak tahun 1990. Penyempurnaan signifikan terjadi pada tahun 2010 yang utamanya terkait indikator-indikator penyusun IPM, sedangkan tahun 2014 terjadi perubahan metode penghitungan. Jika digambarkan, penyempurnaan pengukuran IPM dapat diamati melalui Gambar 1.1 berikut. Gambar 1.1 Perkembangan Metodologi IPM oleh UNDP Launching Penyempurnaan Penyempurnaan Komponen IPM: UHH, Mengganti Mengganti tahun AMH, PDB per kapita Komponen IPM dasar PNB per kapita menjadi : UHH, AMH, dari tahun dasar Metode Agregasi: APK Gabungan, PDB 2008 menjadi 2005 rata-rata aritmetik per kapita 1990 1991 1995 2010 2011 2014 Penyempurnaan Perubahan Metodologi Penyempurnaan Mengganti Komponen IPM: UHH,HLS, Mengganti tahun dasar PNB per Komponen IPM RLS, PNB per kapita kapita dari tahun 2005 menjadi tahun 2011 menjadi: UHH, AMH, RLS, PDB per kapita Metode Agregasi: rata- Merubah metode agregasi indeks rata geometrik pendidikan dari rata-rata geometrik menjadi rata-rata aritmetik\nSumber: Badan Pusat Statistik"", ""2.1 Pembangunan Manusia Indonesia 2023\nIndeks Pembangunan Manusia (IPM) Indonesia sudah tergolong berstatus tinggi (di atas 70) sejak 2016 dan terus mengalami peningkatan yang konsisten sejak tahun 2020 hingga 2023. Dimulai dengan nilai 72,81 pada tahun 2020 yang meningkat ke 73,16 pada tahun 2021 dan terus meningkat menjadi 73,77 pada tahun 2022, hingga akhirnya IPM Indonesia mencapai 74,39 pada tahun 2023. Kenaikan IPM juga terus mengalami percepatan setiap tahun, dimulai dari 0,48 persen dari 2020 ke 2021, meningkat menjadi 0,83 persen dari 2021 ke 2022, dan mengalami peningkatan tercepat dari 2022 ke 2023 dengan pertumbuhan 0,84 persen. Secara rata-rata, pertumbuhan IPM Indonesia 20202023 adalah sebesar 0,72 persen per tahun. Rata-rata pertumbuhan: 0,72% 7439 2,77 23,16 72,81 2020 2021 2022 2023 fmm Indeks Pembangunan Manusia (IPM) ~~==@=—P~~ ertumbuhan IPM (%) Sumber: Badan Pusat Statistik Gambar 2.1 Indeks Pembangunan Manusia Indonesia, 2020–2023\nPercepatan kenaikan IPM 2023 salah satunya didorong oleh dimensi standar hidup layak yang diwakili oleh pengeluaran riil per kapita yang disesuaikan yang mengalami pertumbuhan sebesar 3,66 persen dari 2022 ke 2023. Selain itu, dimensi umur panjang dan hidup sehat serta dimensi pengetahuan juga mengalami peningkatan dibandingkan tahun sebelumnya.\n19\n\nINDEKS PEMBANGUNAN MANUSIA 2023"", ""INDEKS PEMBANGUNAN MANUSIA 2023\nterpenuhi maka banyak peluang dalam aspek kehidupan manusia lainnya yang tidak kunjung terbuka. Berangkat dari konsep dasar tersebut, UNDP menyusun sebuah indeks sebagai ukuran dari capaian pembangunan manusia. Indeks komposit yang mengukur pembangunan manusia dijelaskan dan diperkenalkan sebagai Indeks Pembangunan Manusia (IPM) atau Human Development Index (HDI). UNDP pertama kali memperkenalkan IPM pada tahun 1990 melalui publikasi “ Human Development Report 1990 ”.\nSejak saat itu, UNDP menghitung IPM dan merilisnya dalam publikasi dengan judul yang sama setiap tahunnya untuk menjelaskan bagaimana masyarakat dapat memperoleh manfaat dari hasil pembangunan dalam aspek penghasilan, kesehatan, pendidikan, dan aspek lainnya. Seiring dengan perkembangan peradaban manusia dari zaman ke zaman, pengukuran IPM pun terus diupayakan penyempurnaan dari waktu ke waktu. Hingga saat ini tercatat sudah terjadi lima kali perubahan untuk perbaikan terhadap penghitungan IPM sejak pertama kali dirilis tahun 1990. Perubahan paling signifikan terjadi pada tahun 2010, dimana UNDP mengadopsi sejumlah indikator baru penyusun IPM. Sementara, pada tahun 2014, UNDP sedikit melakukan modifikasi pada metode penghitungan IPM. Gambar 1.2 di bawah ini menampilkan secara kronologis, sejarah penghitungan IPM yang dilakukan oleh UNDP dari waktu ke waktu."", ""(BPS) telah menyusun suatu ukuran berupa Indeks Perlindungan Anak (IPA), Indeks Pemenuhan Hak Anak (IPHA), dan Indeks Perlindungan Khusus Anak (IPKA) untuk mengukur capaian upaya perlindungan anak yang telah dilakukan. Melalui publikasi Indeks Perlindungan Anak Tahun 2022 dapat dilihat bahwa capaian IPA di tahun 2022 meningkat menjadi 63,30, dari 61,38 pada tahun 2021. Sejalan dengan capaian IPA, pada tahun 2022 capaian IPHA yang menggambarkan tingkat realisasi pemenuhan hak anak sebesar 60,33. Sementara itu, IPKA pada tahun 2022 memiliki capaian sebesar 79,39. Sayangnya, ketiga capaian IPA, IPHA, dan IPKA belum dapat melampaui target RPJMN yang telah ditetapkan pada tahun 2022 (Kementerian Pemberdayaan Perempuan dan Perlindungan Anak 2022, 45).""]","[{""chunk_id"": ""statistik-pemuda-indonesia-2024__sec_071__c002"", ""faiss_id"": 18411, ""document_title"": ""Statistik Pemuda Indonesia 2024"", ""section_id"": ""sec_071"", ""page_start"": 62, ""page_end"": 64, ""bps_url"": ""https://www.bps.go.id/id/publication/2024/12/31/b2dbaac4542352cea8794590/statistik-pemuda-indonesia-2024.html"", ""rerank_score"": 1.8928260803222656}, {""chunk_id"": ""indeks-pembangunan-manusia-2022__sec_017__c001"", ""faiss_id"": 391, ""document_title"": ""Indeks Pembangunan Manusia 2022"", ""section_id"": ""sec_017"", ""page_start"": 24, ""page_end"": null, ""bps_url"": ""https://www.bps.go.id/id/publication/2023/05/16/ef80bec78ab91cb5b703b943/indeks-pembangunan-manusia-2022.html"", ""rerank_score"": 0.9670749306678772}, {""chunk_id"": ""indeks-pembangunan-manusia-2023__sec_025__c001"", ""faiss_id"": 691, ""document_title"": ""Indeks Pembangunan Manusia 2023"", ""section_id"": ""sec_025"", ""page_start"": 43, ""page_end"": 43, ""bps_url"": ""https://www.bps.go.id/id/publication/2024/05/13/8f77e73a66a6f484c655985a/indeks-pembangunan-manusia-2023.html"", ""rerank_score"": 0.5262790322303772}, {""chunk_id"": ""indeks-pembangunan-manusia-2023__sec_019__c002"", ""faiss_id"": 680, ""document_title"": ""Indeks Pembangunan Manusia 2023"", ""section_id"": ""sec_019"", ""page_start"": 35, ""page_end"": 36, ""bps_url"": ""https://www.bps.go.id/id/publication/2024/05/13/8f77e73a66a6f484c655985a/indeks-pembangunan-manusia-2023.html"", ""rerank_score"": 0.26666224002838135}, {""chunk_id"": ""profil-anak-usia-dini-2024__sec_088__c004"", ""faiss_id"": 5106, ""document_title"": ""Profil Anak Usia Dini 2024"", ""section_id"": ""sec_088"", ""page_start"": 197, ""page_end"": 200, ""bps_url"": ""https://www.bps.go.id/id/publication/2024/12/13/744350b0873dcb98dfeab38c/profil-anak-usia-dini-2024.html"", ""rerank_score"": -0.13973841071128845}]",{},4.013525671000025,7.199824024000009,"{""total_duration"": 7197782389, ""load_duration"": 1427082, ""prompt_eval_count"": 2460, ""prompt_eval_duration"": 1206290000, ""eval_count"": 230, ""eval_duration"": 5667431000}",23.853380963000063,ok,,85edb411a3706843a8043481e3d814b59ae4ba89dd02accf4a0c122fc94c22f2,False,1.0,ok,0.5550150644348334,ok,1.0,ok
Q012,3_variasi_gaya_bahasa,akademik,"Berdasarkan publikasi BPS antaredisi, bagaimana perkembangan IPM Indonesia dan apa kecenderungan umumnya?",S2_I01,STYLE-IPM-TREND,akademik,,,style_variation,,,gemma2-finetuned,"IPM Indonesia meningkat dari 72,81 pada 2020 menjadi 74,39 pada 2023, dengan pertumbuhan 0,84 persen dari 2022 ke 2023. Secara rata-rata pertumbuhan IPM Indonesia 2020–2023 adalah sebesar 0,72 persen per tahun.",gemma2-finetuned,"[""Perkembangan IPM Indonesia dan kecenderungannya menurut BPS antaredisi.""]","[1] Statistik Pemuda Indonesia 2024 | sec_071
memanfaatkan peluang dengan baik. Antisipasi tersebut dapat dilakukan melalui pemantauan perkembangan pembangunan pemuda secara intensif dengan pengukuran capaian pembangunan pemuda setiap tahunnya. Pemantauan perkembangan pembangunan pemuda hanya dapat dilakukan jika data kepemudaan untuk pembangunan tersedia secara komprehensif. Optimalisasi pembangunan kepemudaan dapat dilakukan pada dasarnya dengan memastikan data dan informasi yang riil dan mencerminkan dinamika kinerja pembangunan pemuda tersedia.
Untuk memetakan situasi dan kondisi terkini, serta mendukung perencanaan dan evaluasi kebijakan dan program kepemudaan, diperlukan data dan informasi terkait pemuda di Indonesia, baik pada tingkat nasional maupun regional. Untuk menyikapi kondisi tersebut, BPS menyusun data dan informasi terkait pemuda dan mengemasnya menjadi suatu bentuk buku publikasi “Statistik Pemuda Indonesia 2024”. Publikasi ini memuat informasi pemuda yang dilihat dari berbagai aspek, seperti demografi, pendidikan, kesehatan, ketenagakerjaan, sosial ekonomi, dan kesehatan reproduksi serta programprogram untuk pemuda Indonesia yang sudah dijalankan oleh pemerintah. Secara keseluruhan, publikasi ini menyajikan data dan informasi tentang pemuda yang dapat dimanfaatkan sebagai bahan perencanaan, monitoring, dan evaluasi kebijakan maupun program pembangunan di bidang kepemudaan.

[2] Indeks Pembangunan Manusia 2022 | sec_017
1.3.2 Perkembangan Pengukuran Pembangunan Manusia
Konsep dan definisi pembangunan manusia telah termuat dalam laporan UNDP tahun 1990. Dalam laporan tersebut, pengukuran pembangunan manusia dijelaskan secara detail yang berbentuk IPM. Mulai tahun 1990, IPM dirilis dalam bentuk publikasi berkala/ tahunan yang menjelaskan bagaimana masyarakat dapat memperoleh manfaat dari hasil pembangunan dalam aspek penghasilan, kesehatan, pendidikan, dan aspek lainnya. Layaknya manusia yang selalu berkembang, begitu pula pengukuran IPM mengalami penyempurnaan dari waktu ke waktu. Telah terjadi lima kali penyempurnaan terhadap IPM sejak tahun 1990. Penyempurnaan signifikan terjadi pada tahun 2010 yang utamanya terkait indikator-indikator penyusun IPM, sedangkan tahun 2014 terjadi perubahan metode penghitungan. Jika digambarkan, penyempurnaan pengukuran IPM dapat diamati melalui Gambar 1.1 berikut. Gambar 1.1 Perkembangan Metodologi IPM oleh UNDP Launching Penyempurnaan Penyempurnaan Komponen IPM: UHH, Mengganti Mengganti tahun AMH, PDB per kapita Komponen IPM dasar PNB per kapita menjadi : UHH, AMH, dari tahun dasar Metode Agregasi: APK Gabungan, PDB 2008 menjadi 2005 rata-rata aritmetik per kapita 1990 1991 1995 2010 2011 2014 Penyempurnaan Perubahan Metodologi Penyempurnaan Mengganti Komponen IPM: UHH,HLS, Mengganti tahun dasar PNB per Komponen IPM RLS, PNB per kapita kapita dari tahun 2005 menjadi tahun 2011 menjadi: UHH, AMH, RLS, PDB per kapita Metode Agregasi: rata- Merubah metode agregasi indeks rata geometrik pendidikan dari rata-rata geometrik menjadi rata-rata aritmetik
Sumber: Badan Pusat Statistik

[3] Indeks Pembangunan Manusia 2023 | sec_025
2.1 Pembangunan Manusia Indonesia 2023
Indeks Pembangunan Manusia (IPM) Indonesia sudah tergolong berstatus tinggi (di atas 70) sejak 2016 dan terus mengalami peningkatan yang konsisten sejak tahun 2020 hingga 2023. Dimulai dengan nilai 72,81 pada tahun 2020 yang meningkat ke 73,16 pada tahun 2021 dan terus meningkat menjadi 73,77 pada tahun 2022, hingga akhirnya IPM Indonesia mencapai 74,39 pada tahun 2023. Kenaikan IPM juga terus mengalami percepatan setiap tahun, dimulai dari 0,48 persen dari 2020 ke 2021, meningkat menjadi 0,83 persen dari 2021 ke 2022, dan mengalami peningkatan tercepat dari 2022 ke 2023 dengan pertumbuhan 0,84 persen. Secara rata-rata, pertumbuhan IPM Indonesia 20202023 adalah sebesar 0,72 persen per tahun. Rata-rata pertumbuhan: 0,72% 7439 2,77 23,16 72,81 2020 2021 2022 2023 fmm Indeks Pembangunan Manusia (IPM) ~~==@=—P~~ ertumbuhan IPM (%) Sumber: Badan Pusat Statistik Gambar 2.1 Indeks Pembangunan Manusia Indonesia, 2020–2023
Percepatan kenaikan IPM 2023 salah satunya didorong oleh dimensi standar hidup layak yang diwakili oleh pengeluaran riil per kapita yang disesuaikan yang mengalami pertumbuhan sebesar 3,66 persen dari 2022 ke 2023. Selain itu, dimensi umur panjang dan hidup sehat serta dimensi pengetahuan juga mengalami peningkatan dibandingkan tahun sebelumnya.
19

INDEKS PEMBANGUNAN MANUSIA 2023

[4] Indeks Pembangunan Manusia 2023 | sec_019
INDEKS PEMBANGUNAN MANUSIA 2023
terpenuhi maka banyak peluang dalam aspek kehidupan manusia lainnya yang tidak kunjung terbuka. Berangkat dari konsep dasar tersebut, UNDP menyusun sebuah indeks sebagai ukuran dari capaian pembangunan manusia. Indeks komposit yang mengukur pembangunan manusia dijelaskan dan diperkenalkan sebagai Indeks Pembangunan Manusia (IPM) atau Human Development Index (HDI). UNDP pertama kali memperkenalkan IPM pada tahun 1990 melalui publikasi “ Human Development Report 1990 ”.
Sejak saat itu, UNDP menghitung IPM dan merilisnya dalam publikasi dengan judul yang sama setiap tahunnya untuk menjelaskan bagaimana masyarakat dapat memperoleh manfaat dari hasil pembangunan dalam aspek penghasilan, kesehatan, pendidikan, dan aspek lainnya. Seiring dengan perkembangan peradaban manusia dari zaman ke zaman, pengukuran IPM pun terus diupayakan penyempurnaan dari waktu ke waktu. Hingga saat ini tercatat sudah terjadi lima kali perubahan untuk perbaikan terhadap penghitungan IPM sejak pertama kali dirilis tahun 1990. Perubahan paling signifikan terjadi pada tahun 2010, dimana UNDP mengadopsi sejumlah indikator baru penyusun IPM. Sementara, pada tahun 2014, UNDP sedikit melakukan modifikasi pada metode penghitungan IPM. Gambar 1.2 di bawah ini menampilkan secara kronologis, sejarah penghitungan IPM yang dilakukan oleh UNDP dari waktu ke waktu.

[5] Indeks Pembangunan Manusia 2022 | sec_028
3.1 Indeks Pembangunan Manusia (IPM) Provinsi
Perkembangan Indeks Pembangunan Manusia (IPM) di seluruh provinsi di Indonesia mengalami peningkatan dibandingkan dengan tahun sebelumnya. Provinsi dengan nilai IPM tertinggi adalah Provinsi DKI Jakarta (81,65), sedangkan provinsi dengan nilai IPM terendah masih diduduki Provinsi Papua (61,39). Artinya, rentang antara IPM tertinggi dan terendah tercatat sebesar 20,26. Sebaran angka IPM provinsi seperti terlihat pada Gambar 3.1 mengindikasikan bahwa sebagian besar provinsi memiliki nilai IPM yang berada di sekitar IPM Nasional dan memungkinkan beberapa provinsi untuk tumbuh melebihi IPM Nasional di beberapa tahun ke depan. Pada tahun 2022, terdapat sepuluh provinsi dengan nilai IPM-nya yang melebihi IPM Nasional, yang tercatat sebesar 72,91. Gambar 3.1 Capaian IPM Menurut Provinsi, 2022 81,65 80 Nasional 72,91
Sumber: Badan Pusat Statistik (diolah)
Sepuluh provinsi dengan nilai IPM di atas IPM Nasional mengalami peningkatan pada ketiga komponen IPM. Usia Harapan Hidup (UHH) berkisar antara 69,90 tahun hingga 75,08 tahun, Harapan Lama Sekolah (HLS) dan Rata-rata Lama Sekolah (RLS) tercatat sekitar 12,62-15,65 tahun dan 8,69-11,31 tahun. Komponen ketiga, pengeluaran riil per
CAPAIAN PEMBANGUNAN MANUSIA DI TINGKAT DAERAH
21","[""memanfaatkan peluang dengan baik. Antisipasi tersebut dapat dilakukan melalui pemantauan perkembangan pembangunan pemuda secara intensif dengan pengukuran capaian pembangunan pemuda setiap tahunnya. Pemantauan perkembangan pembangunan pemuda hanya dapat dilakukan jika data kepemudaan untuk pembangunan tersedia secara komprehensif. Optimalisasi pembangunan kepemudaan dapat dilakukan pada dasarnya dengan memastikan data dan informasi yang riil dan mencerminkan dinamika kinerja pembangunan pemuda tersedia.\nUntuk memetakan situasi dan kondisi terkini, serta mendukung perencanaan dan evaluasi kebijakan dan program kepemudaan, diperlukan data dan informasi terkait pemuda di Indonesia, baik pada tingkat nasional maupun regional. Untuk menyikapi kondisi tersebut, BPS menyusun data dan informasi terkait pemuda dan mengemasnya menjadi suatu bentuk buku publikasi “Statistik Pemuda Indonesia 2024”. Publikasi ini memuat informasi pemuda yang dilihat dari berbagai aspek, seperti demografi, pendidikan, kesehatan, ketenagakerjaan, sosial ekonomi, dan kesehatan reproduksi serta programprogram untuk pemuda Indonesia yang sudah dijalankan oleh pemerintah. Secara keseluruhan, publikasi ini menyajikan data dan informasi tentang pemuda yang dapat dimanfaatkan sebagai bahan perencanaan, monitoring, dan evaluasi kebijakan maupun program pembangunan di bidang kepemudaan."", ""1.3.2 Perkembangan Pengukuran Pembangunan Manusia\nKonsep dan definisi pembangunan manusia telah termuat dalam laporan UNDP tahun 1990. Dalam laporan tersebut, pengukuran pembangunan manusia dijelaskan secara detail yang berbentuk IPM. Mulai tahun 1990, IPM dirilis dalam bentuk publikasi berkala/ tahunan yang menjelaskan bagaimana masyarakat dapat memperoleh manfaat dari hasil pembangunan dalam aspek penghasilan, kesehatan, pendidikan, dan aspek lainnya. Layaknya manusia yang selalu berkembang, begitu pula pengukuran IPM mengalami penyempurnaan dari waktu ke waktu. Telah terjadi lima kali penyempurnaan terhadap IPM sejak tahun 1990. Penyempurnaan signifikan terjadi pada tahun 2010 yang utamanya terkait indikator-indikator penyusun IPM, sedangkan tahun 2014 terjadi perubahan metode penghitungan. Jika digambarkan, penyempurnaan pengukuran IPM dapat diamati melalui Gambar 1.1 berikut. Gambar 1.1 Perkembangan Metodologi IPM oleh UNDP Launching Penyempurnaan Penyempurnaan Komponen IPM: UHH, Mengganti Mengganti tahun AMH, PDB per kapita Komponen IPM dasar PNB per kapita menjadi : UHH, AMH, dari tahun dasar Metode Agregasi: APK Gabungan, PDB 2008 menjadi 2005 rata-rata aritmetik per kapita 1990 1991 1995 2010 2011 2014 Penyempurnaan Perubahan Metodologi Penyempurnaan Mengganti Komponen IPM: UHH,HLS, Mengganti tahun dasar PNB per Komponen IPM RLS, PNB per kapita kapita dari tahun 2005 menjadi tahun 2011 menjadi: UHH, AMH, RLS, PDB per kapita Metode Agregasi: rata- Merubah metode agregasi indeks rata geometrik pendidikan dari rata-rata geometrik menjadi rata-rata aritmetik\nSumber: Badan Pusat Statistik"", ""2.1 Pembangunan Manusia Indonesia 2023\nIndeks Pembangunan Manusia (IPM) Indonesia sudah tergolong berstatus tinggi (di atas 70) sejak 2016 dan terus mengalami peningkatan yang konsisten sejak tahun 2020 hingga 2023. Dimulai dengan nilai 72,81 pada tahun 2020 yang meningkat ke 73,16 pada tahun 2021 dan terus meningkat menjadi 73,77 pada tahun 2022, hingga akhirnya IPM Indonesia mencapai 74,39 pada tahun 2023. Kenaikan IPM juga terus mengalami percepatan setiap tahun, dimulai dari 0,48 persen dari 2020 ke 2021, meningkat menjadi 0,83 persen dari 2021 ke 2022, dan mengalami peningkatan tercepat dari 2022 ke 2023 dengan pertumbuhan 0,84 persen. Secara rata-rata, pertumbuhan IPM Indonesia 20202023 adalah sebesar 0,72 persen per tahun. Rata-rata pertumbuhan: 0,72% 7439 2,77 23,16 72,81 2020 2021 2022 2023 fmm Indeks Pembangunan Manusia (IPM) ~~==@=—P~~ ertumbuhan IPM (%) Sumber: Badan Pusat Statistik Gambar 2.1 Indeks Pembangunan Manusia Indonesia, 2020–2023\nPercepatan kenaikan IPM 2023 salah satunya didorong oleh dimensi standar hidup layak yang diwakili oleh pengeluaran riil per kapita yang disesuaikan yang mengalami pertumbuhan sebesar 3,66 persen dari 2022 ke 2023. Selain itu, dimensi umur panjang dan hidup sehat serta dimensi pengetahuan juga mengalami peningkatan dibandingkan tahun sebelumnya.\n19\n\nINDEKS PEMBANGUNAN MANUSIA 2023"", ""INDEKS PEMBANGUNAN MANUSIA 2023\nterpenuhi maka banyak peluang dalam aspek kehidupan manusia lainnya yang tidak kunjung terbuka. Berangkat dari konsep dasar tersebut, UNDP menyusun sebuah indeks sebagai ukuran dari capaian pembangunan manusia. Indeks komposit yang mengukur pembangunan manusia dijelaskan dan diperkenalkan sebagai Indeks Pembangunan Manusia (IPM) atau Human Development Index (HDI). UNDP pertama kali memperkenalkan IPM pada tahun 1990 melalui publikasi “ Human Development Report 1990 ”.\nSejak saat itu, UNDP menghitung IPM dan merilisnya dalam publikasi dengan judul yang sama setiap tahunnya untuk menjelaskan bagaimana masyarakat dapat memperoleh manfaat dari hasil pembangunan dalam aspek penghasilan, kesehatan, pendidikan, dan aspek lainnya. Seiring dengan perkembangan peradaban manusia dari zaman ke zaman, pengukuran IPM pun terus diupayakan penyempurnaan dari waktu ke waktu. Hingga saat ini tercatat sudah terjadi lima kali perubahan untuk perbaikan terhadap penghitungan IPM sejak pertama kali dirilis tahun 1990. Perubahan paling signifikan terjadi pada tahun 2010, dimana UNDP mengadopsi sejumlah indikator baru penyusun IPM. Sementara, pada tahun 2014, UNDP sedikit melakukan modifikasi pada metode penghitungan IPM. Gambar 1.2 di bawah ini menampilkan secara kronologis, sejarah penghitungan IPM yang dilakukan oleh UNDP dari waktu ke waktu."", ""3.1 Indeks Pembangunan Manusia (IPM) Provinsi\nPerkembangan Indeks Pembangunan Manusia (IPM) di seluruh provinsi di Indonesia mengalami peningkatan dibandingkan dengan tahun sebelumnya. Provinsi dengan nilai IPM tertinggi adalah Provinsi DKI Jakarta (81,65), sedangkan provinsi dengan nilai IPM terendah masih diduduki Provinsi Papua (61,39). Artinya, rentang antara IPM tertinggi dan terendah tercatat sebesar 20,26. Sebaran angka IPM provinsi seperti terlihat pada Gambar 3.1 mengindikasikan bahwa sebagian besar provinsi memiliki nilai IPM yang berada di sekitar IPM Nasional dan memungkinkan beberapa provinsi untuk tumbuh melebihi IPM Nasional di beberapa tahun ke depan. Pada tahun 2022, terdapat sepuluh provinsi dengan nilai IPM-nya yang melebihi IPM Nasional, yang tercatat sebesar 72,91. Gambar 3.1 Capaian IPM Menurut Provinsi, 2022 81,65 80 Nasional 72,91\nSumber: Badan Pusat Statistik (diolah)\nSepuluh provinsi dengan nilai IPM di atas IPM Nasional mengalami peningkatan pada ketiga komponen IPM. Usia Harapan Hidup (UHH) berkisar antara 69,90 tahun hingga 75,08 tahun, Harapan Lama Sekolah (HLS) dan Rata-rata Lama Sekolah (RLS) tercatat sekitar 12,62-15,65 tahun dan 8,69-11,31 tahun. Komponen ketiga, pengeluaran riil per\nCAPAIAN PEMBANGUNAN MANUSIA DI TINGKAT DAERAH\n21""]","[{""chunk_id"": ""statistik-pemuda-indonesia-2024__sec_071__c002"", ""faiss_id"": 18411, ""document_title"": ""Statistik Pemuda Indonesia 2024"", ""section_id"": ""sec_071"", ""page_start"": 62, ""page_end"": 64, ""bps_url"": ""https://www.bps.go.id/id/publication/2024/12/31/b2dbaac4542352cea8794590/statistik-pemuda-indonesia-2024.html"", ""rerank_score"": 1.8928260803222656}, {""chunk_id"": ""indeks-pembangunan-manusia-2022__sec_017__c001"", ""faiss_id"": 391, ""document_title"": ""Indeks Pembangunan Manusia 2022"", ""section_id"": ""sec_017"", ""page_start"": 24, ""page_end"": null, ""bps_url"": ""https://www.bps.go.id/id/publication/2023/05/16/ef80bec78ab91cb5b703b943/indeks-pembangunan-manusia-2022.html"", ""rerank_score"": 0.9670749306678772}, {""chunk_id"": ""indeks-pembangunan-manusia-2023__sec_025__c001"", ""faiss_id"": 691, ""document_title"": ""Indeks Pembangunan Manusia 2023"", ""section_id"": ""sec_025"", ""page_start"": 43, ""page_end"": 43, ""bps_url"": ""https://www.bps.go.id/id/publication/2024/05/13/8f77e73a66a6f484c655985a/indeks-pembangunan-manusia-2023.html"", ""rerank_score"": 0.5262790322303772}, {""chunk_id"": ""indeks-pembangunan-manusia-2023__sec_019__c002"", ""faiss_id"": 680, ""document_title"": ""Indeks Pembangunan Manusia 2023"", ""section_id"": ""sec_019"", ""page_start"": 35, ""page_end"": 36, ""bps_url"": ""https://www.bps.go.id/id/publication/2024/05/13/8f77e73a66a6f484c655985a/indeks-pembangunan-manusia-2023.html"", ""rerank_score"": 0.26666224002838135}, {""chunk_id"": ""indeks-pembangunan-manusia-2022__sec_028__c001"", ""faiss_id"": 406, ""document_title"": ""Indeks Pembangunan Manusia 2022"", ""section_id"": ""sec_028"", ""page_start"": 36, ""page_end"": 37, ""bps_url"": ""https://www.bps.go.id/id/publication/2023/05/16/ef80bec78ab91cb5b703b943/indeks-pembangunan-manusia-2022.html"", ""rerank_score"": -0.009825675748288631}]",{},2.532663973000126,2.7821128200000658,"{""total_duration"": 2780064234, ""load_duration"": 2153658, ""prompt_eval_count"": 2063, ""prompt_eval_duration"": 827902000, ""eval_count"": 81, ""eval_duration"": 1562216000}",15.40125758499994,ok,,85edb411a3706843a8043481e3d814b59ae4ba89dd02accf4a0c122fc94c22f2,False,1.0,ok,0.6554879407930158,ok,1.0,ok
Q012,3_variasi_gaya_bahasa,akademik,"Berdasarkan publikasi BPS antaredisi, bagaimana perkembangan IPM Indonesia dan apa kecenderungan umumnya?",S2_I01,STYLE-IPM-TREND,akademik,,,style_variation,,,deepseek-flash,,deepseek-flash,[],"[1] Statistik Pemuda Indonesia 2024 | sec_071
memanfaatkan peluang dengan baik. Antisipasi tersebut dapat dilakukan melalui pemantauan perkembangan pembangunan pemuda secara intensif dengan pengukuran capaian pembangunan pemuda setiap tahunnya. Pemantauan perkembangan pembangunan pemuda hanya dapat dilakukan jika data kepemudaan untuk pembangunan tersedia secara komprehensif. Optimalisasi pembangunan kepemudaan dapat dilakukan pada dasarnya dengan memastikan data dan informasi yang riil dan mencerminkan dinamika kinerja pembangunan pemuda tersedia.
Untuk memetakan situasi dan kondisi terkini, serta mendukung perencanaan dan evaluasi kebijakan dan program kepemudaan, diperlukan data dan informasi terkait pemuda di Indonesia, baik pada tingkat nasional maupun regional. Untuk menyikapi kondisi tersebut, BPS menyusun data dan informasi terkait pemuda dan mengemasnya menjadi suatu bentuk buku publikasi “Statistik Pemuda Indonesia 2024”. Publikasi ini memuat informasi pemuda yang dilihat dari berbagai aspek, seperti demografi, pendidikan, kesehatan, ketenagakerjaan, sosial ekonomi, dan kesehatan reproduksi serta programprogram untuk pemuda Indonesia yang sudah dijalankan oleh pemerintah. Secara keseluruhan, publikasi ini menyajikan data dan informasi tentang pemuda yang dapat dimanfaatkan sebagai bahan perencanaan, monitoring, dan evaluasi kebijakan maupun program pembangunan di bidang kepemudaan.

[2] Indeks Pembangunan Manusia 2022 | sec_017
1.3.2 Perkembangan Pengukuran Pembangunan Manusia
Konsep dan definisi pembangunan manusia telah termuat dalam laporan UNDP tahun 1990. Dalam laporan tersebut, pengukuran pembangunan manusia dijelaskan secara detail yang berbentuk IPM. Mulai tahun 1990, IPM dirilis dalam bentuk publikasi berkala/ tahunan yang menjelaskan bagaimana masyarakat dapat memperoleh manfaat dari hasil pembangunan dalam aspek penghasilan, kesehatan, pendidikan, dan aspek lainnya. Layaknya manusia yang selalu berkembang, begitu pula pengukuran IPM mengalami penyempurnaan dari waktu ke waktu. Telah terjadi lima kali penyempurnaan terhadap IPM sejak tahun 1990. Penyempurnaan signifikan terjadi pada tahun 2010 yang utamanya terkait indikator-indikator penyusun IPM, sedangkan tahun 2014 terjadi perubahan metode penghitungan. Jika digambarkan, penyempurnaan pengukuran IPM dapat diamati melalui Gambar 1.1 berikut. Gambar 1.1 Perkembangan Metodologi IPM oleh UNDP Launching Penyempurnaan Penyempurnaan Komponen IPM: UHH, Mengganti Mengganti tahun AMH, PDB per kapita Komponen IPM dasar PNB per kapita menjadi : UHH, AMH, dari tahun dasar Metode Agregasi: APK Gabungan, PDB 2008 menjadi 2005 rata-rata aritmetik per kapita 1990 1991 1995 2010 2011 2014 Penyempurnaan Perubahan Metodologi Penyempurnaan Mengganti Komponen IPM: UHH,HLS, Mengganti tahun dasar PNB per Komponen IPM RLS, PNB per kapita kapita dari tahun 2005 menjadi tahun 2011 menjadi: UHH, AMH, RLS, PDB per kapita Metode Agregasi: rata- Merubah metode agregasi indeks rata geometrik pendidikan dari rata-rata geometrik menjadi rata-rata aritmetik
Sumber: Badan Pusat Statistik

[3] Indeks Pembangunan Manusia 2023 | sec_019
INDEKS PEMBANGUNAN MANUSIA 2023
terpenuhi maka banyak peluang dalam aspek kehidupan manusia lainnya yang tidak kunjung terbuka. Berangkat dari konsep dasar tersebut, UNDP menyusun sebuah indeks sebagai ukuran dari capaian pembangunan manusia. Indeks komposit yang mengukur pembangunan manusia dijelaskan dan diperkenalkan sebagai Indeks Pembangunan Manusia (IPM) atau Human Development Index (HDI). UNDP pertama kali memperkenalkan IPM pada tahun 1990 melalui publikasi “ Human Development Report 1990 ”.
Sejak saat itu, UNDP menghitung IPM dan merilisnya dalam publikasi dengan judul yang sama setiap tahunnya untuk menjelaskan bagaimana masyarakat dapat memperoleh manfaat dari hasil pembangunan dalam aspek penghasilan, kesehatan, pendidikan, dan aspek lainnya. Seiring dengan perkembangan peradaban manusia dari zaman ke zaman, pengukuran IPM pun terus diupayakan penyempurnaan dari waktu ke waktu. Hingga saat ini tercatat sudah terjadi lima kali perubahan untuk perbaikan terhadap penghitungan IPM sejak pertama kali dirilis tahun 1990. Perubahan paling signifikan terjadi pada tahun 2010, dimana UNDP mengadopsi sejumlah indikator baru penyusun IPM. Sementara, pada tahun 2014, UNDP sedikit melakukan modifikasi pada metode penghitungan IPM. Gambar 1.2 di bawah ini menampilkan secara kronologis, sejarah penghitungan IPM yang dilakukan oleh UNDP dari waktu ke waktu.

[4] Profil Anak Usia Dini 2024 | sec_088
(BPS) telah menyusun suatu ukuran berupa Indeks Perlindungan Anak (IPA), Indeks Pemenuhan Hak Anak (IPHA), dan Indeks Perlindungan Khusus Anak (IPKA) untuk mengukur capaian upaya perlindungan anak yang telah dilakukan. Melalui publikasi Indeks Perlindungan Anak Tahun 2022 dapat dilihat bahwa capaian IPA di tahun 2022 meningkat menjadi 63,30, dari 61,38 pada tahun 2021. Sejalan dengan capaian IPA, pada tahun 2022 capaian IPHA yang menggambarkan tingkat realisasi pemenuhan hak anak sebesar 60,33. Sementara itu, IPKA pada tahun 2022 memiliki capaian sebesar 79,39. Sayangnya, ketiga capaian IPA, IPHA, dan IPKA belum dapat melampaui target RPJMN yang telah ditetapkan pada tahun 2022 (Kementerian Pemberdayaan Perempuan dan Perlindungan Anak 2022, 45).

[5] Indeks Pembangunan Manusia 2024 | sec_025
2.2 Capaian Pembangunan Manusia di Tingkat Nasional
Pengukuran Capaian Pembangunan Manusia di Indonesia menghasilkan IPM (Indeks Pembangunan Manusia). IPM di Indonesia merupakan salah satu indikator utama dalam Rencana Pembangunan Jangka Menengah Nasional (RPJMN) 2019–2024, yang dijadikan sebagai tolok ukur dalam mengukur keberhasilan pembangunan manusia di berbagai aspek fundamental. Pemerintah Indonesia menargetkan IPM sebesar 75,54 pada tahun 2024 sebagai bagian dari strategi pembangunan nasional yang berfokus pada peningkatan kualitas hidup masyarakat.
Pada tahun 2024, IPM Indonesia berhasil mencapai angka 75,02 yang berada pada kategori tinggi. Selain itu, pertumbuhan IPM Indonesia mencapai laju pertumbuhan tertinggi dalam lima tahun terakhir, yakni sebesar 0,85 persen selama periode 2020–2024. Jika dirata-ratakan, pertumbuhan IPM Indonesia dalam periode 2020–2024 mencapai sekitar 0,75 persen per tahun. Percepatan kenaikan IPM 2024 salah satunya didorong oleh dimensi standar hidup layak yang diwakilkan oleh pengeluaran rill per kapita yang disesuaikan mengalami pertumbuhan sebesar 3,71 persen dari 2023 ke 2024. Selain itu, dimensi umur panjang dan hidup sehat serta dimensi pengetahuan juga mengalami peningkatan dibandingkan tahun sebelumnya. 75,02 74,39 73,77 73,16 72,81 0,83 0,84 0,85 0,48 2020 2021 2022 2023 2024 Indeks Pembangunan Manusia (IPM) Pertumbuhan IPM (%)
Sumber: Badan Pusat Statistik, Penyusunan Indeks Pembangunan Manusia, 2024
Gambar 2.8 Indeks Pembangunan Manusia Indonesia, 2020–2024","[""memanfaatkan peluang dengan baik. Antisipasi tersebut dapat dilakukan melalui pemantauan perkembangan pembangunan pemuda secara intensif dengan pengukuran capaian pembangunan pemuda setiap tahunnya. Pemantauan perkembangan pembangunan pemuda hanya dapat dilakukan jika data kepemudaan untuk pembangunan tersedia secara komprehensif. Optimalisasi pembangunan kepemudaan dapat dilakukan pada dasarnya dengan memastikan data dan informasi yang riil dan mencerminkan dinamika kinerja pembangunan pemuda tersedia.\nUntuk memetakan situasi dan kondisi terkini, serta mendukung perencanaan dan evaluasi kebijakan dan program kepemudaan, diperlukan data dan informasi terkait pemuda di Indonesia, baik pada tingkat nasional maupun regional. Untuk menyikapi kondisi tersebut, BPS menyusun data dan informasi terkait pemuda dan mengemasnya menjadi suatu bentuk buku publikasi “Statistik Pemuda Indonesia 2024”. Publikasi ini memuat informasi pemuda yang dilihat dari berbagai aspek, seperti demografi, pendidikan, kesehatan, ketenagakerjaan, sosial ekonomi, dan kesehatan reproduksi serta programprogram untuk pemuda Indonesia yang sudah dijalankan oleh pemerintah. Secara keseluruhan, publikasi ini menyajikan data dan informasi tentang pemuda yang dapat dimanfaatkan sebagai bahan perencanaan, monitoring, dan evaluasi kebijakan maupun program pembangunan di bidang kepemudaan."", ""1.3.2 Perkembangan Pengukuran Pembangunan Manusia\nKonsep dan definisi pembangunan manusia telah termuat dalam laporan UNDP tahun 1990. Dalam laporan tersebut, pengukuran pembangunan manusia dijelaskan secara detail yang berbentuk IPM. Mulai tahun 1990, IPM dirilis dalam bentuk publikasi berkala/ tahunan yang menjelaskan bagaimana masyarakat dapat memperoleh manfaat dari hasil pembangunan dalam aspek penghasilan, kesehatan, pendidikan, dan aspek lainnya. Layaknya manusia yang selalu berkembang, begitu pula pengukuran IPM mengalami penyempurnaan dari waktu ke waktu. Telah terjadi lima kali penyempurnaan terhadap IPM sejak tahun 1990. Penyempurnaan signifikan terjadi pada tahun 2010 yang utamanya terkait indikator-indikator penyusun IPM, sedangkan tahun 2014 terjadi perubahan metode penghitungan. Jika digambarkan, penyempurnaan pengukuran IPM dapat diamati melalui Gambar 1.1 berikut. Gambar 1.1 Perkembangan Metodologi IPM oleh UNDP Launching Penyempurnaan Penyempurnaan Komponen IPM: UHH, Mengganti Mengganti tahun AMH, PDB per kapita Komponen IPM dasar PNB per kapita menjadi : UHH, AMH, dari tahun dasar Metode Agregasi: APK Gabungan, PDB 2008 menjadi 2005 rata-rata aritmetik per kapita 1990 1991 1995 2010 2011 2014 Penyempurnaan Perubahan Metodologi Penyempurnaan Mengganti Komponen IPM: UHH,HLS, Mengganti tahun dasar PNB per Komponen IPM RLS, PNB per kapita kapita dari tahun 2005 menjadi tahun 2011 menjadi: UHH, AMH, RLS, PDB per kapita Metode Agregasi: rata- Merubah metode agregasi indeks rata geometrik pendidikan dari rata-rata geometrik menjadi rata-rata aritmetik\nSumber: Badan Pusat Statistik"", ""INDEKS PEMBANGUNAN MANUSIA 2023\nterpenuhi maka banyak peluang dalam aspek kehidupan manusia lainnya yang tidak kunjung terbuka. Berangkat dari konsep dasar tersebut, UNDP menyusun sebuah indeks sebagai ukuran dari capaian pembangunan manusia. Indeks komposit yang mengukur pembangunan manusia dijelaskan dan diperkenalkan sebagai Indeks Pembangunan Manusia (IPM) atau Human Development Index (HDI). UNDP pertama kali memperkenalkan IPM pada tahun 1990 melalui publikasi “ Human Development Report 1990 ”.\nSejak saat itu, UNDP menghitung IPM dan merilisnya dalam publikasi dengan judul yang sama setiap tahunnya untuk menjelaskan bagaimana masyarakat dapat memperoleh manfaat dari hasil pembangunan dalam aspek penghasilan, kesehatan, pendidikan, dan aspek lainnya. Seiring dengan perkembangan peradaban manusia dari zaman ke zaman, pengukuran IPM pun terus diupayakan penyempurnaan dari waktu ke waktu. Hingga saat ini tercatat sudah terjadi lima kali perubahan untuk perbaikan terhadap penghitungan IPM sejak pertama kali dirilis tahun 1990. Perubahan paling signifikan terjadi pada tahun 2010, dimana UNDP mengadopsi sejumlah indikator baru penyusun IPM. Sementara, pada tahun 2014, UNDP sedikit melakukan modifikasi pada metode penghitungan IPM. Gambar 1.2 di bawah ini menampilkan secara kronologis, sejarah penghitungan IPM yang dilakukan oleh UNDP dari waktu ke waktu."", ""(BPS) telah menyusun suatu ukuran berupa Indeks Perlindungan Anak (IPA), Indeks Pemenuhan Hak Anak (IPHA), dan Indeks Perlindungan Khusus Anak (IPKA) untuk mengukur capaian upaya perlindungan anak yang telah dilakukan. Melalui publikasi Indeks Perlindungan Anak Tahun 2022 dapat dilihat bahwa capaian IPA di tahun 2022 meningkat menjadi 63,30, dari 61,38 pada tahun 2021. Sejalan dengan capaian IPA, pada tahun 2022 capaian IPHA yang menggambarkan tingkat realisasi pemenuhan hak anak sebesar 60,33. Sementara itu, IPKA pada tahun 2022 memiliki capaian sebesar 79,39. Sayangnya, ketiga capaian IPA, IPHA, dan IPKA belum dapat melampaui target RPJMN yang telah ditetapkan pada tahun 2022 (Kementerian Pemberdayaan Perempuan dan Perlindungan Anak 2022, 45)."", ""2.2 Capaian Pembangunan Manusia di Tingkat Nasional\nPengukuran Capaian Pembangunan Manusia di Indonesia menghasilkan IPM (Indeks Pembangunan Manusia). IPM di Indonesia merupakan salah satu indikator utama dalam Rencana Pembangunan Jangka Menengah Nasional (RPJMN) 2019–2024, yang dijadikan sebagai tolok ukur dalam mengukur keberhasilan pembangunan manusia di berbagai aspek fundamental. Pemerintah Indonesia menargetkan IPM sebesar 75,54 pada tahun 2024 sebagai bagian dari strategi pembangunan nasional yang berfokus pada peningkatan kualitas hidup masyarakat.\nPada tahun 2024, IPM Indonesia berhasil mencapai angka 75,02 yang berada pada kategori tinggi. Selain itu, pertumbuhan IPM Indonesia mencapai laju pertumbuhan tertinggi dalam lima tahun terakhir, yakni sebesar 0,85 persen selama periode 2020–2024. Jika dirata-ratakan, pertumbuhan IPM Indonesia dalam periode 2020–2024 mencapai sekitar 0,75 persen per tahun. Percepatan kenaikan IPM 2024 salah satunya didorong oleh dimensi standar hidup layak yang diwakilkan oleh pengeluaran rill per kapita yang disesuaikan mengalami pertumbuhan sebesar 3,71 persen dari 2023 ke 2024. Selain itu, dimensi umur panjang dan hidup sehat serta dimensi pengetahuan juga mengalami peningkatan dibandingkan tahun sebelumnya. 75,02 74,39 73,77 73,16 72,81 0,83 0,84 0,85 0,48 2020 2021 2022 2023 2024 Indeks Pembangunan Manusia (IPM) Pertumbuhan IPM (%)\nSumber: Badan Pusat Statistik, Penyusunan Indeks Pembangunan Manusia, 2024\nGambar 2.8 Indeks Pembangunan Manusia Indonesia, 2020–2024""]","[{""chunk_id"": ""statistik-pemuda-indonesia-2024__sec_071__c002"", ""faiss_id"": 18411, ""document_title"": ""Statistik Pemuda Indonesia 2024"", ""section_id"": ""sec_071"", ""page_start"": 62, ""page_end"": 64, ""bps_url"": ""https://www.bps.go.id/id/publication/2024/12/31/b2dbaac4542352cea8794590/statistik-pemuda-indonesia-2024.html"", ""rerank_score"": 1.8928260803222656}, {""chunk_id"": ""indeks-pembangunan-manusia-2022__sec_017__c001"", ""faiss_id"": 391, ""document_title"": ""Indeks Pembangunan Manusia 2022"", ""section_id"": ""sec_017"", ""page_start"": 24, ""page_end"": null, ""bps_url"": ""https://www.bps.go.id/id/publication/2023/05/16/ef80bec78ab91cb5b703b943/indeks-pembangunan-manusia-2022.html"", ""rerank_score"": 0.9670749306678772}, {""chunk_id"": ""indeks-pembangunan-manusia-2023__sec_019__c002"", ""faiss_id"": 680, ""document_title"": ""Indeks Pembangunan Manusia 2023"", ""section_id"": ""sec_019"", ""page_start"": 35, ""page_end"": 36, ""bps_url"": ""https://www.bps.go.id/id/publication/2024/05/13/8f77e73a66a6f484c655985a/indeks-pembangunan-manusia-2023.html"", ""rerank_score"": 0.26666224002838135}, {""chunk_id"": ""profil-anak-usia-dini-2024__sec_088__c004"", ""faiss_id"": 5106, ""document_title"": ""Profil Anak Usia Dini 2024"", ""section_id"": ""sec_088"", ""page_start"": 197, ""page_end"": 200, ""bps_url"": ""https://www.bps.go.id/id/publication/2024/12/13/744350b0873dcb98dfeab38c/profil-anak-usia-dini-2024.html"", ""rerank_score"": -0.13973841071128845}, {""chunk_id"": ""indeks-pembangunan-manusia-2024__sec_025__c001"", ""faiss_id"": 974, ""document_title"": ""Indeks Pembangunan Manusia 2024"", ""section_id"": ""sec_025"", ""page_start"": 50, ""page_end"": null, ""bps_url"": ""https://www.bps.go.id/id/publication/2025/05/15/dd9a3ce7dfae1c733e46338f/indeks-pembangunan-manusia-2024.html"", ""rerank_score"": -0.20419399440288544}]",{},2.9372563609999816,2.860713455999985,"{""prompt_tokens"": 2152, ""completion_tokens"": 512, ""total_tokens"": 2664, ""prompt_tokens_details"": {""cached_tokens"": 1920}, ""completion_tokens_details"": {""reasoning_tokens"": 512}, ""prompt_cache_hit_tokens"": 1920, ""prompt_cache_miss_tokens"": 232}",9.120786307000117,ok,,85edb411a3706843a8043481e3d814b59ae4ba89dd02accf4a0c122fc94c22f2,False,,empty_answer,,empty_answer,,empty_answer
Q013,4_di_luar_konteks,far_domain,Siapa juara Piala Dunia 2022?,S4_O01,,clean,,,out_of_context,far_domain,,llama3.2-finetuned,"Tidak, saya tidak menemukan informasi tentang juara Piala Dunia 2022 dalam dokumen yang tersedia.",llama3.2-finetuned,"[""Argentina""]",,[],[],{},2.1141526460000932,0.7424930619999941,"{""total_duration"": 740157114, ""load_duration"": 2202361, ""prompt_eval_count"": 351, ""prompt_eval_duration"": 231125000, ""eval_count"": 29, ""eval_duration"": 470566000}",2.856689537999955,ok,,85edb411a3706843a8043481e3d814b59ae4ba89dd02accf4a0c122fc94c22f2,False,,empty_retrieval,0.0,ok,,empty_retrieval
Q013,4_di_luar_konteks,far_domain,Siapa juara Piala Dunia 2022?,S4_O01,,clean,,,out_of_context,far_domain,,gemma2-finetuned,Teks tidak memuat informasi tentang juara Piala Dunia 2022.,gemma2-finetuned,"[""Juara Piala Dunia 2022 adalah Argentina.""]",,[],[],{},2.5170052109999688,0.3982148170000528,"{""total_duration"": 395937018, ""load_duration"": 1592659, ""prompt_eval_count"": 234, ""prompt_eval_duration"": 112326000, ""eval_count"": 16, ""eval_duration"": 259990000}",2.9152570410001317,ok,,85edb411a3706843a8043481e3d814b59ae4ba89dd02accf4a0c122fc94c22f2,False,,empty_retrieval,0.0,ok,,empty_retrieval
Q013,4_di_luar_konteks,far_domain,Siapa juara Piala Dunia 2022?,S4_O01,,clean,,,out_of_context,far_domain,,deepseek-flash,Saya tidak memiliki informasi tersebut dalam dokumen yang tersedia.,deepseek-flash,[],,[],[],{},2.9785436390000086,1.5123684029999822,"{""prompt_tokens"": 317, ""completion_tokens"": 119, ""total_tokens"": 436, ""prompt_tokens_details"": {""cached_tokens"": 128}, ""completion_tokens_details"": {""reasoning_tokens"": 105}, ""prompt_cache_hit_tokens"": 128, ""prompt_cache_miss_tokens"": 189}",4.490956724999933,ok,,85edb411a3706843a8043481e3d814b59ae4ba89dd02accf4a0c122fc94c22f2,False,,empty_retrieval,0.0,ok,,empty_retrieval
Q014,4_di_luar_konteks,far_domain,Bagaimana cara memasak rendang?,S4_O02,,clean,,,out_of_context,far_domain,,llama3.2-finetuned,"Tidak, saya tidak menemukan informasi yang cukup dalam dokumen tersebut untuk menjelaskan cara memasak rendang.",llama3.2-finetuned,"[""Rendang adalah hidangan berbasis daging yang dibuat dengan kuah santan, dan cara memasaknya melibatkan beberapa langkah utama.""]",,[],[],{},2.5759173349999855,0.5963196800000787,"{""total_duration"": 594098141, ""load_duration"": 1511856, ""prompt_eval_count"": 348, ""prompt_eval_duration"": 45316000, ""eval_count"": 29, ""eval_duration"": 496006000}",3.1722686410000733,ok,,85edb411a3706843a8043481e3d814b59ae4ba89dd02accf4a0c122fc94c22f2,False,,empty_retrieval,0.0,ok,,empty_retrieval
Q014,4_di_luar_konteks,far_domain,Bagaimana cara memasak rendang?,S4_O02,,clean,,,out_of_context,far_domain,,gemma2-finetuned,Teks tidak memuat informasi tentang cara memasak rendang.,gemma2-finetuned,"[""Cara memasak rendang, termasuk bahan dan prosesnya.""]",,[],[],{},2.2325630840000485,0.37968580100005056,"{""total_duration"": 377502665, ""load_duration"": 2083102, ""prompt_eval_count"": 230, ""prompt_eval_duration"": 144607000, ""eval_count"": 12, ""eval_duration"": 200030000}",2.612284905000024,ok,,85edb411a3706843a8043481e3d814b59ae4ba89dd02accf4a0c122fc94c22f2,False,,empty_retrieval,0.0,ok,,empty_retrieval
Q014,4_di_luar_konteks,far_domain,Bagaimana cara memasak rendang?,S4_O02,,clean,,,out_of_context,far_domain,,deepseek-flash,"Saya tidak memiliki informasi tersebut dalam dokumen yang tersedia. Pertanyaan tentang cara memasak rendang tidak termasuk dalam konteks publikasi statistik BPS yang tersedia, sehingga saya tidak dapat menjawabnya.",deepseek-flash,[],,[],[],{},2.9201202029998967,1.2280942259999392,"{""prompt_tokens"": 312, ""completion_tokens"": 177, ""total_tokens"": 489, ""prompt_tokens_details"": {""cached_tokens"": 128}, ""completion_tokens_details"": {""reasoning_tokens"": 130}, ""prompt_cache_hit_tokens"": 128, ""prompt_cache_miss_tokens"": 184}",4.1482511669998985,ok,,85edb411a3706843a8043481e3d814b59ae4ba89dd02accf4a0c122fc94c22f2,False,,empty_retrieval,0.0,ok,,empty_retrieval
Q015,4_di_luar_konteks,current_external,Berapa harga saham Apple hari ini?,S4_O03,,clean,,,out_of_context,current_external,,llama3.2-finetuned,"Tidak, saya tidak dapat menjawab pertanyaan tersebut karena informasi harga saham Apple tidak terdapat dalam dokumen yang tersedia.",llama3.2-finetuned,"[""Data harga saham Apple tidak tersedia secara real-time.""]",,[],[],{},2.0934610399999656,0.6597102970001743,"{""total_duration"": 657560956, ""load_duration"": 1517519, ""prompt_eval_count"": 347, ""prompt_eval_duration"": 44442000, ""eval_count"": 32, ""eval_duration"": 563832000}",2.7532056750001175,ok,,85edb411a3706843a8043481e3d814b59ae4ba89dd02accf4a0c122fc94c22f2,False,,empty_retrieval,0.0,ok,,empty_retrieval
Q015,4_di_luar_konteks,current_external,Berapa harga saham Apple hari ini?,S4_O03,,clean,,,out_of_context,current_external,,gemma2-finetuned,Teks tidak memuat informasi harga saham Apple.,gemma2-finetuned,"[""Data harga saham Apple pada hari ini.""]",,[],[],{},2.117111188000081,0.2856232789999922,"{""total_duration"": 283441994, ""load_duration"": 1710322, ""prompt_eval_count"": 232, ""prompt_eval_duration"": 107165000, ""eval_count"": 10, ""eval_duration"": 144484000}",2.4027757869998823,ok,,85edb411a3706843a8043481e3d814b59ae4ba89dd02accf4a0c122fc94c22f2,False,,empty_retrieval,0.0,ok,,empty_retrieval
Q015,4_di_luar_konteks,current_external,Berapa harga saham Apple hari ini?,S4_O03,,clean,,,out_of_context,current_external,,deepseek-flash,Saya tidak memiliki informasi tersebut dalam dokumen yang tersedia. Konteks yang diberikan tidak memuat data harga saham Apple.,deepseek-flash,[],,[],[],{},2.879644881999866,1.574855456000023,"{""prompt_tokens"": 313, ""completion_tokens"": 130, ""total_tokens"": 443, ""prompt_tokens_details"": {""cached_tokens"": 128}, ""completion_tokens_details"": {""reasoning_tokens"": 102}, ""prompt_cache_hit_tokens"": 128, ""prompt_cache_miss_tokens"": 185}",4.454550902999927,ok,,85edb411a3706843a8043481e3d814b59ae4ba89dd02accf4a0c122fc94c22f2,False,,empty_retrieval,0.0,ok,,empty_retrieval
Q016,4_di_luar_konteks,future_bps_period,Berapa nilai IPM Indonesia pada tahun 2030 menurut realisasi resmi BPS?,S4_O04,,clean,,,out_of_context,future_bps_period,,llama3.2-finetuned,"Teks tidak menyatakan nilai IPM Indonesia pada tahun 2030 secara eksplisit. Karena itu, tidak tersedia informasi tersebut dalam dokumen yang tersedia.",llama3.2-finetuned,"[""Data IPM Indonesia tahun 2030 menurut realisasi resmi BPS.""]","[1] Indeks Pembangunan Manusia 2023 | sec_025
2.1 Pembangunan Manusia Indonesia 2023
Indeks Pembangunan Manusia (IPM) Indonesia sudah tergolong berstatus tinggi (di atas 70) sejak 2016 dan terus mengalami peningkatan yang konsisten sejak tahun 2020 hingga 2023. Dimulai dengan nilai 72,81 pada tahun 2020 yang meningkat ke 73,16 pada tahun 2021 dan terus meningkat menjadi 73,77 pada tahun 2022, hingga akhirnya IPM Indonesia mencapai 74,39 pada tahun 2023. Kenaikan IPM juga terus mengalami percepatan setiap tahun, dimulai dari 0,48 persen dari 2020 ke 2021, meningkat menjadi 0,83 persen dari 2021 ke 2022, dan mengalami peningkatan tercepat dari 2022 ke 2023 dengan pertumbuhan 0,84 persen. Secara rata-rata, pertumbuhan IPM Indonesia 20202023 adalah sebesar 0,72 persen per tahun. Rata-rata pertumbuhan: 0,72% 7439 2,77 23,16 72,81 2020 2021 2022 2023 fmm Indeks Pembangunan Manusia (IPM) ~~==@=—P~~ ertumbuhan IPM (%) Sumber: Badan Pusat Statistik Gambar 2.1 Indeks Pembangunan Manusia Indonesia, 2020–2023
Percepatan kenaikan IPM 2023 salah satunya didorong oleh dimensi standar hidup layak yang diwakili oleh pengeluaran riil per kapita yang disesuaikan yang mengalami pertumbuhan sebesar 3,66 persen dari 2022 ke 2023. Selain itu, dimensi umur panjang dan hidup sehat serta dimensi pengetahuan juga mengalami peningkatan dibandingkan tahun sebelumnya.
19

INDEKS PEMBANGUNAN MANUSIA 2023

[2] Indeks Pembangunan Manusia 2023 | sec_009
Ringkasan
Indeks Pembangunan Manusia (IPM) Indonesia tahun 2023 mencapai 74,39, meningkat 0,62 poin (0,84 persen) dibandingkan tahun sebelumnya (73,77). IPM 2023 tumbuh lebih cepat dibandingkan tahun sebelumnya. Seluruh dimensi pembentuk IPM meningkat, terutama standar hidup layak dan pengetahuan.

[3] Indeks Pembangunan Manusia 2024 | sec_025
2.2 Capaian Pembangunan Manusia di Tingkat Nasional
Pengukuran Capaian Pembangunan Manusia di Indonesia menghasilkan IPM (Indeks Pembangunan Manusia). IPM di Indonesia merupakan salah satu indikator utama dalam Rencana Pembangunan Jangka Menengah Nasional (RPJMN) 2019–2024, yang dijadikan sebagai tolok ukur dalam mengukur keberhasilan pembangunan manusia di berbagai aspek fundamental. Pemerintah Indonesia menargetkan IPM sebesar 75,54 pada tahun 2024 sebagai bagian dari strategi pembangunan nasional yang berfokus pada peningkatan kualitas hidup masyarakat.
Pada tahun 2024, IPM Indonesia berhasil mencapai angka 75,02 yang berada pada kategori tinggi. Selain itu, pertumbuhan IPM Indonesia mencapai laju pertumbuhan tertinggi dalam lima tahun terakhir, yakni sebesar 0,85 persen selama periode 2020–2024. Jika dirata-ratakan, pertumbuhan IPM Indonesia dalam periode 2020–2024 mencapai sekitar 0,75 persen per tahun. Percepatan kenaikan IPM 2024 salah satunya didorong oleh dimensi standar hidup layak yang diwakilkan oleh pengeluaran rill per kapita yang disesuaikan mengalami pertumbuhan sebesar 3,71 persen dari 2023 ke 2024. Selain itu, dimensi umur panjang dan hidup sehat serta dimensi pengetahuan juga mengalami peningkatan dibandingkan tahun sebelumnya. 75,02 74,39 73,77 73,16 72,81 0,83 0,84 0,85 0,48 2020 2021 2022 2023 2024 Indeks Pembangunan Manusia (IPM) Pertumbuhan IPM (%)
Sumber: Badan Pusat Statistik, Penyusunan Indeks Pembangunan Manusia, 2024
Gambar 2.8 Indeks Pembangunan Manusia Indonesia, 2020–2024

[4] Indeks Pembangunan Manusia 2023 | sec_112
Lampiran 3 Perkembangan Indeks Pembangunan Manusia (IPM) menurut Provinsi, 2020–2023
Provinsi 2020 2021 2022 2023 (1) (2) (3) (4) (5) Aceh 73,29 73,48 74,11 74,70 Sumatera Utara 73,62 73,84 74,51 75,13 Sumatera Barat 74,29 74,56 75,16 75,64 Riau 73,67 73,89 74,45 74,95 Jambi 72,29 72,62 73,11 73,73 Sumatera Selatan 71,62 71,83 72,48 73,18 Bengkulu 72,93 73,16 73,68 74,30 Lampung 71,04 71,25 71,79 72,48 Kepulauan Bangka Belitung 72,74 72,96 73,50 74,09 Kepulauan Riau 77,69 77,87 78,48 79,08 DKI Jakarta 81,92 82,25 82,77 83,55 Jawa Barat 72,61 72,96 73,63 74,24 Jawa Tengah 71,88 72,17 72,80 73,39 D.I. Yogyakarta 79,95 80,22 80,65 81,09 Jawa Timur 73,04 73,48 74,05 74,65 Banten 74,41 74,68 75,25 75,77 Bali 76,52 76,69 77,40 78,01 Nusa Tenggara Barat 70,46 70,86 71,65 72,37 Nusa Tenggara Timur 66,93 67,02 67,63 68,40 Kalimantan Barat 68,76 68,99 69,71 70,47 Kalimantan Tengah 72,62 72,81 73,17 73,73 Kalimantan Selatan 73,09 73,45 74,00 74,66 Kalimantan Timur 75,94 76,60 77,36 78,20 Kalimantan Utara 71,00 71,57 72,21 72,88 Sulawesi Utara 73,67 74,03 74,52 75,04 Sulawesi Tengah 70,31 70,54 71,01 71,66 Sulawesi Selatan 73,08 73,38 73,96 74,60 Sulawesi Tenggara 71,61 71,82 72,38 72,94 Gorontalo 69,51 69,82 70,62 71,25 Sulawesi Barat 68,40 68,64 69,19 69,80 Maluku 71,34 71,55 72,04 72,75 Maluku Utara 69,30 69,56 70,26 70,98 Papua Barat 65,94 66,11 66,72 67,47 Papua 61,22 61,40 62,16 63,01 INDONESIA 72,81 73,16 73,77 74,39
Catatan: IPM dihitung menggunakan UHH hasil LF SP2020 Sumber: Badan Pusat Statistik
154

[5] Indeks Pembangunan Manusia 2024 | sec_055
Indonesia
Tabel 5.1 Capaian Indikator Komponen Penyusun IPM Indonesia, 2024
Indeks UHH IPM Indonesia, 2024 0,833 Rata- rata Indikator Capaian Pertumbuhan [1)] 0,766 2022–2024 (%) Indeks Pengeluaran Riilper Kapita per Tahun Indeks HLS (1) (2) (3) yang Disesuaikan 0,734 Umur Harapan Hidup saat Lahir (UHH) 74,15 tahun 0,30 0,590 Harapan Lama Sekolah (HLS) 13,21 tahun 0,42 Rata-rata Lama Sekolah (RLS) 8,85 tahun 0,92 Indeks RLS Pengeluaran Riil per Kapita per Tahun Rp12.341 yang Disesuaikan ribu 3,69 Gambar 5.1 Indeks Indikator Komponen Catatan: 1) Dihitung berdasarkan rata-rata ukur (geometrik) IPM Indonesia, 2024
73,77 74,39 75,02 0,85 ee 0,84 2022 2023 2024 2023 2024 Gambar 5.2 Perkembangan IPM Indonesia, Gambar 5.3 Pertumbuhan IPM Indonesia, 2022–2024 2023 dan 2024 82,77 83,55 84,15 2 Sangat Tinggi 2024 2 72,96 73,73 74,08 2022 30 52,69 53,45 54,43 Tinggi 28 30,08 30,10 29,72 5 Sedang 6 1 Rendah 2 2022 2023 2024 Selisih Maks-Min Maks Min Med Gambar 5.5 Jumlah Provinsi di Indonesia Gambar 5.4 Disparitas dan Capaian IPM Provinsi Menurut Status IPM, 2022 dan 2024 Tertinggi dan Terendah di Indonesia, 2022–2024
70

Profil Pembangunan Manusia Nasional Dan Provinsi","[""2.1 Pembangunan Manusia Indonesia 2023\nIndeks Pembangunan Manusia (IPM) Indonesia sudah tergolong berstatus tinggi (di atas 70) sejak 2016 dan terus mengalami peningkatan yang konsisten sejak tahun 2020 hingga 2023. Dimulai dengan nilai 72,81 pada tahun 2020 yang meningkat ke 73,16 pada tahun 2021 dan terus meningkat menjadi 73,77 pada tahun 2022, hingga akhirnya IPM Indonesia mencapai 74,39 pada tahun 2023. Kenaikan IPM juga terus mengalami percepatan setiap tahun, dimulai dari 0,48 persen dari 2020 ke 2021, meningkat menjadi 0,83 persen dari 2021 ke 2022, dan mengalami peningkatan tercepat dari 2022 ke 2023 dengan pertumbuhan 0,84 persen. Secara rata-rata, pertumbuhan IPM Indonesia 20202023 adalah sebesar 0,72 persen per tahun. Rata-rata pertumbuhan: 0,72% 7439 2,77 23,16 72,81 2020 2021 2022 2023 fmm Indeks Pembangunan Manusia (IPM) ~~==@=—P~~ ertumbuhan IPM (%) Sumber: Badan Pusat Statistik Gambar 2.1 Indeks Pembangunan Manusia Indonesia, 2020–2023\nPercepatan kenaikan IPM 2023 salah satunya didorong oleh dimensi standar hidup layak yang diwakili oleh pengeluaran riil per kapita yang disesuaikan yang mengalami pertumbuhan sebesar 3,66 persen dari 2022 ke 2023. Selain itu, dimensi umur panjang dan hidup sehat serta dimensi pengetahuan juga mengalami peningkatan dibandingkan tahun sebelumnya.\n19\n\nINDEKS PEMBANGUNAN MANUSIA 2023"", ""Ringkasan\nIndeks Pembangunan Manusia (IPM) Indonesia tahun 2023 mencapai 74,39, meningkat 0,62 poin (0,84 persen) dibandingkan tahun sebelumnya (73,77). IPM 2023 tumbuh lebih cepat dibandingkan tahun sebelumnya. Seluruh dimensi pembentuk IPM meningkat, terutama standar hidup layak dan pengetahuan."", ""2.2 Capaian Pembangunan Manusia di Tingkat Nasional\nPengukuran Capaian Pembangunan Manusia di Indonesia menghasilkan IPM (Indeks Pembangunan Manusia). IPM di Indonesia merupakan salah satu indikator utama dalam Rencana Pembangunan Jangka Menengah Nasional (RPJMN) 2019–2024, yang dijadikan sebagai tolok ukur dalam mengukur keberhasilan pembangunan manusia di berbagai aspek fundamental. Pemerintah Indonesia menargetkan IPM sebesar 75,54 pada tahun 2024 sebagai bagian dari strategi pembangunan nasional yang berfokus pada peningkatan kualitas hidup masyarakat.\nPada tahun 2024, IPM Indonesia berhasil mencapai angka 75,02 yang berada pada kategori tinggi. Selain itu, pertumbuhan IPM Indonesia mencapai laju pertumbuhan tertinggi dalam lima tahun terakhir, yakni sebesar 0,85 persen selama periode 2020–2024. Jika dirata-ratakan, pertumbuhan IPM Indonesia dalam periode 2020–2024 mencapai sekitar 0,75 persen per tahun. Percepatan kenaikan IPM 2024 salah satunya didorong oleh dimensi standar hidup layak yang diwakilkan oleh pengeluaran rill per kapita yang disesuaikan mengalami pertumbuhan sebesar 3,71 persen dari 2023 ke 2024. Selain itu, dimensi umur panjang dan hidup sehat serta dimensi pengetahuan juga mengalami peningkatan dibandingkan tahun sebelumnya. 75,02 74,39 73,77 73,16 72,81 0,83 0,84 0,85 0,48 2020 2021 2022 2023 2024 Indeks Pembangunan Manusia (IPM) Pertumbuhan IPM (%)\nSumber: Badan Pusat Statistik, Penyusunan Indeks Pembangunan Manusia, 2024\nGambar 2.8 Indeks Pembangunan Manusia Indonesia, 2020–2024"", ""Lampiran 3 Perkembangan Indeks Pembangunan Manusia (IPM) menurut Provinsi, 2020–2023\nProvinsi 2020 2021 2022 2023 (1) (2) (3) (4) (5) Aceh 73,29 73,48 74,11 74,70 Sumatera Utara 73,62 73,84 74,51 75,13 Sumatera Barat 74,29 74,56 75,16 75,64 Riau 73,67 73,89 74,45 74,95 Jambi 72,29 72,62 73,11 73,73 Sumatera Selatan 71,62 71,83 72,48 73,18 Bengkulu 72,93 73,16 73,68 74,30 Lampung 71,04 71,25 71,79 72,48 Kepulauan Bangka Belitung 72,74 72,96 73,50 74,09 Kepulauan Riau 77,69 77,87 78,48 79,08 DKI Jakarta 81,92 82,25 82,77 83,55 Jawa Barat 72,61 72,96 73,63 74,24 Jawa Tengah 71,88 72,17 72,80 73,39 D.I. Yogyakarta 79,95 80,22 80,65 81,09 Jawa Timur 73,04 73,48 74,05 74,65 Banten 74,41 74,68 75,25 75,77 Bali 76,52 76,69 77,40 78,01 Nusa Tenggara Barat 70,46 70,86 71,65 72,37 Nusa Tenggara Timur 66,93 67,02 67,63 68,40 Kalimantan Barat 68,76 68,99 69,71 70,47 Kalimantan Tengah 72,62 72,81 73,17 73,73 Kalimantan Selatan 73,09 73,45 74,00 74,66 Kalimantan Timur 75,94 76,60 77,36 78,20 Kalimantan Utara 71,00 71,57 72,21 72,88 Sulawesi Utara 73,67 74,03 74,52 75,04 Sulawesi Tengah 70,31 70,54 71,01 71,66 Sulawesi Selatan 73,08 73,38 73,96 74,60 Sulawesi Tenggara 71,61 71,82 72,38 72,94 Gorontalo 69,51 69,82 70,62 71,25 Sulawesi Barat 68,40 68,64 69,19 69,80 Maluku 71,34 71,55 72,04 72,75 Maluku Utara 69,30 69,56 70,26 70,98 Papua Barat 65,94 66,11 66,72 67,47 Papua 61,22 61,40 62,16 63,01 INDONESIA 72,81 73,16 73,77 74,39\nCatatan: IPM dihitung menggunakan UHH hasil LF SP2020 Sumber: Badan Pusat Statistik\n154"", ""Indonesia\nTabel 5.1 Capaian Indikator Komponen Penyusun IPM Indonesia, 2024\nIndeks UHH IPM Indonesia, 2024 0,833 Rata- rata Indikator Capaian Pertumbuhan [1)] 0,766 2022–2024 (%) Indeks Pengeluaran Riilper Kapita per Tahun Indeks HLS (1) (2) (3) yang Disesuaikan 0,734 Umur Harapan Hidup saat Lahir (UHH) 74,15 tahun 0,30 0,590 Harapan Lama Sekolah (HLS) 13,21 tahun 0,42 Rata-rata Lama Sekolah (RLS) 8,85 tahun 0,92 Indeks RLS Pengeluaran Riil per Kapita per Tahun Rp12.341 yang Disesuaikan ribu 3,69 Gambar 5.1 Indeks Indikator Komponen Catatan: 1) Dihitung berdasarkan rata-rata ukur (geometrik) IPM Indonesia, 2024\n73,77 74,39 75,02 0,85 ee 0,84 2022 2023 2024 2023 2024 Gambar 5.2 Perkembangan IPM Indonesia, Gambar 5.3 Pertumbuhan IPM Indonesia, 2022–2024 2023 dan 2024 82,77 83,55 84,15 2 Sangat Tinggi 2024 2 72,96 73,73 74,08 2022 30 52,69 53,45 54,43 Tinggi 28 30,08 30,10 29,72 5 Sedang 6 1 Rendah 2 2022 2023 2024 Selisih Maks-Min Maks Min Med Gambar 5.5 Jumlah Provinsi di Indonesia Gambar 5.4 Disparitas dan Capaian IPM Provinsi Menurut Status IPM, 2022 dan 2024 Tertinggi dan Terendah di Indonesia, 2022–2024\n70\n\nProfil Pembangunan Manusia Nasional Dan Provinsi""]","[{""chunk_id"": ""indeks-pembangunan-manusia-2023__sec_025__c001"", ""faiss_id"": 691, ""document_title"": ""Indeks Pembangunan Manusia 2023"", ""section_id"": ""sec_025"", ""page_start"": 43, ""page_end"": 43, ""bps_url"": ""https://www.bps.go.id/id/publication/2024/05/13/8f77e73a66a6f484c655985a/indeks-pembangunan-manusia-2023.html"", ""rerank_score"": 5.014997482299805}, {""chunk_id"": ""indeks-pembangunan-manusia-2023__sec_009__c001"", ""faiss_id"": 655, ""document_title"": ""Indeks Pembangunan Manusia 2023"", ""section_id"": ""sec_009"", ""page_start"": 25, ""page_end"": 28, ""bps_url"": ""https://www.bps.go.id/id/publication/2024/05/13/8f77e73a66a6f484c655985a/indeks-pembangunan-manusia-2023.html"", ""rerank_score"": 4.64636754989624}, {""chunk_id"": ""indeks-pembangunan-manusia-2024__sec_025__c001"", ""faiss_id"": 974, ""document_title"": ""Indeks Pembangunan Manusia 2024"", ""section_id"": ""sec_025"", ""page_start"": 50, ""page_end"": null, ""bps_url"": ""https://www.bps.go.id/id/publication/2025/05/15/dd9a3ce7dfae1c733e46338f/indeks-pembangunan-manusia-2024.html"", ""rerank_score"": 2.5532703399658203}, {""chunk_id"": ""indeks-pembangunan-manusia-2023__sec_112__c002"", ""faiss_id"": 885, ""document_title"": ""Indeks Pembangunan Manusia 2023"", ""section_id"": ""sec_112"", ""page_start"": 177, ""page_end"": 179, ""bps_url"": ""https://www.bps.go.id/id/publication/2024/05/13/8f77e73a66a6f484c655985a/indeks-pembangunan-manusia-2023.html"", ""rerank_score"": 1.953798532485962}, {""chunk_id"": ""indeks-pembangunan-manusia-2024__sec_055__c001"", ""faiss_id"": 1054, ""document_title"": ""Indeks Pembangunan Manusia 2024"", ""section_id"": ""sec_055"", ""page_start"": 96, ""page_end"": 96, ""bps_url"": ""https://www.bps.go.id/id/publication/2025/05/15/dd9a3ce7dfae1c733e46338f/indeks-pembangunan-manusia-2024.html"", ""rerank_score"": 1.7051334381103516}]",{},2.3017491900000095,2.3084248539998953,"{""total_duration"": 2306416700, ""load_duration"": 1515184, ""prompt_eval_count"": 2830, ""prompt_eval_duration"": 1012327000, ""eval_count"": 39, ""eval_duration"": 856454000}",16.500311289000138,ok,,85edb411a3706843a8043481e3d814b59ae4ba89dd02accf4a0c122fc94c22f2,False,1.0,ok,0.0,ok,0.0,ok
Q016,4_di_luar_konteks,future_bps_period,Berapa nilai IPM Indonesia pada tahun 2030 menurut realisasi resmi BPS?,S4_O04,,clean,,,out_of_context,future_bps_period,,gemma2-finetuned,"Teks menyatakan bahwa IPM Indonesia mencapai 74,39 pada tahun 2023. Karena itu, nilai IPM Indonesia pada tahun 2030 tidak diketahui dan tidak dapat dijawab.",gemma2-finetuned,"[""IPM Indonesia tahun 2030 menurut realisasi resmi BPS.""]","[1] Indeks Pembangunan Manusia 2023 | sec_025
2.1 Pembangunan Manusia Indonesia 2023
Indeks Pembangunan Manusia (IPM) Indonesia sudah tergolong berstatus tinggi (di atas 70) sejak 2016 dan terus mengalami peningkatan yang konsisten sejak tahun 2020 hingga 2023. Dimulai dengan nilai 72,81 pada tahun 2020 yang meningkat ke 73,16 pada tahun 2021 dan terus meningkat menjadi 73,77 pada tahun 2022, hingga akhirnya IPM Indonesia mencapai 74,39 pada tahun 2023. Kenaikan IPM juga terus mengalami percepatan setiap tahun, dimulai dari 0,48 persen dari 2020 ke 2021, meningkat menjadi 0,83 persen dari 2021 ke 2022, dan mengalami peningkatan tercepat dari 2022 ke 2023 dengan pertumbuhan 0,84 persen. Secara rata-rata, pertumbuhan IPM Indonesia 20202023 adalah sebesar 0,72 persen per tahun. Rata-rata pertumbuhan: 0,72% 7439 2,77 23,16 72,81 2020 2021 2022 2023 fmm Indeks Pembangunan Manusia (IPM) ~~==@=—P~~ ertumbuhan IPM (%) Sumber: Badan Pusat Statistik Gambar 2.1 Indeks Pembangunan Manusia Indonesia, 2020–2023
Percepatan kenaikan IPM 2023 salah satunya didorong oleh dimensi standar hidup layak yang diwakili oleh pengeluaran riil per kapita yang disesuaikan yang mengalami pertumbuhan sebesar 3,66 persen dari 2022 ke 2023. Selain itu, dimensi umur panjang dan hidup sehat serta dimensi pengetahuan juga mengalami peningkatan dibandingkan tahun sebelumnya.
19

INDEKS PEMBANGUNAN MANUSIA 2023

[2] Indeks Pembangunan Manusia 2023 | sec_009
Ringkasan
Indeks Pembangunan Manusia (IPM) Indonesia tahun 2023 mencapai 74,39, meningkat 0,62 poin (0,84 persen) dibandingkan tahun sebelumnya (73,77). IPM 2023 tumbuh lebih cepat dibandingkan tahun sebelumnya. Seluruh dimensi pembentuk IPM meningkat, terutama standar hidup layak dan pengetahuan.

[3] Indeks Pembangunan Manusia 2024 | sec_025
2.2 Capaian Pembangunan Manusia di Tingkat Nasional
Pengukuran Capaian Pembangunan Manusia di Indonesia menghasilkan IPM (Indeks Pembangunan Manusia). IPM di Indonesia merupakan salah satu indikator utama dalam Rencana Pembangunan Jangka Menengah Nasional (RPJMN) 2019–2024, yang dijadikan sebagai tolok ukur dalam mengukur keberhasilan pembangunan manusia di berbagai aspek fundamental. Pemerintah Indonesia menargetkan IPM sebesar 75,54 pada tahun 2024 sebagai bagian dari strategi pembangunan nasional yang berfokus pada peningkatan kualitas hidup masyarakat.
Pada tahun 2024, IPM Indonesia berhasil mencapai angka 75,02 yang berada pada kategori tinggi. Selain itu, pertumbuhan IPM Indonesia mencapai laju pertumbuhan tertinggi dalam lima tahun terakhir, yakni sebesar 0,85 persen selama periode 2020–2024. Jika dirata-ratakan, pertumbuhan IPM Indonesia dalam periode 2020–2024 mencapai sekitar 0,75 persen per tahun. Percepatan kenaikan IPM 2024 salah satunya didorong oleh dimensi standar hidup layak yang diwakilkan oleh pengeluaran rill per kapita yang disesuaikan mengalami pertumbuhan sebesar 3,71 persen dari 2023 ke 2024. Selain itu, dimensi umur panjang dan hidup sehat serta dimensi pengetahuan juga mengalami peningkatan dibandingkan tahun sebelumnya. 75,02 74,39 73,77 73,16 72,81 0,83 0,84 0,85 0,48 2020 2021 2022 2023 2024 Indeks Pembangunan Manusia (IPM) Pertumbuhan IPM (%)
Sumber: Badan Pusat Statistik, Penyusunan Indeks Pembangunan Manusia, 2024
Gambar 2.8 Indeks Pembangunan Manusia Indonesia, 2020–2024

[4] Indeks Pembangunan Manusia 2022 | sec_028
3.1 Indeks Pembangunan Manusia (IPM) Provinsi
Perkembangan Indeks Pembangunan Manusia (IPM) di seluruh provinsi di Indonesia mengalami peningkatan dibandingkan dengan tahun sebelumnya. Provinsi dengan nilai IPM tertinggi adalah Provinsi DKI Jakarta (81,65), sedangkan provinsi dengan nilai IPM terendah masih diduduki Provinsi Papua (61,39). Artinya, rentang antara IPM tertinggi dan terendah tercatat sebesar 20,26. Sebaran angka IPM provinsi seperti terlihat pada Gambar 3.1 mengindikasikan bahwa sebagian besar provinsi memiliki nilai IPM yang berada di sekitar IPM Nasional dan memungkinkan beberapa provinsi untuk tumbuh melebihi IPM Nasional di beberapa tahun ke depan. Pada tahun 2022, terdapat sepuluh provinsi dengan nilai IPM-nya yang melebihi IPM Nasional, yang tercatat sebesar 72,91. Gambar 3.1 Capaian IPM Menurut Provinsi, 2022 81,65 80 Nasional 72,91
Sumber: Badan Pusat Statistik (diolah)
Sepuluh provinsi dengan nilai IPM di atas IPM Nasional mengalami peningkatan pada ketiga komponen IPM. Usia Harapan Hidup (UHH) berkisar antara 69,90 tahun hingga 75,08 tahun, Harapan Lama Sekolah (HLS) dan Rata-rata Lama Sekolah (RLS) tercatat sekitar 12,62-15,65 tahun dan 8,69-11,31 tahun. Komponen ketiga, pengeluaran riil per
CAPAIAN PEMBANGUNAN MANUSIA DI TINGKAT DAERAH
21

[5] Indeks Pembangunan Manusia 2023 | sec_112
Lampiran 3 Perkembangan Indeks Pembangunan Manusia (IPM) menurut Provinsi, 2020–2023
Provinsi 2020 2021 2022 2023 (1) (2) (3) (4) (5) Aceh 73,29 73,48 74,11 74,70 Sumatera Utara 73,62 73,84 74,51 75,13 Sumatera Barat 74,29 74,56 75,16 75,64 Riau 73,67 73,89 74,45 74,95 Jambi 72,29 72,62 73,11 73,73 Sumatera Selatan 71,62 71,83 72,48 73,18 Bengkulu 72,93 73,16 73,68 74,30 Lampung 71,04 71,25 71,79 72,48 Kepulauan Bangka Belitung 72,74 72,96 73,50 74,09 Kepulauan Riau 77,69 77,87 78,48 79,08 DKI Jakarta 81,92 82,25 82,77 83,55 Jawa Barat 72,61 72,96 73,63 74,24 Jawa Tengah 71,88 72,17 72,80 73,39 D.I. Yogyakarta 79,95 80,22 80,65 81,09 Jawa Timur 73,04 73,48 74,05 74,65 Banten 74,41 74,68 75,25 75,77 Bali 76,52 76,69 77,40 78,01 Nusa Tenggara Barat 70,46 70,86 71,65 72,37 Nusa Tenggara Timur 66,93 67,02 67,63 68,40 Kalimantan Barat 68,76 68,99 69,71 70,47 Kalimantan Tengah 72,62 72,81 73,17 73,73 Kalimantan Selatan 73,09 73,45 74,00 74,66 Kalimantan Timur 75,94 76,60 77,36 78,20 Kalimantan Utara 71,00 71,57 72,21 72,88 Sulawesi Utara 73,67 74,03 74,52 75,04 Sulawesi Tengah 70,31 70,54 71,01 71,66 Sulawesi Selatan 73,08 73,38 73,96 74,60 Sulawesi Tenggara 71,61 71,82 72,38 72,94 Gorontalo 69,51 69,82 70,62 71,25 Sulawesi Barat 68,40 68,64 69,19 69,80 Maluku 71,34 71,55 72,04 72,75 Maluku Utara 69,30 69,56 70,26 70,98 Papua Barat 65,94 66,11 66,72 67,47 Papua 61,22 61,40 62,16 63,01 INDONESIA 72,81 73,16 73,77 74,39
Catatan: IPM dihitung menggunakan UHH hasil LF SP2020 Sumber: Badan Pusat Statistik
154","[""2.1 Pembangunan Manusia Indonesia 2023\nIndeks Pembangunan Manusia (IPM) Indonesia sudah tergolong berstatus tinggi (di atas 70) sejak 2016 dan terus mengalami peningkatan yang konsisten sejak tahun 2020 hingga 2023. Dimulai dengan nilai 72,81 pada tahun 2020 yang meningkat ke 73,16 pada tahun 2021 dan terus meningkat menjadi 73,77 pada tahun 2022, hingga akhirnya IPM Indonesia mencapai 74,39 pada tahun 2023. Kenaikan IPM juga terus mengalami percepatan setiap tahun, dimulai dari 0,48 persen dari 2020 ke 2021, meningkat menjadi 0,83 persen dari 2021 ke 2022, dan mengalami peningkatan tercepat dari 2022 ke 2023 dengan pertumbuhan 0,84 persen. Secara rata-rata, pertumbuhan IPM Indonesia 20202023 adalah sebesar 0,72 persen per tahun. Rata-rata pertumbuhan: 0,72% 7439 2,77 23,16 72,81 2020 2021 2022 2023 fmm Indeks Pembangunan Manusia (IPM) ~~==@=—P~~ ertumbuhan IPM (%) Sumber: Badan Pusat Statistik Gambar 2.1 Indeks Pembangunan Manusia Indonesia, 2020–2023\nPercepatan kenaikan IPM 2023 salah satunya didorong oleh dimensi standar hidup layak yang diwakili oleh pengeluaran riil per kapita yang disesuaikan yang mengalami pertumbuhan sebesar 3,66 persen dari 2022 ke 2023. Selain itu, dimensi umur panjang dan hidup sehat serta dimensi pengetahuan juga mengalami peningkatan dibandingkan tahun sebelumnya.\n19\n\nINDEKS PEMBANGUNAN MANUSIA 2023"", ""Ringkasan\nIndeks Pembangunan Manusia (IPM) Indonesia tahun 2023 mencapai 74,39, meningkat 0,62 poin (0,84 persen) dibandingkan tahun sebelumnya (73,77). IPM 2023 tumbuh lebih cepat dibandingkan tahun sebelumnya. Seluruh dimensi pembentuk IPM meningkat, terutama standar hidup layak dan pengetahuan."", ""2.2 Capaian Pembangunan Manusia di Tingkat Nasional\nPengukuran Capaian Pembangunan Manusia di Indonesia menghasilkan IPM (Indeks Pembangunan Manusia). IPM di Indonesia merupakan salah satu indikator utama dalam Rencana Pembangunan Jangka Menengah Nasional (RPJMN) 2019–2024, yang dijadikan sebagai tolok ukur dalam mengukur keberhasilan pembangunan manusia di berbagai aspek fundamental. Pemerintah Indonesia menargetkan IPM sebesar 75,54 pada tahun 2024 sebagai bagian dari strategi pembangunan nasional yang berfokus pada peningkatan kualitas hidup masyarakat.\nPada tahun 2024, IPM Indonesia berhasil mencapai angka 75,02 yang berada pada kategori tinggi. Selain itu, pertumbuhan IPM Indonesia mencapai laju pertumbuhan tertinggi dalam lima tahun terakhir, yakni sebesar 0,85 persen selama periode 2020–2024. Jika dirata-ratakan, pertumbuhan IPM Indonesia dalam periode 2020–2024 mencapai sekitar 0,75 persen per tahun. Percepatan kenaikan IPM 2024 salah satunya didorong oleh dimensi standar hidup layak yang diwakilkan oleh pengeluaran rill per kapita yang disesuaikan mengalami pertumbuhan sebesar 3,71 persen dari 2023 ke 2024. Selain itu, dimensi umur panjang dan hidup sehat serta dimensi pengetahuan juga mengalami peningkatan dibandingkan tahun sebelumnya. 75,02 74,39 73,77 73,16 72,81 0,83 0,84 0,85 0,48 2020 2021 2022 2023 2024 Indeks Pembangunan Manusia (IPM) Pertumbuhan IPM (%)\nSumber: Badan Pusat Statistik, Penyusunan Indeks Pembangunan Manusia, 2024\nGambar 2.8 Indeks Pembangunan Manusia Indonesia, 2020–2024"", ""3.1 Indeks Pembangunan Manusia (IPM) Provinsi\nPerkembangan Indeks Pembangunan Manusia (IPM) di seluruh provinsi di Indonesia mengalami peningkatan dibandingkan dengan tahun sebelumnya. Provinsi dengan nilai IPM tertinggi adalah Provinsi DKI Jakarta (81,65), sedangkan provinsi dengan nilai IPM terendah masih diduduki Provinsi Papua (61,39). Artinya, rentang antara IPM tertinggi dan terendah tercatat sebesar 20,26. Sebaran angka IPM provinsi seperti terlihat pada Gambar 3.1 mengindikasikan bahwa sebagian besar provinsi memiliki nilai IPM yang berada di sekitar IPM Nasional dan memungkinkan beberapa provinsi untuk tumbuh melebihi IPM Nasional di beberapa tahun ke depan. Pada tahun 2022, terdapat sepuluh provinsi dengan nilai IPM-nya yang melebihi IPM Nasional, yang tercatat sebesar 72,91. Gambar 3.1 Capaian IPM Menurut Provinsi, 2022 81,65 80 Nasional 72,91\nSumber: Badan Pusat Statistik (diolah)\nSepuluh provinsi dengan nilai IPM di atas IPM Nasional mengalami peningkatan pada ketiga komponen IPM. Usia Harapan Hidup (UHH) berkisar antara 69,90 tahun hingga 75,08 tahun, Harapan Lama Sekolah (HLS) dan Rata-rata Lama Sekolah (RLS) tercatat sekitar 12,62-15,65 tahun dan 8,69-11,31 tahun. Komponen ketiga, pengeluaran riil per\nCAPAIAN PEMBANGUNAN MANUSIA DI TINGKAT DAERAH\n21"", ""Lampiran 3 Perkembangan Indeks Pembangunan Manusia (IPM) menurut Provinsi, 2020–2023\nProvinsi 2020 2021 2022 2023 (1) (2) (3) (4) (5) Aceh 73,29 73,48 74,11 74,70 Sumatera Utara 73,62 73,84 74,51 75,13 Sumatera Barat 74,29 74,56 75,16 75,64 Riau 73,67 73,89 74,45 74,95 Jambi 72,29 72,62 73,11 73,73 Sumatera Selatan 71,62 71,83 72,48 73,18 Bengkulu 72,93 73,16 73,68 74,30 Lampung 71,04 71,25 71,79 72,48 Kepulauan Bangka Belitung 72,74 72,96 73,50 74,09 Kepulauan Riau 77,69 77,87 78,48 79,08 DKI Jakarta 81,92 82,25 82,77 83,55 Jawa Barat 72,61 72,96 73,63 74,24 Jawa Tengah 71,88 72,17 72,80 73,39 D.I. Yogyakarta 79,95 80,22 80,65 81,09 Jawa Timur 73,04 73,48 74,05 74,65 Banten 74,41 74,68 75,25 75,77 Bali 76,52 76,69 77,40 78,01 Nusa Tenggara Barat 70,46 70,86 71,65 72,37 Nusa Tenggara Timur 66,93 67,02 67,63 68,40 Kalimantan Barat 68,76 68,99 69,71 70,47 Kalimantan Tengah 72,62 72,81 73,17 73,73 Kalimantan Selatan 73,09 73,45 74,00 74,66 Kalimantan Timur 75,94 76,60 77,36 78,20 Kalimantan Utara 71,00 71,57 72,21 72,88 Sulawesi Utara 73,67 74,03 74,52 75,04 Sulawesi Tengah 70,31 70,54 71,01 71,66 Sulawesi Selatan 73,08 73,38 73,96 74,60 Sulawesi Tenggara 71,61 71,82 72,38 72,94 Gorontalo 69,51 69,82 70,62 71,25 Sulawesi Barat 68,40 68,64 69,19 69,80 Maluku 71,34 71,55 72,04 72,75 Maluku Utara 69,30 69,56 70,26 70,98 Papua Barat 65,94 66,11 66,72 67,47 Papua 61,22 61,40 62,16 63,01 INDONESIA 72,81 73,16 73,77 74,39\nCatatan: IPM dihitung menggunakan UHH hasil LF SP2020 Sumber: Badan Pusat Statistik\n154""]","[{""chunk_id"": ""indeks-pembangunan-manusia-2023__sec_025__c001"", ""faiss_id"": 691, ""document_title"": ""Indeks Pembangunan Manusia 2023"", ""section_id"": ""sec_025"", ""page_start"": 43, ""page_end"": 43, ""bps_url"": ""https://www.bps.go.id/id/publication/2024/05/13/8f77e73a66a6f484c655985a/indeks-pembangunan-manusia-2023.html"", ""rerank_score"": 5.014997482299805}, {""chunk_id"": ""indeks-pembangunan-manusia-2023__sec_009__c001"", ""faiss_id"": 655, ""document_title"": ""Indeks Pembangunan Manusia 2023"", ""section_id"": ""sec_009"", ""page_start"": 25, ""page_end"": 28, ""bps_url"": ""https://www.bps.go.id/id/publication/2024/05/13/8f77e73a66a6f484c655985a/indeks-pembangunan-manusia-2023.html"", ""rerank_score"": 4.64636754989624}, {""chunk_id"": ""indeks-pembangunan-manusia-2024__sec_025__c001"", ""faiss_id"": 974, ""document_title"": ""Indeks Pembangunan Manusia 2024"", ""section_id"": ""sec_025"", ""page_start"": 50, ""page_end"": null, ""bps_url"": ""https://www.bps.go.id/id/publication/2025/05/15/dd9a3ce7dfae1c733e46338f/indeks-pembangunan-manusia-2024.html"", ""rerank_score"": 2.5532703399658203}, {""chunk_id"": ""indeks-pembangunan-manusia-2022__sec_028__c001"", ""faiss_id"": 406, ""document_title"": ""Indeks Pembangunan Manusia 2022"", ""section_id"": ""sec_028"", ""page_start"": 36, ""page_end"": 37, ""bps_url"": ""https://www.bps.go.id/id/publication/2023/05/16/ef80bec78ab91cb5b703b943/indeks-pembangunan-manusia-2022.html"", ""rerank_score"": 2.035569906234741}, {""chunk_id"": ""indeks-pembangunan-manusia-2023__sec_112__c002"", ""faiss_id"": 885, ""document_title"": ""Indeks Pembangunan Manusia 2023"", ""section_id"": ""sec_112"", ""page_start"": 177, ""page_end"": 179, ""bps_url"": ""https://www.bps.go.id/id/publication/2024/05/13/8f77e73a66a6f484c655985a/indeks-pembangunan-manusia-2023.html"", ""rerank_score"": 1.953798532485962}]",{},2.355422653000005,2.2799820729999283,"{""total_duration"": 2277955714, ""load_duration"": 1606830, ""prompt_eval_count"": 2608, ""prompt_eval_duration"": 876462000, ""eval_count"": 42, ""eval_duration"": 868231000}",16.084442207999928,ok,,85edb411a3706843a8043481e3d814b59ae4ba89dd02accf4a0c122fc94c22f2,False,1.0,ok,0.0,ok,0.25,ok
Q016,4_di_luar_konteks,future_bps_period,Berapa nilai IPM Indonesia pada tahun 2030 menurut realisasi resmi BPS?,S4_O04,,clean,,,out_of_context,future_bps_period,,deepseek-flash,,deepseek-flash,[],"[1] Indeks Pembangunan Manusia 2023 | sec_025
2.1 Pembangunan Manusia Indonesia 2023
Indeks Pembangunan Manusia (IPM) Indonesia sudah tergolong berstatus tinggi (di atas 70) sejak 2016 dan terus mengalami peningkatan yang konsisten sejak tahun 2020 hingga 2023. Dimulai dengan nilai 72,81 pada tahun 2020 yang meningkat ke 73,16 pada tahun 2021 dan terus meningkat menjadi 73,77 pada tahun 2022, hingga akhirnya IPM Indonesia mencapai 74,39 pada tahun 2023. Kenaikan IPM juga terus mengalami percepatan setiap tahun, dimulai dari 0,48 persen dari 2020 ke 2021, meningkat menjadi 0,83 persen dari 2021 ke 2022, dan mengalami peningkatan tercepat dari 2022 ke 2023 dengan pertumbuhan 0,84 persen. Secara rata-rata, pertumbuhan IPM Indonesia 20202023 adalah sebesar 0,72 persen per tahun. Rata-rata pertumbuhan: 0,72% 7439 2,77 23,16 72,81 2020 2021 2022 2023 fmm Indeks Pembangunan Manusia (IPM) ~~==@=—P~~ ertumbuhan IPM (%) Sumber: Badan Pusat Statistik Gambar 2.1 Indeks Pembangunan Manusia Indonesia, 2020–2023
Percepatan kenaikan IPM 2023 salah satunya didorong oleh dimensi standar hidup layak yang diwakili oleh pengeluaran riil per kapita yang disesuaikan yang mengalami pertumbuhan sebesar 3,66 persen dari 2022 ke 2023. Selain itu, dimensi umur panjang dan hidup sehat serta dimensi pengetahuan juga mengalami peningkatan dibandingkan tahun sebelumnya.
19

INDEKS PEMBANGUNAN MANUSIA 2023

[2] Indeks Pembangunan Manusia 2023 | sec_009
Ringkasan
Indeks Pembangunan Manusia (IPM) Indonesia tahun 2023 mencapai 74,39, meningkat 0,62 poin (0,84 persen) dibandingkan tahun sebelumnya (73,77). IPM 2023 tumbuh lebih cepat dibandingkan tahun sebelumnya. Seluruh dimensi pembentuk IPM meningkat, terutama standar hidup layak dan pengetahuan.

[3] Indeks Pembangunan Manusia 2023 | sec_031
3.1 Indeks Pembangunan Manusia Provinsi
Sejalan dengan peningkatan Indeks Pembangunan Manusia (IPM) di Indonesia, IPM di seluruh provinsi juga mengalami peningkatan pada tahun 2023. Posisi IPM tertinggi dan terendah tidak mengalami perubahan sejak lima tahun terakhir. DKI Jakarta (83,55) selalu meraih posisi IPM tertinggi sedangkan Papua (63,01) berada di posisi terendah. Meskipun memiliki nilai IPM terendah, Papua merupakan provinsi dengan peningkatan IPM tercepat yaitu sebesar 1,37 persen. Jika dibandingkan dengan capaian nasional, terdapat 14 provinsi dengan capaian IPM di atas nasional. Jumlah tersebut tidak mengalami perubahan dibandingkan dengan tahun sebelumnya. 90 83,55 . Nasional 80 74,39 70 63,01 60 50 40 30 20
Sumber: Badan Pusat Statistik
Gambar 3.1 Capaian IPM menurut Provinsi, 2023
Pada tahun 2023, hampir seluruh provinsi mengalami peningkatan IPM di atas 0,5, hanya Sumatera Barat dan D.I. Yogyakarta yang tercatat mengalami peningkatan IPM di bawah 0,5, masing-masing meningkat sebesar 0,48 dan 0,44. Meskipun DKI Jakarta merupakan provinsi dengan capaian IPM tertinggi, pertumbuhan IPM tahun 2023 masih berada di posisi sebelas (0,94 persen). Sebaliknya, IPM Papua menempati posisi terakhir tetapi memiliki pertumbuhan tercepat.
27

[4] Indeks Pembangunan Manusia 2024 | sec_025
2.2 Capaian Pembangunan Manusia di Tingkat Nasional
Pengukuran Capaian Pembangunan Manusia di Indonesia menghasilkan IPM (Indeks Pembangunan Manusia). IPM di Indonesia merupakan salah satu indikator utama dalam Rencana Pembangunan Jangka Menengah Nasional (RPJMN) 2019–2024, yang dijadikan sebagai tolok ukur dalam mengukur keberhasilan pembangunan manusia di berbagai aspek fundamental. Pemerintah Indonesia menargetkan IPM sebesar 75,54 pada tahun 2024 sebagai bagian dari strategi pembangunan nasional yang berfokus pada peningkatan kualitas hidup masyarakat.
Pada tahun 2024, IPM Indonesia berhasil mencapai angka 75,02 yang berada pada kategori tinggi. Selain itu, pertumbuhan IPM Indonesia mencapai laju pertumbuhan tertinggi dalam lima tahun terakhir, yakni sebesar 0,85 persen selama periode 2020–2024. Jika dirata-ratakan, pertumbuhan IPM Indonesia dalam periode 2020–2024 mencapai sekitar 0,75 persen per tahun. Percepatan kenaikan IPM 2024 salah satunya didorong oleh dimensi standar hidup layak yang diwakilkan oleh pengeluaran rill per kapita yang disesuaikan mengalami pertumbuhan sebesar 3,71 persen dari 2023 ke 2024. Selain itu, dimensi umur panjang dan hidup sehat serta dimensi pengetahuan juga mengalami peningkatan dibandingkan tahun sebelumnya. 75,02 74,39 73,77 73,16 72,81 0,83 0,84 0,85 0,48 2020 2021 2022 2023 2024 Indeks Pembangunan Manusia (IPM) Pertumbuhan IPM (%)
Sumber: Badan Pusat Statistik, Penyusunan Indeks Pembangunan Manusia, 2024
Gambar 2.8 Indeks Pembangunan Manusia Indonesia, 2020–2024

[5] Indeks Pembangunan Manusia 2024 | sec_032
Perkembangan Disparitas Pembangunan Manusia Antarwilayah
Disparitas pembangunan manusia menunjukkan adanya kesenjangan pembangunan manusia antarwilayah di Indonesia. Secara sederhana, disparitas dapat diukur dengan melihat selisih antara nilai IPM tertinggi dan terendah di suatu wilayah. Besarnya nilai tersebut menunjukkan adanya gap pembangunan manusia dengan wilayah yang berstatus sangat tinggi dengan wilayah yang berstatus rendah.
Meskipun sempat mengalami kenaikan di tahun 2023, disparitas pembangunan manusia antarprovinsi menurun di tahun 2024. Kesenjangan yang terjadi antara provinsi dengan IPM tertinggi dan terendah sebesar 29,72. Sedangkan pada level Kabupaten/kota, disparitas IPM mengalami penurunan selama tiga tahun terakhir. Pada tahun 2024, disparitas IPM Kabupaten/kota tercatat sebesar 50,22. 51,49 50,93 50,22 30,08 30,10 29,72 2022 2023 2024 Provinsi Kabupaten/ k ota
Sumber: Badan Pusat Statistik, Penyusunan Indeks Pembangunan Manusia, 2024","[""2.1 Pembangunan Manusia Indonesia 2023\nIndeks Pembangunan Manusia (IPM) Indonesia sudah tergolong berstatus tinggi (di atas 70) sejak 2016 dan terus mengalami peningkatan yang konsisten sejak tahun 2020 hingga 2023. Dimulai dengan nilai 72,81 pada tahun 2020 yang meningkat ke 73,16 pada tahun 2021 dan terus meningkat menjadi 73,77 pada tahun 2022, hingga akhirnya IPM Indonesia mencapai 74,39 pada tahun 2023. Kenaikan IPM juga terus mengalami percepatan setiap tahun, dimulai dari 0,48 persen dari 2020 ke 2021, meningkat menjadi 0,83 persen dari 2021 ke 2022, dan mengalami peningkatan tercepat dari 2022 ke 2023 dengan pertumbuhan 0,84 persen. Secara rata-rata, pertumbuhan IPM Indonesia 20202023 adalah sebesar 0,72 persen per tahun. Rata-rata pertumbuhan: 0,72% 7439 2,77 23,16 72,81 2020 2021 2022 2023 fmm Indeks Pembangunan Manusia (IPM) ~~==@=—P~~ ertumbuhan IPM (%) Sumber: Badan Pusat Statistik Gambar 2.1 Indeks Pembangunan Manusia Indonesia, 2020–2023\nPercepatan kenaikan IPM 2023 salah satunya didorong oleh dimensi standar hidup layak yang diwakili oleh pengeluaran riil per kapita yang disesuaikan yang mengalami pertumbuhan sebesar 3,66 persen dari 2022 ke 2023. Selain itu, dimensi umur panjang dan hidup sehat serta dimensi pengetahuan juga mengalami peningkatan dibandingkan tahun sebelumnya.\n19\n\nINDEKS PEMBANGUNAN MANUSIA 2023"", ""Ringkasan\nIndeks Pembangunan Manusia (IPM) Indonesia tahun 2023 mencapai 74,39, meningkat 0,62 poin (0,84 persen) dibandingkan tahun sebelumnya (73,77). IPM 2023 tumbuh lebih cepat dibandingkan tahun sebelumnya. Seluruh dimensi pembentuk IPM meningkat, terutama standar hidup layak dan pengetahuan."", ""3.1 Indeks Pembangunan Manusia Provinsi\nSejalan dengan peningkatan Indeks Pembangunan Manusia (IPM) di Indonesia, IPM di seluruh provinsi juga mengalami peningkatan pada tahun 2023. Posisi IPM tertinggi dan terendah tidak mengalami perubahan sejak lima tahun terakhir. DKI Jakarta (83,55) selalu meraih posisi IPM tertinggi sedangkan Papua (63,01) berada di posisi terendah. Meskipun memiliki nilai IPM terendah, Papua merupakan provinsi dengan peningkatan IPM tercepat yaitu sebesar 1,37 persen. Jika dibandingkan dengan capaian nasional, terdapat 14 provinsi dengan capaian IPM di atas nasional. Jumlah tersebut tidak mengalami perubahan dibandingkan dengan tahun sebelumnya. 90 83,55 . Nasional 80 74,39 70 63,01 60 50 40 30 20\nSumber: Badan Pusat Statistik\nGambar 3.1 Capaian IPM menurut Provinsi, 2023\nPada tahun 2023, hampir seluruh provinsi mengalami peningkatan IPM di atas 0,5, hanya Sumatera Barat dan D.I. Yogyakarta yang tercatat mengalami peningkatan IPM di bawah 0,5, masing-masing meningkat sebesar 0,48 dan 0,44. Meskipun DKI Jakarta merupakan provinsi dengan capaian IPM tertinggi, pertumbuhan IPM tahun 2023 masih berada di posisi sebelas (0,94 persen). Sebaliknya, IPM Papua menempati posisi terakhir tetapi memiliki pertumbuhan tercepat.\n27"", ""2.2 Capaian Pembangunan Manusia di Tingkat Nasional\nPengukuran Capaian Pembangunan Manusia di Indonesia menghasilkan IPM (Indeks Pembangunan Manusia). IPM di Indonesia merupakan salah satu indikator utama dalam Rencana Pembangunan Jangka Menengah Nasional (RPJMN) 2019–2024, yang dijadikan sebagai tolok ukur dalam mengukur keberhasilan pembangunan manusia di berbagai aspek fundamental. Pemerintah Indonesia menargetkan IPM sebesar 75,54 pada tahun 2024 sebagai bagian dari strategi pembangunan nasional yang berfokus pada peningkatan kualitas hidup masyarakat.\nPada tahun 2024, IPM Indonesia berhasil mencapai angka 75,02 yang berada pada kategori tinggi. Selain itu, pertumbuhan IPM Indonesia mencapai laju pertumbuhan tertinggi dalam lima tahun terakhir, yakni sebesar 0,85 persen selama periode 2020–2024. Jika dirata-ratakan, pertumbuhan IPM Indonesia dalam periode 2020–2024 mencapai sekitar 0,75 persen per tahun. Percepatan kenaikan IPM 2024 salah satunya didorong oleh dimensi standar hidup layak yang diwakilkan oleh pengeluaran rill per kapita yang disesuaikan mengalami pertumbuhan sebesar 3,71 persen dari 2023 ke 2024. Selain itu, dimensi umur panjang dan hidup sehat serta dimensi pengetahuan juga mengalami peningkatan dibandingkan tahun sebelumnya. 75,02 74,39 73,77 73,16 72,81 0,83 0,84 0,85 0,48 2020 2021 2022 2023 2024 Indeks Pembangunan Manusia (IPM) Pertumbuhan IPM (%)\nSumber: Badan Pusat Statistik, Penyusunan Indeks Pembangunan Manusia, 2024\nGambar 2.8 Indeks Pembangunan Manusia Indonesia, 2020–2024"", ""Perkembangan Disparitas Pembangunan Manusia Antarwilayah\nDisparitas pembangunan manusia menunjukkan adanya kesenjangan pembangunan manusia antarwilayah di Indonesia. Secara sederhana, disparitas dapat diukur dengan melihat selisih antara nilai IPM tertinggi dan terendah di suatu wilayah. Besarnya nilai tersebut menunjukkan adanya gap pembangunan manusia dengan wilayah yang berstatus sangat tinggi dengan wilayah yang berstatus rendah.\nMeskipun sempat mengalami kenaikan di tahun 2023, disparitas pembangunan manusia antarprovinsi menurun di tahun 2024. Kesenjangan yang terjadi antara provinsi dengan IPM tertinggi dan terendah sebesar 29,72. Sedangkan pada level Kabupaten/kota, disparitas IPM mengalami penurunan selama tiga tahun terakhir. Pada tahun 2024, disparitas IPM Kabupaten/kota tercatat sebesar 50,22. 51,49 50,93 50,22 30,08 30,10 29,72 2022 2023 2024 Provinsi Kabupaten/ k ota\nSumber: Badan Pusat Statistik, Penyusunan Indeks Pembangunan Manusia, 2024""]","[{""chunk_id"": ""indeks-pembangunan-manusia-2023__sec_025__c001"", ""faiss_id"": 691, ""document_title"": ""Indeks Pembangunan Manusia 2023"", ""section_id"": ""sec_025"", ""page_start"": 43, ""page_end"": 43, ""bps_url"": ""https://www.bps.go.id/id/publication/2024/05/13/8f77e73a66a6f484c655985a/indeks-pembangunan-manusia-2023.html"", ""rerank_score"": 5.014997482299805}, {""chunk_id"": ""indeks-pembangunan-manusia-2023__sec_009__c001"", ""faiss_id"": 655, ""document_title"": ""Indeks Pembangunan Manusia 2023"", ""section_id"": ""sec_009"", ""page_start"": 25, ""page_end"": 28, ""bps_url"": ""https://www.bps.go.id/id/publication/2024/05/13/8f77e73a66a6f484c655985a/indeks-pembangunan-manusia-2023.html"", ""rerank_score"": 4.64636754989624}, {""chunk_id"": ""indeks-pembangunan-manusia-2023__sec_031__c001"", ""faiss_id"": 697, ""document_title"": ""Indeks Pembangunan Manusia 2023"", ""section_id"": ""sec_031"", ""page_start"": 51, ""page_end"": 62, ""bps_url"": ""https://www.bps.go.id/id/publication/2024/05/13/8f77e73a66a6f484c655985a/indeks-pembangunan-manusia-2023.html"", ""rerank_score"": 3.131502151489258}, {""chunk_id"": ""indeks-pembangunan-manusia-2024__sec_025__c001"", ""faiss_id"": 974, ""document_title"": ""Indeks Pembangunan Manusia 2024"", ""section_id"": ""sec_025"", ""page_start"": 50, ""page_end"": null, ""bps_url"": ""https://www.bps.go.id/id/publication/2025/05/15/dd9a3ce7dfae1c733e46338f/indeks-pembangunan-manusia-2024.html"", ""rerank_score"": 2.5532703399658203}, {""chunk_id"": ""indeks-pembangunan-manusia-2024__sec_032__c001"", ""faiss_id"": 992, ""document_title"": ""Indeks Pembangunan Manusia 2024"", ""section_id"": ""sec_032"", ""page_start"": 59, ""page_end"": null, ""bps_url"": ""https://www.bps.go.id/id/publication/2025/05/15/dd9a3ce7dfae1c733e46338f/indeks-pembangunan-manusia-2024.html"", ""rerank_score"": 2.145601272583008}]","{""1"": ""Sumber ini tidak membahas pertanyaan tersebut."", ""2"": ""Sumber ini tidak membahas pertanyaan tersebut."", ""3"": ""Sumber ini tidak membahas pertanyaan tersebut."", ""4"": ""Sumber ini tidak membahas pertanyaan tersebut."", ""5"": ""Sumber ini tidak membahas pertanyaan tersebut.""}",2.823684594000042,3.335904638999864,"{""prompt_tokens"": 1949, ""completion_tokens"": 512, ""total_tokens"": 2461, ""prompt_tokens_details"": {""cached_tokens"": 1792}, ""completion_tokens_details"": {""reasoning_tokens"": 512}, ""prompt_cache_hit_tokens"": 1792, ""prompt_cache_miss_tokens"": 157}",8.472697172999915,ok,,85edb411a3706843a8043481e3d814b59ae4ba89dd02accf4a0c122fc94c22f2,False,,empty_answer,,empty_answer,,empty_answer
Q017,5_kesalahan_ketik,minor,Berapa persentase penduduk lanjut usia di Indonesia menurut publikasi Statistik Penduduk Lanjut Usia edsi terbaru?,S1_F01,,typo,TYPO-S1_F01,delete_1_character,typo_factual_retrieval,,minor,llama3.2-finetuned,"Teks menyatakan ""penduduk lansia di Indonesia mencapai sekitar 26,8 juta atau sekitar 9,93 persen dari seluruh jumlah penduduk"". Karena itu, persentase penduduk lanjut usia di Indonesia adalah sekitar 9,93 persen.",llama3.2-finetuned,"[""Persentase penduduk lanjut usia di Indonesia menurut publikasi Statistik Penduduk Lanjut Usia edsi terbaru.""]","[1] Indikator Kesejahteraan Rakyat 2023 | sec_021
Lanjut usia (Lansia) merupakan periode akhir dalam rentang hidup seseorang yang ditandai dengan perubahan dan penurunan kondisi fisik, psikologis dan sosial (Annisa & Ifdil 2016). Berdasarkan UndangUndang Nomor 13 Tahun 1998 tentang Kesejahteraan Lanjut Usia dan Peraturan Presiden Nomor 88 Tahun 2021 tentang Strategi Nasional Kelanjutusiaan, penduduk lansia adalah penduduk yang telah mencapai umur 60 tahun ke atas. Menurut Proyeksi Penduduk Indonesia Hasil Sensus Penduduk 2020, penduduk lansia di Indonesia mencapai sekitar 26,8 juta atau sekitar 9,93 persen dari seluruh jumlah penduduk, meningkat cukup signifikan dari 7,56 persen pada tahun 2010 (Proyeksi Penduduk Indonesia 2010-2035). Jumlah lansia diproyeksikan akan meningkat hingga 72,0 juta atau sekitar 21,9 persen pada tahun 2050. Peningkatan jumlah penduduk lansia ini merupakan imbas dari peningkatan kualitas kesehatan penduduk yang ditunjukkan dengan semakin meningkatnya usia harapan hidup. Lansia mengalami suatu fase Aging degeneratif dan penurunan fungsi tubuh sehingga lansia merupakan kategori kelompok rentan masalah kesehatan. Peningkatan jumlah penduduk lansia dapat berdampak positif apabila lansia tersebut dalam kondisi sehat, aktif dan produktif. Namun di sisi lain, besarnya jumlah lansia dapat menjadi beban negara jika mereka mengalami penurunan status kesehatan dengan tingkat disabilitas yang tinggi. Hal ini mengakibatkan produktivitas yang rendah, pendapatan yang tidak memadai dan tinggginya biaya pelayanan kesehatan. Isu tentang penduduk lanjut usia ini harus ditangani dengan baik sejak dini, karena jika tidak akan berpotensi sebagai salah satu beban negara. Untuk membentuk penduduk stakeholders lanjut usia yang produktif, diperlukan upaya yang terencana sejak dini, multidisiplin dan mengikutsertakan seluruh pemangku kepentingan mulai dari keluarga, masyarakat, pemerintah, dan pihak swasta.

[2] Statistik Penduduk Lanjut Usia 2023 | sec_022
Gambar 1.1 Persentase Lansia dan Umur Harapan Hidup Penduduk Indonesia, 2010-2022
Struktur penduduk dapat dikatakan penduduk tua apabila proporsi lansia 60 tahun ke atas sudah mencapai 10 persen atau lebih (Adioetomo 2018). Dengan mendasarkan pada pendapat tersebut, Indonesia saat ini telah berada pada struktur penduduk tua ( ageing population ), bahkan Indonesia sudah memasuki ageing population sejak tahun 2021. Persentase lansia Indonesia mengalami peningkatan setidaknya 4 persen selama lebih dari satu dekade (2010-2022) sehingga menjadi 11,75 persen. Umur harapan hidup juga meningkat dari 69,81 tahun pada 2010 menjadi 71,85 tahun di tahun 2022.
Statistik Penduduk Lanjut Usia 2023
4

Angka ini menggambarkan setidaknya setiap penduduk yang lahir di tahun 2022 berharap akan dapat hidup hingga berusia 71 s.d. 72 tahun.
Peningkatan jumlah lansia dapat memberikan keuntungan jika dikaitkan dengan adanya bonus demografi. Bonus demografi sendiri adalah sebuah kondisi ketika jumlah penduduk usia produktif lebih besar dari jumlah penduduk usia nonproduktif. Ageing population yang dialami Indonesia memiliki potensi untuk menjadi bonus demografi kedua. Bonus demografi kedua dideskripsikan sebagai keadaan suatu negara atau wilayah ketika proporsi dari penduduk yang berusia tua semakin banyak, namun masih produktif dan masih memberikan sumbangan bagi perekonomian negara (Heryanah 2015). Pada masa bonus demografi pertama, peran utama pembangunan dilakukan oleh penduduk usia produktif. Sementara itu, pada masa bonus demografi kedua, peran tersebut diambil alih oleh penduduk usia nonproduktif, yaitu lansia (Rapih (2019) dalam Hakim (2020)). Peningkatan penduduk lanjut usia yang dialami saat ini merupakan sesuatu yang tidak dapat dihindari mengingat jumlah mereka yang berusia produktif saat ini berlimpah, namun beberapa tahun yang akan datang mereka akan memasuki usia lanjut atau pensiun.

[3] Statistik Penduduk Lanjut Usia 2023 | sec_007
ABSTRAKSI
Sebagai dampak dari pembangunan berkelanjutan, penduduk lanjut usia (lansia) terus mengalami peningkatan baik dari sisi jumlah maupun proporsi. Perbaikan di bidang kesehatan, akses pendidikan, ketenagakerjaan, kualitas hidup, serta berbagai aspek sosial ekonomi lainnya, telah berpengaruh pada meningkatnya umur harapan hidup dan menurunnya angka kematian.
Sejak tahun 2021, Indonesia telah memasuki struktur penduduk tua ( ageing population ), di mana sekitar 1 dari 10 penduduk adalah lansia. Fenomena ageing population bisa menjadi bonus demografi kedua, yaitu ketika proporsi lansia semakin banyak tetapi masih produktif dan dapat memberikan sumbangan bagi perekonomian negara (Heryanah, 2015). Akan tetapi, lansia dapat menjadi tantangan pembangunan ketika tidak produktif dan menjadi bagian dari penduduk rentan. Publikasi ini bertujuan untuk menyajikan data dan informasi statistik penduduk lanjut usia, sebagai evaluasi perencanaan, kebijakan, dan program kesejahteraan lanjut usia di Indonesia. Sumber data yang digunakan di antaranya hasil Survei Sosial Ekonomi Nasional (Susenas) Maret 2023, Survei Angkatan Kerja Nasional (Sakernas) Agustus 2023, serta sumber data lainnya yang relevan.
Publikasi ini bertujuan untuk menyajikan data dan informasi statistik penduduk lanjut usia, sebagai evaluasi perencanaan, kebijakan, dan program kesejahteraan lanjut usia di Indonesia. Sumber data yang digunakan di antaranya hasil Survei Sosial Ekonomi Nasional (Susenas) Maret 2023, Survei Angkatan Kerja Nasional (Sakernas) Agustus 2023, serta sumber data lainnya yang relevan.

[4] Statistik Penduduk Lanjut Usia 2023 | sec_029
Gambar 2.1 Piramida Penduduk Indonesia, Tahun 1971, 2020, dan 2045
Rasio ketergantungan lansia menunjukkan perbandingan jumlah penduduk lanjut usia (60 tahun ke atas) terhadap jumlah penduduk usia produktif (15-59 tahun). Nilai rasio ketergantungan yang lebih dari 100 menunjukkan bahwa jumlah lansia lebih banyak daripada penduduk usia produktif. Dengan kata lain, satu penduduk usia produktif menanggung lebih dari satu penduduk lansia. Ukuran rasio ketergantungan lansia ini mengasumsikan semua penduduk usia produktif terserap dalam pasar kerja (berpenghasilan) dan penduduk lanjut usia tidak masuk dalam pasar kerja (tidak berpenghasilan).
Pergerakan rasio ketergantungan lansia sejalan dengan perkembangan persentase lansia di Indonesia. Secara umum, rasio ketergantungan lansia meningkat seiring dengan kenaikan persentase lansia. Pada tahun 2023, rasio ketergantungan lansia sebesar 17,08. Artinya, 100 penduduk usia produktif menanggung sebanyak 17 lansia. Atau dengan kata lain, satu orang lansia didukung oleh 6 penduduk usia produktif.
Statistik Penduduk Lanjut Usia 2023
16

[5] Statistik Penduduk Lanjut Usia 2023 | sec_025
1.4 Ketersediaan Data
Untuk memetakan situasi dan kondisi terkini lansia di Indonesia, serta untuk mendukung perencanaan dan evaluasi kebijakan dan program kesejahteraan lanjut usia, diperlukan data dan informasi terkait kelanjutusiaan, baik pada tingkat nasional maupun regional. Untuk menyikapi kondisi ini, BPS menyusun data dan informasi terkait penduduk lanjut usia dan mengemasnya menjadi suatu bentuk buku publikasi “Statistik Penduduk Lanjut Usia 2023”. Publikasi ini memuat informasi lansia yang dilihat dari berbagai aspek, yaitu demografi, pendidikan, kesehatan, ketenagakerjaan, sosial ekonomi, dan program kesejahteraan lanjut usia yang sudah dijalankan oleh pemerintah. Secara keseluruhan, publikasi ini menyajikan data dan informasi tentang lansia yang dapat dimanfaatkan sebagai bahan perencanaan, monitoring, dan evaluasi kebijakan maupun program pembangunan di bidang kelanjutusiaan. Data yang disajikan pada publikasi ini bersumber dari hasil Survei Sosial Ekonomi Nasional (Susenas), Survei Angkatan Kerja Nasional (Sakernas), Sensus Penduduk (SP), serta data sekunder dari Kementerian/Lembaga terkait. Publikasi ini disusun secara sistematis menjadi tujuh bagian dengan mempertimbangkan aspek-aspek yang mampu menggambarkan kondisi lansia Indonesia serta berbagai fenomena yang menyertainya. Ringkasan eksekutif di bagian awal publikasi dimaksudkan untuk memberikan gambaran ringkas dari keseluruhan isi publikasi. Metodologi dan penjelasan teknis serta konsep definisi variabel dan indikator yang digunakan pada publikasi ini akan dirinci pada bagian awal publikasi. Uraian yang rinci disajikan dalam bab-bab sesuai tema bahasan dari publikasi.
Bagian pertama (Bab 1) menyajikan bagaimana perjalanan penuaan penduduk Indonesia dari waktu ke waktu dan tantangan yang akan dihadapi serta kebijakan pemerintah terkait kelanjutusiaan. Pada Bab 2 akan dibahas
Statistik Penduduk Lanjut Usia 2023
10","[""Lanjut usia (Lansia) merupakan periode akhir dalam rentang hidup seseorang yang ditandai dengan perubahan dan penurunan kondisi fisik, psikologis dan sosial (Annisa & Ifdil 2016). Berdasarkan UndangUndang Nomor 13 Tahun 1998 tentang Kesejahteraan Lanjut Usia dan Peraturan Presiden Nomor 88 Tahun 2021 tentang Strategi Nasional Kelanjutusiaan, penduduk lansia adalah penduduk yang telah mencapai umur 60 tahun ke atas. Menurut Proyeksi Penduduk Indonesia Hasil Sensus Penduduk 2020, penduduk lansia di Indonesia mencapai sekitar 26,8 juta atau sekitar 9,93 persen dari seluruh jumlah penduduk, meningkat cukup signifikan dari 7,56 persen pada tahun 2010 (Proyeksi Penduduk Indonesia 2010-2035). Jumlah lansia diproyeksikan akan meningkat hingga 72,0 juta atau sekitar 21,9 persen pada tahun 2050. Peningkatan jumlah penduduk lansia ini merupakan imbas dari peningkatan kualitas kesehatan penduduk yang ditunjukkan dengan semakin meningkatnya usia harapan hidup. Lansia mengalami suatu fase Aging degeneratif dan penurunan fungsi tubuh sehingga lansia merupakan kategori kelompok rentan masalah kesehatan. Peningkatan jumlah penduduk lansia dapat berdampak positif apabila lansia tersebut dalam kondisi sehat, aktif dan produktif. Namun di sisi lain, besarnya jumlah lansia dapat menjadi beban negara jika mereka mengalami penurunan status kesehatan dengan tingkat disabilitas yang tinggi. Hal ini mengakibatkan produktivitas yang rendah, pendapatan yang tidak memadai dan tinggginya biaya pelayanan kesehatan. Isu tentang penduduk lanjut usia ini harus ditangani dengan baik sejak dini, karena jika tidak akan berpotensi sebagai salah satu beban negara. Untuk membentuk penduduk stakeholders lanjut usia yang produktif, diperlukan upaya yang terencana sejak dini, multidisiplin dan mengikutsertakan seluruh pemangku kepentingan mulai dari keluarga, masyarakat, pemerintah, dan pihak swasta."", ""Gambar 1.1 Persentase Lansia dan Umur Harapan Hidup Penduduk Indonesia, 2010-2022\nStruktur penduduk dapat dikatakan penduduk tua apabila proporsi lansia 60 tahun ke atas sudah mencapai 10 persen atau lebih (Adioetomo 2018). Dengan mendasarkan pada pendapat tersebut, Indonesia saat ini telah berada pada struktur penduduk tua ( ageing population ), bahkan Indonesia sudah memasuki ageing population sejak tahun 2021. Persentase lansia Indonesia mengalami peningkatan setidaknya 4 persen selama lebih dari satu dekade (2010-2022) sehingga menjadi 11,75 persen. Umur harapan hidup juga meningkat dari 69,81 tahun pada 2010 menjadi 71,85 tahun di tahun 2022.\nStatistik Penduduk Lanjut Usia 2023\n4\n\nAngka ini menggambarkan setidaknya setiap penduduk yang lahir di tahun 2022 berharap akan dapat hidup hingga berusia 71 s.d. 72 tahun.\nPeningkatan jumlah lansia dapat memberikan keuntungan jika dikaitkan dengan adanya bonus demografi. Bonus demografi sendiri adalah sebuah kondisi ketika jumlah penduduk usia produktif lebih besar dari jumlah penduduk usia nonproduktif. Ageing population yang dialami Indonesia memiliki potensi untuk menjadi bonus demografi kedua. Bonus demografi kedua dideskripsikan sebagai keadaan suatu negara atau wilayah ketika proporsi dari penduduk yang berusia tua semakin banyak, namun masih produktif dan masih memberikan sumbangan bagi perekonomian negara (Heryanah 2015). Pada masa bonus demografi pertama, peran utama pembangunan dilakukan oleh penduduk usia produktif. Sementara itu, pada masa bonus demografi kedua, peran tersebut diambil alih oleh penduduk usia nonproduktif, yaitu lansia (Rapih (2019) dalam Hakim (2020)). Peningkatan penduduk lanjut usia yang dialami saat ini merupakan sesuatu yang tidak dapat dihindari mengingat jumlah mereka yang berusia produktif saat ini berlimpah, namun beberapa tahun yang akan datang mereka akan memasuki usia lanjut atau pensiun."", ""ABSTRAKSI\nSebagai dampak dari pembangunan berkelanjutan, penduduk lanjut usia (lansia) terus mengalami peningkatan baik dari sisi jumlah maupun proporsi. Perbaikan di bidang kesehatan, akses pendidikan, ketenagakerjaan, kualitas hidup, serta berbagai aspek sosial ekonomi lainnya, telah berpengaruh pada meningkatnya umur harapan hidup dan menurunnya angka kematian.\nSejak tahun 2021, Indonesia telah memasuki struktur penduduk tua ( ageing population ), di mana sekitar 1 dari 10 penduduk adalah lansia. Fenomena ageing population bisa menjadi bonus demografi kedua, yaitu ketika proporsi lansia semakin banyak tetapi masih produktif dan dapat memberikan sumbangan bagi perekonomian negara (Heryanah, 2015). Akan tetapi, lansia dapat menjadi tantangan pembangunan ketika tidak produktif dan menjadi bagian dari penduduk rentan. Publikasi ini bertujuan untuk menyajikan data dan informasi statistik penduduk lanjut usia, sebagai evaluasi perencanaan, kebijakan, dan program kesejahteraan lanjut usia di Indonesia. Sumber data yang digunakan di antaranya hasil Survei Sosial Ekonomi Nasional (Susenas) Maret 2023, Survei Angkatan Kerja Nasional (Sakernas) Agustus 2023, serta sumber data lainnya yang relevan.\nPublikasi ini bertujuan untuk menyajikan data dan informasi statistik penduduk lanjut usia, sebagai evaluasi perencanaan, kebijakan, dan program kesejahteraan lanjut usia di Indonesia. Sumber data yang digunakan di antaranya hasil Survei Sosial Ekonomi Nasional (Susenas) Maret 2023, Survei Angkatan Kerja Nasional (Sakernas) Agustus 2023, serta sumber data lainnya yang relevan."", ""Gambar 2.1 Piramida Penduduk Indonesia, Tahun 1971, 2020, dan 2045\nRasio ketergantungan lansia menunjukkan perbandingan jumlah penduduk lanjut usia (60 tahun ke atas) terhadap jumlah penduduk usia produktif (15-59 tahun). Nilai rasio ketergantungan yang lebih dari 100 menunjukkan bahwa jumlah lansia lebih banyak daripada penduduk usia produktif. Dengan kata lain, satu penduduk usia produktif menanggung lebih dari satu penduduk lansia. Ukuran rasio ketergantungan lansia ini mengasumsikan semua penduduk usia produktif terserap dalam pasar kerja (berpenghasilan) dan penduduk lanjut usia tidak masuk dalam pasar kerja (tidak berpenghasilan).\nPergerakan rasio ketergantungan lansia sejalan dengan perkembangan persentase lansia di Indonesia. Secara umum, rasio ketergantungan lansia meningkat seiring dengan kenaikan persentase lansia. Pada tahun 2023, rasio ketergantungan lansia sebesar 17,08. Artinya, 100 penduduk usia produktif menanggung sebanyak 17 lansia. Atau dengan kata lain, satu orang lansia didukung oleh 6 penduduk usia produktif.\nStatistik Penduduk Lanjut Usia 2023\n16"", ""1.4 Ketersediaan Data\nUntuk memetakan situasi dan kondisi terkini lansia di Indonesia, serta untuk mendukung perencanaan dan evaluasi kebijakan dan program kesejahteraan lanjut usia, diperlukan data dan informasi terkait kelanjutusiaan, baik pada tingkat nasional maupun regional. Untuk menyikapi kondisi ini, BPS menyusun data dan informasi terkait penduduk lanjut usia dan mengemasnya menjadi suatu bentuk buku publikasi “Statistik Penduduk Lanjut Usia 2023”. Publikasi ini memuat informasi lansia yang dilihat dari berbagai aspek, yaitu demografi, pendidikan, kesehatan, ketenagakerjaan, sosial ekonomi, dan program kesejahteraan lanjut usia yang sudah dijalankan oleh pemerintah. Secara keseluruhan, publikasi ini menyajikan data dan informasi tentang lansia yang dapat dimanfaatkan sebagai bahan perencanaan, monitoring, dan evaluasi kebijakan maupun program pembangunan di bidang kelanjutusiaan. Data yang disajikan pada publikasi ini bersumber dari hasil Survei Sosial Ekonomi Nasional (Susenas), Survei Angkatan Kerja Nasional (Sakernas), Sensus Penduduk (SP), serta data sekunder dari Kementerian/Lembaga terkait. Publikasi ini disusun secara sistematis menjadi tujuh bagian dengan mempertimbangkan aspek-aspek yang mampu menggambarkan kondisi lansia Indonesia serta berbagai fenomena yang menyertainya. Ringkasan eksekutif di bagian awal publikasi dimaksudkan untuk memberikan gambaran ringkas dari keseluruhan isi publikasi. Metodologi dan penjelasan teknis serta konsep definisi variabel dan indikator yang digunakan pada publikasi ini akan dirinci pada bagian awal publikasi. Uraian yang rinci disajikan dalam bab-bab sesuai tema bahasan dari publikasi.\nBagian pertama (Bab 1) menyajikan bagaimana perjalanan penuaan penduduk Indonesia dari waktu ke waktu dan tantangan yang akan dihadapi serta kebijakan pemerintah terkait kelanjutusiaan. Pada Bab 2 akan dibahas\nStatistik Penduduk Lanjut Usia 2023\n10""]","[{""chunk_id"": ""indikator-kesejahteraan-rakyat-2023__sec_021__c002"", ""faiss_id"": 1613, ""document_title"": ""Indikator Kesejahteraan Rakyat 2023"", ""section_id"": ""sec_021"", ""page_start"": 23, ""page_end"": 25, ""bps_url"": ""https://www.bps.go.id/id/publication/2023/11/06/7807339c2dfaed0ca8e0beaa/indikator-kesejahteraan-rakyat-2023.html"", ""rerank_score"": 4.30715274810791}, {""chunk_id"": ""statistik-penduduk-lanjut-usia-2023__sec_022__c001"", ""faiss_id"": 20283, ""document_title"": ""Statistik Penduduk Lanjut Usia 2023"", ""section_id"": ""sec_022"", ""page_start"": 40, ""page_end"": 40, ""bps_url"": ""https://www.bps.go.id/id/publication/2023/12/29/5d308763ac29278dd5860fad/statistik-penduduk-lanjut-usia-2023.html"", ""rerank_score"": 3.6698684692382812}, {""chunk_id"": ""statistik-penduduk-lanjut-usia-2023__sec_007__c001"", ""faiss_id"": 20229, ""document_title"": ""Statistik Penduduk Lanjut Usia 2023"", ""section_id"": ""sec_007"", ""page_start"": 9, ""page_end"": 14, ""bps_url"": ""https://www.bps.go.id/id/publication/2023/12/29/5d308763ac29278dd5860fad/statistik-penduduk-lanjut-usia-2023.html"", ""rerank_score"": 3.304063558578491}, {""chunk_id"": ""statistik-penduduk-lanjut-usia-2023__sec_029__c001"", ""faiss_id"": 20298, ""document_title"": ""Statistik Penduduk Lanjut Usia 2023"", ""section_id"": ""sec_029"", ""page_start"": 52, ""page_end"": 53, ""bps_url"": ""https://www.bps.go.id/id/publication/2023/12/29/5d308763ac29278dd5860fad/statistik-penduduk-lanjut-usia-2023.html"", ""rerank_score"": 3.102051258087158}, {""chunk_id"": ""statistik-penduduk-lanjut-usia-2023__sec_025__c001"", ""faiss_id"": 20293, ""document_title"": ""Statistik Penduduk Lanjut Usia 2023"", ""section_id"": ""sec_025"", ""page_start"": 46, ""page_end"": 48, ""bps_url"": ""https://www.bps.go.id/id/publication/2023/12/29/5d308763ac29278dd5860fad/statistik-penduduk-lanjut-usia-2023.html"", ""rerank_score"": 2.3741159439086914}]","{""1"": ""penduduk lansia adalah penduduk yang telah mencapai umur 60 tahun ke atas"", ""2"": ""penduduk lansia di Indonesia mencapai sekitar 26,8 juta atau sekitar 9,93 persen dari seluruh jumlah penduduk"", ""3"": ""jumlah lansia diproyeksikan akan meningkat hingga 72,0 juta atau sekitar 21,9 persen pada tahun 2050"", ""4"": ""peningkatan jumlah penduduk lansia dapat memberikan keuntungan jika dikaitkan dengan adanya bonus demografi"", ""5"": ""rasio ketergantungan lansia sebesar 17,08 pada tahun 2023, artinya 100 penduduk usia produktif menanggung sebanyak 17 lansia"", ""6"": ""data dan informasi terkait penduduk lanjut usia disajikan dalam publikasi ini, bersumber dari hasil Survei Sosial Ekonomi Nasional (Susenas), Survei Angkatan Kerja Nasional (Sakernas), Sensus Penduduk (SP), serta data sekunder dari Kementerian/Lembaga terkait""}",2.902320765000013,2.049448400999836,"{""total_duration"": 2047556279, ""load_duration"": 1528741, ""prompt_eval_count"": 3001, ""prompt_eval_duration"": 22479000, ""eval_count"": 74, ""eval_duration"": 1566710000}",12.957463252000025,ok,,85edb411a3706843a8043481e3d814b59ae4ba89dd02accf4a0c122fc94c22f2,False,1.0,ok,0.6444255083577272,ok,1.0,ok
Q017,5_kesalahan_ketik,minor,Berapa persentase penduduk lanjut usia di Indonesia menurut publikasi Statistik Penduduk Lanjut Usia edsi terbaru?,S1_F01,,typo,TYPO-S1_F01,delete_1_character,typo_factual_retrieval,,minor,gemma2-finetuned,"Menurut publikasi Statistik Penduduk Lanjut Usia 2023, persentase lansia di Indonesia adalah 11,75 persen.",gemma2-finetuned,"[""Persentase penduduk lanjut usia menurut publikasi Statistik Penduduk Lanjut Usia edsi terbaru.""]","[1] Statistik Penduduk Lanjut Usia 2023 | sec_022
Gambar 1.1 Persentase Lansia dan Umur Harapan Hidup Penduduk Indonesia, 2010-2022
Struktur penduduk dapat dikatakan penduduk tua apabila proporsi lansia 60 tahun ke atas sudah mencapai 10 persen atau lebih (Adioetomo 2018). Dengan mendasarkan pada pendapat tersebut, Indonesia saat ini telah berada pada struktur penduduk tua ( ageing population ), bahkan Indonesia sudah memasuki ageing population sejak tahun 2021. Persentase lansia Indonesia mengalami peningkatan setidaknya 4 persen selama lebih dari satu dekade (2010-2022) sehingga menjadi 11,75 persen. Umur harapan hidup juga meningkat dari 69,81 tahun pada 2010 menjadi 71,85 tahun di tahun 2022.
Statistik Penduduk Lanjut Usia 2023
4

Angka ini menggambarkan setidaknya setiap penduduk yang lahir di tahun 2022 berharap akan dapat hidup hingga berusia 71 s.d. 72 tahun.
Peningkatan jumlah lansia dapat memberikan keuntungan jika dikaitkan dengan adanya bonus demografi. Bonus demografi sendiri adalah sebuah kondisi ketika jumlah penduduk usia produktif lebih besar dari jumlah penduduk usia nonproduktif. Ageing population yang dialami Indonesia memiliki potensi untuk menjadi bonus demografi kedua. Bonus demografi kedua dideskripsikan sebagai keadaan suatu negara atau wilayah ketika proporsi dari penduduk yang berusia tua semakin banyak, namun masih produktif dan masih memberikan sumbangan bagi perekonomian negara (Heryanah 2015). Pada masa bonus demografi pertama, peran utama pembangunan dilakukan oleh penduduk usia produktif. Sementara itu, pada masa bonus demografi kedua, peran tersebut diambil alih oleh penduduk usia nonproduktif, yaitu lansia (Rapih (2019) dalam Hakim (2020)). Peningkatan penduduk lanjut usia yang dialami saat ini merupakan sesuatu yang tidak dapat dihindari mengingat jumlah mereka yang berusia produktif saat ini berlimpah, namun beberapa tahun yang akan datang mereka akan memasuki usia lanjut atau pensiun.

[2] Statistik Penduduk Lanjut Usia 2023 | sec_007
ABSTRAKSI
Sebagai dampak dari pembangunan berkelanjutan, penduduk lanjut usia (lansia) terus mengalami peningkatan baik dari sisi jumlah maupun proporsi. Perbaikan di bidang kesehatan, akses pendidikan, ketenagakerjaan, kualitas hidup, serta berbagai aspek sosial ekonomi lainnya, telah berpengaruh pada meningkatnya umur harapan hidup dan menurunnya angka kematian.
Sejak tahun 2021, Indonesia telah memasuki struktur penduduk tua ( ageing population ), di mana sekitar 1 dari 10 penduduk adalah lansia. Fenomena ageing population bisa menjadi bonus demografi kedua, yaitu ketika proporsi lansia semakin banyak tetapi masih produktif dan dapat memberikan sumbangan bagi perekonomian negara (Heryanah, 2015). Akan tetapi, lansia dapat menjadi tantangan pembangunan ketika tidak produktif dan menjadi bagian dari penduduk rentan. Publikasi ini bertujuan untuk menyajikan data dan informasi statistik penduduk lanjut usia, sebagai evaluasi perencanaan, kebijakan, dan program kesejahteraan lanjut usia di Indonesia. Sumber data yang digunakan di antaranya hasil Survei Sosial Ekonomi Nasional (Susenas) Maret 2023, Survei Angkatan Kerja Nasional (Sakernas) Agustus 2023, serta sumber data lainnya yang relevan.
Publikasi ini bertujuan untuk menyajikan data dan informasi statistik penduduk lanjut usia, sebagai evaluasi perencanaan, kebijakan, dan program kesejahteraan lanjut usia di Indonesia. Sumber data yang digunakan di antaranya hasil Survei Sosial Ekonomi Nasional (Susenas) Maret 2023, Survei Angkatan Kerja Nasional (Sakernas) Agustus 2023, serta sumber data lainnya yang relevan.

[3] Statistik Penduduk Lanjut Usia 2023 | sec_029
Gambar 2.1 Piramida Penduduk Indonesia, Tahun 1971, 2020, dan 2045
Rasio ketergantungan lansia menunjukkan perbandingan jumlah penduduk lanjut usia (60 tahun ke atas) terhadap jumlah penduduk usia produktif (15-59 tahun). Nilai rasio ketergantungan yang lebih dari 100 menunjukkan bahwa jumlah lansia lebih banyak daripada penduduk usia produktif. Dengan kata lain, satu penduduk usia produktif menanggung lebih dari satu penduduk lansia. Ukuran rasio ketergantungan lansia ini mengasumsikan semua penduduk usia produktif terserap dalam pasar kerja (berpenghasilan) dan penduduk lanjut usia tidak masuk dalam pasar kerja (tidak berpenghasilan).
Pergerakan rasio ketergantungan lansia sejalan dengan perkembangan persentase lansia di Indonesia. Secara umum, rasio ketergantungan lansia meningkat seiring dengan kenaikan persentase lansia. Pada tahun 2023, rasio ketergantungan lansia sebesar 17,08. Artinya, 100 penduduk usia produktif menanggung sebanyak 17 lansia. Atau dengan kata lain, satu orang lansia didukung oleh 6 penduduk usia produktif.
Statistik Penduduk Lanjut Usia 2023
16

[4] Statistik Penduduk Lanjut Usia 2023 | sec_025
1.4 Ketersediaan Data
Untuk memetakan situasi dan kondisi terkini lansia di Indonesia, serta untuk mendukung perencanaan dan evaluasi kebijakan dan program kesejahteraan lanjut usia, diperlukan data dan informasi terkait kelanjutusiaan, baik pada tingkat nasional maupun regional. Untuk menyikapi kondisi ini, BPS menyusun data dan informasi terkait penduduk lanjut usia dan mengemasnya menjadi suatu bentuk buku publikasi “Statistik Penduduk Lanjut Usia 2023”. Publikasi ini memuat informasi lansia yang dilihat dari berbagai aspek, yaitu demografi, pendidikan, kesehatan, ketenagakerjaan, sosial ekonomi, dan program kesejahteraan lanjut usia yang sudah dijalankan oleh pemerintah. Secara keseluruhan, publikasi ini menyajikan data dan informasi tentang lansia yang dapat dimanfaatkan sebagai bahan perencanaan, monitoring, dan evaluasi kebijakan maupun program pembangunan di bidang kelanjutusiaan. Data yang disajikan pada publikasi ini bersumber dari hasil Survei Sosial Ekonomi Nasional (Susenas), Survei Angkatan Kerja Nasional (Sakernas), Sensus Penduduk (SP), serta data sekunder dari Kementerian/Lembaga terkait. Publikasi ini disusun secara sistematis menjadi tujuh bagian dengan mempertimbangkan aspek-aspek yang mampu menggambarkan kondisi lansia Indonesia serta berbagai fenomena yang menyertainya. Ringkasan eksekutif di bagian awal publikasi dimaksudkan untuk memberikan gambaran ringkas dari keseluruhan isi publikasi. Metodologi dan penjelasan teknis serta konsep definisi variabel dan indikator yang digunakan pada publikasi ini akan dirinci pada bagian awal publikasi. Uraian yang rinci disajikan dalam bab-bab sesuai tema bahasan dari publikasi.
Bagian pertama (Bab 1) menyajikan bagaimana perjalanan penuaan penduduk Indonesia dari waktu ke waktu dan tantangan yang akan dihadapi serta kebijakan pemerintah terkait kelanjutusiaan. Pada Bab 2 akan dibahas
Statistik Penduduk Lanjut Usia 2023
10

[5] Statistik Penduduk Lanjut Usia 2025 | sec_030
Sumber: Badan Pusat Statistik, Proyeksi Penduduk Indonesia hasil Sensus Penduduk 2020 Gambar 2.2 Tren Persentase Lansia dan Rasio Ketergantungan Lansia, 2020– 2025 Dilihat persebarannya (Gambar 2.3), tampak bahwa persentase lansia perempuan lebih besar dibanding laki-laki, yakni 52,16 persen berbanding 47,84 persen. Sementara itu, jika dilihat berdasarkan umur, komposisi lansia paling besar adalah lansia kelompok umur muda, yakni penduduk yang berumur 60–69 tahun, dengan persentase sebesar 63,72 persen, diikuti oleh lansia madya sebesar 28,94 persen, dan lansia tua sebesar 7,34 persen.
Sumber: Badan Pusat Statistik, Proyeksi Penduduk Indonesia hasil Sensus Penduduk 2020
Gambar 2.3 Persentase Lansia Menurut Karakteristik, 2025
Demografi
15

Jika dilihat berdasarkan penyebarannya pada level provinsi, setidaknya ada 16 provinsi yang telah memasuki fase struktur penduduk tua karena persentase penduduk lansia yang sudah di atas 10 persen. Provinsi DI Yogyakarta menempati posisi teratas dengan persentase lansia sebesar 17,78 persen. Jawa Timur menyusul dengan persentase lansia sebesar 15,40 persen, diikuti oleh Bali dengan persentase lansia sekitar 15,03 persen. Sedangkan provinsi dengan proporsi penduduk lansia terendah yakni Provinsi Papua Tengah sebesar 6,69 persen.
44 r. gag * N $7 a wt,te mewh if dengan persentase lansia ~ YJ DI Yogyakarta (17,78%) 4 yang terendah (6,69%) Persentase Lansia Menurut Provinsi, 2025
Sumber: Badan Pusat Statistik, Proyeksi Penduduk Indonesia hasil Sensus Penduduk 2020 Gambar 2.4 Persentase Lansia Menurut Provinsi, 2025","[""Gambar 1.1 Persentase Lansia dan Umur Harapan Hidup Penduduk Indonesia, 2010-2022\nStruktur penduduk dapat dikatakan penduduk tua apabila proporsi lansia 60 tahun ke atas sudah mencapai 10 persen atau lebih (Adioetomo 2018). Dengan mendasarkan pada pendapat tersebut, Indonesia saat ini telah berada pada struktur penduduk tua ( ageing population ), bahkan Indonesia sudah memasuki ageing population sejak tahun 2021. Persentase lansia Indonesia mengalami peningkatan setidaknya 4 persen selama lebih dari satu dekade (2010-2022) sehingga menjadi 11,75 persen. Umur harapan hidup juga meningkat dari 69,81 tahun pada 2010 menjadi 71,85 tahun di tahun 2022.\nStatistik Penduduk Lanjut Usia 2023\n4\n\nAngka ini menggambarkan setidaknya setiap penduduk yang lahir di tahun 2022 berharap akan dapat hidup hingga berusia 71 s.d. 72 tahun.\nPeningkatan jumlah lansia dapat memberikan keuntungan jika dikaitkan dengan adanya bonus demografi. Bonus demografi sendiri adalah sebuah kondisi ketika jumlah penduduk usia produktif lebih besar dari jumlah penduduk usia nonproduktif. Ageing population yang dialami Indonesia memiliki potensi untuk menjadi bonus demografi kedua. Bonus demografi kedua dideskripsikan sebagai keadaan suatu negara atau wilayah ketika proporsi dari penduduk yang berusia tua semakin banyak, namun masih produktif dan masih memberikan sumbangan bagi perekonomian negara (Heryanah 2015). Pada masa bonus demografi pertama, peran utama pembangunan dilakukan oleh penduduk usia produktif. Sementara itu, pada masa bonus demografi kedua, peran tersebut diambil alih oleh penduduk usia nonproduktif, yaitu lansia (Rapih (2019) dalam Hakim (2020)). Peningkatan penduduk lanjut usia yang dialami saat ini merupakan sesuatu yang tidak dapat dihindari mengingat jumlah mereka yang berusia produktif saat ini berlimpah, namun beberapa tahun yang akan datang mereka akan memasuki usia lanjut atau pensiun."", ""ABSTRAKSI\nSebagai dampak dari pembangunan berkelanjutan, penduduk lanjut usia (lansia) terus mengalami peningkatan baik dari sisi jumlah maupun proporsi. Perbaikan di bidang kesehatan, akses pendidikan, ketenagakerjaan, kualitas hidup, serta berbagai aspek sosial ekonomi lainnya, telah berpengaruh pada meningkatnya umur harapan hidup dan menurunnya angka kematian.\nSejak tahun 2021, Indonesia telah memasuki struktur penduduk tua ( ageing population ), di mana sekitar 1 dari 10 penduduk adalah lansia. Fenomena ageing population bisa menjadi bonus demografi kedua, yaitu ketika proporsi lansia semakin banyak tetapi masih produktif dan dapat memberikan sumbangan bagi perekonomian negara (Heryanah, 2015). Akan tetapi, lansia dapat menjadi tantangan pembangunan ketika tidak produktif dan menjadi bagian dari penduduk rentan. Publikasi ini bertujuan untuk menyajikan data dan informasi statistik penduduk lanjut usia, sebagai evaluasi perencanaan, kebijakan, dan program kesejahteraan lanjut usia di Indonesia. Sumber data yang digunakan di antaranya hasil Survei Sosial Ekonomi Nasional (Susenas) Maret 2023, Survei Angkatan Kerja Nasional (Sakernas) Agustus 2023, serta sumber data lainnya yang relevan.\nPublikasi ini bertujuan untuk menyajikan data dan informasi statistik penduduk lanjut usia, sebagai evaluasi perencanaan, kebijakan, dan program kesejahteraan lanjut usia di Indonesia. Sumber data yang digunakan di antaranya hasil Survei Sosial Ekonomi Nasional (Susenas) Maret 2023, Survei Angkatan Kerja Nasional (Sakernas) Agustus 2023, serta sumber data lainnya yang relevan."", ""Gambar 2.1 Piramida Penduduk Indonesia, Tahun 1971, 2020, dan 2045\nRasio ketergantungan lansia menunjukkan perbandingan jumlah penduduk lanjut usia (60 tahun ke atas) terhadap jumlah penduduk usia produktif (15-59 tahun). Nilai rasio ketergantungan yang lebih dari 100 menunjukkan bahwa jumlah lansia lebih banyak daripada penduduk usia produktif. Dengan kata lain, satu penduduk usia produktif menanggung lebih dari satu penduduk lansia. Ukuran rasio ketergantungan lansia ini mengasumsikan semua penduduk usia produktif terserap dalam pasar kerja (berpenghasilan) dan penduduk lanjut usia tidak masuk dalam pasar kerja (tidak berpenghasilan).\nPergerakan rasio ketergantungan lansia sejalan dengan perkembangan persentase lansia di Indonesia. Secara umum, rasio ketergantungan lansia meningkat seiring dengan kenaikan persentase lansia. Pada tahun 2023, rasio ketergantungan lansia sebesar 17,08. Artinya, 100 penduduk usia produktif menanggung sebanyak 17 lansia. Atau dengan kata lain, satu orang lansia didukung oleh 6 penduduk usia produktif.\nStatistik Penduduk Lanjut Usia 2023\n16"", ""1.4 Ketersediaan Data\nUntuk memetakan situasi dan kondisi terkini lansia di Indonesia, serta untuk mendukung perencanaan dan evaluasi kebijakan dan program kesejahteraan lanjut usia, diperlukan data dan informasi terkait kelanjutusiaan, baik pada tingkat nasional maupun regional. Untuk menyikapi kondisi ini, BPS menyusun data dan informasi terkait penduduk lanjut usia dan mengemasnya menjadi suatu bentuk buku publikasi “Statistik Penduduk Lanjut Usia 2023”. Publikasi ini memuat informasi lansia yang dilihat dari berbagai aspek, yaitu demografi, pendidikan, kesehatan, ketenagakerjaan, sosial ekonomi, dan program kesejahteraan lanjut usia yang sudah dijalankan oleh pemerintah. Secara keseluruhan, publikasi ini menyajikan data dan informasi tentang lansia yang dapat dimanfaatkan sebagai bahan perencanaan, monitoring, dan evaluasi kebijakan maupun program pembangunan di bidang kelanjutusiaan. Data yang disajikan pada publikasi ini bersumber dari hasil Survei Sosial Ekonomi Nasional (Susenas), Survei Angkatan Kerja Nasional (Sakernas), Sensus Penduduk (SP), serta data sekunder dari Kementerian/Lembaga terkait. Publikasi ini disusun secara sistematis menjadi tujuh bagian dengan mempertimbangkan aspek-aspek yang mampu menggambarkan kondisi lansia Indonesia serta berbagai fenomena yang menyertainya. Ringkasan eksekutif di bagian awal publikasi dimaksudkan untuk memberikan gambaran ringkas dari keseluruhan isi publikasi. Metodologi dan penjelasan teknis serta konsep definisi variabel dan indikator yang digunakan pada publikasi ini akan dirinci pada bagian awal publikasi. Uraian yang rinci disajikan dalam bab-bab sesuai tema bahasan dari publikasi.\nBagian pertama (Bab 1) menyajikan bagaimana perjalanan penuaan penduduk Indonesia dari waktu ke waktu dan tantangan yang akan dihadapi serta kebijakan pemerintah terkait kelanjutusiaan. Pada Bab 2 akan dibahas\nStatistik Penduduk Lanjut Usia 2023\n10"", ""Sumber: Badan Pusat Statistik, Proyeksi Penduduk Indonesia hasil Sensus Penduduk 2020 Gambar 2.2 Tren Persentase Lansia dan Rasio Ketergantungan Lansia, 2020– 2025 Dilihat persebarannya (Gambar 2.3), tampak bahwa persentase lansia perempuan lebih besar dibanding laki-laki, yakni 52,16 persen berbanding 47,84 persen. Sementara itu, jika dilihat berdasarkan umur, komposisi lansia paling besar adalah lansia kelompok umur muda, yakni penduduk yang berumur 60–69 tahun, dengan persentase sebesar 63,72 persen, diikuti oleh lansia madya sebesar 28,94 persen, dan lansia tua sebesar 7,34 persen.\nSumber: Badan Pusat Statistik, Proyeksi Penduduk Indonesia hasil Sensus Penduduk 2020\nGambar 2.3 Persentase Lansia Menurut Karakteristik, 2025\nDemografi\n15\n\nJika dilihat berdasarkan penyebarannya pada level provinsi, setidaknya ada 16 provinsi yang telah memasuki fase struktur penduduk tua karena persentase penduduk lansia yang sudah di atas 10 persen. Provinsi DI Yogyakarta menempati posisi teratas dengan persentase lansia sebesar 17,78 persen. Jawa Timur menyusul dengan persentase lansia sebesar 15,40 persen, diikuti oleh Bali dengan persentase lansia sekitar 15,03 persen. Sedangkan provinsi dengan proporsi penduduk lansia terendah yakni Provinsi Papua Tengah sebesar 6,69 persen.\n44 r. gag * N $7 a wt,te mewh if dengan persentase lansia ~ YJ DI Yogyakarta (17,78%) 4 yang terendah (6,69%) Persentase Lansia Menurut Provinsi, 2025\nSumber: Badan Pusat Statistik, Proyeksi Penduduk Indonesia hasil Sensus Penduduk 2020 Gambar 2.4 Persentase Lansia Menurut Provinsi, 2025""]","[{""chunk_id"": ""statistik-penduduk-lanjut-usia-2023__sec_022__c001"", ""faiss_id"": 20283, ""document_title"": ""Statistik Penduduk Lanjut Usia 2023"", ""section_id"": ""sec_022"", ""page_start"": 40, ""page_end"": 40, ""bps_url"": ""https://www.bps.go.id/id/publication/2023/12/29/5d308763ac29278dd5860fad/statistik-penduduk-lanjut-usia-2023.html"", ""rerank_score"": 3.6698684692382812}, {""chunk_id"": ""statistik-penduduk-lanjut-usia-2023__sec_007__c001"", ""faiss_id"": 20229, ""document_title"": ""Statistik Penduduk Lanjut Usia 2023"", ""section_id"": ""sec_007"", ""page_start"": 9, ""page_end"": 14, ""bps_url"": ""https://www.bps.go.id/id/publication/2023/12/29/5d308763ac29278dd5860fad/statistik-penduduk-lanjut-usia-2023.html"", ""rerank_score"": 3.304063558578491}, {""chunk_id"": ""statistik-penduduk-lanjut-usia-2023__sec_029__c001"", ""faiss_id"": 20298, ""document_title"": ""Statistik Penduduk Lanjut Usia 2023"", ""section_id"": ""sec_029"", ""page_start"": 52, ""page_end"": 53, ""bps_url"": ""https://www.bps.go.id/id/publication/2023/12/29/5d308763ac29278dd5860fad/statistik-penduduk-lanjut-usia-2023.html"", ""rerank_score"": 3.102051258087158}, {""chunk_id"": ""statistik-penduduk-lanjut-usia-2023__sec_025__c001"", ""faiss_id"": 20293, ""document_title"": ""Statistik Penduduk Lanjut Usia 2023"", ""section_id"": ""sec_025"", ""page_start"": 46, ""page_end"": 48, ""bps_url"": ""https://www.bps.go.id/id/publication/2023/12/29/5d308763ac29278dd5860fad/statistik-penduduk-lanjut-usia-2023.html"", ""rerank_score"": 2.3741159439086914}, {""chunk_id"": ""statistik-penduduk-lanjut-usia-2025__sec_030__c002"", ""faiss_id"": 21123, ""document_title"": ""Statistik Penduduk Lanjut Usia 2025"", ""section_id"": ""sec_030"", ""page_start"": 48, ""page_end"": 49, ""bps_url"": ""https://www.bps.go.id/id/publication/2025/12/12/868d335b088dcddc3ddee052/statistik-penduduk-lanjut-usia-2025.html"", ""rerank_score"": 1.7776395082473755}]",{},2.9268119540001862,1.6498317969999334,"{""total_duration"": 1647834148, ""load_duration"": 1544166, ""prompt_eval_count"": 2267, ""prompt_eval_duration"": 517361999, ""eval_count"": 34, ""eval_duration"": 633590000}",14.703748960999974,ok,,85edb411a3706843a8043481e3d814b59ae4ba89dd02accf4a0c122fc94c22f2,False,1.0,ok,0.8363287579525217,ok,1.0,ok
Q017,5_kesalahan_ketik,minor,Berapa persentase penduduk lanjut usia di Indonesia menurut publikasi Statistik Penduduk Lanjut Usia edsi terbaru?,S1_F01,,typo,TYPO-S1_F01,delete_1_character,typo_factual_retrieval,,minor,deepseek-flash,,deepseek-flash,[],"[1] Indikator Kesejahteraan Rakyat 2023 | sec_021
Lanjut usia (Lansia) merupakan periode akhir dalam rentang hidup seseorang yang ditandai dengan perubahan dan penurunan kondisi fisik, psikologis dan sosial (Annisa & Ifdil 2016). Berdasarkan UndangUndang Nomor 13 Tahun 1998 tentang Kesejahteraan Lanjut Usia dan Peraturan Presiden Nomor 88 Tahun 2021 tentang Strategi Nasional Kelanjutusiaan, penduduk lansia adalah penduduk yang telah mencapai umur 60 tahun ke atas. Menurut Proyeksi Penduduk Indonesia Hasil Sensus Penduduk 2020, penduduk lansia di Indonesia mencapai sekitar 26,8 juta atau sekitar 9,93 persen dari seluruh jumlah penduduk, meningkat cukup signifikan dari 7,56 persen pada tahun 2010 (Proyeksi Penduduk Indonesia 2010-2035). Jumlah lansia diproyeksikan akan meningkat hingga 72,0 juta atau sekitar 21,9 persen pada tahun 2050. Peningkatan jumlah penduduk lansia ini merupakan imbas dari peningkatan kualitas kesehatan penduduk yang ditunjukkan dengan semakin meningkatnya usia harapan hidup. Lansia mengalami suatu fase Aging degeneratif dan penurunan fungsi tubuh sehingga lansia merupakan kategori kelompok rentan masalah kesehatan. Peningkatan jumlah penduduk lansia dapat berdampak positif apabila lansia tersebut dalam kondisi sehat, aktif dan produktif. Namun di sisi lain, besarnya jumlah lansia dapat menjadi beban negara jika mereka mengalami penurunan status kesehatan dengan tingkat disabilitas yang tinggi. Hal ini mengakibatkan produktivitas yang rendah, pendapatan yang tidak memadai dan tinggginya biaya pelayanan kesehatan. Isu tentang penduduk lanjut usia ini harus ditangani dengan baik sejak dini, karena jika tidak akan berpotensi sebagai salah satu beban negara. Untuk membentuk penduduk stakeholders lanjut usia yang produktif, diperlukan upaya yang terencana sejak dini, multidisiplin dan mengikutsertakan seluruh pemangku kepentingan mulai dari keluarga, masyarakat, pemerintah, dan pihak swasta.

[2] Statistik Penduduk Lanjut Usia 2023 | sec_022
Gambar 1.1 Persentase Lansia dan Umur Harapan Hidup Penduduk Indonesia, 2010-2022
Struktur penduduk dapat dikatakan penduduk tua apabila proporsi lansia 60 tahun ke atas sudah mencapai 10 persen atau lebih (Adioetomo 2018). Dengan mendasarkan pada pendapat tersebut, Indonesia saat ini telah berada pada struktur penduduk tua ( ageing population ), bahkan Indonesia sudah memasuki ageing population sejak tahun 2021. Persentase lansia Indonesia mengalami peningkatan setidaknya 4 persen selama lebih dari satu dekade (2010-2022) sehingga menjadi 11,75 persen. Umur harapan hidup juga meningkat dari 69,81 tahun pada 2010 menjadi 71,85 tahun di tahun 2022.
Statistik Penduduk Lanjut Usia 2023
4

Angka ini menggambarkan setidaknya setiap penduduk yang lahir di tahun 2022 berharap akan dapat hidup hingga berusia 71 s.d. 72 tahun.
Peningkatan jumlah lansia dapat memberikan keuntungan jika dikaitkan dengan adanya bonus demografi. Bonus demografi sendiri adalah sebuah kondisi ketika jumlah penduduk usia produktif lebih besar dari jumlah penduduk usia nonproduktif. Ageing population yang dialami Indonesia memiliki potensi untuk menjadi bonus demografi kedua. Bonus demografi kedua dideskripsikan sebagai keadaan suatu negara atau wilayah ketika proporsi dari penduduk yang berusia tua semakin banyak, namun masih produktif dan masih memberikan sumbangan bagi perekonomian negara (Heryanah 2015). Pada masa bonus demografi pertama, peran utama pembangunan dilakukan oleh penduduk usia produktif. Sementara itu, pada masa bonus demografi kedua, peran tersebut diambil alih oleh penduduk usia nonproduktif, yaitu lansia (Rapih (2019) dalam Hakim (2020)). Peningkatan penduduk lanjut usia yang dialami saat ini merupakan sesuatu yang tidak dapat dihindari mengingat jumlah mereka yang berusia produktif saat ini berlimpah, namun beberapa tahun yang akan datang mereka akan memasuki usia lanjut atau pensiun.

[3] Statistik Penduduk Lanjut Usia 2023 | sec_007
ABSTRAKSI
Sebagai dampak dari pembangunan berkelanjutan, penduduk lanjut usia (lansia) terus mengalami peningkatan baik dari sisi jumlah maupun proporsi. Perbaikan di bidang kesehatan, akses pendidikan, ketenagakerjaan, kualitas hidup, serta berbagai aspek sosial ekonomi lainnya, telah berpengaruh pada meningkatnya umur harapan hidup dan menurunnya angka kematian.
Sejak tahun 2021, Indonesia telah memasuki struktur penduduk tua ( ageing population ), di mana sekitar 1 dari 10 penduduk adalah lansia. Fenomena ageing population bisa menjadi bonus demografi kedua, yaitu ketika proporsi lansia semakin banyak tetapi masih produktif dan dapat memberikan sumbangan bagi perekonomian negara (Heryanah, 2015). Akan tetapi, lansia dapat menjadi tantangan pembangunan ketika tidak produktif dan menjadi bagian dari penduduk rentan. Publikasi ini bertujuan untuk menyajikan data dan informasi statistik penduduk lanjut usia, sebagai evaluasi perencanaan, kebijakan, dan program kesejahteraan lanjut usia di Indonesia. Sumber data yang digunakan di antaranya hasil Survei Sosial Ekonomi Nasional (Susenas) Maret 2023, Survei Angkatan Kerja Nasional (Sakernas) Agustus 2023, serta sumber data lainnya yang relevan.
Publikasi ini bertujuan untuk menyajikan data dan informasi statistik penduduk lanjut usia, sebagai evaluasi perencanaan, kebijakan, dan program kesejahteraan lanjut usia di Indonesia. Sumber data yang digunakan di antaranya hasil Survei Sosial Ekonomi Nasional (Susenas) Maret 2023, Survei Angkatan Kerja Nasional (Sakernas) Agustus 2023, serta sumber data lainnya yang relevan.

[4] Statistik Penduduk Lanjut Usia 2023 | sec_029
Gambar 2.1 Piramida Penduduk Indonesia, Tahun 1971, 2020, dan 2045
Rasio ketergantungan lansia menunjukkan perbandingan jumlah penduduk lanjut usia (60 tahun ke atas) terhadap jumlah penduduk usia produktif (15-59 tahun). Nilai rasio ketergantungan yang lebih dari 100 menunjukkan bahwa jumlah lansia lebih banyak daripada penduduk usia produktif. Dengan kata lain, satu penduduk usia produktif menanggung lebih dari satu penduduk lansia. Ukuran rasio ketergantungan lansia ini mengasumsikan semua penduduk usia produktif terserap dalam pasar kerja (berpenghasilan) dan penduduk lanjut usia tidak masuk dalam pasar kerja (tidak berpenghasilan).
Pergerakan rasio ketergantungan lansia sejalan dengan perkembangan persentase lansia di Indonesia. Secara umum, rasio ketergantungan lansia meningkat seiring dengan kenaikan persentase lansia. Pada tahun 2023, rasio ketergantungan lansia sebesar 17,08. Artinya, 100 penduduk usia produktif menanggung sebanyak 17 lansia. Atau dengan kata lain, satu orang lansia didukung oleh 6 penduduk usia produktif.
Statistik Penduduk Lanjut Usia 2023
16

[5] Statistik Penduduk Lanjut Usia 2023 | sec_025
1.4 Ketersediaan Data
Untuk memetakan situasi dan kondisi terkini lansia di Indonesia, serta untuk mendukung perencanaan dan evaluasi kebijakan dan program kesejahteraan lanjut usia, diperlukan data dan informasi terkait kelanjutusiaan, baik pada tingkat nasional maupun regional. Untuk menyikapi kondisi ini, BPS menyusun data dan informasi terkait penduduk lanjut usia dan mengemasnya menjadi suatu bentuk buku publikasi “Statistik Penduduk Lanjut Usia 2023”. Publikasi ini memuat informasi lansia yang dilihat dari berbagai aspek, yaitu demografi, pendidikan, kesehatan, ketenagakerjaan, sosial ekonomi, dan program kesejahteraan lanjut usia yang sudah dijalankan oleh pemerintah. Secara keseluruhan, publikasi ini menyajikan data dan informasi tentang lansia yang dapat dimanfaatkan sebagai bahan perencanaan, monitoring, dan evaluasi kebijakan maupun program pembangunan di bidang kelanjutusiaan. Data yang disajikan pada publikasi ini bersumber dari hasil Survei Sosial Ekonomi Nasional (Susenas), Survei Angkatan Kerja Nasional (Sakernas), Sensus Penduduk (SP), serta data sekunder dari Kementerian/Lembaga terkait. Publikasi ini disusun secara sistematis menjadi tujuh bagian dengan mempertimbangkan aspek-aspek yang mampu menggambarkan kondisi lansia Indonesia serta berbagai fenomena yang menyertainya. Ringkasan eksekutif di bagian awal publikasi dimaksudkan untuk memberikan gambaran ringkas dari keseluruhan isi publikasi. Metodologi dan penjelasan teknis serta konsep definisi variabel dan indikator yang digunakan pada publikasi ini akan dirinci pada bagian awal publikasi. Uraian yang rinci disajikan dalam bab-bab sesuai tema bahasan dari publikasi.
Bagian pertama (Bab 1) menyajikan bagaimana perjalanan penuaan penduduk Indonesia dari waktu ke waktu dan tantangan yang akan dihadapi serta kebijakan pemerintah terkait kelanjutusiaan. Pada Bab 2 akan dibahas
Statistik Penduduk Lanjut Usia 2023
10","[""Lanjut usia (Lansia) merupakan periode akhir dalam rentang hidup seseorang yang ditandai dengan perubahan dan penurunan kondisi fisik, psikologis dan sosial (Annisa & Ifdil 2016). Berdasarkan UndangUndang Nomor 13 Tahun 1998 tentang Kesejahteraan Lanjut Usia dan Peraturan Presiden Nomor 88 Tahun 2021 tentang Strategi Nasional Kelanjutusiaan, penduduk lansia adalah penduduk yang telah mencapai umur 60 tahun ke atas. Menurut Proyeksi Penduduk Indonesia Hasil Sensus Penduduk 2020, penduduk lansia di Indonesia mencapai sekitar 26,8 juta atau sekitar 9,93 persen dari seluruh jumlah penduduk, meningkat cukup signifikan dari 7,56 persen pada tahun 2010 (Proyeksi Penduduk Indonesia 2010-2035). Jumlah lansia diproyeksikan akan meningkat hingga 72,0 juta atau sekitar 21,9 persen pada tahun 2050. Peningkatan jumlah penduduk lansia ini merupakan imbas dari peningkatan kualitas kesehatan penduduk yang ditunjukkan dengan semakin meningkatnya usia harapan hidup. Lansia mengalami suatu fase Aging degeneratif dan penurunan fungsi tubuh sehingga lansia merupakan kategori kelompok rentan masalah kesehatan. Peningkatan jumlah penduduk lansia dapat berdampak positif apabila lansia tersebut dalam kondisi sehat, aktif dan produktif. Namun di sisi lain, besarnya jumlah lansia dapat menjadi beban negara jika mereka mengalami penurunan status kesehatan dengan tingkat disabilitas yang tinggi. Hal ini mengakibatkan produktivitas yang rendah, pendapatan yang tidak memadai dan tinggginya biaya pelayanan kesehatan. Isu tentang penduduk lanjut usia ini harus ditangani dengan baik sejak dini, karena jika tidak akan berpotensi sebagai salah satu beban negara. Untuk membentuk penduduk stakeholders lanjut usia yang produktif, diperlukan upaya yang terencana sejak dini, multidisiplin dan mengikutsertakan seluruh pemangku kepentingan mulai dari keluarga, masyarakat, pemerintah, dan pihak swasta."", ""Gambar 1.1 Persentase Lansia dan Umur Harapan Hidup Penduduk Indonesia, 2010-2022\nStruktur penduduk dapat dikatakan penduduk tua apabila proporsi lansia 60 tahun ke atas sudah mencapai 10 persen atau lebih (Adioetomo 2018). Dengan mendasarkan pada pendapat tersebut, Indonesia saat ini telah berada pada struktur penduduk tua ( ageing population ), bahkan Indonesia sudah memasuki ageing population sejak tahun 2021. Persentase lansia Indonesia mengalami peningkatan setidaknya 4 persen selama lebih dari satu dekade (2010-2022) sehingga menjadi 11,75 persen. Umur harapan hidup juga meningkat dari 69,81 tahun pada 2010 menjadi 71,85 tahun di tahun 2022.\nStatistik Penduduk Lanjut Usia 2023\n4\n\nAngka ini menggambarkan setidaknya setiap penduduk yang lahir di tahun 2022 berharap akan dapat hidup hingga berusia 71 s.d. 72 tahun.\nPeningkatan jumlah lansia dapat memberikan keuntungan jika dikaitkan dengan adanya bonus demografi. Bonus demografi sendiri adalah sebuah kondisi ketika jumlah penduduk usia produktif lebih besar dari jumlah penduduk usia nonproduktif. Ageing population yang dialami Indonesia memiliki potensi untuk menjadi bonus demografi kedua. Bonus demografi kedua dideskripsikan sebagai keadaan suatu negara atau wilayah ketika proporsi dari penduduk yang berusia tua semakin banyak, namun masih produktif dan masih memberikan sumbangan bagi perekonomian negara (Heryanah 2015). Pada masa bonus demografi pertama, peran utama pembangunan dilakukan oleh penduduk usia produktif. Sementara itu, pada masa bonus demografi kedua, peran tersebut diambil alih oleh penduduk usia nonproduktif, yaitu lansia (Rapih (2019) dalam Hakim (2020)). Peningkatan penduduk lanjut usia yang dialami saat ini merupakan sesuatu yang tidak dapat dihindari mengingat jumlah mereka yang berusia produktif saat ini berlimpah, namun beberapa tahun yang akan datang mereka akan memasuki usia lanjut atau pensiun."", ""ABSTRAKSI\nSebagai dampak dari pembangunan berkelanjutan, penduduk lanjut usia (lansia) terus mengalami peningkatan baik dari sisi jumlah maupun proporsi. Perbaikan di bidang kesehatan, akses pendidikan, ketenagakerjaan, kualitas hidup, serta berbagai aspek sosial ekonomi lainnya, telah berpengaruh pada meningkatnya umur harapan hidup dan menurunnya angka kematian.\nSejak tahun 2021, Indonesia telah memasuki struktur penduduk tua ( ageing population ), di mana sekitar 1 dari 10 penduduk adalah lansia. Fenomena ageing population bisa menjadi bonus demografi kedua, yaitu ketika proporsi lansia semakin banyak tetapi masih produktif dan dapat memberikan sumbangan bagi perekonomian negara (Heryanah, 2015). Akan tetapi, lansia dapat menjadi tantangan pembangunan ketika tidak produktif dan menjadi bagian dari penduduk rentan. Publikasi ini bertujuan untuk menyajikan data dan informasi statistik penduduk lanjut usia, sebagai evaluasi perencanaan, kebijakan, dan program kesejahteraan lanjut usia di Indonesia. Sumber data yang digunakan di antaranya hasil Survei Sosial Ekonomi Nasional (Susenas) Maret 2023, Survei Angkatan Kerja Nasional (Sakernas) Agustus 2023, serta sumber data lainnya yang relevan.\nPublikasi ini bertujuan untuk menyajikan data dan informasi statistik penduduk lanjut usia, sebagai evaluasi perencanaan, kebijakan, dan program kesejahteraan lanjut usia di Indonesia. Sumber data yang digunakan di antaranya hasil Survei Sosial Ekonomi Nasional (Susenas) Maret 2023, Survei Angkatan Kerja Nasional (Sakernas) Agustus 2023, serta sumber data lainnya yang relevan."", ""Gambar 2.1 Piramida Penduduk Indonesia, Tahun 1971, 2020, dan 2045\nRasio ketergantungan lansia menunjukkan perbandingan jumlah penduduk lanjut usia (60 tahun ke atas) terhadap jumlah penduduk usia produktif (15-59 tahun). Nilai rasio ketergantungan yang lebih dari 100 menunjukkan bahwa jumlah lansia lebih banyak daripada penduduk usia produktif. Dengan kata lain, satu penduduk usia produktif menanggung lebih dari satu penduduk lansia. Ukuran rasio ketergantungan lansia ini mengasumsikan semua penduduk usia produktif terserap dalam pasar kerja (berpenghasilan) dan penduduk lanjut usia tidak masuk dalam pasar kerja (tidak berpenghasilan).\nPergerakan rasio ketergantungan lansia sejalan dengan perkembangan persentase lansia di Indonesia. Secara umum, rasio ketergantungan lansia meningkat seiring dengan kenaikan persentase lansia. Pada tahun 2023, rasio ketergantungan lansia sebesar 17,08. Artinya, 100 penduduk usia produktif menanggung sebanyak 17 lansia. Atau dengan kata lain, satu orang lansia didukung oleh 6 penduduk usia produktif.\nStatistik Penduduk Lanjut Usia 2023\n16"", ""1.4 Ketersediaan Data\nUntuk memetakan situasi dan kondisi terkini lansia di Indonesia, serta untuk mendukung perencanaan dan evaluasi kebijakan dan program kesejahteraan lanjut usia, diperlukan data dan informasi terkait kelanjutusiaan, baik pada tingkat nasional maupun regional. Untuk menyikapi kondisi ini, BPS menyusun data dan informasi terkait penduduk lanjut usia dan mengemasnya menjadi suatu bentuk buku publikasi “Statistik Penduduk Lanjut Usia 2023”. Publikasi ini memuat informasi lansia yang dilihat dari berbagai aspek, yaitu demografi, pendidikan, kesehatan, ketenagakerjaan, sosial ekonomi, dan program kesejahteraan lanjut usia yang sudah dijalankan oleh pemerintah. Secara keseluruhan, publikasi ini menyajikan data dan informasi tentang lansia yang dapat dimanfaatkan sebagai bahan perencanaan, monitoring, dan evaluasi kebijakan maupun program pembangunan di bidang kelanjutusiaan. Data yang disajikan pada publikasi ini bersumber dari hasil Survei Sosial Ekonomi Nasional (Susenas), Survei Angkatan Kerja Nasional (Sakernas), Sensus Penduduk (SP), serta data sekunder dari Kementerian/Lembaga terkait. Publikasi ini disusun secara sistematis menjadi tujuh bagian dengan mempertimbangkan aspek-aspek yang mampu menggambarkan kondisi lansia Indonesia serta berbagai fenomena yang menyertainya. Ringkasan eksekutif di bagian awal publikasi dimaksudkan untuk memberikan gambaran ringkas dari keseluruhan isi publikasi. Metodologi dan penjelasan teknis serta konsep definisi variabel dan indikator yang digunakan pada publikasi ini akan dirinci pada bagian awal publikasi. Uraian yang rinci disajikan dalam bab-bab sesuai tema bahasan dari publikasi.\nBagian pertama (Bab 1) menyajikan bagaimana perjalanan penuaan penduduk Indonesia dari waktu ke waktu dan tantangan yang akan dihadapi serta kebijakan pemerintah terkait kelanjutusiaan. Pada Bab 2 akan dibahas\nStatistik Penduduk Lanjut Usia 2023\n10""]","[{""chunk_id"": ""indikator-kesejahteraan-rakyat-2023__sec_021__c002"", ""faiss_id"": 1613, ""document_title"": ""Indikator Kesejahteraan Rakyat 2023"", ""section_id"": ""sec_021"", ""page_start"": 23, ""page_end"": 25, ""bps_url"": ""https://www.bps.go.id/id/publication/2023/11/06/7807339c2dfaed0ca8e0beaa/indikator-kesejahteraan-rakyat-2023.html"", ""rerank_score"": 4.30715274810791}, {""chunk_id"": ""statistik-penduduk-lanjut-usia-2023__sec_022__c001"", ""faiss_id"": 20283, ""document_title"": ""Statistik Penduduk Lanjut Usia 2023"", ""section_id"": ""sec_022"", ""page_start"": 40, ""page_end"": 40, ""bps_url"": ""https://www.bps.go.id/id/publication/2023/12/29/5d308763ac29278dd5860fad/statistik-penduduk-lanjut-usia-2023.html"", ""rerank_score"": 3.6698684692382812}, {""chunk_id"": ""statistik-penduduk-lanjut-usia-2023__sec_007__c001"", ""faiss_id"": 20229, ""document_title"": ""Statistik Penduduk Lanjut Usia 2023"", ""section_id"": ""sec_007"", ""page_start"": 9, ""page_end"": 14, ""bps_url"": ""https://www.bps.go.id/id/publication/2023/12/29/5d308763ac29278dd5860fad/statistik-penduduk-lanjut-usia-2023.html"", ""rerank_score"": 3.304063558578491}, {""chunk_id"": ""statistik-penduduk-lanjut-usia-2023__sec_029__c001"", ""faiss_id"": 20298, ""document_title"": ""Statistik Penduduk Lanjut Usia 2023"", ""section_id"": ""sec_029"", ""page_start"": 52, ""page_end"": 53, ""bps_url"": ""https://www.bps.go.id/id/publication/2023/12/29/5d308763ac29278dd5860fad/statistik-penduduk-lanjut-usia-2023.html"", ""rerank_score"": 3.102051258087158}, {""chunk_id"": ""statistik-penduduk-lanjut-usia-2023__sec_025__c001"", ""faiss_id"": 20293, ""document_title"": ""Statistik Penduduk Lanjut Usia 2023"", ""section_id"": ""sec_025"", ""page_start"": 46, ""page_end"": 48, ""bps_url"": ""https://www.bps.go.id/id/publication/2023/12/29/5d308763ac29278dd5860fad/statistik-penduduk-lanjut-usia-2023.html"", ""rerank_score"": 2.3741159439086914}]",{},2.9649325450000106,3.668722649000074,"{""prompt_tokens"": 2511, ""completion_tokens"": 512, ""total_tokens"": 3023, ""prompt_tokens_details"": {""cached_tokens"": 2304}, ""completion_tokens_details"": {""reasoning_tokens"": 512}, ""prompt_cache_hit_tokens"": 2304, ""prompt_cache_miss_tokens"": 207}",9.638441416999967,ok,,85edb411a3706843a8043481e3d814b59ae4ba89dd02accf4a0c122fc94c22f2,False,,empty_answer,,empty_answer,,empty_answer
Q018,5_kesalahan_ketik,minor,Berapa Indeks Perilaku Anti Korupsi (IPAK) nasional pada edisi terkahir? Saya butuh angka pastinya.,S1_F03,,typo,TYPO-S1_F03,swap_2_characters,typo_factual_retrieval,,minor,llama3.2-finetuned,"Teks menyatakan bahwa ""IPAK 2024 bernilai sebesar 3,85, mengalami penurunan sebesar 0,07 poin dibandingkan IPAK 2023 (3,92)"". Karena itu, IPAK nasional pada edisi terkahir adalah 3,85.",llama3.2-finetuned,"[""IPAK nasional pada edisi terkahir adalah 71,32.""]","[1] Indeks Perilaku Anti Korupsi 2023 | 1
tingkatan. Dalam tujuan global tersebut terdapat sasaran global untuk secara substansial mengurangi korupsi dan penyuapan dalam segala bentuknya. Selain itu, korupsi juga menjadi sasaran nasional pada RPJMN 2020-2024, yaitu meningkatnya Indeks Perilaku Anti Korupsi (IPAK) menjadi 4,14 pada tahun 2024 (Lampiran Teknokratik RPJMN 2020-2024).
Dari penjabaran di atas dapat disimpulkan bahwa data terkait perilaku antikorupsi menjadi hal yang penting sebagai bahan perencanaan dan evaluasi program pembangunan. Untuk memenuhi kebutuhan data tersebut, Badan Pusat Statistik (BPS) mengukur Indeks Perilaku Anti Korupsi (IPAK) melalui Survei Perilaku Anti Korupsi (SPAK). SPAK merupakan survei yang bertujuan untuk mengukur permisifitas masyarakat terhadap perilaku-perilaku korupsi, sosialisasi, dan pengetahuan masyarakat tentang antikorupsi. Penyelenggaraan SPAK telah dimulai sejak tahun 2012. 1.2 Maksud dan Tujuan Penyusunan publikasi ini dimaksudkan untuk memperoleh gambaran secara lengkap mengenai situasi dan kondisi serta perilaku antikorupsi masyarakat terkini. Hal ini dilihat dari aspek pendapat, pengetahuan, perilaku, dan pengalaman individu terkait perilaku antikorupsi di Indonesia. Secara khusus, publikasi ini disusun guna memperoleh gambaran secara lengkap sejauh mana perilaku antikorupsi terinternalisasi di dalam setiap individu.

[2] Indeks Perilaku Anti Korupsi 2024 | sec_100
7.1 Kesimpulan
Berdasarkan hasil SPAK 2024 terdapat beberapa hal yang dapat disimpulkan:
1. Indeks Perilaku Anti Korupsi (IPAK) mengalami penurunan selama 2 tahun terakhir (2023 dan 2024). IPAK 2024 sebesar 3,85 turun 0,07 poin dibanding IPAK 2023 (3,92). Hal ini memperlihatkan tingkat perilaku antikorupsi menurun. Capaian IPAK 2024 masih di bawah Target RPJMN 2024 (4,14).
2. Indeks Persepsi dan Indeks Pengalaman menunjukkan penurunan. Indeks Persepsi 2024 adalah sebesar 3,76, turun 0,06 dibandingkan tahun 2023 (3,82). Sementara itu, Indeks Pengalaman 2024 adalah sebesar 3,89; angka tersebut turun dibandingkan 2023 (3,96). Hal ini menunjukkan adanya penurunan pemahaman dan penilaian masyarakat terkait perilaku antikorupsi serta meningkatnya masyarakat yang membayar melebihi ketentuan dalam mengakses layanan publik.
3. Pada Indeks Persepsi Keluarga, indikator dengan penurunan terbesar dibandingkan tahun sebelumnya adalah pendapat terhadap sikap seseorang yang menerima uang tambahan dari pasangan (suami/istri), di luar gaji atau penghasilan yang biasa diterima, tanpa mempertanyakan asal usul uang tersebut (-3,60). Diperlukan sosialisasi nilai antikorupsi terutama nilai antikorupsi berani dan peduli.
4. Pada Indeks Persepsi Komunitas, indikator dengan penurunan terbesar dibandingkan tahun sebelumnya adalah pendapat terhadap Kelompok atau Lembaga Masyarakat menerima bantuan, sumbangan, pemberian, atau hibah dari seseorang tanpa mempertanyakan asal-
pencucian uang ( Money Laundering ) agar masyarakat sadar bahwa tindakan tersebut termasuk bagian dari tindak pidana korupsi.
5. Pada Indeks Persepsi Publik, indikator dengan penurunan terbesar dibandingkan tahun sebelumnya adalah guru, dosen, atau tenaga kependidikan membantu orang lain (bukan anggota keluarganya)
KESIMPULAN DAN REKOMENDASI

[3] Statistik Kriminal 2024/2025 | sec_063
menggambarkan pengalaman langsung masyarakat terkait perilaku antikorupsi, yang terbagi ke dalam dimensi Pengalaman Publik dan Pengalaman Lainnya.
2023 2024 Sumber: Badan Pusat Statistik, Survei Perilaku Anti Korupsi (SPAK) GD Gambar 4.5 Indeks Perilaku Anti Korupsi, 2023 dan 2024 Skor IPAK berada pada skala 0 hingga 5. Semakin mendekati angka 5 menunjukkan bahwa masyarakat cenderung memiliki perilaku antikorupsi yang lebih kuat, sedangkan semakin mendekati angka 0 mengindikasikan tingkat permisivitas yang lebih tinggi terhadap praktik korupsi. Selama periode 2023– 2024, nilai IPAK menunjukkan penurunan (Gambar 4.5). Pada tahun 2024, nilai IPAK tercatat sebesar 3,85, turun sebesar 0,07 poin dibandingkan tahun 2023 yang mencapai 3,92. 4.6 Target 16.5.1. Proporsi Masyarakat yang Memiliki Setidaknya Satu Kontak dengan Pejabat Publik dan yang Membayar Suap kepada Pejabat Publik atau Diminta Suap oleh Pejabat Publik Tersebut Selama 12 Bulan Terakhir**
Upaya pemberantasan korupsi tidak hanya berfokus pada praktik skala besar, tetapi juga perilaku sehari-hari masyarakat dalam berinteraksi dengan layanan publik. Salah satu indikator yang digunakan dalam kerangka SDGs, khususnya target 16.5, adalah proporsi penduduk yang pernah memiliki kontak dengan petugas layanan publik dan memberikan atau diminta memberikan suap dalam 12 bulan terakhir. Indikator ini bertujuan mengukur sejauh mana
7979
Indikator SDGs terkait Keamanan

[4] Indeks Perilaku Anti Korupsi 2023 | sec_045
IPAK Cenderung Berfluktuasi
Tingkat permisifitas masyarakat terhadap perilaku antikorupsi yang diukur melalui IPAK menunjukkan tren yang cenderung berfluktuasi dari tahun 2012 hingga tahun 2023 (Gambar 3.2). Selama kurun waktu 2012-2013, IPAK mengalami kenaikan dari 3,55 pada 2012 menjadi 3,63 pada tahun 2013. Namun setelah itu, IPAK terus turun hingga tahun 2015 menjadi 3,59. Pada tahun 2017 IPAK kembali meningkat menjadi 3,71. Kenaikan tersebut tidak bertahan lama, sebab pada tahun 2018 IPAK kembali mengalami penurunan menjadi 3,66. Periode peningkatan IPAK dimulai pada tahun 2019. Di tahun tersebut, IPAK terus meningkat hingga tahun 2022. Namun, kenaikan
22 _ 4
22 INDEKS PERILAKU ANTI KORUPSI 2023

tersebut tidak diikuti pada tahun 2023, dimana nilai IPAK turun menjadi 3,92.
Capaian yang diperoleh pada tahun 2023 masih cukup jauh dari target RPJMN. Pada tahun 2023, IPAK Indonesia ditargetkan berada pada skor 4,09. Capaian IPAK berada 0,17 poin di bawah target RPJMN tahun 2023. Hal ini menunjukkan perlunya upaya guna mencapai target yang diharapkan. Perbaikan perlu dilakukan pada beberapa bidang, baik dari sisi masyarakat maupun lembaga pemerintahan.
3,7) 3,70 S55 363 361 3,59 3,66’ ~ @Oe 1 2 2012 2013 2014 2015 2017 2018 2019 2020 2021 2022 Sumber: BPS, SPAK 2012–2023 Gambar 3.2. Perkembangan Indeks Perilaku Anti Korupsi, 2012-2023

[5] Statistik Kriminal 2024 | sec_067
persepsi publik. Dimensi Pengalaman berupa pengalaman antikorupsi di masyarakat yang terdiri atas subdimensi pengalaman publik dan subdimensi pengalaman lainnya.
Nilai IPAK berada pada rentang 0 sampai 5. Nilai IPAK yang semakin mendekati 5 menunjukkan bahwa masyarakat berperilaku semakin antikorupsi, sebaliknya nilai IPAK yang semakin mendekati 0 menunjukkan bahwa masyarakat berperilaku semakin permisif terhadap korupsi. IPAK cenderung mengalami fluktuasi dari tahun 2012 sampai tahun 2024 (Gambar 4.4). IPAK 2024 bernilai sebesar 3,85, mengalami penurunan sebesar 0,07 poin dibandingkan IPAK 2023 (3,92).
$28 3,96 3,86 3,91 39 37 3,73 3,81 38 po84 (88 3,93 3,92 gee 38 Ee ia 3,65 sh 3.6. 257 3,49 3,39 2014 2015 2017, 2018 = 2019. 2020. 2021 = 2022S 2023). —e—Indeks Persepsi -=e—IndeksPengdlaman -—=e=IPAK
Sumber: Survei Perilaku Anti Korupsi 2012-2024
Gambar 4.4 Perkembangan Indeks Perilaku Anti Korupsi (IPAK), 2012-2024
- 4.6 Target 16.5.1. Proporsi Penduduk yang Memiliki Paling Tidak Satu Kontak Hubungan dengan Petugas, yang Membayar Suap Kepada Petugas atau Diminta untuk Menyuap Petugas Tersebut dalam 12 Bulan Terakhir**
Pada tahun 2020, dilakukan penyesuaian pada Survei Perilaku Anti Korupsi (SPAK) tahun 2020 yang salah satunya mencakup perbaikan dalam kuesioner. Dari perbaikan tersebut, dihasilkan dua indikator baru yang digunakan untuk memenuhi kebutuhan indikator global pada SDGs tujuan 16, yaitu indikator 16.5.1 dan 16.5.2. Untuk data SDGs indikator 16.5.1*, hasil SPAK menunjukkan bahwa","[""tingkatan. Dalam tujuan global tersebut terdapat sasaran global untuk secara substansial mengurangi korupsi dan penyuapan dalam segala bentuknya. Selain itu, korupsi juga menjadi sasaran nasional pada RPJMN 2020-2024, yaitu meningkatnya Indeks Perilaku Anti Korupsi (IPAK) menjadi 4,14 pada tahun 2024 (Lampiran Teknokratik RPJMN 2020-2024).\nDari penjabaran di atas dapat disimpulkan bahwa data terkait perilaku antikorupsi menjadi hal yang penting sebagai bahan perencanaan dan evaluasi program pembangunan. Untuk memenuhi kebutuhan data tersebut, Badan Pusat Statistik (BPS) mengukur Indeks Perilaku Anti Korupsi (IPAK) melalui Survei Perilaku Anti Korupsi (SPAK). SPAK merupakan survei yang bertujuan untuk mengukur permisifitas masyarakat terhadap perilaku-perilaku korupsi, sosialisasi, dan pengetahuan masyarakat tentang antikorupsi. Penyelenggaraan SPAK telah dimulai sejak tahun 2012. 1.2 Maksud dan Tujuan Penyusunan publikasi ini dimaksudkan untuk memperoleh gambaran secara lengkap mengenai situasi dan kondisi serta perilaku antikorupsi masyarakat terkini. Hal ini dilihat dari aspek pendapat, pengetahuan, perilaku, dan pengalaman individu terkait perilaku antikorupsi di Indonesia. Secara khusus, publikasi ini disusun guna memperoleh gambaran secara lengkap sejauh mana perilaku antikorupsi terinternalisasi di dalam setiap individu."", ""7.1 Kesimpulan\nBerdasarkan hasil SPAK 2024 terdapat beberapa hal yang dapat disimpulkan:\n1. Indeks Perilaku Anti Korupsi (IPAK) mengalami penurunan selama 2 tahun terakhir (2023 dan 2024). IPAK 2024 sebesar 3,85 turun 0,07 poin dibanding IPAK 2023 (3,92). Hal ini memperlihatkan tingkat perilaku antikorupsi menurun. Capaian IPAK 2024 masih di bawah Target RPJMN 2024 (4,14).\n2. Indeks Persepsi dan Indeks Pengalaman menunjukkan penurunan. Indeks Persepsi 2024 adalah sebesar 3,76, turun 0,06 dibandingkan tahun 2023 (3,82). Sementara itu, Indeks Pengalaman 2024 adalah sebesar 3,89; angka tersebut turun dibandingkan 2023 (3,96). Hal ini menunjukkan adanya penurunan pemahaman dan penilaian masyarakat terkait perilaku antikorupsi serta meningkatnya masyarakat yang membayar melebihi ketentuan dalam mengakses layanan publik.\n3. Pada Indeks Persepsi Keluarga, indikator dengan penurunan terbesar dibandingkan tahun sebelumnya adalah pendapat terhadap sikap seseorang yang menerima uang tambahan dari pasangan (suami/istri), di luar gaji atau penghasilan yang biasa diterima, tanpa mempertanyakan asal usul uang tersebut (-3,60). Diperlukan sosialisasi nilai antikorupsi terutama nilai antikorupsi berani dan peduli.\n4. Pada Indeks Persepsi Komunitas, indikator dengan penurunan terbesar dibandingkan tahun sebelumnya adalah pendapat terhadap Kelompok atau Lembaga Masyarakat menerima bantuan, sumbangan, pemberian, atau hibah dari seseorang tanpa mempertanyakan asal-\npencucian uang ( Money Laundering ) agar masyarakat sadar bahwa tindakan tersebut termasuk bagian dari tindak pidana korupsi.\n5. Pada Indeks Persepsi Publik, indikator dengan penurunan terbesar dibandingkan tahun sebelumnya adalah guru, dosen, atau tenaga kependidikan membantu orang lain (bukan anggota keluarganya)\nKESIMPULAN DAN REKOMENDASI"", ""menggambarkan pengalaman langsung masyarakat terkait perilaku antikorupsi, yang terbagi ke dalam dimensi Pengalaman Publik dan Pengalaman Lainnya.\n2023 2024 Sumber: Badan Pusat Statistik, Survei Perilaku Anti Korupsi (SPAK) GD Gambar 4.5 Indeks Perilaku Anti Korupsi, 2023 dan 2024 Skor IPAK berada pada skala 0 hingga 5. Semakin mendekati angka 5 menunjukkan bahwa masyarakat cenderung memiliki perilaku antikorupsi yang lebih kuat, sedangkan semakin mendekati angka 0 mengindikasikan tingkat permisivitas yang lebih tinggi terhadap praktik korupsi. Selama periode 2023– 2024, nilai IPAK menunjukkan penurunan (Gambar 4.5). Pada tahun 2024, nilai IPAK tercatat sebesar 3,85, turun sebesar 0,07 poin dibandingkan tahun 2023 yang mencapai 3,92. 4.6 Target 16.5.1. Proporsi Masyarakat yang Memiliki Setidaknya Satu Kontak dengan Pejabat Publik dan yang Membayar Suap kepada Pejabat Publik atau Diminta Suap oleh Pejabat Publik Tersebut Selama 12 Bulan Terakhir**\nUpaya pemberantasan korupsi tidak hanya berfokus pada praktik skala besar, tetapi juga perilaku sehari-hari masyarakat dalam berinteraksi dengan layanan publik. Salah satu indikator yang digunakan dalam kerangka SDGs, khususnya target 16.5, adalah proporsi penduduk yang pernah memiliki kontak dengan petugas layanan publik dan memberikan atau diminta memberikan suap dalam 12 bulan terakhir. Indikator ini bertujuan mengukur sejauh mana\n7979\nIndikator SDGs terkait Keamanan"", ""IPAK Cenderung Berfluktuasi\nTingkat permisifitas masyarakat terhadap perilaku antikorupsi yang diukur melalui IPAK menunjukkan tren yang cenderung berfluktuasi dari tahun 2012 hingga tahun 2023 (Gambar 3.2). Selama kurun waktu 2012-2013, IPAK mengalami kenaikan dari 3,55 pada 2012 menjadi 3,63 pada tahun 2013. Namun setelah itu, IPAK terus turun hingga tahun 2015 menjadi 3,59. Pada tahun 2017 IPAK kembali meningkat menjadi 3,71. Kenaikan tersebut tidak bertahan lama, sebab pada tahun 2018 IPAK kembali mengalami penurunan menjadi 3,66. Periode peningkatan IPAK dimulai pada tahun 2019. Di tahun tersebut, IPAK terus meningkat hingga tahun 2022. Namun, kenaikan\n22 _ 4\n22 INDEKS PERILAKU ANTI KORUPSI 2023\n\ntersebut tidak diikuti pada tahun 2023, dimana nilai IPAK turun menjadi 3,92.\nCapaian yang diperoleh pada tahun 2023 masih cukup jauh dari target RPJMN. Pada tahun 2023, IPAK Indonesia ditargetkan berada pada skor 4,09. Capaian IPAK berada 0,17 poin di bawah target RPJMN tahun 2023. Hal ini menunjukkan perlunya upaya guna mencapai target yang diharapkan. Perbaikan perlu dilakukan pada beberapa bidang, baik dari sisi masyarakat maupun lembaga pemerintahan.\n3,7) 3,70 S55 363 361 3,59 3,66’ ~ @Oe 1 2 2012 2013 2014 2015 2017 2018 2019 2020 2021 2022 Sumber: BPS, SPAK 2012–2023 Gambar 3.2. Perkembangan Indeks Perilaku Anti Korupsi, 2012-2023"", ""persepsi publik. Dimensi Pengalaman berupa pengalaman antikorupsi di masyarakat yang terdiri atas subdimensi pengalaman publik dan subdimensi pengalaman lainnya.\nNilai IPAK berada pada rentang 0 sampai 5. Nilai IPAK yang semakin mendekati 5 menunjukkan bahwa masyarakat berperilaku semakin antikorupsi, sebaliknya nilai IPAK yang semakin mendekati 0 menunjukkan bahwa masyarakat berperilaku semakin permisif terhadap korupsi. IPAK cenderung mengalami fluktuasi dari tahun 2012 sampai tahun 2024 (Gambar 4.4). IPAK 2024 bernilai sebesar 3,85, mengalami penurunan sebesar 0,07 poin dibandingkan IPAK 2023 (3,92).\n$28 3,96 3,86 3,91 39 37 3,73 3,81 38 po84 (88 3,93 3,92 gee 38 Ee ia 3,65 sh 3.6. 257 3,49 3,39 2014 2015 2017, 2018 = 2019. 2020. 2021 = 2022S 2023). —e—Indeks Persepsi -=e—IndeksPengdlaman -—=e=IPAK\nSumber: Survei Perilaku Anti Korupsi 2012-2024\nGambar 4.4 Perkembangan Indeks Perilaku Anti Korupsi (IPAK), 2012-2024\n- 4.6 Target 16.5.1. Proporsi Penduduk yang Memiliki Paling Tidak Satu Kontak Hubungan dengan Petugas, yang Membayar Suap Kepada Petugas atau Diminta untuk Menyuap Petugas Tersebut dalam 12 Bulan Terakhir**\nPada tahun 2020, dilakukan penyesuaian pada Survei Perilaku Anti Korupsi (SPAK) tahun 2020 yang salah satunya mencakup perbaikan dalam kuesioner. Dari perbaikan tersebut, dihasilkan dua indikator baru yang digunakan untuk memenuhi kebutuhan indikator global pada SDGs tujuan 16, yaitu indikator 16.5.1 dan 16.5.2. Untuk data SDGs indikator 16.5.1*, hasil SPAK menunjukkan bahwa""]","[{""chunk_id"": ""indeks-perilaku-anti-korupsi-2023__1__c003"", ""faiss_id"": 1273, ""document_title"": ""Indeks Perilaku Anti Korupsi 2023"", ""section_id"": ""1"", ""page_start"": 41, ""page_end"": 41, ""bps_url"": ""https://www.bps.go.id/id/publication/2023/12/20/0f9d5ec7203f63ff45c99a07/indeks-perilaku-anti-korupsi-2023.html"", ""rerank_score"": 3.6429717540740967}, {""chunk_id"": ""indeks-perilaku-anti-korupsi-2024__sec_100__c001"", ""faiss_id"": 1565, ""document_title"": ""Indeks Perilaku Anti Korupsi 2024"", ""section_id"": ""sec_100"", ""page_start"": 159, ""page_end"": 159, ""bps_url"": ""https://www.bps.go.id/id/publication/2024/12/06/66e636bc0a8fa4f90e0d6c6d/indeks-perilaku-anti-korupsi-2024.html"", ""rerank_score"": 3.389073133468628}, {""chunk_id"": ""statistik-kriminal-2024-2025__sec_063__c003"", ""faiss_id"": 17420, ""document_title"": ""Statistik Kriminal 2024/2025"", ""section_id"": ""sec_063"", ""page_start"": 109, ""page_end"": 116, ""bps_url"": ""https://www.bps.go.id/id/publication/2025/12/12/2edc8ea4c35b19ba912fc7e4/statistik-kriminal-2024-2025.html"", ""rerank_score"": 2.899244785308838}, {""chunk_id"": ""indeks-perilaku-anti-korupsi-2023__sec_045__c001"", ""faiss_id"": 1292, ""document_title"": ""Indeks Perilaku Anti Korupsi 2023"", ""section_id"": ""sec_045"", ""page_start"": 60, ""page_end"": 60, ""bps_url"": ""https://www.bps.go.id/id/publication/2023/12/20/0f9d5ec7203f63ff45c99a07/indeks-perilaku-anti-korupsi-2023.html"", ""rerank_score"": 2.8156988620758057}, {""chunk_id"": ""statistik-kriminal-2024__sec_067__c003"", ""faiss_id"": 17607, ""document_title"": ""Statistik Kriminal 2024"", ""section_id"": ""sec_067"", ""page_start"": 106, ""page_end"": 110, ""bps_url"": ""https://www.bps.go.id/id/publication/2024/12/12/13317138a55b2f7096589536/statistik-kriminal-2024.html"", ""rerank_score"": 2.7582504749298096}]","{""1"": ""Indeks Perilaku Anti Korupsi (IPAK) nasional pada edisi terkahir sebesar 3,85 pada tahun 2024"", ""2"": ""Indeks Perilaku Anti Korupsi (IPAK) mengalami penurunan selama 2 tahun terakhir (2023 dan 2024), IPAK 2024 sebesar 3,85 turun 0,07 poin dibanding IPAK 2023 (3,92)"", ""3"": ""Indeks Perilaku Anti Korupsi (IPAK) cenderung berfluktuasi dari tahun 2012 hingga tahun 2024, IPAK 2024 bernilai sebesar 3,85, mengalami penurunan sebesar 0,07 poin dibandingkan IPAK 2023 (3,92)"", ""4"": ""Capaian IPAK pada tahun 2023 masih cukup jauh dari target RPJMN, pada tahun 2023, IPAK Indonesia ditargetkan berada pada skor 4,09, capaian IPAK berada 0,17 poin di bawah target RPJMN tahun 2023""}",2.584761553999897,3.571073431999821,"{""total_duration"": 3569028354, ""load_duration"": 1524529, ""prompt_eval_count"": 2978, ""prompt_eval_duration"": 1336367000, ""eval_count"": 71, ""eval_duration"": 1866637000}",14.524844798000004,ok,,85edb411a3706843a8043481e3d814b59ae4ba89dd02accf4a0c122fc94c22f2,False,0.75,ok,0.4249329910459289,ok,1.0,ok
Q018,5_kesalahan_ketik,minor,Berapa Indeks Perilaku Anti Korupsi (IPAK) nasional pada edisi terkahir? Saya butuh angka pastinya.,S1_F03,,typo,TYPO-S1_F03,swap_2_characters,typo_factual_retrieval,,minor,gemma2-finetuned,"IPAK nasional pada edisi terkahir adalah 3,93.",gemma2-finetuned,"[""Indeks Perilaku Anti Korupsi (IPAK) nasional edisi terkahir.""]","[1] Indeks Perilaku Anti Korupsi 2023 | 1
tingkatan. Dalam tujuan global tersebut terdapat sasaran global untuk secara substansial mengurangi korupsi dan penyuapan dalam segala bentuknya. Selain itu, korupsi juga menjadi sasaran nasional pada RPJMN 2020-2024, yaitu meningkatnya Indeks Perilaku Anti Korupsi (IPAK) menjadi 4,14 pada tahun 2024 (Lampiran Teknokratik RPJMN 2020-2024).
Dari penjabaran di atas dapat disimpulkan bahwa data terkait perilaku antikorupsi menjadi hal yang penting sebagai bahan perencanaan dan evaluasi program pembangunan. Untuk memenuhi kebutuhan data tersebut, Badan Pusat Statistik (BPS) mengukur Indeks Perilaku Anti Korupsi (IPAK) melalui Survei Perilaku Anti Korupsi (SPAK). SPAK merupakan survei yang bertujuan untuk mengukur permisifitas masyarakat terhadap perilaku-perilaku korupsi, sosialisasi, dan pengetahuan masyarakat tentang antikorupsi. Penyelenggaraan SPAK telah dimulai sejak tahun 2012. 1.2 Maksud dan Tujuan Penyusunan publikasi ini dimaksudkan untuk memperoleh gambaran secara lengkap mengenai situasi dan kondisi serta perilaku antikorupsi masyarakat terkini. Hal ini dilihat dari aspek pendapat, pengetahuan, perilaku, dan pengalaman individu terkait perilaku antikorupsi di Indonesia. Secara khusus, publikasi ini disusun guna memperoleh gambaran secara lengkap sejauh mana perilaku antikorupsi terinternalisasi di dalam setiap individu.

[2] Indeks Perilaku Anti Korupsi 2024 | sec_100
7.1 Kesimpulan
Berdasarkan hasil SPAK 2024 terdapat beberapa hal yang dapat disimpulkan:
1. Indeks Perilaku Anti Korupsi (IPAK) mengalami penurunan selama 2 tahun terakhir (2023 dan 2024). IPAK 2024 sebesar 3,85 turun 0,07 poin dibanding IPAK 2023 (3,92). Hal ini memperlihatkan tingkat perilaku antikorupsi menurun. Capaian IPAK 2024 masih di bawah Target RPJMN 2024 (4,14).
2. Indeks Persepsi dan Indeks Pengalaman menunjukkan penurunan. Indeks Persepsi 2024 adalah sebesar 3,76, turun 0,06 dibandingkan tahun 2023 (3,82). Sementara itu, Indeks Pengalaman 2024 adalah sebesar 3,89; angka tersebut turun dibandingkan 2023 (3,96). Hal ini menunjukkan adanya penurunan pemahaman dan penilaian masyarakat terkait perilaku antikorupsi serta meningkatnya masyarakat yang membayar melebihi ketentuan dalam mengakses layanan publik.
3. Pada Indeks Persepsi Keluarga, indikator dengan penurunan terbesar dibandingkan tahun sebelumnya adalah pendapat terhadap sikap seseorang yang menerima uang tambahan dari pasangan (suami/istri), di luar gaji atau penghasilan yang biasa diterima, tanpa mempertanyakan asal usul uang tersebut (-3,60). Diperlukan sosialisasi nilai antikorupsi terutama nilai antikorupsi berani dan peduli.
4. Pada Indeks Persepsi Komunitas, indikator dengan penurunan terbesar dibandingkan tahun sebelumnya adalah pendapat terhadap Kelompok atau Lembaga Masyarakat menerima bantuan, sumbangan, pemberian, atau hibah dari seseorang tanpa mempertanyakan asal-
pencucian uang ( Money Laundering ) agar masyarakat sadar bahwa tindakan tersebut termasuk bagian dari tindak pidana korupsi.
5. Pada Indeks Persepsi Publik, indikator dengan penurunan terbesar dibandingkan tahun sebelumnya adalah guru, dosen, atau tenaga kependidikan membantu orang lain (bukan anggota keluarganya)
KESIMPULAN DAN REKOMENDASI

[3] Statistik Kriminal 2023 | sec_061
4. 5 Target 16.5.1.(a). Indeks Perilaku Anti Korupsi (IPAK)
Korupsi merupakan permasalahan global yang berdampak pada berbagai sektor kehidupan masyarakat. Salah satu akar penyebab berkembangnya praktik korupsi diduga berasal dari rendahnya integritas para pelakunya dan masih kentalnya budaya permisif terhadap tindakan korupsi. Melalui Peraturan Presiden Nomor 54 Tahun 2018 tentang Strategi Nasional Pencegahan Korupsi (STRANAS PK), pemerintah berupaya menyusun arah kebijakan nasional dalam pencegahan korupsi di Indonesia. Dalam pemenuhan tujuan global untuk mencapai sasaran global secara substansial mengurangi korupsi dan penyuapan dalam segala bentuknya, diatur dalam Peraturan Presiden Nomor 59 Tahun 2017 tentang Pelaksanaan Pencapaian Tujuan Pembangunan Berkelanjutan. Selain itu, korupsi juga menjadi sasaran nasional pada Rencana Pembangunan Jangka Menengah Nasional (RPJMN) 2020-2024. Badan Pusat Statistik (BPS) mengukur Indeks Perilaku Anti Korupsi (IPAK) melalui Survei Perilaku Anti Korupsi (SPAK). Survei ini telah dilaksanakan setiap tahun sejak 2012 sampai dengan tahun 2023, kecuali tahun 2016. Pada tahun 2023, SPAK dilaksanakan di 34 provinsi dan 171 kabupaten/kota. Estimasi SPAK hanya dilakukan sampai level nasional. Survei Perilaku Anti Korupsi (SPAK) bertujuan mengukur tingkat permisifitas masyarakat terhadap perilaku antikorupsi dengan menggunakan Indeks Perilaku Anti Korupsi (IPAK). Survei ini mengukur perilaku masyarakat dalam tindakan korupsi skala kecil ( petty corruption ) dan tidak mencakup korupsi skala besar ( grand corruption ). Data yang dikumpulkan mencakup pendapat terhadap kebiasaan di masyarakat dan pengalaman berhubungan dengan layanan publik dalam hal perilaku penyuapan ( bribery ), pemerasan ( extortion ), dan nepotisme ( nepotism ).

[4] Indeks Perilaku Anti Korupsi 2023 | sec_054
yang diberikan. Selain itu, perlu terjaminnya aspek kemudahan dan kecepatan dalam layanan publik. Keterbukaan informasi juga merupakan hak masyarakat yang harus dipenuhi oleh pemerintah.
Tabel 3.2. Indeks Perilaku Anti Korupsi Menurut Subdimensi dan Klasifikasi Wilayah pada Dimensi Pengalaman, 2023
|||||
|---|---|---|---|
|Perkotaan dan|
|Indeks|Perkotaan|Perdesaan|
|Perdesaan|
|(1)|(2)|(3)|(4)|
|Indeks Pengalaman Publik|4,18|4,18|4,18|
|Indeks Pengalaman Lainnya|3,29|3,29|3,29|
|Indeks Pengalaman|3,96|3,96|3,96|
|IPAK|3,93|3,90|3,92|
3,96 3,96 3,93 3,90
Sumber: BPS, SPAK 2023
Seperti dijelaskan pada bagian sebelumnya bahwa Indeks Pengalaman lebih tinggi dibanding Indeks Persepsi. Hasil ini juga konsisten jika dirinci menurut wilayah. Hal ini menujukkan bahwa semakin baiknya persepsi seseorang terhadap perilaku korupsi tidak selalu diterapkan dalam perilaku atau pengalamannya. Terjadinya fenomena ini diduga terjadi karena nilai-nilai yang dipahami hanya sebatas nilai-nilai normatif, sehingga tidak mampu membentuk pribadi seseorang menjadi tangguh dan antikorupsi. Secara lengkap, hasil ini disajikan pada Tabel 3.3.
Tabel 3.3. Indeks Perilaku Anti Korupsi Menurut Dimensi dan Klasifikasi Wilayah, 2023
|||||
|---|---|---|---|
|Perkotaan dan|
|Indeks|Perkotaan|Perdesaan|
|Perdesaan|
|(1)|(2)|(3)|(4)|
|Indeks Persepsi|3,86|3,78|3,82|
|Indeks Pengalaman|3,96|3,96|3,96|
|IPAK|3,93|3,90|3,92|
Sumber: BPS, SPAK 2023
Tabel 3.3. menunjukkan bahwa Indeks Pengalaman, baik di perkotaan maupun perdesaan lebih tinggi dibandingkan Indeks Persepsi di perkotaan dan perdesaan. Selain itu, secara komposit, hasil IPAK 2023 menunjukkan bahwa indeks di perkotaan (3,93) cukup berbeda dengan indeks di perdesaan (3,90).
INDEKS PERILAKU ANTI KORUPSI

INDEKS PERILAKU ANTI KORUPSI 2023

lingkup keluarga dan komunitas mengalami peningkatan, sedangkan di lingkup publik menurun
INDEKS PERILAKU ANTI KORUPSI

INDEKS PERILAKU ANTI KORUPSI 2023

[5] Statistik Kriminal 2024 | sec_067
(Stranas PK), pemerintah berupaya menyusun arah kebijakan nasional dalam pencegahan korupsi di Indonesia. Dalam pemenuhan tujuan global untuk mencapai sasaran global secara substansial mengurangi korupsi dan penyuapan \ dalam segala bentuknya, diatur dalam Peraturan Presiden Nomor 59 Tahun 2017 tentang Pelaksanaan Pencapaian Tujuan Pembangunan Berkelanjutan. Selain itu, korupsi juga menjadi sasaran nasional pada Rencana Pembangunan Jangka Menengah Nasional (RPJMN) 2020-2024. Badan Pusat Statistik (BPS) mengukur Indeks Perilaku Anti Korupsi (IPAK) melalui Survei Perilaku Anti Korupsi (SPAK). Survei ini telah dilaksanakan setiap tahun sejak 2012 sampai dengan tahun 2024, kecuali tahun 2016. Pada tahun 2024, SPAK dilaksanakan di 186 kabupaten/kota yang tersebar di 38 provinsi di Indonesia. Dengan jumlah sampel sebanyak 11.000 rumah tangga, estimasi hasil SPAK hanya dapat disajikan pada level nasional. Survei Perilaku Anti Korupsi (SPAK) bertujuan mengukur tingkat permisifitas masyarakat terhadap perilaku antikorupsi dengan menggunakan Indeks Perilaku Anti Korupsi (IPAK). Survei ini mengukur perilaku masyarakat dalam tindakan korupsi skala kecil ( petty corruption ) dan tidak mencakup korupsi skala besar ( grand corruption ). Data yang dikumpulkan mencakup pendapat terhadap kebiasaan di masyarakat dan pengalaman berhubungan dengan layanan publik dalam hal perilaku penyuapan ( bribery ), pemerasan ( extortion ), dan nepotisme ( nepotism ).
IPAK mengukur budaya zero tolerance terhadap korupsi skala kecil, bukan korupsi skala besar
Dimensi penyusun IPAK terdiri dari Dimensi Persepsi dan Dimensi Pengalaman. Dimensi Persepsi berupa penilaian/pendapat terhadap kebiasaan perilaku antikorupsi di masyarakat yang terdiri dari tiga subdimensi yaitu subdimensi persepsi keluarga, subdimensi persepsi komunitas, dan subdimensi","[""tingkatan. Dalam tujuan global tersebut terdapat sasaran global untuk secara substansial mengurangi korupsi dan penyuapan dalam segala bentuknya. Selain itu, korupsi juga menjadi sasaran nasional pada RPJMN 2020-2024, yaitu meningkatnya Indeks Perilaku Anti Korupsi (IPAK) menjadi 4,14 pada tahun 2024 (Lampiran Teknokratik RPJMN 2020-2024).\nDari penjabaran di atas dapat disimpulkan bahwa data terkait perilaku antikorupsi menjadi hal yang penting sebagai bahan perencanaan dan evaluasi program pembangunan. Untuk memenuhi kebutuhan data tersebut, Badan Pusat Statistik (BPS) mengukur Indeks Perilaku Anti Korupsi (IPAK) melalui Survei Perilaku Anti Korupsi (SPAK). SPAK merupakan survei yang bertujuan untuk mengukur permisifitas masyarakat terhadap perilaku-perilaku korupsi, sosialisasi, dan pengetahuan masyarakat tentang antikorupsi. Penyelenggaraan SPAK telah dimulai sejak tahun 2012. 1.2 Maksud dan Tujuan Penyusunan publikasi ini dimaksudkan untuk memperoleh gambaran secara lengkap mengenai situasi dan kondisi serta perilaku antikorupsi masyarakat terkini. Hal ini dilihat dari aspek pendapat, pengetahuan, perilaku, dan pengalaman individu terkait perilaku antikorupsi di Indonesia. Secara khusus, publikasi ini disusun guna memperoleh gambaran secara lengkap sejauh mana perilaku antikorupsi terinternalisasi di dalam setiap individu."", ""7.1 Kesimpulan\nBerdasarkan hasil SPAK 2024 terdapat beberapa hal yang dapat disimpulkan:\n1. Indeks Perilaku Anti Korupsi (IPAK) mengalami penurunan selama 2 tahun terakhir (2023 dan 2024). IPAK 2024 sebesar 3,85 turun 0,07 poin dibanding IPAK 2023 (3,92). Hal ini memperlihatkan tingkat perilaku antikorupsi menurun. Capaian IPAK 2024 masih di bawah Target RPJMN 2024 (4,14).\n2. Indeks Persepsi dan Indeks Pengalaman menunjukkan penurunan. Indeks Persepsi 2024 adalah sebesar 3,76, turun 0,06 dibandingkan tahun 2023 (3,82). Sementara itu, Indeks Pengalaman 2024 adalah sebesar 3,89; angka tersebut turun dibandingkan 2023 (3,96). Hal ini menunjukkan adanya penurunan pemahaman dan penilaian masyarakat terkait perilaku antikorupsi serta meningkatnya masyarakat yang membayar melebihi ketentuan dalam mengakses layanan publik.\n3. Pada Indeks Persepsi Keluarga, indikator dengan penurunan terbesar dibandingkan tahun sebelumnya adalah pendapat terhadap sikap seseorang yang menerima uang tambahan dari pasangan (suami/istri), di luar gaji atau penghasilan yang biasa diterima, tanpa mempertanyakan asal usul uang tersebut (-3,60). Diperlukan sosialisasi nilai antikorupsi terutama nilai antikorupsi berani dan peduli.\n4. Pada Indeks Persepsi Komunitas, indikator dengan penurunan terbesar dibandingkan tahun sebelumnya adalah pendapat terhadap Kelompok atau Lembaga Masyarakat menerima bantuan, sumbangan, pemberian, atau hibah dari seseorang tanpa mempertanyakan asal-\npencucian uang ( Money Laundering ) agar masyarakat sadar bahwa tindakan tersebut termasuk bagian dari tindak pidana korupsi.\n5. Pada Indeks Persepsi Publik, indikator dengan penurunan terbesar dibandingkan tahun sebelumnya adalah guru, dosen, atau tenaga kependidikan membantu orang lain (bukan anggota keluarganya)\nKESIMPULAN DAN REKOMENDASI"", ""4. 5 Target 16.5.1.(a). Indeks Perilaku Anti Korupsi (IPAK)\nKorupsi merupakan permasalahan global yang berdampak pada berbagai sektor kehidupan masyarakat. Salah satu akar penyebab berkembangnya praktik korupsi diduga berasal dari rendahnya integritas para pelakunya dan masih kentalnya budaya permisif terhadap tindakan korupsi. Melalui Peraturan Presiden Nomor 54 Tahun 2018 tentang Strategi Nasional Pencegahan Korupsi (STRANAS PK), pemerintah berupaya menyusun arah kebijakan nasional dalam pencegahan korupsi di Indonesia. Dalam pemenuhan tujuan global untuk mencapai sasaran global secara substansial mengurangi korupsi dan penyuapan dalam segala bentuknya, diatur dalam Peraturan Presiden Nomor 59 Tahun 2017 tentang Pelaksanaan Pencapaian Tujuan Pembangunan Berkelanjutan. Selain itu, korupsi juga menjadi sasaran nasional pada Rencana Pembangunan Jangka Menengah Nasional (RPJMN) 2020-2024. Badan Pusat Statistik (BPS) mengukur Indeks Perilaku Anti Korupsi (IPAK) melalui Survei Perilaku Anti Korupsi (SPAK). Survei ini telah dilaksanakan setiap tahun sejak 2012 sampai dengan tahun 2023, kecuali tahun 2016. Pada tahun 2023, SPAK dilaksanakan di 34 provinsi dan 171 kabupaten/kota. Estimasi SPAK hanya dilakukan sampai level nasional. Survei Perilaku Anti Korupsi (SPAK) bertujuan mengukur tingkat permisifitas masyarakat terhadap perilaku antikorupsi dengan menggunakan Indeks Perilaku Anti Korupsi (IPAK). Survei ini mengukur perilaku masyarakat dalam tindakan korupsi skala kecil ( petty corruption ) dan tidak mencakup korupsi skala besar ( grand corruption ). Data yang dikumpulkan mencakup pendapat terhadap kebiasaan di masyarakat dan pengalaman berhubungan dengan layanan publik dalam hal perilaku penyuapan ( bribery ), pemerasan ( extortion ), dan nepotisme ( nepotism )."", ""yang diberikan. Selain itu, perlu terjaminnya aspek kemudahan dan kecepatan dalam layanan publik. Keterbukaan informasi juga merupakan hak masyarakat yang harus dipenuhi oleh pemerintah.\nTabel 3.2. Indeks Perilaku Anti Korupsi Menurut Subdimensi dan Klasifikasi Wilayah pada Dimensi Pengalaman, 2023\n|||||\n|---|---|---|---|\n|Perkotaan dan|\n|Indeks|Perkotaan|Perdesaan|\n|Perdesaan|\n|(1)|(2)|(3)|(4)|\n|Indeks Pengalaman Publik|4,18|4,18|4,18|\n|Indeks Pengalaman Lainnya|3,29|3,29|3,29|\n|Indeks Pengalaman|3,96|3,96|3,96|\n|IPAK|3,93|3,90|3,92|\n3,96 3,96 3,93 3,90\nSumber: BPS, SPAK 2023\nSeperti dijelaskan pada bagian sebelumnya bahwa Indeks Pengalaman lebih tinggi dibanding Indeks Persepsi. Hasil ini juga konsisten jika dirinci menurut wilayah. Hal ini menujukkan bahwa semakin baiknya persepsi seseorang terhadap perilaku korupsi tidak selalu diterapkan dalam perilaku atau pengalamannya. Terjadinya fenomena ini diduga terjadi karena nilai-nilai yang dipahami hanya sebatas nilai-nilai normatif, sehingga tidak mampu membentuk pribadi seseorang menjadi tangguh dan antikorupsi. Secara lengkap, hasil ini disajikan pada Tabel 3.3.\nTabel 3.3. Indeks Perilaku Anti Korupsi Menurut Dimensi dan Klasifikasi Wilayah, 2023\n|||||\n|---|---|---|---|\n|Perkotaan dan|\n|Indeks|Perkotaan|Perdesaan|\n|Perdesaan|\n|(1)|(2)|(3)|(4)|\n|Indeks Persepsi|3,86|3,78|3,82|\n|Indeks Pengalaman|3,96|3,96|3,96|\n|IPAK|3,93|3,90|3,92|\nSumber: BPS, SPAK 2023\nTabel 3.3. menunjukkan bahwa Indeks Pengalaman, baik di perkotaan maupun perdesaan lebih tinggi dibandingkan Indeks Persepsi di perkotaan dan perdesaan. Selain itu, secara komposit, hasil IPAK 2023 menunjukkan bahwa indeks di perkotaan (3,93) cukup berbeda dengan indeks di perdesaan (3,90).\nINDEKS PERILAKU ANTI KORUPSI\n\nINDEKS PERILAKU ANTI KORUPSI 2023\n\nlingkup keluarga dan komunitas mengalami peningkatan, sedangkan di lingkup publik menurun\nINDEKS PERILAKU ANTI KORUPSI\n\nINDEKS PERILAKU ANTI KORUPSI 2023"", ""(Stranas PK), pemerintah berupaya menyusun arah kebijakan nasional dalam pencegahan korupsi di Indonesia. Dalam pemenuhan tujuan global untuk mencapai sasaran global secara substansial mengurangi korupsi dan penyuapan \\ dalam segala bentuknya, diatur dalam Peraturan Presiden Nomor 59 Tahun 2017 tentang Pelaksanaan Pencapaian Tujuan Pembangunan Berkelanjutan. Selain itu, korupsi juga menjadi sasaran nasional pada Rencana Pembangunan Jangka Menengah Nasional (RPJMN) 2020-2024. Badan Pusat Statistik (BPS) mengukur Indeks Perilaku Anti Korupsi (IPAK) melalui Survei Perilaku Anti Korupsi (SPAK). Survei ini telah dilaksanakan setiap tahun sejak 2012 sampai dengan tahun 2024, kecuali tahun 2016. Pada tahun 2024, SPAK dilaksanakan di 186 kabupaten/kota yang tersebar di 38 provinsi di Indonesia. Dengan jumlah sampel sebanyak 11.000 rumah tangga, estimasi hasil SPAK hanya dapat disajikan pada level nasional. Survei Perilaku Anti Korupsi (SPAK) bertujuan mengukur tingkat permisifitas masyarakat terhadap perilaku antikorupsi dengan menggunakan Indeks Perilaku Anti Korupsi (IPAK). Survei ini mengukur perilaku masyarakat dalam tindakan korupsi skala kecil ( petty corruption ) dan tidak mencakup korupsi skala besar ( grand corruption ). Data yang dikumpulkan mencakup pendapat terhadap kebiasaan di masyarakat dan pengalaman berhubungan dengan layanan publik dalam hal perilaku penyuapan ( bribery ), pemerasan ( extortion ), dan nepotisme ( nepotism ).\nIPAK mengukur budaya zero tolerance terhadap korupsi skala kecil, bukan korupsi skala besar\nDimensi penyusun IPAK terdiri dari Dimensi Persepsi dan Dimensi Pengalaman. Dimensi Persepsi berupa penilaian/pendapat terhadap kebiasaan perilaku antikorupsi di masyarakat yang terdiri dari tiga subdimensi yaitu subdimensi persepsi keluarga, subdimensi persepsi komunitas, dan subdimensi""]","[{""chunk_id"": ""indeks-perilaku-anti-korupsi-2023__1__c003"", ""faiss_id"": 1273, ""document_title"": ""Indeks Perilaku Anti Korupsi 2023"", ""section_id"": ""1"", ""page_start"": 41, ""page_end"": 41, ""bps_url"": ""https://www.bps.go.id/id/publication/2023/12/20/0f9d5ec7203f63ff45c99a07/indeks-perilaku-anti-korupsi-2023.html"", ""rerank_score"": 3.6429717540740967}, {""chunk_id"": ""indeks-perilaku-anti-korupsi-2024__sec_100__c001"", ""faiss_id"": 1565, ""document_title"": ""Indeks Perilaku Anti Korupsi 2024"", ""section_id"": ""sec_100"", ""page_start"": 159, ""page_end"": 159, ""bps_url"": ""https://www.bps.go.id/id/publication/2024/12/06/66e636bc0a8fa4f90e0d6c6d/indeks-perilaku-anti-korupsi-2024.html"", ""rerank_score"": 3.389073133468628}, {""chunk_id"": ""statistik-kriminal-2023__sec_061__c001"", ""faiss_id"": 17191, ""document_title"": ""Statistik Kriminal 2023"", ""section_id"": ""sec_061"", ""page_start"": 104, ""page_end"": 108, ""bps_url"": ""https://www.bps.go.id/id/publication/2023/12/12/5edba2b0fe5429a0f232c736/statistik-kriminal-2023.html"", ""rerank_score"": 2.3117103576660156}, {""chunk_id"": ""indeks-perilaku-anti-korupsi-2023__sec_054__c003"", ""faiss_id"": 1306, ""document_title"": ""Indeks Perilaku Anti Korupsi 2023"", ""section_id"": ""sec_054"", ""page_start"": 68, ""page_end"": 72, ""bps_url"": ""https://www.bps.go.id/id/publication/2023/12/20/0f9d5ec7203f63ff45c99a07/indeks-perilaku-anti-korupsi-2023.html"", ""rerank_score"": 2.3086893558502197}, {""chunk_id"": ""statistik-kriminal-2024__sec_067__c002"", ""faiss_id"": 17606, ""document_title"": ""Statistik Kriminal 2024"", ""section_id"": ""sec_067"", ""page_start"": 106, ""page_end"": 110, ""bps_url"": ""https://www.bps.go.id/id/publication/2024/12/12/13317138a55b2f7096589536/statistik-kriminal-2024.html"", ""rerank_score"": 2.152277708053589}]","{""1"": ""Indeks Perilaku Anti Korupsi (IPAK) nasional pada edisi terkahir adalah 3,93, lebih tinggi daripada IPAK perkotaan (3,90) dan perdesaan (3,90)."", ""2"": ""IPAK 2024 sebesar 3,85 turun 0,07 poin dibanding IPAK 2023 (3,92). Capaian IPAK 2024 masih di bawah Target RPJMN 2024 (4,14)."", ""3"": ""Indeks Perilaku Anti Korupsi (IPAK) 2023 menunjukkan bahwa indeks di perkotaan (3,93) cukup berbeda dengan indeks di perdesaan (3,90)."", ""4"": ""IPAK mengukur budaya zero tolerance terhadap korupsi skala kecil, bukan korupsi skala besar. Dimensi penyusun IPAK terdiri dari Dimensi Persepsi dan Dimensi Pengalaman. Dimensi Persepsi berupa penilaian/pendapat terhadap kebiasaan perilaku antikorupsi di masyarakat yang terdiri dari tiga subdimensi yaitu subdimensi persepsi keluarga, subdimensi persepsi komunitas, dan subdimensi persepsi publik. Dimensi Pengalaman berupa penilaian/pendapat terhadap pengalaman individu terkait perilaku antikorupsi di Indonesia. Dimensi Persepsi dan Dimensi Pengalaman ini digunakan untuk mengukur tingkat permisifitas masyarakat terhadap perilaku antikorupsi, serta tingkat pemahaman dan penilaian masyarakat terkait perilaku antikorupsi serta tingkat perilaku antikorupsi yang terinternalisasi dalam individu. ""}",2.9836310840000806,1.8439327360001698,"{""total_duration"": 1841980444, ""load_duration"": 1528385, ""prompt_eval_count"": 2529, ""prompt_eval_duration"": 1026122000, ""eval_count"": 16, ""eval_duration"": 301943000}",15.108350167000026,ok,,85edb411a3706843a8043481e3d814b59ae4ba89dd02accf4a0c122fc94c22f2,False,1.0,ok,0.6338370885085102,ok,1.0,ok
Q018,5_kesalahan_ketik,minor,Berapa Indeks Perilaku Anti Korupsi (IPAK) nasional pada edisi terkahir? Saya butuh angka pastinya.,S1_F03,,typo,TYPO-S1_F03,swap_2_characters,typo_factual_retrieval,,minor,deepseek-flash,"Berdasarkan konteks [2], **Indeks Perilaku Anti Korupsi (IPAK) nasional pada edisi terakhir, yaitu 2024, adalah 3,85**.

Kutipan relevan:
> “IPAK 2024 sebesar 3,85 turun 0,07 poin dibanding IPAK 2023 (3,92).” [2]

Perlu dicatat, angka **4,14** yang disebut dalam konteks [2] adalah **Target RPJMN 2024**, bukan angka realisasi IPAK 2024:
> “Capaian IPAK 2024 masih di bawah Target RPJMN 2024 (4,14",deepseek-flash,[],"[1] Indeks Perilaku Anti Korupsi 2023 | 1
tingkatan. Dalam tujuan global tersebut terdapat sasaran global untuk secara substansial mengurangi korupsi dan penyuapan dalam segala bentuknya. Selain itu, korupsi juga menjadi sasaran nasional pada RPJMN 2020-2024, yaitu meningkatnya Indeks Perilaku Anti Korupsi (IPAK) menjadi 4,14 pada tahun 2024 (Lampiran Teknokratik RPJMN 2020-2024).
Dari penjabaran di atas dapat disimpulkan bahwa data terkait perilaku antikorupsi menjadi hal yang penting sebagai bahan perencanaan dan evaluasi program pembangunan. Untuk memenuhi kebutuhan data tersebut, Badan Pusat Statistik (BPS) mengukur Indeks Perilaku Anti Korupsi (IPAK) melalui Survei Perilaku Anti Korupsi (SPAK). SPAK merupakan survei yang bertujuan untuk mengukur permisifitas masyarakat terhadap perilaku-perilaku korupsi, sosialisasi, dan pengetahuan masyarakat tentang antikorupsi. Penyelenggaraan SPAK telah dimulai sejak tahun 2012. 1.2 Maksud dan Tujuan Penyusunan publikasi ini dimaksudkan untuk memperoleh gambaran secara lengkap mengenai situasi dan kondisi serta perilaku antikorupsi masyarakat terkini. Hal ini dilihat dari aspek pendapat, pengetahuan, perilaku, dan pengalaman individu terkait perilaku antikorupsi di Indonesia. Secara khusus, publikasi ini disusun guna memperoleh gambaran secara lengkap sejauh mana perilaku antikorupsi terinternalisasi di dalam setiap individu.

[2] Indeks Perilaku Anti Korupsi 2024 | sec_100
7.1 Kesimpulan
Berdasarkan hasil SPAK 2024 terdapat beberapa hal yang dapat disimpulkan:
1. Indeks Perilaku Anti Korupsi (IPAK) mengalami penurunan selama 2 tahun terakhir (2023 dan 2024). IPAK 2024 sebesar 3,85 turun 0,07 poin dibanding IPAK 2023 (3,92). Hal ini memperlihatkan tingkat perilaku antikorupsi menurun. Capaian IPAK 2024 masih di bawah Target RPJMN 2024 (4,14).
2. Indeks Persepsi dan Indeks Pengalaman menunjukkan penurunan. Indeks Persepsi 2024 adalah sebesar 3,76, turun 0,06 dibandingkan tahun 2023 (3,82). Sementara itu, Indeks Pengalaman 2024 adalah sebesar 3,89; angka tersebut turun dibandingkan 2023 (3,96). Hal ini menunjukkan adanya penurunan pemahaman dan penilaian masyarakat terkait perilaku antikorupsi serta meningkatnya masyarakat yang membayar melebihi ketentuan dalam mengakses layanan publik.
3. Pada Indeks Persepsi Keluarga, indikator dengan penurunan terbesar dibandingkan tahun sebelumnya adalah pendapat terhadap sikap seseorang yang menerima uang tambahan dari pasangan (suami/istri), di luar gaji atau penghasilan yang biasa diterima, tanpa mempertanyakan asal usul uang tersebut (-3,60). Diperlukan sosialisasi nilai antikorupsi terutama nilai antikorupsi berani dan peduli.
4. Pada Indeks Persepsi Komunitas, indikator dengan penurunan terbesar dibandingkan tahun sebelumnya adalah pendapat terhadap Kelompok atau Lembaga Masyarakat menerima bantuan, sumbangan, pemberian, atau hibah dari seseorang tanpa mempertanyakan asal-
pencucian uang ( Money Laundering ) agar masyarakat sadar bahwa tindakan tersebut termasuk bagian dari tindak pidana korupsi.
5. Pada Indeks Persepsi Publik, indikator dengan penurunan terbesar dibandingkan tahun sebelumnya adalah guru, dosen, atau tenaga kependidikan membantu orang lain (bukan anggota keluarganya)
KESIMPULAN DAN REKOMENDASI

[3] Statistik Kriminal 2023 | sec_061
4. 5 Target 16.5.1.(a). Indeks Perilaku Anti Korupsi (IPAK)
Korupsi merupakan permasalahan global yang berdampak pada berbagai sektor kehidupan masyarakat. Salah satu akar penyebab berkembangnya praktik korupsi diduga berasal dari rendahnya integritas para pelakunya dan masih kentalnya budaya permisif terhadap tindakan korupsi. Melalui Peraturan Presiden Nomor 54 Tahun 2018 tentang Strategi Nasional Pencegahan Korupsi (STRANAS PK), pemerintah berupaya menyusun arah kebijakan nasional dalam pencegahan korupsi di Indonesia. Dalam pemenuhan tujuan global untuk mencapai sasaran global secara substansial mengurangi korupsi dan penyuapan dalam segala bentuknya, diatur dalam Peraturan Presiden Nomor 59 Tahun 2017 tentang Pelaksanaan Pencapaian Tujuan Pembangunan Berkelanjutan. Selain itu, korupsi juga menjadi sasaran nasional pada Rencana Pembangunan Jangka Menengah Nasional (RPJMN) 2020-2024. Badan Pusat Statistik (BPS) mengukur Indeks Perilaku Anti Korupsi (IPAK) melalui Survei Perilaku Anti Korupsi (SPAK). Survei ini telah dilaksanakan setiap tahun sejak 2012 sampai dengan tahun 2023, kecuali tahun 2016. Pada tahun 2023, SPAK dilaksanakan di 34 provinsi dan 171 kabupaten/kota. Estimasi SPAK hanya dilakukan sampai level nasional. Survei Perilaku Anti Korupsi (SPAK) bertujuan mengukur tingkat permisifitas masyarakat terhadap perilaku antikorupsi dengan menggunakan Indeks Perilaku Anti Korupsi (IPAK). Survei ini mengukur perilaku masyarakat dalam tindakan korupsi skala kecil ( petty corruption ) dan tidak mencakup korupsi skala besar ( grand corruption ). Data yang dikumpulkan mencakup pendapat terhadap kebiasaan di masyarakat dan pengalaman berhubungan dengan layanan publik dalam hal perilaku penyuapan ( bribery ), pemerasan ( extortion ), dan nepotisme ( nepotism ).

[4] Indeks Perilaku Anti Korupsi 2023 | sec_054
yang diberikan. Selain itu, perlu terjaminnya aspek kemudahan dan kecepatan dalam layanan publik. Keterbukaan informasi juga merupakan hak masyarakat yang harus dipenuhi oleh pemerintah.
Tabel 3.2. Indeks Perilaku Anti Korupsi Menurut Subdimensi dan Klasifikasi Wilayah pada Dimensi Pengalaman, 2023
|||||
|---|---|---|---|
|Perkotaan dan|
|Indeks|Perkotaan|Perdesaan|
|Perdesaan|
|(1)|(2)|(3)|(4)|
|Indeks Pengalaman Publik|4,18|4,18|4,18|
|Indeks Pengalaman Lainnya|3,29|3,29|3,29|
|Indeks Pengalaman|3,96|3,96|3,96|
|IPAK|3,93|3,90|3,92|
3,96 3,96 3,93 3,90
Sumber: BPS, SPAK 2023
Seperti dijelaskan pada bagian sebelumnya bahwa Indeks Pengalaman lebih tinggi dibanding Indeks Persepsi. Hasil ini juga konsisten jika dirinci menurut wilayah. Hal ini menujukkan bahwa semakin baiknya persepsi seseorang terhadap perilaku korupsi tidak selalu diterapkan dalam perilaku atau pengalamannya. Terjadinya fenomena ini diduga terjadi karena nilai-nilai yang dipahami hanya sebatas nilai-nilai normatif, sehingga tidak mampu membentuk pribadi seseorang menjadi tangguh dan antikorupsi. Secara lengkap, hasil ini disajikan pada Tabel 3.3.
Tabel 3.3. Indeks Perilaku Anti Korupsi Menurut Dimensi dan Klasifikasi Wilayah, 2023
|||||
|---|---|---|---|
|Perkotaan dan|
|Indeks|Perkotaan|Perdesaan|
|Perdesaan|
|(1)|(2)|(3)|(4)|
|Indeks Persepsi|3,86|3,78|3,82|
|Indeks Pengalaman|3,96|3,96|3,96|
|IPAK|3,93|3,90|3,92|
Sumber: BPS, SPAK 2023
Tabel 3.3. menunjukkan bahwa Indeks Pengalaman, baik di perkotaan maupun perdesaan lebih tinggi dibandingkan Indeks Persepsi di perkotaan dan perdesaan. Selain itu, secara komposit, hasil IPAK 2023 menunjukkan bahwa indeks di perkotaan (3,93) cukup berbeda dengan indeks di perdesaan (3,90).
INDEKS PERILAKU ANTI KORUPSI

INDEKS PERILAKU ANTI KORUPSI 2023

lingkup keluarga dan komunitas mengalami peningkatan, sedangkan di lingkup publik menurun
INDEKS PERILAKU ANTI KORUPSI

INDEKS PERILAKU ANTI KORUPSI 2023

[5] Statistik Kriminal 2024 | sec_067
(Stranas PK), pemerintah berupaya menyusun arah kebijakan nasional dalam pencegahan korupsi di Indonesia. Dalam pemenuhan tujuan global untuk mencapai sasaran global secara substansial mengurangi korupsi dan penyuapan \ dalam segala bentuknya, diatur dalam Peraturan Presiden Nomor 59 Tahun 2017 tentang Pelaksanaan Pencapaian Tujuan Pembangunan Berkelanjutan. Selain itu, korupsi juga menjadi sasaran nasional pada Rencana Pembangunan Jangka Menengah Nasional (RPJMN) 2020-2024. Badan Pusat Statistik (BPS) mengukur Indeks Perilaku Anti Korupsi (IPAK) melalui Survei Perilaku Anti Korupsi (SPAK). Survei ini telah dilaksanakan setiap tahun sejak 2012 sampai dengan tahun 2024, kecuali tahun 2016. Pada tahun 2024, SPAK dilaksanakan di 186 kabupaten/kota yang tersebar di 38 provinsi di Indonesia. Dengan jumlah sampel sebanyak 11.000 rumah tangga, estimasi hasil SPAK hanya dapat disajikan pada level nasional. Survei Perilaku Anti Korupsi (SPAK) bertujuan mengukur tingkat permisifitas masyarakat terhadap perilaku antikorupsi dengan menggunakan Indeks Perilaku Anti Korupsi (IPAK). Survei ini mengukur perilaku masyarakat dalam tindakan korupsi skala kecil ( petty corruption ) dan tidak mencakup korupsi skala besar ( grand corruption ). Data yang dikumpulkan mencakup pendapat terhadap kebiasaan di masyarakat dan pengalaman berhubungan dengan layanan publik dalam hal perilaku penyuapan ( bribery ), pemerasan ( extortion ), dan nepotisme ( nepotism ).
IPAK mengukur budaya zero tolerance terhadap korupsi skala kecil, bukan korupsi skala besar
Dimensi penyusun IPAK terdiri dari Dimensi Persepsi dan Dimensi Pengalaman. Dimensi Persepsi berupa penilaian/pendapat terhadap kebiasaan perilaku antikorupsi di masyarakat yang terdiri dari tiga subdimensi yaitu subdimensi persepsi keluarga, subdimensi persepsi komunitas, dan subdimensi","[""tingkatan. Dalam tujuan global tersebut terdapat sasaran global untuk secara substansial mengurangi korupsi dan penyuapan dalam segala bentuknya. Selain itu, korupsi juga menjadi sasaran nasional pada RPJMN 2020-2024, yaitu meningkatnya Indeks Perilaku Anti Korupsi (IPAK) menjadi 4,14 pada tahun 2024 (Lampiran Teknokratik RPJMN 2020-2024).\nDari penjabaran di atas dapat disimpulkan bahwa data terkait perilaku antikorupsi menjadi hal yang penting sebagai bahan perencanaan dan evaluasi program pembangunan. Untuk memenuhi kebutuhan data tersebut, Badan Pusat Statistik (BPS) mengukur Indeks Perilaku Anti Korupsi (IPAK) melalui Survei Perilaku Anti Korupsi (SPAK). SPAK merupakan survei yang bertujuan untuk mengukur permisifitas masyarakat terhadap perilaku-perilaku korupsi, sosialisasi, dan pengetahuan masyarakat tentang antikorupsi. Penyelenggaraan SPAK telah dimulai sejak tahun 2012. 1.2 Maksud dan Tujuan Penyusunan publikasi ini dimaksudkan untuk memperoleh gambaran secara lengkap mengenai situasi dan kondisi serta perilaku antikorupsi masyarakat terkini. Hal ini dilihat dari aspek pendapat, pengetahuan, perilaku, dan pengalaman individu terkait perilaku antikorupsi di Indonesia. Secara khusus, publikasi ini disusun guna memperoleh gambaran secara lengkap sejauh mana perilaku antikorupsi terinternalisasi di dalam setiap individu."", ""7.1 Kesimpulan\nBerdasarkan hasil SPAK 2024 terdapat beberapa hal yang dapat disimpulkan:\n1. Indeks Perilaku Anti Korupsi (IPAK) mengalami penurunan selama 2 tahun terakhir (2023 dan 2024). IPAK 2024 sebesar 3,85 turun 0,07 poin dibanding IPAK 2023 (3,92). Hal ini memperlihatkan tingkat perilaku antikorupsi menurun. Capaian IPAK 2024 masih di bawah Target RPJMN 2024 (4,14).\n2. Indeks Persepsi dan Indeks Pengalaman menunjukkan penurunan. Indeks Persepsi 2024 adalah sebesar 3,76, turun 0,06 dibandingkan tahun 2023 (3,82). Sementara itu, Indeks Pengalaman 2024 adalah sebesar 3,89; angka tersebut turun dibandingkan 2023 (3,96). Hal ini menunjukkan adanya penurunan pemahaman dan penilaian masyarakat terkait perilaku antikorupsi serta meningkatnya masyarakat yang membayar melebihi ketentuan dalam mengakses layanan publik.\n3. Pada Indeks Persepsi Keluarga, indikator dengan penurunan terbesar dibandingkan tahun sebelumnya adalah pendapat terhadap sikap seseorang yang menerima uang tambahan dari pasangan (suami/istri), di luar gaji atau penghasilan yang biasa diterima, tanpa mempertanyakan asal usul uang tersebut (-3,60). Diperlukan sosialisasi nilai antikorupsi terutama nilai antikorupsi berani dan peduli.\n4. Pada Indeks Persepsi Komunitas, indikator dengan penurunan terbesar dibandingkan tahun sebelumnya adalah pendapat terhadap Kelompok atau Lembaga Masyarakat menerima bantuan, sumbangan, pemberian, atau hibah dari seseorang tanpa mempertanyakan asal-\npencucian uang ( Money Laundering ) agar masyarakat sadar bahwa tindakan tersebut termasuk bagian dari tindak pidana korupsi.\n5. Pada Indeks Persepsi Publik, indikator dengan penurunan terbesar dibandingkan tahun sebelumnya adalah guru, dosen, atau tenaga kependidikan membantu orang lain (bukan anggota keluarganya)\nKESIMPULAN DAN REKOMENDASI"", ""4. 5 Target 16.5.1.(a). Indeks Perilaku Anti Korupsi (IPAK)\nKorupsi merupakan permasalahan global yang berdampak pada berbagai sektor kehidupan masyarakat. Salah satu akar penyebab berkembangnya praktik korupsi diduga berasal dari rendahnya integritas para pelakunya dan masih kentalnya budaya permisif terhadap tindakan korupsi. Melalui Peraturan Presiden Nomor 54 Tahun 2018 tentang Strategi Nasional Pencegahan Korupsi (STRANAS PK), pemerintah berupaya menyusun arah kebijakan nasional dalam pencegahan korupsi di Indonesia. Dalam pemenuhan tujuan global untuk mencapai sasaran global secara substansial mengurangi korupsi dan penyuapan dalam segala bentuknya, diatur dalam Peraturan Presiden Nomor 59 Tahun 2017 tentang Pelaksanaan Pencapaian Tujuan Pembangunan Berkelanjutan. Selain itu, korupsi juga menjadi sasaran nasional pada Rencana Pembangunan Jangka Menengah Nasional (RPJMN) 2020-2024. Badan Pusat Statistik (BPS) mengukur Indeks Perilaku Anti Korupsi (IPAK) melalui Survei Perilaku Anti Korupsi (SPAK). Survei ini telah dilaksanakan setiap tahun sejak 2012 sampai dengan tahun 2023, kecuali tahun 2016. Pada tahun 2023, SPAK dilaksanakan di 34 provinsi dan 171 kabupaten/kota. Estimasi SPAK hanya dilakukan sampai level nasional. Survei Perilaku Anti Korupsi (SPAK) bertujuan mengukur tingkat permisifitas masyarakat terhadap perilaku antikorupsi dengan menggunakan Indeks Perilaku Anti Korupsi (IPAK). Survei ini mengukur perilaku masyarakat dalam tindakan korupsi skala kecil ( petty corruption ) dan tidak mencakup korupsi skala besar ( grand corruption ). Data yang dikumpulkan mencakup pendapat terhadap kebiasaan di masyarakat dan pengalaman berhubungan dengan layanan publik dalam hal perilaku penyuapan ( bribery ), pemerasan ( extortion ), dan nepotisme ( nepotism )."", ""yang diberikan. Selain itu, perlu terjaminnya aspek kemudahan dan kecepatan dalam layanan publik. Keterbukaan informasi juga merupakan hak masyarakat yang harus dipenuhi oleh pemerintah.\nTabel 3.2. Indeks Perilaku Anti Korupsi Menurut Subdimensi dan Klasifikasi Wilayah pada Dimensi Pengalaman, 2023\n|||||\n|---|---|---|---|\n|Perkotaan dan|\n|Indeks|Perkotaan|Perdesaan|\n|Perdesaan|\n|(1)|(2)|(3)|(4)|\n|Indeks Pengalaman Publik|4,18|4,18|4,18|\n|Indeks Pengalaman Lainnya|3,29|3,29|3,29|\n|Indeks Pengalaman|3,96|3,96|3,96|\n|IPAK|3,93|3,90|3,92|\n3,96 3,96 3,93 3,90\nSumber: BPS, SPAK 2023\nSeperti dijelaskan pada bagian sebelumnya bahwa Indeks Pengalaman lebih tinggi dibanding Indeks Persepsi. Hasil ini juga konsisten jika dirinci menurut wilayah. Hal ini menujukkan bahwa semakin baiknya persepsi seseorang terhadap perilaku korupsi tidak selalu diterapkan dalam perilaku atau pengalamannya. Terjadinya fenomena ini diduga terjadi karena nilai-nilai yang dipahami hanya sebatas nilai-nilai normatif, sehingga tidak mampu membentuk pribadi seseorang menjadi tangguh dan antikorupsi. Secara lengkap, hasil ini disajikan pada Tabel 3.3.\nTabel 3.3. Indeks Perilaku Anti Korupsi Menurut Dimensi dan Klasifikasi Wilayah, 2023\n|||||\n|---|---|---|---|\n|Perkotaan dan|\n|Indeks|Perkotaan|Perdesaan|\n|Perdesaan|\n|(1)|(2)|(3)|(4)|\n|Indeks Persepsi|3,86|3,78|3,82|\n|Indeks Pengalaman|3,96|3,96|3,96|\n|IPAK|3,93|3,90|3,92|\nSumber: BPS, SPAK 2023\nTabel 3.3. menunjukkan bahwa Indeks Pengalaman, baik di perkotaan maupun perdesaan lebih tinggi dibandingkan Indeks Persepsi di perkotaan dan perdesaan. Selain itu, secara komposit, hasil IPAK 2023 menunjukkan bahwa indeks di perkotaan (3,93) cukup berbeda dengan indeks di perdesaan (3,90).\nINDEKS PERILAKU ANTI KORUPSI\n\nINDEKS PERILAKU ANTI KORUPSI 2023\n\nlingkup keluarga dan komunitas mengalami peningkatan, sedangkan di lingkup publik menurun\nINDEKS PERILAKU ANTI KORUPSI\n\nINDEKS PERILAKU ANTI KORUPSI 2023"", ""(Stranas PK), pemerintah berupaya menyusun arah kebijakan nasional dalam pencegahan korupsi di Indonesia. Dalam pemenuhan tujuan global untuk mencapai sasaran global secara substansial mengurangi korupsi dan penyuapan \\ dalam segala bentuknya, diatur dalam Peraturan Presiden Nomor 59 Tahun 2017 tentang Pelaksanaan Pencapaian Tujuan Pembangunan Berkelanjutan. Selain itu, korupsi juga menjadi sasaran nasional pada Rencana Pembangunan Jangka Menengah Nasional (RPJMN) 2020-2024. Badan Pusat Statistik (BPS) mengukur Indeks Perilaku Anti Korupsi (IPAK) melalui Survei Perilaku Anti Korupsi (SPAK). Survei ini telah dilaksanakan setiap tahun sejak 2012 sampai dengan tahun 2024, kecuali tahun 2016. Pada tahun 2024, SPAK dilaksanakan di 186 kabupaten/kota yang tersebar di 38 provinsi di Indonesia. Dengan jumlah sampel sebanyak 11.000 rumah tangga, estimasi hasil SPAK hanya dapat disajikan pada level nasional. Survei Perilaku Anti Korupsi (SPAK) bertujuan mengukur tingkat permisifitas masyarakat terhadap perilaku antikorupsi dengan menggunakan Indeks Perilaku Anti Korupsi (IPAK). Survei ini mengukur perilaku masyarakat dalam tindakan korupsi skala kecil ( petty corruption ) dan tidak mencakup korupsi skala besar ( grand corruption ). Data yang dikumpulkan mencakup pendapat terhadap kebiasaan di masyarakat dan pengalaman berhubungan dengan layanan publik dalam hal perilaku penyuapan ( bribery ), pemerasan ( extortion ), dan nepotisme ( nepotism ).\nIPAK mengukur budaya zero tolerance terhadap korupsi skala kecil, bukan korupsi skala besar\nDimensi penyusun IPAK terdiri dari Dimensi Persepsi dan Dimensi Pengalaman. Dimensi Persepsi berupa penilaian/pendapat terhadap kebiasaan perilaku antikorupsi di masyarakat yang terdiri dari tiga subdimensi yaitu subdimensi persepsi keluarga, subdimensi persepsi komunitas, dan subdimensi""]","[{""chunk_id"": ""indeks-perilaku-anti-korupsi-2023__1__c003"", ""faiss_id"": 1273, ""document_title"": ""Indeks Perilaku Anti Korupsi 2023"", ""section_id"": ""1"", ""page_start"": 41, ""page_end"": 41, ""bps_url"": ""https://www.bps.go.id/id/publication/2023/12/20/0f9d5ec7203f63ff45c99a07/indeks-perilaku-anti-korupsi-2023.html"", ""rerank_score"": 3.6429717540740967}, {""chunk_id"": ""indeks-perilaku-anti-korupsi-2024__sec_100__c001"", ""faiss_id"": 1565, ""document_title"": ""Indeks Perilaku Anti Korupsi 2024"", ""section_id"": ""sec_100"", ""page_start"": 159, ""page_end"": 159, ""bps_url"": ""https://www.bps.go.id/id/publication/2024/12/06/66e636bc0a8fa4f90e0d6c6d/indeks-perilaku-anti-korupsi-2024.html"", ""rerank_score"": 3.389073133468628}, {""chunk_id"": ""statistik-kriminal-2023__sec_061__c001"", ""faiss_id"": 17191, ""document_title"": ""Statistik Kriminal 2023"", ""section_id"": ""sec_061"", ""page_start"": 104, ""page_end"": 108, ""bps_url"": ""https://www.bps.go.id/id/publication/2023/12/12/5edba2b0fe5429a0f232c736/statistik-kriminal-2023.html"", ""rerank_score"": 2.3117103576660156}, {""chunk_id"": ""indeks-perilaku-anti-korupsi-2023__sec_054__c003"", ""faiss_id"": 1306, ""document_title"": ""Indeks Perilaku Anti Korupsi 2023"", ""section_id"": ""sec_054"", ""page_start"": 68, ""page_end"": 72, ""bps_url"": ""https://www.bps.go.id/id/publication/2023/12/20/0f9d5ec7203f63ff45c99a07/indeks-perilaku-anti-korupsi-2023.html"", ""rerank_score"": 2.3086893558502197}, {""chunk_id"": ""statistik-kriminal-2024__sec_067__c002"", ""faiss_id"": 17606, ""document_title"": ""Statistik Kriminal 2024"", ""section_id"": ""sec_067"", ""page_start"": 106, ""page_end"": 110, ""bps_url"": ""https://www.bps.go.id/id/publication/2024/12/12/13317138a55b2f7096589536/statistik-kriminal-2024.html"", ""rerank_score"": 2.152277708053589}]",{},2.684082496999963,2.8644434569998793,"{""prompt_tokens"": 2918, ""completion_tokens"": 512, ""total_tokens"": 3430, ""prompt_tokens_details"": {""cached_tokens"": 2688}, ""completion_tokens_details"": {""reasoning_tokens"": 360}, ""prompt_cache_hit_tokens"": 2688, ""prompt_cache_miss_tokens"": 230}",8.496949506999954,ok,,85edb411a3706843a8043481e3d814b59ae4ba89dd02accf4a0c122fc94c22f2,False,1.0,ok,0.7652584740446874,ok,1.0,ok
Q019,5_kesalahan_ketik,major,"Ank-anak kcil di Indoensia skarang kondisinya gmna ya, ada datanya nggak?",S1_F02,,typo,TYPO-S1_F02,delete+replace+swap_multiple_words,typo_factual_retrieval,,major,llama3.2-finetuned,"Teks tidak menyediakan informasi yang cukup untuk menjawab pertanyaan tentang kondisi anak usia dini di Indonesia. Karena itu, jawaban yang dapat diberikan adalah bahwa tidak ada data yang tersedia untuk membahas kondisi anak usia dini di Indonesia.",llama3.2-finetuned,"[""Data kondisi anak usia dini di Indonesia tersedia.""]",,[],[],{},2.5804565329999605,1.3239041239999096,"{""total_duration"": 1321658647, ""load_duration"": 1666894, ""prompt_eval_count"": 364, ""prompt_eval_duration"": 248204000, ""eval_count"": 62, ""eval_duration"": 1033867999}",3.904395865999959,ok,,85edb411a3706843a8043481e3d814b59ae4ba89dd02accf4a0c122fc94c22f2,False,,empty_retrieval,0.0,ok,,empty_retrieval
Q019,5_kesalahan_ketik,major,"Ank-anak kcil di Indoensia skarang kondisinya gmna ya, ada datanya nggak?",S1_F02,,typo,TYPO-S1_F02,delete+replace+swap_multiple_words,typo_factual_retrieval,,major,gemma2-finetuned,"Teks tidak memuat informasi mengenai kondisi anak-anak kecil di Indonesia. Karena itu, tidak ada data yang dapat disajikan.",gemma2-finetuned,"[""Data kondisi anak usia 0-4 tahun di Indonesia.""]",,[],[],{},2.7687948620000498,0.5707200750000538,"{""total_duration"": 568408465, ""load_duration"": 1657219, ""prompt_eval_count"": 247, ""prompt_eval_duration"": 157904000, ""eval_count"": 26, ""eval_duration"": 385100000}",3.3395497869998962,ok,,85edb411a3706843a8043481e3d814b59ae4ba89dd02accf4a0c122fc94c22f2,False,,empty_retrieval,0.0,ok,,empty_retrieval
Q019,5_kesalahan_ketik,major,"Ank-anak kcil di Indoensia skarang kondisinya gmna ya, ada datanya nggak?",S1_F02,,typo,TYPO-S1_F02,delete+replace+swap_multiple_words,typo_factual_retrieval,,major,deepseek-flash,"Dalam dokumen yang tersedia, saya tidak menemukan bagian konteks yang memuat data atau informasi tentang kondisi anak-anak kecil di Indonesia. Karena itu, saya tidak bisa memberikan angka, tren, atau gambaran kondisi mereka berdasarkan sumber yang ada.

Jika Anda ingin, silakan sebutkan indikator yang dimaksud—misalnya kesehatan, gizi, pendidikan, atau kesejahteraan anak—dan publikasi BPS yang relevan. Dengan begitu saya bisa bantu cek apakah informasinya tersedia dalam konteks yang diberikan.",deepseek-flash,[],,[],[],{},3.114065602999972,2.7215203400000973,"{""prompt_tokens"": 329, ""completion_tokens"": 321, ""total_tokens"": 650, ""prompt_tokens_details"": {""cached_tokens"": 128}, ""completion_tokens_details"": {""reasoning_tokens"": 207}, ""prompt_cache_hit_tokens"": 128, ""prompt_cache_miss_tokens"": 201}",5.835621091999883,ok,,85edb411a3706843a8043481e3d814b59ae4ba89dd02accf4a0c122fc94c22f2,False,,empty_retrieval,0.0,ok,,empty_retrieval
Q020,5_kesalahan_ketik,major,Apa yang dimaksd dgn Indkes Khuss Penanganan Stuntng (IKPS) mnurut publikasi BPS?,S1_F04,,typo,TYPO-S1_F04,delete+replace+swap_multiple_words,typo_factual_retrieval,,major,llama3.2-finetuned,"Teks menyatakan bahwa IKPS adalah instrumen untuk mengukur kinerja pelaksanaan program percepatan penurunan stunting di tingkat nasional, provinsi, hingga tingkat kabupaten/kota dalam memenuhi aspek evaluasi. Karena itu, IKPS digunakan untuk mengukur kinerja program percepatan penurunan stunting pada tingkat berbagai wilayah.",llama3.2-finetuned,"[""Indeks Kesejahteraan Rakyat (Indeks Kesejahteraan Rakyat) adalah ukuran yang digunakan untuk mengukur tingkat kesejahteraan rakyat.""]","[1] Laporan Indeks Khusus Penanganan Stunting (IKPS) 2022–2023 | sec_008
Terdapat lima pilar pencegahan stunting pada Stranas stunting, dengan pilar ke-lima merupakan pemantauan dan evaluasi. Pemantauan adalah kegiatan mengamati perkembangan pelaksanaan percepatan penurunan stunting, mengidentifikasi, serta mengantisipasi permasalahan yang timbul dan/atau akan timbul untuk dapat diambil tindakan sedini mungkin. Sementara itu, evaluasi mencakup rangkaian kegiatan membandingkan antartarget dan capaian pelaksanaan percepatan penurunan stunting. Indeks Khusus Penanganan Stunting (IKPS) disusun sabagai salah satu instrumen untuk mengukur kinerja pelaksanaan program percepatan penurunan stunting di tingkat nasional, provinsi, hingga tingkat kabupaten/kota dalam memenuhi aspek evaluasi. Pembahasan dan penyusunan IKPS pertama kali dilaksanakan sejak tahun 2018. Dalam perjalanannya, penyusunan IKPS terus mengalami perbaikan dengan berdasarkan diskusi dengan Sekretariat Wakil Presiden Republik Indonesia (Setwapres RI) sebagai ketua pengarah dalam koordinasi penyelenggaraan percepatan penurunan stunting, diskusi juga turut melibatkan kementerian/lembaga serta para pakar di berbagai bidang. Pencegahan stunting memerlukan intervensi gizi konvergen yang mencakup intervensi gizi spesifik dan gizi sensitif. Intervensi gizi spesifik dilaksanakan untuk mengatasi penyebab langsung terjadinya stunting. Sementara intervensi gizi sensitif dilaksanakan untuk mengatasi penyebab tidak langsung terjadinya stunting. Indikator penyusun dalam IKPS berpedoman pada penyebab langsung dan tidak langsung stunting berdasarkan pada kerangka konsep penyebab dan pencegahan stunting.

[2] Laporan Indeks Khusus Penanganan Stunting Kabupaten/Kota 2021–2022 | sec_036
Indikator penyusun IKPS tahun 2018-2019 juga digunakan dalam penyusunan IKPS tahun 2020. Namun demikian pada rangkaian kegiatan penyusunan IKPS tahun 2021, diputuskan akan kembali dilakukan penyempurnaan penghitungan IKPS. Pada rapat yang dilaksanakan pada tanggal 3 Juni 2022 yang dihadiri perwakilan dari BPS, Setwapres RI, kementerian/lembaga, Bank Dunia, dan para pakar, diputuskan adanya penggantian dua indikator pada dimensi perlindungan sosial, yaitu dari pemanfaatan jaminan kesehatan dan penerima KPS/KKS menjadi kepemilikan JKN/jamkesda dan penerima KPS/KKS atau bantuan pangan. Secara lengkap, indikator dan dimensi penyusun IKPS disajikan pada Tabel 2.1.
Secara spesifik, penggantian dua indikator pada dimensi perlindungan sosial didasari pertimbangan sebagai berikut:
- a. Penduduk yang memiliki jaminan kesehatan bisa saja tidak memanfaatkan jaminan kesehatan yang dimiliki karena tidak mempunyai keluhan kesehatan. Oleh karena itu, diputuskan adanya penggantian indikator pemanfaatan jaminan kesehatan menjadi indikator kepemilikan JKN/jamkesda. Di sisi lain, indikator cakupan kepesertaan JKN juga merupakan indikator yang digunakan untuk mengukur peningkatan perlindungan sosial bagi seluruh penduduk dalam RPJMN 2020-2024. Pada tingkat global pun, indikator ini digunakan dalam mengukur pencapaian Target 3.8 dalam SDGs, yaitu mencapai cakupan kesehatan universal, termasuk perlindungan risiko keuangan, akses terhadap pelayanan kesehatan dasar yang baik, dan akses terhadap obat-obatan dan vaksin dasar yang aman, efektif, berkualitas, dan terjangkau bagi semua orang. Kaitan antara kepemilikan jaminan kesehatan dan stunting pun telah dibuktikan melalui berbagai penelitian, salah satunya yang dilakukan oleh Nshakira-Rukundo et al. (2020).

[3] Laporan Indeks Khusus Penanganan Stunting 2021–2022 | sec_010
Indikator penyusun IKPS tahun 2018-2019 juga digunakan dalam penyusunan IKPS tahun 2020. Namun demikian pada rangkaian kegiatan penyusunan IKPS tahun 2021, diputuskan akan kembali dilakukan penyempurnaan penghitungan IKPS. Pada rapat yang dilaksanakan pada tanggal 3 Juni 2022 yang dihadiri perwakilan dari BPS, Setwapres RI, kementerian/lembaga, Bank Dunia, dan para pakar, diputuskan adanya penggantian dua indikator pada dimensi perlindungan sosial, yaitu dari pemanfaatan jaminan kesehatan dan penerima KPS/KKS menjadi kepemilikan JKN/jamkesda dan penerima KPS/KKS atau bantuan pangan. Secara lengkap, indikator dan dimensi penyusun IKPS disajikan pada Tabel 2.1.
Secara spesifik, penggantian dua indikator pada dimensi perlindungan sosial didasari pertimbangan sebagai berikut:
- a. Penduduk yang memiliki jaminan kesehatan bisa saja tidak memanfaatkan jaminan kesehatan yang dimiliki karena tidak mempunyai keluhan kesehatan. Oleh karena itu, diputuskan adanya penggantian indikator pemanfaatan jaminan kesehatan menjadi indikator kepemilikan JKN/jamkesda. Di sisi lain, indikator cakupan kepesertaan JKN juga merupakan indikator yang digunakan untuk mengukur peningkatan perlindungan sosial bagi seluruh penduduk dalam RPJMN 2020-2024. Pada tingkat global pun, indikator ini digunakan dalam mengukur pencapaian Target 3.8 dalam SDGs, yaitu mencapai cakupan kesehatan universal, termasuk perlindungan risiko keuangan, akses terhadap pelayanan kesehatan dasar yang baik, dan akses terhadap obat-obatan dan vaksin dasar yang aman, efektif, berkualitas, dan terjangkau bagi semua orang. Kaitan antara kepemilikan jaminan kesehatan dan stunting pun telah dibuktikan melalui berbagai penelitian, salah satunya yang dilakukan oleh Nshakira-Rukundo et al. (2020).

[4] Laporan Indeks Khusus Penanganan Stunting Kabupaten/Kota 2021–2022 | sec_043
2.3 Sumber Data
IKPS dihitung menggunakan indikator yang dihasilkan dari Survei Sosial Ekonomi Nasional (Susenas). Susenas adalah survei berbasis rumah tangga yang dilakukan oleh BPS untuk menyediakan data empiris yang dapat mencerminkan keadaan sosial ekonomi masyarakat. Susenas mengumpulkan berbagai informasi seperti keterangan kesehatan, pendidikan, ketenagakerjaan, akses terhadap makanan, perumahan, pengeluaran rumah tangga, dan lain sebagainya. Data-data yang dihasilkan dari Susenas banyak dimanfaatkan untuk perencanaan dan evaluasi program pembangunan nasional, perencanaan dan evaluasi program sektoral kementerian/lembaga, penyediaan indikator SDGs dan RPJMN, serta penyediaan data bagi UN Agency, Lembaga Swadaya Masyarakat (LSM), perusahaan, akademisi, dan pengguna data lainnya. Susenas dilaksanakan dua kali dalam setahun yaitu pada bulan Maret dan bulan September. Data Susenas yang digunakan dalam penyusunan IKPS adalah data Susenas Maret tahun yang bersesuaian. Adapun jumlah rumah tangga sampel Susenas Maret 2021 dan 2022 tidak mengalami perubahan, yaitu sebanyak 345.000 rumah tangga sampel.

[5] Laporan Indeks Khusus Penanganan Stunting 2021–2022 | sec_017
2.3 Sumber Data
IKPS dihitung menggunakan indikator yang dihasilkan dari Survei Sosial Ekonomi Nasional (Susenas). Susenas adalah survei berbasis rumah tangga yang dilakukan oleh BPS untuk menyediakan data empiris yang dapat mencerminkan keadaan sosial ekonomi masyarakat. Susenas mengumpulkan berbagai informasi seperti keterangan kesehatan, pendidikan, ketenagakerjaan, akses terhadap makanan, perumahan, pengeluaran rumah tangga, dan lain sebagainya. Data-data yang dihasilkan dari Susenas banyak dimanfaatkan untuk perencanaan dan evaluasi program pembangunan nasional, perencanaan dan evaluasi program sektoral kementerian/lembaga, penyediaan indikator SDGs dan RPJMN, serta penyediaan data bagi UN Agency, Lembaga Swadaya Masyarakat (LSM), perusahaan, akademisi, dan pengguna data lainnya. Susenas dilaksanakan dua kali dalam setahun yaitu pada bulan Maret dan bulan September. Data Susenas yang digunakan dalam penyusunan IKPS adalah data Susenas Maret tahun yang bersesuaian. Adapun jumlah rumah tangga sampel Susenas Maret 2021 dan 2022 tidak mengalami perubahan, yaitu sebanyak 345.000 rumah tangga sampel.","[""Terdapat lima pilar pencegahan stunting pada Stranas stunting, dengan pilar ke-lima merupakan pemantauan dan evaluasi. Pemantauan adalah kegiatan mengamati perkembangan pelaksanaan percepatan penurunan stunting, mengidentifikasi, serta mengantisipasi permasalahan yang timbul dan/atau akan timbul untuk dapat diambil tindakan sedini mungkin. Sementara itu, evaluasi mencakup rangkaian kegiatan membandingkan antartarget dan capaian pelaksanaan percepatan penurunan stunting. Indeks Khusus Penanganan Stunting (IKPS) disusun sabagai salah satu instrumen untuk mengukur kinerja pelaksanaan program percepatan penurunan stunting di tingkat nasional, provinsi, hingga tingkat kabupaten/kota dalam memenuhi aspek evaluasi. Pembahasan dan penyusunan IKPS pertama kali dilaksanakan sejak tahun 2018. Dalam perjalanannya, penyusunan IKPS terus mengalami perbaikan dengan berdasarkan diskusi dengan Sekretariat Wakil Presiden Republik Indonesia (Setwapres RI) sebagai ketua pengarah dalam koordinasi penyelenggaraan percepatan penurunan stunting, diskusi juga turut melibatkan kementerian/lembaga serta para pakar di berbagai bidang. Pencegahan stunting memerlukan intervensi gizi konvergen yang mencakup intervensi gizi spesifik dan gizi sensitif. Intervensi gizi spesifik dilaksanakan untuk mengatasi penyebab langsung terjadinya stunting. Sementara intervensi gizi sensitif dilaksanakan untuk mengatasi penyebab tidak langsung terjadinya stunting. Indikator penyusun dalam IKPS berpedoman pada penyebab langsung dan tidak langsung stunting berdasarkan pada kerangka konsep penyebab dan pencegahan stunting."", ""Indikator penyusun IKPS tahun 2018-2019 juga digunakan dalam penyusunan IKPS tahun 2020. Namun demikian pada rangkaian kegiatan penyusunan IKPS tahun 2021, diputuskan akan kembali dilakukan penyempurnaan penghitungan IKPS. Pada rapat yang dilaksanakan pada tanggal 3 Juni 2022 yang dihadiri perwakilan dari BPS, Setwapres RI, kementerian/lembaga, Bank Dunia, dan para pakar, diputuskan adanya penggantian dua indikator pada dimensi perlindungan sosial, yaitu dari pemanfaatan jaminan kesehatan dan penerima KPS/KKS menjadi kepemilikan JKN/jamkesda dan penerima KPS/KKS atau bantuan pangan. Secara lengkap, indikator dan dimensi penyusun IKPS disajikan pada Tabel 2.1.\nSecara spesifik, penggantian dua indikator pada dimensi perlindungan sosial didasari pertimbangan sebagai berikut:\n- a. Penduduk yang memiliki jaminan kesehatan bisa saja tidak memanfaatkan jaminan kesehatan yang dimiliki karena tidak mempunyai keluhan kesehatan. Oleh karena itu, diputuskan adanya penggantian indikator pemanfaatan jaminan kesehatan menjadi indikator kepemilikan JKN/jamkesda. Di sisi lain, indikator cakupan kepesertaan JKN juga merupakan indikator yang digunakan untuk mengukur peningkatan perlindungan sosial bagi seluruh penduduk dalam RPJMN 2020-2024. Pada tingkat global pun, indikator ini digunakan dalam mengukur pencapaian Target 3.8 dalam SDGs, yaitu mencapai cakupan kesehatan universal, termasuk perlindungan risiko keuangan, akses terhadap pelayanan kesehatan dasar yang baik, dan akses terhadap obat-obatan dan vaksin dasar yang aman, efektif, berkualitas, dan terjangkau bagi semua orang. Kaitan antara kepemilikan jaminan kesehatan dan stunting pun telah dibuktikan melalui berbagai penelitian, salah satunya yang dilakukan oleh Nshakira-Rukundo et al. (2020)."", ""Indikator penyusun IKPS tahun 2018-2019 juga digunakan dalam penyusunan IKPS tahun 2020. Namun demikian pada rangkaian kegiatan penyusunan IKPS tahun 2021, diputuskan akan kembali dilakukan penyempurnaan penghitungan IKPS. Pada rapat yang dilaksanakan pada tanggal 3 Juni 2022 yang dihadiri perwakilan dari BPS, Setwapres RI, kementerian/lembaga, Bank Dunia, dan para pakar, diputuskan adanya penggantian dua indikator pada dimensi perlindungan sosial, yaitu dari pemanfaatan jaminan kesehatan dan penerima KPS/KKS menjadi kepemilikan JKN/jamkesda dan penerima KPS/KKS atau bantuan pangan. Secara lengkap, indikator dan dimensi penyusun IKPS disajikan pada Tabel 2.1.\nSecara spesifik, penggantian dua indikator pada dimensi perlindungan sosial didasari pertimbangan sebagai berikut:\n- a. Penduduk yang memiliki jaminan kesehatan bisa saja tidak memanfaatkan jaminan kesehatan yang dimiliki karena tidak mempunyai keluhan kesehatan. Oleh karena itu, diputuskan adanya penggantian indikator pemanfaatan jaminan kesehatan menjadi indikator kepemilikan JKN/jamkesda. Di sisi lain, indikator cakupan kepesertaan JKN juga merupakan indikator yang digunakan untuk mengukur peningkatan perlindungan sosial bagi seluruh penduduk dalam RPJMN 2020-2024. Pada tingkat global pun, indikator ini digunakan dalam mengukur pencapaian Target 3.8 dalam SDGs, yaitu mencapai cakupan kesehatan universal, termasuk perlindungan risiko keuangan, akses terhadap pelayanan kesehatan dasar yang baik, dan akses terhadap obat-obatan dan vaksin dasar yang aman, efektif, berkualitas, dan terjangkau bagi semua orang. Kaitan antara kepemilikan jaminan kesehatan dan stunting pun telah dibuktikan melalui berbagai penelitian, salah satunya yang dilakukan oleh Nshakira-Rukundo et al. (2020)."", ""2.3 Sumber Data\nIKPS dihitung menggunakan indikator yang dihasilkan dari Survei Sosial Ekonomi Nasional (Susenas). Susenas adalah survei berbasis rumah tangga yang dilakukan oleh BPS untuk menyediakan data empiris yang dapat mencerminkan keadaan sosial ekonomi masyarakat. Susenas mengumpulkan berbagai informasi seperti keterangan kesehatan, pendidikan, ketenagakerjaan, akses terhadap makanan, perumahan, pengeluaran rumah tangga, dan lain sebagainya. Data-data yang dihasilkan dari Susenas banyak dimanfaatkan untuk perencanaan dan evaluasi program pembangunan nasional, perencanaan dan evaluasi program sektoral kementerian/lembaga, penyediaan indikator SDGs dan RPJMN, serta penyediaan data bagi UN Agency, Lembaga Swadaya Masyarakat (LSM), perusahaan, akademisi, dan pengguna data lainnya. Susenas dilaksanakan dua kali dalam setahun yaitu pada bulan Maret dan bulan September. Data Susenas yang digunakan dalam penyusunan IKPS adalah data Susenas Maret tahun yang bersesuaian. Adapun jumlah rumah tangga sampel Susenas Maret 2021 dan 2022 tidak mengalami perubahan, yaitu sebanyak 345.000 rumah tangga sampel."", ""2.3 Sumber Data\nIKPS dihitung menggunakan indikator yang dihasilkan dari Survei Sosial Ekonomi Nasional (Susenas). Susenas adalah survei berbasis rumah tangga yang dilakukan oleh BPS untuk menyediakan data empiris yang dapat mencerminkan keadaan sosial ekonomi masyarakat. Susenas mengumpulkan berbagai informasi seperti keterangan kesehatan, pendidikan, ketenagakerjaan, akses terhadap makanan, perumahan, pengeluaran rumah tangga, dan lain sebagainya. Data-data yang dihasilkan dari Susenas banyak dimanfaatkan untuk perencanaan dan evaluasi program pembangunan nasional, perencanaan dan evaluasi program sektoral kementerian/lembaga, penyediaan indikator SDGs dan RPJMN, serta penyediaan data bagi UN Agency, Lembaga Swadaya Masyarakat (LSM), perusahaan, akademisi, dan pengguna data lainnya. Susenas dilaksanakan dua kali dalam setahun yaitu pada bulan Maret dan bulan September. Data Susenas yang digunakan dalam penyusunan IKPS adalah data Susenas Maret tahun yang bersesuaian. Adapun jumlah rumah tangga sampel Susenas Maret 2021 dan 2022 tidak mengalami perubahan, yaitu sebanyak 345.000 rumah tangga sampel.""]","[{""chunk_id"": ""laporan-indeks-khusus-penanganan-stunting--ikps--2022-2023__sec_008__c004"", ""faiss_id"": 3729, ""document_title"": ""Laporan Indeks Khusus Penanganan Stunting (IKPS) 2022–2023"", ""section_id"": ""sec_008"", ""page_start"": 23, ""page_end"": 24, ""bps_url"": ""https://www.bps.go.id/id/publication/2024/12/19/b87a8f73426081075be407fe/laporan-indeks-khusus-penanganan-stunting--ikps--2022-2023.html"", ""rerank_score"": 1.8988527059555054}, {""chunk_id"": ""laporan-indeks-khusus-penanganan-stunting-kabupaten-kota-2021-2022__sec_036__c004"", ""faiss_id"": 3987, ""document_title"": ""Laporan Indeks Khusus Penanganan Stunting Kabupaten/Kota 2021–2022"", ""section_id"": ""sec_036"", ""page_start"": 53, ""page_end"": 54, ""bps_url"": ""https://www.bps.go.id/id/publication/2023/12/19/7d87599450712cf4bab879f2/laporan-indeks-khusus-penanganan-stunting-kabupaten-kota-2021-2022.html"", ""rerank_score"": 0.3974204361438751}, {""chunk_id"": ""laporan-indeks-khusus-penanganan-stunting-2021-2022__sec_010__c004"", ""faiss_id"": 3845, ""document_title"": ""Laporan Indeks Khusus Penanganan Stunting 2021–2022"", ""section_id"": ""sec_010"", ""page_start"": 25, ""page_end"": 26, ""bps_url"": ""https://www.bps.go.id/id/publication/2023/12/19/37ee0674d0e89152b2425e9f/laporan-indeks-khusus-penanganan-stunting-2021-2022.html"", ""rerank_score"": 0.3974204361438751}, {""chunk_id"": ""laporan-indeks-khusus-penanganan-stunting-kabupaten-kota-2021-2022__sec_043__c001"", ""faiss_id"": 4010, ""document_title"": ""Laporan Indeks Khusus Penanganan Stunting Kabupaten/Kota 2021–2022"", ""section_id"": ""sec_043"", ""page_start"": 66, ""page_end"": null, ""bps_url"": ""https://www.bps.go.id/id/publication/2023/12/19/7d87599450712cf4bab879f2/laporan-indeks-khusus-penanganan-stunting-kabupaten-kota-2021-2022.html"", ""rerank_score"": -0.08122601360082626}, {""chunk_id"": ""laporan-indeks-khusus-penanganan-stunting-2021-2022__sec_017__c001"", ""faiss_id"": 3868, ""document_title"": ""Laporan Indeks Khusus Penanganan Stunting 2021–2022"", ""section_id"": ""sec_017"", ""page_start"": 38, ""page_end"": null, ""bps_url"": ""https://www.bps.go.id/id/publication/2023/12/19/37ee0674d0e89152b2425e9f/laporan-indeks-khusus-penanganan-stunting-2021-2022.html"", ""rerank_score"": -0.08122601360082626}]",{},2.998995986999944,3.2955347800000254,"{""total_duration"": 3293447081, ""load_duration"": 1993572, ""prompt_eval_count"": 2727, ""prompt_eval_duration"": 945669000, ""eval_count"": 90, ""eval_duration"": 1934506000}",17.768110798999942,ok,,85edb411a3706843a8043481e3d814b59ae4ba89dd02accf4a0c122fc94c22f2,False,1.0,ok,0.525926305149578,ok,1.0,ok
Q020,5_kesalahan_ketik,major,Apa yang dimaksd dgn Indkes Khuss Penanganan Stuntng (IKPS) mnurut publikasi BPS?,S1_F04,,typo,TYPO-S1_F04,delete+replace+swap_multiple_words,typo_factual_retrieval,,major,gemma2-finetuned,"IKPS adalah instrumen untuk mengukur kinerja pelaksanaan program percepatan penurunan stunting di tingkat nasional, provinsi, hingga tingkat kabupaten/kota dalam memenuhi aspek evaluasi. IKPS disusun berdasarkan indikator penyusun yang berpedoman pada penyebab langsung dan tidak langsung stunting.",gemma2-finetuned,"[""Indeks Kemiskinan Sosial (IKPS) menurut publikasi BPS.""]","[1] Laporan Indeks Khusus Penanganan Stunting (IKPS) 2022–2023 | sec_008
Terdapat lima pilar pencegahan stunting pada Stranas stunting, dengan pilar ke-lima merupakan pemantauan dan evaluasi. Pemantauan adalah kegiatan mengamati perkembangan pelaksanaan percepatan penurunan stunting, mengidentifikasi, serta mengantisipasi permasalahan yang timbul dan/atau akan timbul untuk dapat diambil tindakan sedini mungkin. Sementara itu, evaluasi mencakup rangkaian kegiatan membandingkan antartarget dan capaian pelaksanaan percepatan penurunan stunting. Indeks Khusus Penanganan Stunting (IKPS) disusun sabagai salah satu instrumen untuk mengukur kinerja pelaksanaan program percepatan penurunan stunting di tingkat nasional, provinsi, hingga tingkat kabupaten/kota dalam memenuhi aspek evaluasi. Pembahasan dan penyusunan IKPS pertama kali dilaksanakan sejak tahun 2018. Dalam perjalanannya, penyusunan IKPS terus mengalami perbaikan dengan berdasarkan diskusi dengan Sekretariat Wakil Presiden Republik Indonesia (Setwapres RI) sebagai ketua pengarah dalam koordinasi penyelenggaraan percepatan penurunan stunting, diskusi juga turut melibatkan kementerian/lembaga serta para pakar di berbagai bidang. Pencegahan stunting memerlukan intervensi gizi konvergen yang mencakup intervensi gizi spesifik dan gizi sensitif. Intervensi gizi spesifik dilaksanakan untuk mengatasi penyebab langsung terjadinya stunting. Sementara intervensi gizi sensitif dilaksanakan untuk mengatasi penyebab tidak langsung terjadinya stunting. Indikator penyusun dalam IKPS berpedoman pada penyebab langsung dan tidak langsung stunting berdasarkan pada kerangka konsep penyebab dan pencegahan stunting.

[2] Laporan Indeks Khusus Penanganan Stunting Kabupaten/Kota 2021–2022 | sec_036
Indikator penyusun IKPS tahun 2018-2019 juga digunakan dalam penyusunan IKPS tahun 2020. Namun demikian pada rangkaian kegiatan penyusunan IKPS tahun 2021, diputuskan akan kembali dilakukan penyempurnaan penghitungan IKPS. Pada rapat yang dilaksanakan pada tanggal 3 Juni 2022 yang dihadiri perwakilan dari BPS, Setwapres RI, kementerian/lembaga, Bank Dunia, dan para pakar, diputuskan adanya penggantian dua indikator pada dimensi perlindungan sosial, yaitu dari pemanfaatan jaminan kesehatan dan penerima KPS/KKS menjadi kepemilikan JKN/jamkesda dan penerima KPS/KKS atau bantuan pangan. Secara lengkap, indikator dan dimensi penyusun IKPS disajikan pada Tabel 2.1.
Secara spesifik, penggantian dua indikator pada dimensi perlindungan sosial didasari pertimbangan sebagai berikut:
- a. Penduduk yang memiliki jaminan kesehatan bisa saja tidak memanfaatkan jaminan kesehatan yang dimiliki karena tidak mempunyai keluhan kesehatan. Oleh karena itu, diputuskan adanya penggantian indikator pemanfaatan jaminan kesehatan menjadi indikator kepemilikan JKN/jamkesda. Di sisi lain, indikator cakupan kepesertaan JKN juga merupakan indikator yang digunakan untuk mengukur peningkatan perlindungan sosial bagi seluruh penduduk dalam RPJMN 2020-2024. Pada tingkat global pun, indikator ini digunakan dalam mengukur pencapaian Target 3.8 dalam SDGs, yaitu mencapai cakupan kesehatan universal, termasuk perlindungan risiko keuangan, akses terhadap pelayanan kesehatan dasar yang baik, dan akses terhadap obat-obatan dan vaksin dasar yang aman, efektif, berkualitas, dan terjangkau bagi semua orang. Kaitan antara kepemilikan jaminan kesehatan dan stunting pun telah dibuktikan melalui berbagai penelitian, salah satunya yang dilakukan oleh Nshakira-Rukundo et al. (2020).

[3] Laporan Indeks Khusus Penanganan Stunting 2021–2022 | sec_010
Indikator penyusun IKPS tahun 2018-2019 juga digunakan dalam penyusunan IKPS tahun 2020. Namun demikian pada rangkaian kegiatan penyusunan IKPS tahun 2021, diputuskan akan kembali dilakukan penyempurnaan penghitungan IKPS. Pada rapat yang dilaksanakan pada tanggal 3 Juni 2022 yang dihadiri perwakilan dari BPS, Setwapres RI, kementerian/lembaga, Bank Dunia, dan para pakar, diputuskan adanya penggantian dua indikator pada dimensi perlindungan sosial, yaitu dari pemanfaatan jaminan kesehatan dan penerima KPS/KKS menjadi kepemilikan JKN/jamkesda dan penerima KPS/KKS atau bantuan pangan. Secara lengkap, indikator dan dimensi penyusun IKPS disajikan pada Tabel 2.1.
Secara spesifik, penggantian dua indikator pada dimensi perlindungan sosial didasari pertimbangan sebagai berikut:
- a. Penduduk yang memiliki jaminan kesehatan bisa saja tidak memanfaatkan jaminan kesehatan yang dimiliki karena tidak mempunyai keluhan kesehatan. Oleh karena itu, diputuskan adanya penggantian indikator pemanfaatan jaminan kesehatan menjadi indikator kepemilikan JKN/jamkesda. Di sisi lain, indikator cakupan kepesertaan JKN juga merupakan indikator yang digunakan untuk mengukur peningkatan perlindungan sosial bagi seluruh penduduk dalam RPJMN 2020-2024. Pada tingkat global pun, indikator ini digunakan dalam mengukur pencapaian Target 3.8 dalam SDGs, yaitu mencapai cakupan kesehatan universal, termasuk perlindungan risiko keuangan, akses terhadap pelayanan kesehatan dasar yang baik, dan akses terhadap obat-obatan dan vaksin dasar yang aman, efektif, berkualitas, dan terjangkau bagi semua orang. Kaitan antara kepemilikan jaminan kesehatan dan stunting pun telah dibuktikan melalui berbagai penelitian, salah satunya yang dilakukan oleh Nshakira-Rukundo et al. (2020).

[4] Laporan Indeks Khusus Penanganan Stunting Kabupaten/Kota 2021–2022 | sec_043
2.3 Sumber Data
IKPS dihitung menggunakan indikator yang dihasilkan dari Survei Sosial Ekonomi Nasional (Susenas). Susenas adalah survei berbasis rumah tangga yang dilakukan oleh BPS untuk menyediakan data empiris yang dapat mencerminkan keadaan sosial ekonomi masyarakat. Susenas mengumpulkan berbagai informasi seperti keterangan kesehatan, pendidikan, ketenagakerjaan, akses terhadap makanan, perumahan, pengeluaran rumah tangga, dan lain sebagainya. Data-data yang dihasilkan dari Susenas banyak dimanfaatkan untuk perencanaan dan evaluasi program pembangunan nasional, perencanaan dan evaluasi program sektoral kementerian/lembaga, penyediaan indikator SDGs dan RPJMN, serta penyediaan data bagi UN Agency, Lembaga Swadaya Masyarakat (LSM), perusahaan, akademisi, dan pengguna data lainnya. Susenas dilaksanakan dua kali dalam setahun yaitu pada bulan Maret dan bulan September. Data Susenas yang digunakan dalam penyusunan IKPS adalah data Susenas Maret tahun yang bersesuaian. Adapun jumlah rumah tangga sampel Susenas Maret 2021 dan 2022 tidak mengalami perubahan, yaitu sebanyak 345.000 rumah tangga sampel.

[5] Laporan Indeks Khusus Penanganan Stunting 2021–2022 | sec_017
2.3 Sumber Data
IKPS dihitung menggunakan indikator yang dihasilkan dari Survei Sosial Ekonomi Nasional (Susenas). Susenas adalah survei berbasis rumah tangga yang dilakukan oleh BPS untuk menyediakan data empiris yang dapat mencerminkan keadaan sosial ekonomi masyarakat. Susenas mengumpulkan berbagai informasi seperti keterangan kesehatan, pendidikan, ketenagakerjaan, akses terhadap makanan, perumahan, pengeluaran rumah tangga, dan lain sebagainya. Data-data yang dihasilkan dari Susenas banyak dimanfaatkan untuk perencanaan dan evaluasi program pembangunan nasional, perencanaan dan evaluasi program sektoral kementerian/lembaga, penyediaan indikator SDGs dan RPJMN, serta penyediaan data bagi UN Agency, Lembaga Swadaya Masyarakat (LSM), perusahaan, akademisi, dan pengguna data lainnya. Susenas dilaksanakan dua kali dalam setahun yaitu pada bulan Maret dan bulan September. Data Susenas yang digunakan dalam penyusunan IKPS adalah data Susenas Maret tahun yang bersesuaian. Adapun jumlah rumah tangga sampel Susenas Maret 2021 dan 2022 tidak mengalami perubahan, yaitu sebanyak 345.000 rumah tangga sampel.","[""Terdapat lima pilar pencegahan stunting pada Stranas stunting, dengan pilar ke-lima merupakan pemantauan dan evaluasi. Pemantauan adalah kegiatan mengamati perkembangan pelaksanaan percepatan penurunan stunting, mengidentifikasi, serta mengantisipasi permasalahan yang timbul dan/atau akan timbul untuk dapat diambil tindakan sedini mungkin. Sementara itu, evaluasi mencakup rangkaian kegiatan membandingkan antartarget dan capaian pelaksanaan percepatan penurunan stunting. Indeks Khusus Penanganan Stunting (IKPS) disusun sabagai salah satu instrumen untuk mengukur kinerja pelaksanaan program percepatan penurunan stunting di tingkat nasional, provinsi, hingga tingkat kabupaten/kota dalam memenuhi aspek evaluasi. Pembahasan dan penyusunan IKPS pertama kali dilaksanakan sejak tahun 2018. Dalam perjalanannya, penyusunan IKPS terus mengalami perbaikan dengan berdasarkan diskusi dengan Sekretariat Wakil Presiden Republik Indonesia (Setwapres RI) sebagai ketua pengarah dalam koordinasi penyelenggaraan percepatan penurunan stunting, diskusi juga turut melibatkan kementerian/lembaga serta para pakar di berbagai bidang. Pencegahan stunting memerlukan intervensi gizi konvergen yang mencakup intervensi gizi spesifik dan gizi sensitif. Intervensi gizi spesifik dilaksanakan untuk mengatasi penyebab langsung terjadinya stunting. Sementara intervensi gizi sensitif dilaksanakan untuk mengatasi penyebab tidak langsung terjadinya stunting. Indikator penyusun dalam IKPS berpedoman pada penyebab langsung dan tidak langsung stunting berdasarkan pada kerangka konsep penyebab dan pencegahan stunting."", ""Indikator penyusun IKPS tahun 2018-2019 juga digunakan dalam penyusunan IKPS tahun 2020. Namun demikian pada rangkaian kegiatan penyusunan IKPS tahun 2021, diputuskan akan kembali dilakukan penyempurnaan penghitungan IKPS. Pada rapat yang dilaksanakan pada tanggal 3 Juni 2022 yang dihadiri perwakilan dari BPS, Setwapres RI, kementerian/lembaga, Bank Dunia, dan para pakar, diputuskan adanya penggantian dua indikator pada dimensi perlindungan sosial, yaitu dari pemanfaatan jaminan kesehatan dan penerima KPS/KKS menjadi kepemilikan JKN/jamkesda dan penerima KPS/KKS atau bantuan pangan. Secara lengkap, indikator dan dimensi penyusun IKPS disajikan pada Tabel 2.1.\nSecara spesifik, penggantian dua indikator pada dimensi perlindungan sosial didasari pertimbangan sebagai berikut:\n- a. Penduduk yang memiliki jaminan kesehatan bisa saja tidak memanfaatkan jaminan kesehatan yang dimiliki karena tidak mempunyai keluhan kesehatan. Oleh karena itu, diputuskan adanya penggantian indikator pemanfaatan jaminan kesehatan menjadi indikator kepemilikan JKN/jamkesda. Di sisi lain, indikator cakupan kepesertaan JKN juga merupakan indikator yang digunakan untuk mengukur peningkatan perlindungan sosial bagi seluruh penduduk dalam RPJMN 2020-2024. Pada tingkat global pun, indikator ini digunakan dalam mengukur pencapaian Target 3.8 dalam SDGs, yaitu mencapai cakupan kesehatan universal, termasuk perlindungan risiko keuangan, akses terhadap pelayanan kesehatan dasar yang baik, dan akses terhadap obat-obatan dan vaksin dasar yang aman, efektif, berkualitas, dan terjangkau bagi semua orang. Kaitan antara kepemilikan jaminan kesehatan dan stunting pun telah dibuktikan melalui berbagai penelitian, salah satunya yang dilakukan oleh Nshakira-Rukundo et al. (2020)."", ""Indikator penyusun IKPS tahun 2018-2019 juga digunakan dalam penyusunan IKPS tahun 2020. Namun demikian pada rangkaian kegiatan penyusunan IKPS tahun 2021, diputuskan akan kembali dilakukan penyempurnaan penghitungan IKPS. Pada rapat yang dilaksanakan pada tanggal 3 Juni 2022 yang dihadiri perwakilan dari BPS, Setwapres RI, kementerian/lembaga, Bank Dunia, dan para pakar, diputuskan adanya penggantian dua indikator pada dimensi perlindungan sosial, yaitu dari pemanfaatan jaminan kesehatan dan penerima KPS/KKS menjadi kepemilikan JKN/jamkesda dan penerima KPS/KKS atau bantuan pangan. Secara lengkap, indikator dan dimensi penyusun IKPS disajikan pada Tabel 2.1.\nSecara spesifik, penggantian dua indikator pada dimensi perlindungan sosial didasari pertimbangan sebagai berikut:\n- a. Penduduk yang memiliki jaminan kesehatan bisa saja tidak memanfaatkan jaminan kesehatan yang dimiliki karena tidak mempunyai keluhan kesehatan. Oleh karena itu, diputuskan adanya penggantian indikator pemanfaatan jaminan kesehatan menjadi indikator kepemilikan JKN/jamkesda. Di sisi lain, indikator cakupan kepesertaan JKN juga merupakan indikator yang digunakan untuk mengukur peningkatan perlindungan sosial bagi seluruh penduduk dalam RPJMN 2020-2024. Pada tingkat global pun, indikator ini digunakan dalam mengukur pencapaian Target 3.8 dalam SDGs, yaitu mencapai cakupan kesehatan universal, termasuk perlindungan risiko keuangan, akses terhadap pelayanan kesehatan dasar yang baik, dan akses terhadap obat-obatan dan vaksin dasar yang aman, efektif, berkualitas, dan terjangkau bagi semua orang. Kaitan antara kepemilikan jaminan kesehatan dan stunting pun telah dibuktikan melalui berbagai penelitian, salah satunya yang dilakukan oleh Nshakira-Rukundo et al. (2020)."", ""2.3 Sumber Data\nIKPS dihitung menggunakan indikator yang dihasilkan dari Survei Sosial Ekonomi Nasional (Susenas). Susenas adalah survei berbasis rumah tangga yang dilakukan oleh BPS untuk menyediakan data empiris yang dapat mencerminkan keadaan sosial ekonomi masyarakat. Susenas mengumpulkan berbagai informasi seperti keterangan kesehatan, pendidikan, ketenagakerjaan, akses terhadap makanan, perumahan, pengeluaran rumah tangga, dan lain sebagainya. Data-data yang dihasilkan dari Susenas banyak dimanfaatkan untuk perencanaan dan evaluasi program pembangunan nasional, perencanaan dan evaluasi program sektoral kementerian/lembaga, penyediaan indikator SDGs dan RPJMN, serta penyediaan data bagi UN Agency, Lembaga Swadaya Masyarakat (LSM), perusahaan, akademisi, dan pengguna data lainnya. Susenas dilaksanakan dua kali dalam setahun yaitu pada bulan Maret dan bulan September. Data Susenas yang digunakan dalam penyusunan IKPS adalah data Susenas Maret tahun yang bersesuaian. Adapun jumlah rumah tangga sampel Susenas Maret 2021 dan 2022 tidak mengalami perubahan, yaitu sebanyak 345.000 rumah tangga sampel."", ""2.3 Sumber Data\nIKPS dihitung menggunakan indikator yang dihasilkan dari Survei Sosial Ekonomi Nasional (Susenas). Susenas adalah survei berbasis rumah tangga yang dilakukan oleh BPS untuk menyediakan data empiris yang dapat mencerminkan keadaan sosial ekonomi masyarakat. Susenas mengumpulkan berbagai informasi seperti keterangan kesehatan, pendidikan, ketenagakerjaan, akses terhadap makanan, perumahan, pengeluaran rumah tangga, dan lain sebagainya. Data-data yang dihasilkan dari Susenas banyak dimanfaatkan untuk perencanaan dan evaluasi program pembangunan nasional, perencanaan dan evaluasi program sektoral kementerian/lembaga, penyediaan indikator SDGs dan RPJMN, serta penyediaan data bagi UN Agency, Lembaga Swadaya Masyarakat (LSM), perusahaan, akademisi, dan pengguna data lainnya. Susenas dilaksanakan dua kali dalam setahun yaitu pada bulan Maret dan bulan September. Data Susenas yang digunakan dalam penyusunan IKPS adalah data Susenas Maret tahun yang bersesuaian. Adapun jumlah rumah tangga sampel Susenas Maret 2021 dan 2022 tidak mengalami perubahan, yaitu sebanyak 345.000 rumah tangga sampel.""]","[{""chunk_id"": ""laporan-indeks-khusus-penanganan-stunting--ikps--2022-2023__sec_008__c004"", ""faiss_id"": 3729, ""document_title"": ""Laporan Indeks Khusus Penanganan Stunting (IKPS) 2022–2023"", ""section_id"": ""sec_008"", ""page_start"": 23, ""page_end"": 24, ""bps_url"": ""https://www.bps.go.id/id/publication/2024/12/19/b87a8f73426081075be407fe/laporan-indeks-khusus-penanganan-stunting--ikps--2022-2023.html"", ""rerank_score"": 1.8988527059555054}, {""chunk_id"": ""laporan-indeks-khusus-penanganan-stunting-kabupaten-kota-2021-2022__sec_036__c004"", ""faiss_id"": 3987, ""document_title"": ""Laporan Indeks Khusus Penanganan Stunting Kabupaten/Kota 2021–2022"", ""section_id"": ""sec_036"", ""page_start"": 53, ""page_end"": 54, ""bps_url"": ""https://www.bps.go.id/id/publication/2023/12/19/7d87599450712cf4bab879f2/laporan-indeks-khusus-penanganan-stunting-kabupaten-kota-2021-2022.html"", ""rerank_score"": 0.3974204361438751}, {""chunk_id"": ""laporan-indeks-khusus-penanganan-stunting-2021-2022__sec_010__c004"", ""faiss_id"": 3845, ""document_title"": ""Laporan Indeks Khusus Penanganan Stunting 2021–2022"", ""section_id"": ""sec_010"", ""page_start"": 25, ""page_end"": 26, ""bps_url"": ""https://www.bps.go.id/id/publication/2023/12/19/37ee0674d0e89152b2425e9f/laporan-indeks-khusus-penanganan-stunting-2021-2022.html"", ""rerank_score"": 0.3974204361438751}, {""chunk_id"": ""laporan-indeks-khusus-penanganan-stunting-kabupaten-kota-2021-2022__sec_043__c001"", ""faiss_id"": 4010, ""document_title"": ""Laporan Indeks Khusus Penanganan Stunting Kabupaten/Kota 2021–2022"", ""section_id"": ""sec_043"", ""page_start"": 66, ""page_end"": null, ""bps_url"": ""https://www.bps.go.id/id/publication/2023/12/19/7d87599450712cf4bab879f2/laporan-indeks-khusus-penanganan-stunting-kabupaten-kota-2021-2022.html"", ""rerank_score"": -0.08122601360082626}, {""chunk_id"": ""laporan-indeks-khusus-penanganan-stunting-2021-2022__sec_017__c001"", ""faiss_id"": 3868, ""document_title"": ""Laporan Indeks Khusus Penanganan Stunting 2021–2022"", ""section_id"": ""sec_017"", ""page_start"": 38, ""page_end"": null, ""bps_url"": ""https://www.bps.go.id/id/publication/2023/12/19/37ee0674d0e89152b2425e9f/laporan-indeks-khusus-penanganan-stunting-2021-2022.html"", ""rerank_score"": -0.08122601360082626}]",{},2.422337098000071,2.222568433999868,"{""total_duration"": 2220351867, ""load_duration"": 2132021, ""prompt_eval_count"": 1992, ""prompt_eval_duration"": 660181000, ""eval_count"": 56, ""eval_duration"": 1084049000}",15.39219045499999,ok,,85edb411a3706843a8043481e3d814b59ae4ba89dd02accf4a0c122fc94c22f2,False,1.0,ok,0.5083481435925256,ok,1.0,ok
Q020,5_kesalahan_ketik,major,Apa yang dimaksd dgn Indkes Khuss Penanganan Stuntng (IKPS) mnurut publikasi BPS?,S1_F04,,typo,TYPO-S1_F04,delete+replace+swap_multiple_words,typo_factual_retrieval,,major,deepseek-flash,"Menurut konteks [1], “Indeks Khusus Penanganan Stunting (IKPS) disusun sabagai salah satu instrumen untuk mengukur kinerja pelaksanaan program percepatan penurunan stunting di tingkat nasional, provinsi, hingga tingkat kabupaten/kota dalam memenuhi aspek evaluasi” [1].

Dengan demikian, IKPS adalah instrumen untuk mengukur kinerja pelaks",deepseek-flash,[],"[1] Laporan Indeks Khusus Penanganan Stunting (IKPS) 2022–2023 | sec_008
Terdapat lima pilar pencegahan stunting pada Stranas stunting, dengan pilar ke-lima merupakan pemantauan dan evaluasi. Pemantauan adalah kegiatan mengamati perkembangan pelaksanaan percepatan penurunan stunting, mengidentifikasi, serta mengantisipasi permasalahan yang timbul dan/atau akan timbul untuk dapat diambil tindakan sedini mungkin. Sementara itu, evaluasi mencakup rangkaian kegiatan membandingkan antartarget dan capaian pelaksanaan percepatan penurunan stunting. Indeks Khusus Penanganan Stunting (IKPS) disusun sabagai salah satu instrumen untuk mengukur kinerja pelaksanaan program percepatan penurunan stunting di tingkat nasional, provinsi, hingga tingkat kabupaten/kota dalam memenuhi aspek evaluasi. Pembahasan dan penyusunan IKPS pertama kali dilaksanakan sejak tahun 2018. Dalam perjalanannya, penyusunan IKPS terus mengalami perbaikan dengan berdasarkan diskusi dengan Sekretariat Wakil Presiden Republik Indonesia (Setwapres RI) sebagai ketua pengarah dalam koordinasi penyelenggaraan percepatan penurunan stunting, diskusi juga turut melibatkan kementerian/lembaga serta para pakar di berbagai bidang. Pencegahan stunting memerlukan intervensi gizi konvergen yang mencakup intervensi gizi spesifik dan gizi sensitif. Intervensi gizi spesifik dilaksanakan untuk mengatasi penyebab langsung terjadinya stunting. Sementara intervensi gizi sensitif dilaksanakan untuk mengatasi penyebab tidak langsung terjadinya stunting. Indikator penyusun dalam IKPS berpedoman pada penyebab langsung dan tidak langsung stunting berdasarkan pada kerangka konsep penyebab dan pencegahan stunting.

[2] Laporan Indeks Khusus Penanganan Stunting Kabupaten/Kota 2021–2022 | sec_036
Indikator penyusun IKPS tahun 2018-2019 juga digunakan dalam penyusunan IKPS tahun 2020. Namun demikian pada rangkaian kegiatan penyusunan IKPS tahun 2021, diputuskan akan kembali dilakukan penyempurnaan penghitungan IKPS. Pada rapat yang dilaksanakan pada tanggal 3 Juni 2022 yang dihadiri perwakilan dari BPS, Setwapres RI, kementerian/lembaga, Bank Dunia, dan para pakar, diputuskan adanya penggantian dua indikator pada dimensi perlindungan sosial, yaitu dari pemanfaatan jaminan kesehatan dan penerima KPS/KKS menjadi kepemilikan JKN/jamkesda dan penerima KPS/KKS atau bantuan pangan. Secara lengkap, indikator dan dimensi penyusun IKPS disajikan pada Tabel 2.1.
Secara spesifik, penggantian dua indikator pada dimensi perlindungan sosial didasari pertimbangan sebagai berikut:
- a. Penduduk yang memiliki jaminan kesehatan bisa saja tidak memanfaatkan jaminan kesehatan yang dimiliki karena tidak mempunyai keluhan kesehatan. Oleh karena itu, diputuskan adanya penggantian indikator pemanfaatan jaminan kesehatan menjadi indikator kepemilikan JKN/jamkesda. Di sisi lain, indikator cakupan kepesertaan JKN juga merupakan indikator yang digunakan untuk mengukur peningkatan perlindungan sosial bagi seluruh penduduk dalam RPJMN 2020-2024. Pada tingkat global pun, indikator ini digunakan dalam mengukur pencapaian Target 3.8 dalam SDGs, yaitu mencapai cakupan kesehatan universal, termasuk perlindungan risiko keuangan, akses terhadap pelayanan kesehatan dasar yang baik, dan akses terhadap obat-obatan dan vaksin dasar yang aman, efektif, berkualitas, dan terjangkau bagi semua orang. Kaitan antara kepemilikan jaminan kesehatan dan stunting pun telah dibuktikan melalui berbagai penelitian, salah satunya yang dilakukan oleh Nshakira-Rukundo et al. (2020).

[3] Laporan Indeks Khusus Penanganan Stunting 2021–2022 | sec_010
Indikator penyusun IKPS tahun 2018-2019 juga digunakan dalam penyusunan IKPS tahun 2020. Namun demikian pada rangkaian kegiatan penyusunan IKPS tahun 2021, diputuskan akan kembali dilakukan penyempurnaan penghitungan IKPS. Pada rapat yang dilaksanakan pada tanggal 3 Juni 2022 yang dihadiri perwakilan dari BPS, Setwapres RI, kementerian/lembaga, Bank Dunia, dan para pakar, diputuskan adanya penggantian dua indikator pada dimensi perlindungan sosial, yaitu dari pemanfaatan jaminan kesehatan dan penerima KPS/KKS menjadi kepemilikan JKN/jamkesda dan penerima KPS/KKS atau bantuan pangan. Secara lengkap, indikator dan dimensi penyusun IKPS disajikan pada Tabel 2.1.
Secara spesifik, penggantian dua indikator pada dimensi perlindungan sosial didasari pertimbangan sebagai berikut:
- a. Penduduk yang memiliki jaminan kesehatan bisa saja tidak memanfaatkan jaminan kesehatan yang dimiliki karena tidak mempunyai keluhan kesehatan. Oleh karena itu, diputuskan adanya penggantian indikator pemanfaatan jaminan kesehatan menjadi indikator kepemilikan JKN/jamkesda. Di sisi lain, indikator cakupan kepesertaan JKN juga merupakan indikator yang digunakan untuk mengukur peningkatan perlindungan sosial bagi seluruh penduduk dalam RPJMN 2020-2024. Pada tingkat global pun, indikator ini digunakan dalam mengukur pencapaian Target 3.8 dalam SDGs, yaitu mencapai cakupan kesehatan universal, termasuk perlindungan risiko keuangan, akses terhadap pelayanan kesehatan dasar yang baik, dan akses terhadap obat-obatan dan vaksin dasar yang aman, efektif, berkualitas, dan terjangkau bagi semua orang. Kaitan antara kepemilikan jaminan kesehatan dan stunting pun telah dibuktikan melalui berbagai penelitian, salah satunya yang dilakukan oleh Nshakira-Rukundo et al. (2020).

[4] Statistik Kesehatan 2022 | sec_017
Statistik Kesehatan 2022
1

kualitas sumber daya manusia di Indonesia. Publikasi Statistik Kesehatan 2022 berupaya untuk menyediakan data dan informasi yang diharapkan dapat dijadikan bahan pengambilan kebijakan dalam menghadapi dan mengatasi berbagai tantangan tersebut.
Peningkatan akses dan kualitas pelayanan kesehatan melalui layanan telemedis dan pemberian tablet tambah darah bagi remaja putri merupakan komponen peningkatan pelayanan kesehatan dan gizi masyarakat yang dicakup dalam publikasi ini. Komponen lain adalah terkait dengan upaya penurunan kematian ibu dan bayi serta percepatan penurunan prevalensi stunting anak balita yang dilihat baik dari segi kesehatan ibu (meliputi pemeriksaan antenatal dan neonatal serta pelayanan KB setelah melahirkan) maupun kesehatan anak (meliputi pemberian imunisasi dan Vitamin A). Komponen terakhir yang turut dibahas adalah mengenai isu kesehatan terkini, khususnya terkait dengan vaksinasi COVID-19 dan kebiasaan masyarakat dalam menjalankan perilaku hidup sehat untuk mencegah penyakit tidak menular dan obesitas.
untuk mencegah penyakit tidak menular dan obesitas. 1.2 Survei Sosial Ekonomi Nasional (Susenas) Modul Kesehatan dan Perumahan sebagai Salah Satu Sumber Data Kesehatan Indonesia Dalam rangka mendukung upaya penanganan berbagai tantangan kesehatan yang ada di Indonesia, Badan Pusat Statistik (BPS) terus berupaya menyediakan data kesehatan yang berkualitas. Survei Sosial Ekonomi Nasional (Susenas) merupakan salah satu survei rutin yang dilaksanakan oleh BPS. Data kesehatan yang dihasilkan dari Susenas banyak digunakan dalam perencanaan maupun evaluasi keberhasilan berbagai program pembangunan baik di tingkat nasional maupun tingkat global. Data Susenas juga banyak dimanfaatkan oleh UN Agency, Lembaga Swadaya Masyarakat (LSM), perusahaan, akademisi, dan pengguna data lainnya.

[5] Laporan Indeks Khusus Penanganan Stunting Kabupaten/Kota 2021–2022 | sec_043
2.3 Sumber Data
IKPS dihitung menggunakan indikator yang dihasilkan dari Survei Sosial Ekonomi Nasional (Susenas). Susenas adalah survei berbasis rumah tangga yang dilakukan oleh BPS untuk menyediakan data empiris yang dapat mencerminkan keadaan sosial ekonomi masyarakat. Susenas mengumpulkan berbagai informasi seperti keterangan kesehatan, pendidikan, ketenagakerjaan, akses terhadap makanan, perumahan, pengeluaran rumah tangga, dan lain sebagainya. Data-data yang dihasilkan dari Susenas banyak dimanfaatkan untuk perencanaan dan evaluasi program pembangunan nasional, perencanaan dan evaluasi program sektoral kementerian/lembaga, penyediaan indikator SDGs dan RPJMN, serta penyediaan data bagi UN Agency, Lembaga Swadaya Masyarakat (LSM), perusahaan, akademisi, dan pengguna data lainnya. Susenas dilaksanakan dua kali dalam setahun yaitu pada bulan Maret dan bulan September. Data Susenas yang digunakan dalam penyusunan IKPS adalah data Susenas Maret tahun yang bersesuaian. Adapun jumlah rumah tangga sampel Susenas Maret 2021 dan 2022 tidak mengalami perubahan, yaitu sebanyak 345.000 rumah tangga sampel.","[""Terdapat lima pilar pencegahan stunting pada Stranas stunting, dengan pilar ke-lima merupakan pemantauan dan evaluasi. Pemantauan adalah kegiatan mengamati perkembangan pelaksanaan percepatan penurunan stunting, mengidentifikasi, serta mengantisipasi permasalahan yang timbul dan/atau akan timbul untuk dapat diambil tindakan sedini mungkin. Sementara itu, evaluasi mencakup rangkaian kegiatan membandingkan antartarget dan capaian pelaksanaan percepatan penurunan stunting. Indeks Khusus Penanganan Stunting (IKPS) disusun sabagai salah satu instrumen untuk mengukur kinerja pelaksanaan program percepatan penurunan stunting di tingkat nasional, provinsi, hingga tingkat kabupaten/kota dalam memenuhi aspek evaluasi. Pembahasan dan penyusunan IKPS pertama kali dilaksanakan sejak tahun 2018. Dalam perjalanannya, penyusunan IKPS terus mengalami perbaikan dengan berdasarkan diskusi dengan Sekretariat Wakil Presiden Republik Indonesia (Setwapres RI) sebagai ketua pengarah dalam koordinasi penyelenggaraan percepatan penurunan stunting, diskusi juga turut melibatkan kementerian/lembaga serta para pakar di berbagai bidang. Pencegahan stunting memerlukan intervensi gizi konvergen yang mencakup intervensi gizi spesifik dan gizi sensitif. Intervensi gizi spesifik dilaksanakan untuk mengatasi penyebab langsung terjadinya stunting. Sementara intervensi gizi sensitif dilaksanakan untuk mengatasi penyebab tidak langsung terjadinya stunting. Indikator penyusun dalam IKPS berpedoman pada penyebab langsung dan tidak langsung stunting berdasarkan pada kerangka konsep penyebab dan pencegahan stunting."", ""Indikator penyusun IKPS tahun 2018-2019 juga digunakan dalam penyusunan IKPS tahun 2020. Namun demikian pada rangkaian kegiatan penyusunan IKPS tahun 2021, diputuskan akan kembali dilakukan penyempurnaan penghitungan IKPS. Pada rapat yang dilaksanakan pada tanggal 3 Juni 2022 yang dihadiri perwakilan dari BPS, Setwapres RI, kementerian/lembaga, Bank Dunia, dan para pakar, diputuskan adanya penggantian dua indikator pada dimensi perlindungan sosial, yaitu dari pemanfaatan jaminan kesehatan dan penerima KPS/KKS menjadi kepemilikan JKN/jamkesda dan penerima KPS/KKS atau bantuan pangan. Secara lengkap, indikator dan dimensi penyusun IKPS disajikan pada Tabel 2.1.\nSecara spesifik, penggantian dua indikator pada dimensi perlindungan sosial didasari pertimbangan sebagai berikut:\n- a. Penduduk yang memiliki jaminan kesehatan bisa saja tidak memanfaatkan jaminan kesehatan yang dimiliki karena tidak mempunyai keluhan kesehatan. Oleh karena itu, diputuskan adanya penggantian indikator pemanfaatan jaminan kesehatan menjadi indikator kepemilikan JKN/jamkesda. Di sisi lain, indikator cakupan kepesertaan JKN juga merupakan indikator yang digunakan untuk mengukur peningkatan perlindungan sosial bagi seluruh penduduk dalam RPJMN 2020-2024. Pada tingkat global pun, indikator ini digunakan dalam mengukur pencapaian Target 3.8 dalam SDGs, yaitu mencapai cakupan kesehatan universal, termasuk perlindungan risiko keuangan, akses terhadap pelayanan kesehatan dasar yang baik, dan akses terhadap obat-obatan dan vaksin dasar yang aman, efektif, berkualitas, dan terjangkau bagi semua orang. Kaitan antara kepemilikan jaminan kesehatan dan stunting pun telah dibuktikan melalui berbagai penelitian, salah satunya yang dilakukan oleh Nshakira-Rukundo et al. (2020)."", ""Indikator penyusun IKPS tahun 2018-2019 juga digunakan dalam penyusunan IKPS tahun 2020. Namun demikian pada rangkaian kegiatan penyusunan IKPS tahun 2021, diputuskan akan kembali dilakukan penyempurnaan penghitungan IKPS. Pada rapat yang dilaksanakan pada tanggal 3 Juni 2022 yang dihadiri perwakilan dari BPS, Setwapres RI, kementerian/lembaga, Bank Dunia, dan para pakar, diputuskan adanya penggantian dua indikator pada dimensi perlindungan sosial, yaitu dari pemanfaatan jaminan kesehatan dan penerima KPS/KKS menjadi kepemilikan JKN/jamkesda dan penerima KPS/KKS atau bantuan pangan. Secara lengkap, indikator dan dimensi penyusun IKPS disajikan pada Tabel 2.1.\nSecara spesifik, penggantian dua indikator pada dimensi perlindungan sosial didasari pertimbangan sebagai berikut:\n- a. Penduduk yang memiliki jaminan kesehatan bisa saja tidak memanfaatkan jaminan kesehatan yang dimiliki karena tidak mempunyai keluhan kesehatan. Oleh karena itu, diputuskan adanya penggantian indikator pemanfaatan jaminan kesehatan menjadi indikator kepemilikan JKN/jamkesda. Di sisi lain, indikator cakupan kepesertaan JKN juga merupakan indikator yang digunakan untuk mengukur peningkatan perlindungan sosial bagi seluruh penduduk dalam RPJMN 2020-2024. Pada tingkat global pun, indikator ini digunakan dalam mengukur pencapaian Target 3.8 dalam SDGs, yaitu mencapai cakupan kesehatan universal, termasuk perlindungan risiko keuangan, akses terhadap pelayanan kesehatan dasar yang baik, dan akses terhadap obat-obatan dan vaksin dasar yang aman, efektif, berkualitas, dan terjangkau bagi semua orang. Kaitan antara kepemilikan jaminan kesehatan dan stunting pun telah dibuktikan melalui berbagai penelitian, salah satunya yang dilakukan oleh Nshakira-Rukundo et al. (2020)."", ""Statistik Kesehatan 2022\n1\n\nkualitas sumber daya manusia di Indonesia. Publikasi Statistik Kesehatan 2022 berupaya untuk menyediakan data dan informasi yang diharapkan dapat dijadikan bahan pengambilan kebijakan dalam menghadapi dan mengatasi berbagai tantangan tersebut.\nPeningkatan akses dan kualitas pelayanan kesehatan melalui layanan telemedis dan pemberian tablet tambah darah bagi remaja putri merupakan komponen peningkatan pelayanan kesehatan dan gizi masyarakat yang dicakup dalam publikasi ini. Komponen lain adalah terkait dengan upaya penurunan kematian ibu dan bayi serta percepatan penurunan prevalensi stunting anak balita yang dilihat baik dari segi kesehatan ibu (meliputi pemeriksaan antenatal dan neonatal serta pelayanan KB setelah melahirkan) maupun kesehatan anak (meliputi pemberian imunisasi dan Vitamin A). Komponen terakhir yang turut dibahas adalah mengenai isu kesehatan terkini, khususnya terkait dengan vaksinasi COVID-19 dan kebiasaan masyarakat dalam menjalankan perilaku hidup sehat untuk mencegah penyakit tidak menular dan obesitas.\nuntuk mencegah penyakit tidak menular dan obesitas. 1.2 Survei Sosial Ekonomi Nasional (Susenas) Modul Kesehatan dan Perumahan sebagai Salah Satu Sumber Data Kesehatan Indonesia Dalam rangka mendukung upaya penanganan berbagai tantangan kesehatan yang ada di Indonesia, Badan Pusat Statistik (BPS) terus berupaya menyediakan data kesehatan yang berkualitas. Survei Sosial Ekonomi Nasional (Susenas) merupakan salah satu survei rutin yang dilaksanakan oleh BPS. Data kesehatan yang dihasilkan dari Susenas banyak digunakan dalam perencanaan maupun evaluasi keberhasilan berbagai program pembangunan baik di tingkat nasional maupun tingkat global. Data Susenas juga banyak dimanfaatkan oleh UN Agency, Lembaga Swadaya Masyarakat (LSM), perusahaan, akademisi, dan pengguna data lainnya."", ""2.3 Sumber Data\nIKPS dihitung menggunakan indikator yang dihasilkan dari Survei Sosial Ekonomi Nasional (Susenas). Susenas adalah survei berbasis rumah tangga yang dilakukan oleh BPS untuk menyediakan data empiris yang dapat mencerminkan keadaan sosial ekonomi masyarakat. Susenas mengumpulkan berbagai informasi seperti keterangan kesehatan, pendidikan, ketenagakerjaan, akses terhadap makanan, perumahan, pengeluaran rumah tangga, dan lain sebagainya. Data-data yang dihasilkan dari Susenas banyak dimanfaatkan untuk perencanaan dan evaluasi program pembangunan nasional, perencanaan dan evaluasi program sektoral kementerian/lembaga, penyediaan indikator SDGs dan RPJMN, serta penyediaan data bagi UN Agency, Lembaga Swadaya Masyarakat (LSM), perusahaan, akademisi, dan pengguna data lainnya. Susenas dilaksanakan dua kali dalam setahun yaitu pada bulan Maret dan bulan September. Data Susenas yang digunakan dalam penyusunan IKPS adalah data Susenas Maret tahun yang bersesuaian. Adapun jumlah rumah tangga sampel Susenas Maret 2021 dan 2022 tidak mengalami perubahan, yaitu sebanyak 345.000 rumah tangga sampel.""]","[{""chunk_id"": ""laporan-indeks-khusus-penanganan-stunting--ikps--2022-2023__sec_008__c004"", ""faiss_id"": 3729, ""document_title"": ""Laporan Indeks Khusus Penanganan Stunting (IKPS) 2022–2023"", ""section_id"": ""sec_008"", ""page_start"": 23, ""page_end"": 24, ""bps_url"": ""https://www.bps.go.id/id/publication/2024/12/19/b87a8f73426081075be407fe/laporan-indeks-khusus-penanganan-stunting--ikps--2022-2023.html"", ""rerank_score"": 1.8988527059555054}, {""chunk_id"": ""laporan-indeks-khusus-penanganan-stunting-kabupaten-kota-2021-2022__sec_036__c004"", ""faiss_id"": 3987, ""document_title"": ""Laporan Indeks Khusus Penanganan Stunting Kabupaten/Kota 2021–2022"", ""section_id"": ""sec_036"", ""page_start"": 53, ""page_end"": 54, ""bps_url"": ""https://www.bps.go.id/id/publication/2023/12/19/7d87599450712cf4bab879f2/laporan-indeks-khusus-penanganan-stunting-kabupaten-kota-2021-2022.html"", ""rerank_score"": 0.3974204361438751}, {""chunk_id"": ""laporan-indeks-khusus-penanganan-stunting-2021-2022__sec_010__c004"", ""faiss_id"": 3845, ""document_title"": ""Laporan Indeks Khusus Penanganan Stunting 2021–2022"", ""section_id"": ""sec_010"", ""page_start"": 25, ""page_end"": 26, ""bps_url"": ""https://www.bps.go.id/id/publication/2023/12/19/37ee0674d0e89152b2425e9f/laporan-indeks-khusus-penanganan-stunting-2021-2022.html"", ""rerank_score"": 0.3974204361438751}, {""chunk_id"": ""statistik-kesehatan-2022__sec_017__c002"", ""faiss_id"": 12312, ""document_title"": ""Statistik Kesehatan 2022"", ""section_id"": ""sec_017"", ""page_start"": 26, ""page_end"": 27, ""bps_url"": ""https://www.bps.go.id/id/publication/2023/08/31/923a16f1d75232565f1e0446/statistik-kesehatan-2022.html"", ""rerank_score"": 0.2493639886379242}, {""chunk_id"": ""laporan-indeks-khusus-penanganan-stunting-kabupaten-kota-2021-2022__sec_043__c001"", ""faiss_id"": 4010, ""document_title"": ""Laporan Indeks Khusus Penanganan Stunting Kabupaten/Kota 2021–2022"", ""section_id"": ""sec_043"", ""page_start"": 66, ""page_end"": null, ""bps_url"": ""https://www.bps.go.id/id/publication/2023/12/19/7d87599450712cf4bab879f2/laporan-indeks-khusus-penanganan-stunting-kabupaten-kota-2021-2022.html"", ""rerank_score"": -0.08122601360082626}]",{},3.0392524960000173,2.878116308000017,"{""prompt_tokens"": 2499, ""completion_tokens"": 512, ""total_tokens"": 3011, ""prompt_tokens_details"": {""cached_tokens"": 2304}, ""completion_tokens_details"": {""reasoning_tokens"": 417}, ""prompt_cache_hit_tokens"": 2304, ""prompt_cache_miss_tokens"": 195}",8.704662508999945,ok,,85edb411a3706843a8043481e3d814b59ae4ba89dd02accf4a0c122fc94c22f2,False,1.0,ok,0.6724933957464093,ok,1.0,ok
