record_id,subtask_type,indobert_score
1035f635fb8e9f52,factual_retrieval,0.947
0fe915c3f72d64c3,source_navigation,0.9468
841b08bae21a32b7,source_navigation,0.8816
c649281e7ee666fb,methodology_explanation,0.853
f1471ab80a777315,methodology_explanation,0.8625
ad0a113314074ed2,definition_clarification,0.8856
c069adcb2a1d9c0e,trend_interpretation,0.7678
b8a2862150003e49,causal_reasoning,0.8842
a43acd98a816abe9,causal_reasoning,0.8881
40a0ae1cdb37cbb0,comparative_analysis,0.8373
74f72afb63905f54,multi_source_synthesis,0.7094
65f8ea0594ac9371,factual_retrieval,0.7064
5e3f052f82a7c0d5,factual_retrieval,0.8517
8ea6befefdbf9799,source_navigation,0.8117
e39cb0d98beb1a1f,methodology_explanation,0.8701
784aebed836cdb6d,methodology_explanation,0.8051
8aff826a07d3213e,trend_interpretation,0.8947
c26c182fb7caf470,causal_reasoning,0.9521
bd6fe60870473fbd,trend_interpretation,0.83
361790f8c0159a6a,causal_reasoning,0.808
d2f610837198c348,comparative_analysis,0.8462
1fb9b8d27821ff19,comparative_analysis,0.887
9e2809fc1af6c674,document_overview,0.8472
e71a5bb7b47303ad,factual_retrieval,0.6108
3e97d5013d8b1224,factual_retrieval,0.7662
b3955ebce530a7d4,factual_retrieval,0.6824
ae16d00063038bca,definition_clarification,0.8109
25fbd6afc9836dab,definition_clarification,0.8793
5554c78e26b8ab6a,methodology_explanation,0.7198
f3b8f902723bacfa,trend_interpretation,0.9217
6cc9cc68c31579de,causal_reasoning,0.7073
6372df7583f6bf73,causal_reasoning,0.8756
b403327850917704,trend_interpretation,0.9296
6adf6ad96f23582b,comparative_analysis,0.9771
8200cf6d26515581,comparative_analysis,0.9866
24d07a786b5fd9ae,multi_source_synthesis,0.9404
6fdd1e4f51da13b4,multi_source_synthesis,0.9372
7d1ae44c57351b51,document_overview,0.7825
78f4acd4f261c526,factual_retrieval,0.9675
b71f3753ff40d753,source_navigation,0.7108
9ab0583411cf36f1,definition_clarification,0.8885
5e725a616a9a5bd5,methodology_explanation,0.8871
e7d42ecdc4626de9,trend_interpretation,0.9746
2c882d7b2ff34573,causal_reasoning,0.9875
7493cef215a5f489,comparative_analysis,0.8807
6b80883a2267e56a,multi_source_synthesis,0.8016
aab8db8d516f31ef,document_overview,0.8674
38ae518748871d0a,factual_retrieval,0.7475
407f50232071f001,source_navigation,0.8195
05b3f07889fd0473,factual_retrieval,1.0
2e8b0afdc07226e9,source_navigation,0.4714
bccf404609face93,definition_clarification,1.0
d8230df5577f569b,methodology_explanation,0.9862
13a82bf81cd0c518,definition_clarification,0.993
b2d6c3269b3122e5,methodology_explanation,1.0
f329036be10f4b0d,causal_reasoning,0.7112
b726eb1be48d2dd3,trend_interpretation,0.9366
9afbf2d36f19e2e6,comparative_analysis,0.9576
e0499b97a2b67e19,multi_source_synthesis,0.9141
224baa6da0550b66,comparative_analysis,0.9794
4108313b84b993eb,source_navigation,0.7223
475a393c07c1aed4,factual_retrieval,0.7845
1e69011077c436a1,source_navigation,0.7011
6cd14a5b36ca6007,factual_retrieval,0.7928
535c26c5662bc531,causal_reasoning,0.961
1eeb5148cff25f78,causal_reasoning,0.8654
a8e2fee78fcd23ec,trend_interpretation,0.7507
6fa0d8bc6bb2e108,comparative_analysis,0.8775
7cb4b130364a05f5,multi_source_synthesis,0.8693
4d8405794505f097,comparative_analysis,0.8263
6d5754fa0f45503e,multi_source_synthesis,0.8974
049a4912b15aa842,document_overview,0.9028
cee4b37a9c5ed43f,source_navigation,0.4949
79217990ba166c38,factual_retrieval,0.8549
5194e8142ba4b470,factual_retrieval,0.893
1a794805939cc0bd,causal_reasoning,0.6483
2b8edefdb3c488fd,trend_interpretation,0.6337
4991673dfed5cc13,causal_reasoning,0.4536
b706b3aa78bca585,trend_interpretation,0.3439
0771bb5a43ce3039,comparative_analysis,0.7897
d0d1cf74622b7160,multi_source_synthesis,0.786
618dd2f186d7cc59,multi_source_synthesis,0.8055
a1d123c1f82be46d,factual_retrieval,0.5667
d655d300b496b638,source_navigation,0.5856
c450f29bc20f65a4,definition_clarification,0.6383
8f1256fd64751a6c,methodology_explanation,0.8634
99acdad35f4f3559,multi_source_synthesis,0.8032
2a391cf178dec9fb,comparative_analysis,0.8406
863e35b1211f53be,factual_retrieval,0.9456
b67c77e62c115638,factual_retrieval,0.8662
90aef7dda09cda89,factual_retrieval,0.9617
e17046f2e2323a18,source_navigation,0.8552
a897cd69dd107e0e,methodology_explanation,0.9059
04761916b41530f8,definition_clarification,0.7961
b87f168e0d67e01f,definition_clarification,0.8841
98b97377e8470176,methodology_explanation,0.8944
6a29f60841f96222,trend_interpretation,0.9613
ffa1e43e5d82bd9f,trend_interpretation,0.8235
ec2aadd44641740e,causal_reasoning,0.9156
afdaed071a8378c4,comparative_analysis,0.8888
dbd7c14e75765af3,comparative_analysis,0.6088
708f70cb0916397e,multi_source_synthesis,0.838
ea219f986a13a136,multi_source_synthesis,0.9209
72439b77d8a5f90e,document_overview,0.9506
af80c5e771f585ac,factual_retrieval,0.9415
1440cec72a01662b,factual_retrieval,0.8249
576028f076862bfe,factual_retrieval,0.9309
78ef2b281e56a524,source_navigation,0.7904
703fa43dd5e798ea,definition_clarification,0.8081
0b2aaa0eff971f90,methodology_explanation,0.5643
0468bb772faf02a1,definition_clarification,0.7546
f18504f147418b6d,methodology_explanation,0.5811
4bd2b7a9527fe2aa,trend_interpretation,0.8303
4dde4752516e0d1a,trend_interpretation,0.7611
6979290b371f4d0e,causal_reasoning,0.9885
e4d229018b7651f5,causal_reasoning,0.7394
9c8d948c17ba9aac,comparative_analysis,0.8234
2b1a6ffb84141dab,comparative_analysis,0.8323
41ca56c49038e81a,multi_source_synthesis,0.9503
2bf587ad14e4f000,multi_source_synthesis,0.7916
03357ed32b17acf3,document_overview,0.9272
92dd2fb28a66134c,factual_retrieval,0.6802
1df84a352f2470ae,source_navigation,0.9181
fb966ad8fe4cbd39,factual_retrieval,0.2966
a0eeae3a18938f41,factual_retrieval,0.6286
14e363f7300140e7,definition_clarification,0.8144
3cf34db9365cee46,methodology_explanation,0.84
541cd30d6c83a63e,methodology_explanation,0.8102
728224def3725cd7,definition_clarification,0.6414
15fc0721ea06f7e2,trend_interpretation,0.7546
f269e80877437fbe,causal_reasoning,0.576
5229abd86bc26533,trend_interpretation,0.4124
6186e2e9a201522b,causal_reasoning,0.7387
4aa264f2e797c860,comparative_analysis,0.8466
a87e77c1bd4a4f86,comparative_analysis,0.899
399967b4e0733494,multi_source_synthesis,0.5652
4bafe3b762272313,multi_source_synthesis,0.8298
83485467938270a0,document_overview,0.5527
79ebd22836fde187,factual_retrieval,0.5988
b2b8f84fd70c2e13,source_navigation,0.6606
c14f616e28f92065,definition_clarification,0.7977
e5bdad114bfb963f,methodology_explanation,0.8079
02cba30a7a0b4664,trend_interpretation,0.8703
669f3cf12e13c175,causal_reasoning,0.7602
1885eaee3c7ddbaa,comparative_analysis,0.7939
d76754d7f97eeb25,multi_source_synthesis,0.8124
783f952311b2ced5,document_overview,0.8257
de5876fde657f701,factual_retrieval,0.9139
9f75143e0ed590ad,factual_retrieval,0.9939
9096ecdbd3cc0540,factual_retrieval,0.969
284fb1adf26af9ab,source_navigation,0.7628
2fbd91bbae609b73,definition_clarification,0.9881
f4f79d47e7fb075f,methodology_explanation,0.9505
eaa838046993c74e,definition_clarification,0.9311
37709f567c5e24e8,methodology_explanation,0.9709
7e4a2c5b65539ce4,trend_interpretation,0.9306
6cbdbf7f857993e4,causal_reasoning,0.9744
4964d4db537c9224,trend_interpretation,0.9893
e895336ff4f8b77e,causal_reasoning,0.9485
549aec9b70fa70e2,comparative_analysis,0.8853
beedd17dc645fc61,multi_source_synthesis,0.9763
7b59860440f972e2,comparative_analysis,0.9543
20238cf7dcb7ec96,multi_source_synthesis,0.8956
8d016a8d690997eb,document_overview,0.9621
139c03d3347e9c31,factual_retrieval,0.8056
3ebae157b4bea402,factual_retrieval,0.8926
031d282b9479513c,source_navigation,0.7734
8a5120c63cc56c94,factual_retrieval,0.9831
ff9ea6b7409c8854,definition_clarification,0.9691
180844cc0ac37782,methodology_explanation,0.9371
0724354f74f33d07,definition_clarification,0.9537
e868ed65ddb55ba5,methodology_explanation,0.8463
5e1a1a53bb44abfc,trend_interpretation,0.7863
8dcc6bd0bec72e47,causal_reasoning,0.7816
f82d3bf0307c49cb,trend_interpretation,0.9864
539914160d0f06db,causal_reasoning,0.8666
b1893bc9e34b3bfe,comparative_analysis,0.7953
93a9a8ca7ae9e2b3,multi_source_synthesis,0.8558
be2c23ab3190a9b0,comparative_analysis,0.9873
5b0bbfbef0694559,multi_source_synthesis,0.9358
1dcd3f28653b4f95,document_overview,0.9221
976e7a1cae5a8c68,factual_retrieval,0.9466
ef044d32048a3e0f,source_navigation,0.3467
c8ab51e7ca7e1eb8,definition_clarification,0.8985
85102f70411e9883,methodology_explanation,0.9014
0b9375c2d7dcb6dd,trend_interpretation,0.9729
c8f4763d28e8d7c2,causal_reasoning,0.824
cb5ea031e5e75e45,comparative_analysis,0.927
bb6eaf6afbf16c9c,multi_source_synthesis,0.9272
9560d9285a0d28d6,document_overview,0.9439
1a87b06f1b9d498b,source_navigation,0.5888
eaaef0ea99e86e09,source_navigation,0.6361
e3c37212ce7606ae,definition_clarification,0.9804
7aeea4b2cece0da1,methodology_explanation,0.8974
98f550d697a871d2,definition_clarification,0.9617
bacb478eb3739d94,causal_reasoning,0.8232
d3cba00acb297e40,trend_interpretation,0.8501
c7759c4e748c5e0e,causal_reasoning,0.8587
014411b3d35314bf,comparative_analysis,0.7617
43e31f5b289a06a6,comparative_analysis,0.8433
6ebd7a5a5474958b,multi_source_synthesis,0.9132
272a883772902dc1,factual_retrieval,0.5631
f2ea0436af4531ea,factual_retrieval,0.8247
3bd3dbd6d366d3a1,factual_retrieval,0.9557
ecb63a4b04bdcaf5,source_navigation,0.5947
dcbb1635be1e80bd,definition_clarification,0.5516
ef1216b40a7e5a84,methodology_explanation,0.7862
ae04a08c83a19551,methodology_explanation,0.7978
6434b13937dd251f,definition_clarification,0.5726
9f4c04059e0dca48,trend_interpretation,0.8213
712a3305ce9be740,causal_reasoning,0.849
26529acbb2502965,trend_interpretation,0.9413
4f986eb6082ae871,causal_reasoning,0.8489
639eec2346f46674,comparative_analysis,0.7961
57942d4a37226456,comparative_analysis,0.6568
bc4b0bfe0bbb9e81,multi_source_synthesis,0.8301
49ed82d85063b6a3,multi_source_synthesis,0.7925
ba2c4ab008a6e39d,document_overview,0.8468
15ed120a434bda84,factual_retrieval,0.9651
3d2cb3f7e394d8ad,factual_retrieval,0.938
a8f6cd0a2c4caf65,source_navigation,0.6609
797149290279d91b,methodology_explanation,0.7663
103278629a34bbc5,methodology_explanation,0.7709
0a07c173f2afbfa6,causal_reasoning,0.9104
9860ad8c9209b8e6,causal_reasoning,0.9383
dea3f934159a10f6,trend_interpretation,0.8006
defbf5999bd3357d,comparative_analysis,0.6656
1afa240cb8d93b2b,comparative_analysis,0.8648
5e5779b179dc45b2,multi_source_synthesis,0.9089
e8d19672525b9ae5,multi_source_synthesis,0.8784
83ac07f49bb8003f,factual_retrieval,0.8463
e06f309f78879394,factual_retrieval,0.7648
b0e66b643f2f7ff0,factual_retrieval,0.9946
51371536f2c39f2c,source_navigation,0.5835
07f098a6f6bdbb26,definition_clarification,0.7292
4221a9d7a3cf7e80,methodology_explanation,0.9789
3700f3f1e207ff4c,definition_clarification,0.9636
960b16eb30f4a4bb,causal_reasoning,0.933
7f796be4709c66b5,causal_reasoning,0.9035
ffc02b4bad510b45,causal_reasoning,0.9455
5e99b637d377f66d,trend_interpretation,0.918
7132b544f1621cb3,comparative_analysis,0.7754
1647d373d74500c2,multi_source_synthesis,0.8202
e9831e64c7cf1357,document_overview,0.9049
da0f1e82e479f7db,factual_retrieval,0.9413
7692a47bca5cab61,source_navigation,0.7539
a88bf45a3b47aad9,factual_retrieval,0.8838
118c245bad5814d1,source_navigation,0.8189
16214db29fa33ea9,definition_clarification,0.9531
36c82ae425ce3e77,methodology_explanation,0.8588
02730326455676bb,methodology_explanation,0.8706
271aa70b5931cca6,definition_clarification,0.9445
339234a079bc85f7,causal_reasoning,0.88
bef839f593128ee1,trend_interpretation,0.9012
e3873b1b0f29f029,causal_reasoning,0.6826
9b6fbe696c74b3ac,trend_interpretation,0.8492
423a8d024299469f,comparative_analysis,0.8681
1eb586d99ca82ee5,multi_source_synthesis,0.7648
a1c809efbd77dd84,comparative_analysis,0.8049
4cbdb92f69694a81,document_overview,0.9471
c85bff89d67da7d3,factual_retrieval,0.8619
2b0da63a7409ddf5,source_navigation,0.6858
7c3cc61ff57d104e,definition_clarification,0.9352
aaa393ff119b6da9,methodology_explanation,0.8491
2c7a16cab91d717b,trend_interpretation,0.9629
4e264a98f7da079c,causal_reasoning,0.7946
44b2cb197584dff8,multi_source_synthesis,0.88
7a58eb6902d4a3e4,document_overview,0.9605
b0c2050bd1d37810,factual_retrieval,0.9993
dc7c395c01790e63,factual_retrieval,0.798
974569880da7c2b3,source_navigation,0.8006
0f2e3b3e39f744d0,factual_retrieval,0.9829
6299096a8010aa54,definition_clarification,0.9993
96d0412e5f670bd5,definition_clarification,1.0
69506b3f4a5bbd4a,methodology_explanation,0.9993
86fbcc9bcb4f7bdc,methodology_explanation,0.9496
361257e63b0aa50b,causal_reasoning,0.9103
17e1da6d6da76912,causal_reasoning,0.9555
8304f904d3606885,trend_interpretation,0.8648
ed7c81a8865f2bc9,comparative_analysis,0.4365
4fbdfff70cc806cd,comparative_analysis,0.8104
cc04d5f2a1437292,multi_source_synthesis,0.9362
c5911942d52b9d43,multi_source_synthesis,0.8997
ec0506241c0020b6,document_overview,0.9612
8ac86b276f6ac9db,factual_retrieval,0.9052
af896adb46d5be9e,source_navigation,0.8757
9a0038efc1a5ec08,definition_clarification,0.996
6daf6de918c154e4,methodology_explanation,0.9186
fe6145513a0d116d,causal_reasoning,0.9353
f8049e1cf79e5c33,trend_interpretation,0.9414
2066144de2dcf457,comparative_analysis,0.9406
fb556ef77e032ebe,document_overview,0.972
b05d48cbd7388514,factual_retrieval,0.7065
6fd9fbd0051e170c,factual_retrieval,0.956
9b46bc8bdc31522e,factual_retrieval,0.974
7e0baf29d0fa19e6,factual_retrieval,0.7791
8eaf6490b590c374,definition_clarification,0.9301
ca3c07e3241668ee,definition_clarification,0.7919
f0b302ccdc48d134,methodology_explanation,0.7834
b225f8d6bd21d07e,methodology_explanation,0.8168
12181a2d66a217a5,causal_reasoning,0.8774
134dcd09e49cb404,trend_interpretation,0.899
e7dc288f4c34ac88,causal_reasoning,0.9581
6f1524165a02140b,causal_reasoning,0.8807
499a6dd2f806d4f4,multi_source_synthesis,0.8836
4a70f16c578aac68,comparative_analysis,0.7222
7e6f9c9fb5fd8166,multi_source_synthesis,0.7477
e643fec1b8505dfb,comparative_analysis,0.8348
2a0a11cac582d782,document_overview,0.9752
89c68193b8cb5674,source_navigation,0.7011
ea7c22e869f5d07c,factual_retrieval,0.8186
9b6531065378de88,definition_clarification,0.911
e023005d21386a63,causal_reasoning,0.8944
898a676315b55dba,trend_interpretation,0.9533
b8ae4633a3333474,comparative_analysis,0.8428
aedf853862a28d87,multi_source_synthesis,0.9302
5f07cef525996a5b,factual_retrieval,0.4942
00e16be78bd826aa,factual_retrieval,0.4057
5ea6b378399219d5,factual_retrieval,0.4547
211e7f18f4e501db,source_navigation,0.33
c0c2eaf037fbacf7,definition_clarification,0.9811
d398a4410d46e760,methodology_explanation,0.6951
4b6d22e1ea1afe45,definition_clarification,0.9746
22b47bf8abbe1af9,methodology_explanation,0.8149
2761375f0e511202,trend_interpretation,0.6956
ba5baf06e0e93de6,trend_interpretation,0.9175
cacea2645dab09a3,trend_interpretation,0.8201
93c766425629d249,causal_reasoning,0.7678
f5281c5d963e711b,comparative_analysis,0.9282
352b4d89058a5644,multi_source_synthesis,0.4581
b60e99336c09a676,comparative_analysis,0.8652
edd1b3bf409db5ae,multi_source_synthesis,0.8537
1053a07c1f5e40e1,factual_retrieval,0.9321
b474c4c1f8af41e2,source_navigation,0.3041
538fb76d0d9ba313,definition_clarification,0.9914
6c0c7ae61a64d065,causal_reasoning,0.8086
07b34a5d87b47ffb,comparative_analysis,0.9265
f55efbf96c5846e3,multi_source_synthesis,0.7226
affb6cceca0c716f,document_overview,0.8514
8f54afd71dda5dee,factual_retrieval,0.9423
56d586be5ee82b98,source_navigation,0.7427
bf6ca008c714bee0,factual_retrieval,0.9257
88062d6e5be87509,source_navigation,0.6938
1b2a0bf3aaacee0f,definition_clarification,0.9497
09dc458fd2f0b640,methodology_explanation,0.9065
7132e6ac7a22c90f,definition_clarification,0.9569
352f4403a1c0014b,methodology_explanation,1.0
c0300321f9c5303b,trend_interpretation,0.926
6d3d8bbd2d7c827e,causal_reasoning,0.8859
df802ad172b14824,causal_reasoning,0.9367
93b917ec7299c1cd,trend_interpretation,0.8521
bd5414e53217f502,comparative_analysis,0.9688
92a065c6669c3a89,comparative_analysis,0.905
44a817bbba02851f,multi_source_synthesis,0.863
fc8dd3e75acb5b63,multi_source_synthesis,0.8729
1eab13940641499a,document_overview,0.9238
a67a39ab92298dff,factual_retrieval,0.9203
7106c3f1b0e8e41e,source_navigation,0.3396
9917ecb4adb8db3b,definition_clarification,0.9315
91a113f080372f62,methodology_explanation,0.9072
d61744ac28d387e2,causal_reasoning,0.7863
c35ad5023458e7cd,trend_interpretation,0.9318
8e9eb4a4e50442e1,comparative_analysis,0.8037
cc1e478efd194ee5,multi_source_synthesis,0.9235
231a09cfce5045ee,document_overview,0.9238
bde6258136ab922c,source_navigation,0.8697
1ef14e9dc13fcc40,source_navigation,0.8163
2641b5636be48495,document_overview,0.5568
b53da277246e7ed1,source_navigation,0.7938
7d845fc5bb4a8516,factual_retrieval,0.935
2e838ebdeb76798c,factual_retrieval,0.6783
e21db4d5caa51bb3,factual_retrieval,0.7073
87b96eacbc839db8,factual_retrieval,0.8425
f272ee8982fc72bb,source_navigation,0.841
13bdf5d2cb119217,methodology_explanation,0.8173
f78ba7ba9f22120c,definition_clarification,0.6489
2ac5a4b2bd6e5141,methodology_explanation,0.6835
d058368917d77a67,definition_clarification,0.8047
76fd4235527b4fb4,trend_interpretation,0.7872
34abc1cb5403e491,causal_reasoning,0.8401
83c8d5b4f8ff65ef,causal_reasoning,0.8478
7d679645534fd79b,trend_interpretation,0.8316
f9cca4e8a69c0cbf,comparative_analysis,0.806
9ddaf35e981d0fcb,comparative_analysis,0.8526
07cde591666b0476,comparative_analysis,0.8949
522978a57c746704,multi_source_synthesis,0.8383
27d002b2640db09e,factual_retrieval,0.9892
16eade53bde6c201,source_navigation,0.8739
6f355d2b96e58e2a,definition_clarification,0.8463
cc9d15972f006736,methodology_explanation,0.8146
abb9357238a8cd8a,causal_reasoning,0.9684
0dc0ca35656b2019,trend_interpretation,0.6981
4b2d55ea77557468,comparative_analysis,0.8933
b36af85e50bce6e2,multi_source_synthesis,0.8237
e43489942c01538c,document_overview,0.7826
db41e471523a426b,factual_retrieval,0.8357
2ecd879911bd0d44,factual_retrieval,0.8568
90d300fbd8d27395,source_navigation,0.8637
15d303a66d1745d6,definition_clarification,0.8832
3d6f4c65d2865074,methodology_explanation,0.9002
29acf0022e716335,methodology_explanation,0.9341
9a1dcff94eec66e5,definition_clarification,0.9905
2291f4da9796214b,causal_reasoning,0.8227
53ae35ad0ba7b59b,causal_reasoning,0.8059
a8dc7a251fb8e82e,trend_interpretation,0.5329
941b90eb71b6418e,comparative_analysis,0.8477
bd5cf1e82f10f963,multi_source_synthesis,0.7003
bf56472da4e288a7,multi_source_synthesis,0.6981
2903b7a65b0db896,factual_retrieval,0.9393
8433e84b80b2f285,source_navigation,0.639
ca42f8cccc982791,definition_clarification,0.9242
dbd62282fad08ef5,methodology_explanation,0.9027
467c8349cde35c1a,trend_interpretation,0.6906
3818ed669c724cab,causal_reasoning,0.9254
6f7411e3b12cddea,comparative_analysis,0.7784
70935f8eb594a87e,multi_source_synthesis,0.7948
171a9a29cc9f4617,document_overview,0.599
80dd7fb0974a4224,factual_retrieval,0.945
0698e435000b311e,factual_retrieval,0.9322
65112f6f84d51412,source_navigation,0.8644
f3695a2a8aaa50ed,factual_retrieval,0.845
08fe8716c0324dac,definition_clarification,0.8625
143567f15d9be20f,methodology_explanation,0.9265
271467c82bfa312e,definition_clarification,0.9928
e0e30a1b9fa64933,methodology_explanation,0.838
373eed95d2cf90e5,causal_reasoning,0.7443
04538c8e61ea4f3d,causal_reasoning,0.8561
fb0d38750f03004d,comparative_analysis,0.8848
f0f14190ba674c45,multi_source_synthesis,0.8084
1ed9da531c4fbb28,comparative_analysis,0.8055
34616f0be8b817aa,multi_source_synthesis,0.8151
a72b3df10154fa26,document_overview,0.958
f6221c73e5195bcf,factual_retrieval,0.9666
2d592aafbabb9e8d,source_navigation,0.8236
6e3a098633e212af,definition_clarification,0.8425
ea557616726bd505,methodology_explanation,0.8552
d032f071799951c7,causal_reasoning,0.7149
87dbc0ae3050d65b,trend_interpretation,0.7262
9cb0d85cdb2dfb58,comparative_analysis,0.9003
f555f737493ea53b,multi_source_synthesis,0.874
3d4729b4acf74a91,document_overview,0.8879
bd45416fc93e14de,factual_retrieval,0.727
c571ca675504fd7a,factual_retrieval,0.9854
1629e936e0970787,factual_retrieval,0.8852
2fda64b30d6cffd9,source_navigation,0.7095
54d3047b95cd793d,definition_clarification,0.9854
3dc962d6ff6c4120,methodology_explanation,0.9017
d864d2949a87fbd2,definition_clarification,0.9907
7bbe1bdea613afa2,methodology_explanation,0.936
4bbba5ce819fec02,causal_reasoning,0.7111
d494b07fdb89872c,trend_interpretation,0.7329
cc6a4d460d66b3d9,comparative_analysis,0.8319
35d843f1536add6b,multi_source_synthesis,0.945
7b909eb5d58f1e88,comparative_analysis,0.9862
82aac624fcb061e7,multi_source_synthesis,0.7714
7717dba358e69756,document_overview,0.9568
4746fe3d2bd611ab,factual_retrieval,0.9926
0a32e4f4f54c52ab,source_navigation,0.8389
04f48275b7c2407a,definition_clarification,0.9311
e79a5af6ba2fac60,methodology_explanation,0.8119
70b5e5bf4990b0fe,causal_reasoning,0.9287
da67a13d909277e3,trend_interpretation,0.8892
bd490427787e7857,comparative_analysis,0.8188
87700c00a56c2dd8,multi_source_synthesis,0.8252
7d41c20704d2bac9,document_overview,0.9637
c01028f4c990c977,factual_retrieval,0.7043
3ee1b81a5c8f91ce,factual_retrieval,0.5384
92271784dfacef94,factual_retrieval,0.9004
9f69bba2cd1176b6,source_navigation,0.3751
6c98eac57f3d7df7,definition_clarification,0.6503
17e516baac4352b5,methodology_explanation,0.6585
7870e59cff8819fc,definition_clarification,0.7006
da2926d0d76163b4,methodology_explanation,0.3791
0827c71a46ab33da,trend_interpretation,0.6556
6d083c082c0db835,causal_reasoning,0.9473
417911a805616460,trend_interpretation,0.8802
699b4a36b15ac687,causal_reasoning,0.5745
5a087bd057cce1f9,comparative_analysis,0.6234
7aebed837d5037f1,comparative_analysis,0.8504
587333a778f7b727,multi_source_synthesis,0.7719
4e8e1967d696f4d0,multi_source_synthesis,0.7784
e392fc7d15e0c761,factual_retrieval,0.9588
7d04fe367d3cdc8f,source_navigation,0.855
947298de1d95f1f5,definition_clarification,0.8427
dd07a5b869a88b50,methodology_explanation,0.7484
cffcd83b133b7045,causal_reasoning,0.9423
2a7c8801fd0ad09b,comparative_analysis,0.8699
d2c523772a1bb964,multi_source_synthesis,0.8387
51766a6ac129e259,document_overview,0.9171
662f9c061d40d4ed,factual_retrieval,0.8549
6c49a18e129f4b2a,factual_retrieval,0.95
ec7676a97865c335,source_navigation,0.6654
3f50867a8fcacecf,definition_clarification,0.9346
be345e746ecce4ae,methodology_explanation,0.9889
c93007d53dbaaaf4,definition_clarification,0.877
adc5e9a1210c5ffe,methodology_explanation,0.947
165c8948b6fa5552,trend_interpretation,0.966
0ed22b759d12610a,causal_reasoning,0.9119
76681d86f3121426,trend_interpretation,0.9694
87003e3c477f308f,causal_reasoning,0.8611
73701f2fd1b98370,comparative_analysis,0.9214
08f92765f7aac5bb,multi_source_synthesis,0.9785
59ebcbe9335f1976,comparative_analysis,0.9701
e38228b9109df62a,multi_source_synthesis,0.8217
32697faca75b3498,factual_retrieval,0.7188
cd6144af81706e7e,source_navigation,0.4309
7472cef15f5b8d14,methodology_explanation,0.8571
957ccc3076b4b752,comparative_analysis,0.732
fabcba61197e880d,multi_source_synthesis,0.6876
89166ca527f21391,factual_retrieval,0.9767
bf42407645e716d6,source_navigation,0.674
a65edd924b79b1ce,factual_retrieval,0.9974
8e862b461bc6ad50,factual_retrieval,0.8112
35d84ee9a1245e62,methodology_explanation,0.8553
f11f236975a6320c,methodology_explanation,0.9451
cf1d68931dc0a035,definition_clarification,0.8931
6b91a847c225bf80,definition_clarification,0.8599
5f57961bf6223f60,causal_reasoning,0.8553
4c34ee2d0d2b5c69,trend_interpretation,0.9813
fad7d51aaeb36f2f,trend_interpretation,0.9801
74d52ff9715e5610,comparative_analysis,0.9862
4818d96ae39c28ca,multi_source_synthesis,0.9277
68a29230af278703,comparative_analysis,0.9711
1fefeb20a690c6c9,multi_source_synthesis,0.7743
8e94ec9a23045121,document_overview,0.9409
29a8a3eef554e65b,factual_retrieval,0.7663
2c543c8b4682a050,document_overview,0.6047
d6576c4bfac8b3f3,factual_retrieval,0.995
b9cbbd01409ab575,source_navigation,0.4518
8824cf04b32784b3,definition_clarification,0.9701
913013fc5a6b65ae,methodology_explanation,0.9681
babc02d2b8e48881,causal_reasoning,0.8576
bd25a7ffabbb994c,trend_interpretation,0.8911
dc9e8261ff71c5e1,comparative_analysis,0.983
2210d4882f2471c8,multi_source_synthesis,0.962
b91ff9ebd98bbd2e,factual_retrieval,0.8514
440d2e921cbbda3d,methodology_explanation,0.9018
628aa299c9691b5c,definition_clarification,0.7181
a9ab7620b3f86183,causal_reasoning,0.9552
8c94febd0b959a3d,comparative_analysis,0.7615
300d98e95414bebd,multi_source_synthesis,0.7363
ef808ea1553a77aa,factual_retrieval,0.8943
bcd39c96191f8921,definition_clarification,0.9421
6dc28b576f9d6720,methodology_explanation,0.8928
9e3705413d8edf12,causal_reasoning,0.9034
9ce4caebb389a989,trend_interpretation,0.9381
9210dcb796c3fa39,multi_source_synthesis,0.9487
d45ca44cb2355759,comparative_analysis,0.9174
f3baa1d796e90671,document_overview,0.9145
75dd58ce3900904d,factual_retrieval,0.8535
5c34d93ae9b28f28,source_navigation,0.787
5b6dc02d1d7549d2,definition_clarification,0.2042
dadde677c819bcc0,methodology_explanation,0.7089
e0f2230a1232ad60,causal_reasoning,0.8584
c0676923bb0d653e,trend_interpretation,0.8562
e566379c3bfcd22d,comparative_analysis,0.7608
bb005c5b0bce05b8,multi_source_synthesis,0.8398
4c311873af9b2ac5,factual_retrieval,0.9465
586a2b000a66f73c,source_navigation,0.9291
ca5f8753693a042f,factual_retrieval,0.9856
e42902a8324051b1,source_navigation,0.614
1ae8c3e9342f2ce5,definition_clarification,0.7867
79b9b948953912c0,methodology_explanation,0.9443
f5973f0efe51fe80,methodology_explanation,0.8829
4c823824f26015ca,trend_interpretation,0.8686
b8569d3b1250397a,causal_reasoning,0.9702
86577779f43d2734,comparative_analysis,0.8725
561a65a45bc4229b,comparative_analysis,0.9394
cae58d4d391c2536,multi_source_synthesis,0.9323
3ad2c007a0037074,multi_source_synthesis,0.7505
6397146e10a315d0,factual_retrieval,0.8248
5661ef8ed2292728,source_navigation,0.8087
1866f4b7e60b8353,methodology_explanation,0.8413
13e5667a713e69e4,trend_interpretation,0.9441
c055709a20425145,causal_reasoning,0.9686
3e94c4a37b9a8565,comparative_analysis,0.8829
5b6e8e76449e2786,multi_source_synthesis,0.8808
374ecf20004c1887,document_overview,0.9341
1dcc45369d1ad8b5,factual_retrieval,0.9387
0cf02612d0c1aacd,factual_retrieval,0.9691
5745b41ff938afca,factual_retrieval,0.8715
ebad3643aa8bfff9,source_navigation,0.7676
f2a1c8cfc91cce17,definition_clarification,0.9062
e9de688a2a1297a7,definition_clarification,0.7907
01d0ff7dfccfc731,methodology_explanation,0.9016
c49f2f87d60480c2,definition_clarification,0.8809
ec56ceb173dd14b6,trend_interpretation,0.9499
e60dcd7319e60b49,trend_interpretation,0.9439
2cc224761dc72f2b,causal_reasoning,0.8635
724ab176296fafb1,causal_reasoning,0.9442
d87b36036a2f2bfd,comparative_analysis,0.9502
af6e0381ab1b4588,comparative_analysis,0.9138
cacea8c60d0a5414,comparative_analysis,0.943
1220de754f945e0a,multi_source_synthesis,0.8905
21358fa52a67f8a0,document_overview,0.9957
49e25457f957e3ee,factual_retrieval,0.8519
5485bc2ec358f0a0,source_navigation,0.9296
9680a78a94faf1f8,definition_clarification,0.9118
b3257f7b40a38e75,methodology_explanation,0.9248
0b5077ba5e5bca28,trend_interpretation,0.9218
649ae6ab5f73b23f,causal_reasoning,0.8076
f143a47afa47bb56,comparative_analysis,0.9175
4d88f4de7f0d9a06,multi_source_synthesis,0.7337
98f8c0a1a835479a,document_overview,0.9384
21a070ce60a3611a,factual_retrieval,0.8928
e714db874208f571,source_navigation,0.773
c5f6df660278ce85,definition_clarification,0.9727
5eb299620081ec6b,methodology_explanation,0.8329
6b7f3e2d0c77281d,causal_reasoning,0.9369
9b556bf6d343a9b3,trend_interpretation,0.9625
67ed8687b2d9f8ae,multi_source_synthesis,0.8476
0d104247c9112c89,comparative_analysis,0.9645
ef98761ad621802e,document_overview,0.8504
eebcd631e642bb21,factual_retrieval,0.9574
6347325ed6b3b267,source_navigation,0.8889
81ec88e640f25249,definition_clarification,0.9905
27797fb05da14010,methodology_explanation,0.9387
0ea562cf77b8d309,causal_reasoning,0.9735
a8434a03b6981ff7,comparative_analysis,0.9438
e46cec2b28d6584d,multi_source_synthesis,0.9151
bbd5dd9b1dba2d03,document_overview,0.9382
019d866d19de1fd5,factual_retrieval,0.9707
0d3b1ac5a8cb8923,source_navigation,0.7517
a22e4f89d5de899f,definition_clarification,0.9149
1e109a1ba177b924,methodology_explanation,0.9363
453e49ebea4702a2,trend_interpretation,0.9319
c308124c97b9a450,causal_reasoning,0.9448
e76ca0efcee0609a,comparative_analysis,0.7453
cffac7d548d5965a,multi_source_synthesis,0.9479
aff8d48b2a2221e7,document_overview,0.9606
f48cc63b46ee01a5,factual_retrieval,0.8271
157e51e508df751b,source_navigation,0.7649
946f2ee4eb95d038,definition_clarification,0.9572
6b615a62a59fad7f,methodology_explanation,1.0
8853c9e6a85dbf0c,trend_interpretation,0.852
9fe49a821d48aa4a,causal_reasoning,0.8014
ee31b2757c035a63,comparative_analysis,0.9504
a4f28e6b24afa55f,multi_source_synthesis,0.7465
2f70e47dd6acb86c,factual_retrieval,0.8652
5a29dfe28f80dae9,source_navigation,0.4523
4990015fec4740f6,definition_clarification,0.8031
76a5304598ef132d,methodology_explanation,0.7557
91036f528a19d97c,trend_interpretation,0.94
31cfde15d0881485,causal_reasoning,0.9739
217d2c58b87f40ec,comparative_analysis,0.8423
618c1fdec1b0fd7e,multi_source_synthesis,0.7157
b804d252ebe0c8f1,document_overview,0.9095
b3d9f11e7802d086,factual_retrieval,0.9053
2e9e52913a1adec6,source_navigation,0.8661
0bef8ecab9145b1d,definition_clarification,0.9191
3cfe47dfdba1ba19,methodology_explanation,0.9483
f11c5cdd1db85a09,causal_reasoning,0.7878
104ced48f0f55cc4,trend_interpretation,0.8542
b44da80b3169179b,comparative_analysis,0.8932
b4c2bcb12aace353,document_overview,0.8925
7325b737a252fee2,factual_retrieval,0.6798
9b8528394673b643,source_navigation,0.7317
cc8b02139016d73d,methodology_explanation,0.9373
f583898b95cf116a,trend_interpretation,0.9291
5cd644711d46d117,causal_reasoning,0.8233
de7e537ac1b75e18,comparative_analysis,0.8558
472da6e0f6579c75,multi_source_synthesis,0.8917
ff36c6956617ab1f,document_overview,0.739
61d2c3a6308c62db,factual_retrieval,0.972
8bb06d3735a74e92,source_navigation,0.7294
851d17b6a27bc349,definition_clarification,0.6931
cb3346c04a836ba9,methodology_explanation,0.7877
a4abe3c0507801ec,trend_interpretation,0.9502
064a07c12d5f1d07,causal_reasoning,0.7381
ded6046fa7c4f708,comparative_analysis,0.8691
396da7aadf097a6b,document_overview,0.9213
3e133d6a97024119,factual_retrieval,0.8824
dd3f2b55bef52861,source_navigation,0.2872
b50b64903e76b602,methodology_explanation,0.8443
e62350e3a3b5da79,definition_clarification,0.899
0621f819cc5d6372,trend_interpretation,0.8501
d226af1d74418185,comparative_analysis,0.8446
c095a922bbd7f2f5,multi_source_synthesis,0.8838
f9f610fb56bdf22d,factual_retrieval,0.9752
e8aca016f09a1999,source_navigation,0.5358
f2aea628373fe27a,definition_clarification,0.8192
b801ed2009bb37cf,causal_reasoning,0.8831
895483dc46a4ef44,trend_interpretation,0.9046
3bb2df3055ad2a1d,comparative_analysis,0.5223
4f0c386d599ec436,multi_source_synthesis,0.9132
f6cc98ef4dcca559,document_overview,0.9284
0d4bc2cb9c738b74,factual_retrieval,1.0
0d3e2b8b5519d762,source_navigation,0.686
f2a5e54a356da25a,definition_clarification,0.9738
f7303d7c0d0351a0,methodology_explanation,0.9182
77301c48da37d433,trend_interpretation,0.945
3b1eff4f1605b41b,causal_reasoning,0.9246
bdb41a81b0c6ea54,comparative_analysis,0.9784
55ad595eeb7c8e40,multi_source_synthesis,0.9398
629b3970ca54807e,document_overview,0.8367
98a11455f6c995ac,source_navigation,0.4213
d1db2a2a5288cdd2,trend_interpretation,0.7886
599e5c87c7ab673d,source_navigation,0.4791
287cbcaf19fb3557,source_navigation,0.524
4dc82f6ab8370fef,source_navigation,0.5088
9f2bc5f0a0a1d01b,source_navigation,0.7087
45944abba909ada4,methodology_explanation,0.5616
e16904b9febd0ba6,factual_retrieval,0.9069
aa5e02f48d88487f,factual_retrieval,0.8353
3658bdc95a68d231,source_navigation,0.7833
2e00c075a002f592,comparative_analysis,0.7858
03c5395290913348,multi_source_synthesis,0.8992
362d8c5713d9644b,multi_source_synthesis,0.8839
c8f0bbb3b334741f,document_overview,0.8488
fe60929388c761d3,factual_retrieval,0.883
0c571180e2460359,source_navigation,0.8646
07ef7ca05f12cebf,source_navigation,0.6979
6641cf4edc9407d7,factual_retrieval,0.9031
c482d661332eb76a,multi_source_synthesis,0.7396
38ad44eb1601e9bc,comparative_analysis,0.9312
c9b124846ec17a5d,multi_source_synthesis,0.8586
dc552d72e0600cb8,document_overview,0.776
e5835d6e28f14571,factual_retrieval,0.8652
967934f8da61597d,definition_clarification,0.7909
0134d839b6886e6f,definition_clarification,0.8649
b1bd8c63d10f7313,methodology_explanation,0.9006
ee73bb8f967fed6c,trend_interpretation,0.8738
9cb24059c17e6b0a,causal_reasoning,0.9079
f5295373c5cd3fd2,comparative_analysis,0.7195
7374e935b43c5d27,multi_source_synthesis,0.7667
5a25f9ee17285311,comparative_analysis,0.792
00e74ea520327613,multi_source_synthesis,0.6911
71837c29f030bdaf,document_overview,0.8237
3027ebeb83dcea3a,factual_retrieval,0.8064
8b6f81569989e1a3,source_navigation,0.7624
735445f213202aa7,definition_clarification,0.8742
127b46bc5e9c6653,methodology_explanation,0.911
4cd614fff8ff9c51,multi_source_synthesis,0.8379
9b2c8136dfc7d5b0,document_overview,0.7951
1e40fee55e671fda,factual_retrieval,0.7627
71160c6ba628675d,factual_retrieval,0.9144
cc6041f6170abb97,source_navigation,0.9574
d5082e2e8627cda8,definition_clarification,0.8237
26c92367145e3777,methodology_explanation,0.8728
525f044cbfb85094,methodology_explanation,0.6963
db32f1a4125fe2c3,definition_clarification,0.9064
568b64c46a809ad5,trend_interpretation,0.9459
5bad8252a5c77f5a,causal_reasoning,0.9068
779c324f842f866f,causal_reasoning,0.963
bea828ef822ad5a7,trend_interpretation,0.8604
ad1596c5b1ad6279,comparative_analysis,0.9168
59794b9f5670c6c7,multi_source_synthesis,0.8957
cb6a0d79c7469784,comparative_analysis,0.9571
7719cbb009b09558,multi_source_synthesis,0.9024
3c4834e9b0e78e66,document_overview,0.9183
fcac11b2aebe7506,factual_retrieval,0.7988
67ffb7b7497cf177,factual_retrieval,0.9336
22e2638c1b8ff825,source_navigation,0.7674
7c6000bb4cac2e6a,definition_clarification,0.8263
20bb6ea02c54b5ce,methodology_explanation,0.8464
231505b79f220248,definition_clarification,0.7852
c2fb5c85860902ce,methodology_explanation,0.8888
9b0a769927a49fee,trend_interpretation,0.868
9bb733bdf8840e7e,trend_interpretation,1.0
7a82453e41ba9071,causal_reasoning,0.9977
be82d907917821f2,comparative_analysis,0.8409
3434b689dca53cb8,multi_source_synthesis,0.9217
c9fd1f8c88ec6cb9,comparative_analysis,0.8907
b3eb5f9ab1f44520,multi_source_synthesis,0.9189
92eaddc759b20572,factual_retrieval,0.9763
d8eab30200d54b40,source_navigation,0.9399
2f0f9be3d7a85872,methodology_explanation,0.6356
a51f6b4006fa881a,definition_clarification,0.7261
c17c39934b02d605,trend_interpretation,0.8905
60da7fb8ec0f7e08,factual_retrieval,0.5644
2bbe36a4f5b54bd0,factual_retrieval,0.8631
ec975decb8198f56,source_navigation,0.8101
da0106cbdb36f052,factual_retrieval,0.8274
ceecabd579a728ef,definition_clarification,0.9554
e8bce36a4b805d6f,methodology_explanation,0.7744
d8a04bb60b0dcca9,definition_clarification,0.897
28d636293803a34b,trend_interpretation,0.8979
bcceef4f9bb76102,causal_reasoning,0.8436
505350397b75af4d,trend_interpretation,0.8482
3c4a16762a015455,comparative_analysis,0.7936
8c35eaad4d3482d8,comparative_analysis,0.9585
24d9bd6dc45bc781,multi_source_synthesis,0.8615
a72588dd47b6317b,document_overview,0.856
8ba4b77db0e71475,factual_retrieval,0.961
5aa11ede5f3a572d,source_navigation,0.604
352b4d78a8e6e6f8,definition_clarification,0.6463
53e0fcf51252b488,methodology_explanation,0.8819
27cd6b148e3fa376,causal_reasoning,0.9386
2412f8318ff000cc,trend_interpretation,0.9022
af5a94a0eb06a56f,comparative_analysis,0.8345
b4340bc08e089021,multi_source_synthesis,0.9706
9b6637cdaa68cfdf,document_overview,0.912
c95214ac2ce61382,factual_retrieval,0.9626
c22d56888d86c264,source_navigation,0.7023
a9e87beb627151b9,definition_clarification,0.9656
4c013c572ad0d062,methodology_explanation,0.9497
4a50cc392df3ca1e,trend_interpretation,0.9231
b328611e4366b935,causal_reasoning,0.89
ff3e40529ab6a736,comparative_analysis,0.9793
5810c770b131c4dc,multi_source_synthesis,0.952
ec6939ba7ee583a2,document_overview,0.9838
98597f555abb62b0,factual_retrieval,0.9896
f15ae1359f98697a,source_navigation,0.658
2050f3c2acf60b2f,definition_clarification,0.9007
49284865df209d48,methodology_explanation,1.0
18066d5b3b3d9b75,trend_interpretation,0.9472
09b8de743e172ac9,causal_reasoning,0.8695
bb3ac38c31f09378,multi_source_synthesis,0.8947
8db04d241f03767c,comparative_analysis,0.9614
1bd5d0bed501fc76,factual_retrieval,0.9686
0de9a048814e2cad,source_navigation,0.7478
5422ce49a24928aa,definition_clarification,0.9382
14aa8acef9860562,methodology_explanation,0.7857
b94fb2114bc0a8a5,comparative_analysis,0.9672
399b9dc82619a107,multi_source_synthesis,0.9166
2058324b91f3219e,document_overview,0.9326
5a0cd31a690c5cb7,source_navigation,0.7671
9cc20801a91c4eba,definition_clarification,0.668
86c765ac1a54daae,methodology_explanation,0.6681
664fc0417f94fd67,factual_retrieval,0.9018
09a91e9dc69c1119,source_navigation,0.2295
8c4cc34a81cc31e6,definition_clarification,0.9236
a31a7424eb365227,methodology_explanation,0.9153
bd827e0ba471dc23,trend_interpretation,0.9651
f22b5d918aaccade,causal_reasoning,0.9396
b9aca48deae11691,source_navigation,0.7569
4cddee3979d873ef,definition_clarification,0.8711
85f041949c99c88b,methodology_explanation,0.8509
dbb1a8620a504d07,trend_interpretation,0.938
a80c9d9a02de34fa,multi_source_synthesis,0.8387
9fa92b1e56a1b9cb,document_overview,0.9182
b28b8aa428ed2249,factual_retrieval,0.8413
7b3394f45629bf18,source_navigation,0.9268
c3bbd66504e92c5b,definition_clarification,0.8228
8391da850c94cdb1,methodology_explanation,0.7405
98909c0344a34d45,factual_retrieval,0.8465
e56dccf1573f4a62,source_navigation,0.8646
4b13afe10ce0a5fe,definition_clarification,0.8264
3c300e40d48b30b2,methodology_explanation,0.4479
004223d4c2ecd3c4,comparative_analysis,0.3672
e7fcb5f0a1d8d00a,source_navigation,0.7041
9083795c497fbb2a,trend_interpretation,0.7805
a4999fe1799c2c59,source_navigation,0.9053
4efc3e5425386b7e,definition_clarification,0.6907
043c24e98026b44e,methodology_explanation,0.593
68d57a981580340b,trend_interpretation,0.7104
984cba7c47e1333f,factual_retrieval,0.7756
112bb63a4813f39d,source_navigation,0.9324
a442c6260d9487d5,methodology_explanation,0.8311
26c0da7007448516,trend_interpretation,0.7343
0129d45919c133c0,factual_retrieval,0.4372
bba09ea3618d265d,source_navigation,0.9371
4f90c0f989983b31,definition_clarification,0.795
1d3a365fbb5d9d75,methodology_explanation,0.5926
eff1456e86af6397,trend_interpretation,0.7967
8b57aac2561c470d,comparative_analysis,0.7754
10d0d0abb93cf390,multi_source_synthesis,0.723
961d8ba1bb2c4cbc,factual_retrieval,0.8288
2e8dc237579a5309,source_navigation,0.8729
362a37bf21b76d93,methodology_explanation,0.773
8a4a73f35515b982,factual_retrieval,0.7859
c0a22478846b1a4e,source_navigation,0.9437
a22f794f913451ce,definition_clarification,0.7446
6d125672b6474628,trend_interpretation,0.7709
1ae6013fa384e24f,document_overview,0.7106
955602482daafdc6,source_navigation,0.9094
a727c341c9df233b,methodology_explanation,0.7063
0d90759651cc4c2b,multi_source_synthesis,0.7654
bb186379585049f9,factual_retrieval,0.7388
c373dd809ea6e32d,source_navigation,0.927
1ebaf8488be2d878,definition_clarification,0.6137
720555265dc1df7d,methodology_explanation,0.7105
8b73a741010af7a2,comparative_analysis,0.6885
f8b07d81e4cbd377,factual_retrieval,0.577
9e26c8c471813430,source_navigation,0.8085
1d2905c6bb7c4d7f,definition_clarification,0.8242
fa8128bf5c55b99f,methodology_explanation,0.8441
3738655a35002975,trend_interpretation,0.7171
c53b853d86fa1b92,comparative_analysis,0.7114
8182d8d18e06660f,factual_retrieval,0.8445
6a02d323ab4bd8e7,source_navigation,0.9642
3762c486eb1a134b,definition_clarification,0.8285
c625432f04e68207,methodology_explanation,0.8189
f29c0d08fc6b2b19,document_overview,0.6697
f3d112b9abefb09a,factual_retrieval,0.7634
b0538f7e5e2aaf7f,source_navigation,0.9436
84c38fda59cb21ad,definition_clarification,0.7011
dfa0721f0b7d4e19,trend_interpretation,0.7022
d4fb4dad92427d22,causal_reasoning,0.6727
124d4243c8f2113a,comparative_analysis,0.7192
3c7c1a87362737a7,factual_retrieval,0.8164
1ab253cbab2acc17,source_navigation,0.9192
b3520b245740c95f,definition_clarification,0.7627
4c15c7574445ef52,methodology_explanation,0.7592
185e87d887115b4e,trend_interpretation,0.7793
ad5599224bf95db9,factual_retrieval,0.7405
dfc2eb96deaf0f98,factual_retrieval,0.8883
7eeca4ac8b36120d,factual_retrieval,0.8648
4b45a03b732e66a6,source_navigation,0.7379
10c1811e30cd32c0,definition_clarification,0.9435
370ec204bed401c3,methodology_explanation,0.9089
865bb832e38592a0,methodology_explanation,0.9295
7bf4bede443a8a67,definition_clarification,0.8978
9c997f911916d1bb,trend_interpretation,0.8891
808fe9fee14cfcd5,causal_reasoning,0.8391
7a0fc2ac0531faae,trend_interpretation,0.9046
0e28979106244863,comparative_analysis,0.899
79cd850394ffebac,comparative_analysis,0.9172
f32919952d06dec6,multi_source_synthesis,0.9299
1ba98eb158828137,factual_retrieval,0.989
67c0167d889d299d,source_navigation,0.7836
149dceb444c08310,factual_retrieval,0.8925
80db8434d61a7158,definition_clarification,0.998
380a7c53652ca09e,methodology_explanation,0.9417
fc8e19fe1fa25133,methodology_explanation,0.9618
833d326a792a5941,causal_reasoning,0.9287
27de322cbe825a48,trend_interpretation,0.9889
dd7ef4dbe6fa650e,causal_reasoning,0.9002
4538748a59e9007b,trend_interpretation,0.983
9150091e22ae5e14,comparative_analysis,0.9776
338aa4a070998f4e,multi_source_synthesis,0.9683
23a1b3dddd0634d2,multi_source_synthesis,0.8948
5bb0ddfe5a269595,factual_retrieval,0.6788
59797dda6fd6b1b8,source_navigation,0.602
4d146f5306ecfc04,definition_clarification,0.8424
23b6dcff439123ef,methodology_explanation,0.6769
4c856558aab49533,source_navigation,0.7591
330f4f8107554ce6,factual_retrieval,0.8715
b2b879ae74c76dbe,source_navigation,0.8288
028cde22521dc939,comparative_analysis,0.8307
740b46a0a39667e3,multi_source_synthesis,0.7702
51ee209a77254d0b,comparative_analysis,0.7773
c35afd914e2caf03,multi_source_synthesis,0.7479
15b9a5a330b231fe,document_overview,0.7409
14375f621a7245fc,source_navigation,0.8589
1463d03ea22db8ce,source_navigation,0.9012
7dbc44b0d665936b,source_navigation,0.875
73b64ec6e53e95db,multi_source_synthesis,0.8084
cf1a97513c1a31d6,comparative_analysis,0.877
07e7dee12d55cc74,multi_source_synthesis,0.7687
1754d41f3cac738a,comparative_analysis,0.8392
5d21ce107ab44bbb,document_overview,0.7612
be8f29891ee07582,source_navigation,0.8912
1286e1feeeac455b,factual_retrieval,0.821
4991d950374c7fbe,definition_clarification,0.6337
831c9a209de2a59c,methodology_explanation,0.9161
f0e06dc8df9af38e,comparative_analysis,0.7136
929fd21a4267eff2,multi_source_synthesis,0.77
f4714986a1c42f49,document_overview,0.7664
053bc43be01ab7e0,factual_retrieval,0.9968
625d0ca0d624c56a,factual_retrieval,0.9289
641608ca2402c7f9,factual_retrieval,0.9473
73da79554ebb0e67,factual_retrieval,0.9712
8eed98d5c1fe0dbe,definition_clarification,0.8795
d9af87a21a2b341a,definition_clarification,0.8791
81c9f125a6886ebb,methodology_explanation,0.8572
57e21661a832ee3e,methodology_explanation,0.8865
60c4961d8e51b2d6,trend_interpretation,0.9577
9be767ca46db1dbd,trend_interpretation,0.8674
612134cf81736688,comparative_analysis,0.982
160a3a5d40803933,multi_source_synthesis,0.902
f42c4c1ffdc19f5d,document_overview,0.9331
09d20c52b916e59b,factual_retrieval,1.0
31d747173da18d7f,factual_retrieval,0.5471
31ab9d8abd902986,source_navigation,0.9225
ce0148b31b3d72d7,factual_retrieval,0.9607
9d39c1d3fcc03141,definition_clarification,0.9878
6fb8c017f2477f39,methodology_explanation,0.8963
23fa98270bf20e58,definition_clarification,0.9125
f46d162162441e3f,methodology_explanation,0.9586
250d6cc4fd38d605,causal_reasoning,0.8597
53a7c2a20ebc86bc,causal_reasoning,0.8373
a5bc49750ab208fd,causal_reasoning,0.8859
70b40e968c582271,trend_interpretation,0.9244
847c6ddb1770aa20,comparative_analysis,0.9326
ca0286bfc470eecb,multi_source_synthesis,0.8763
80bc9874b6f206d0,comparative_analysis,0.9431
cfda011bf1e4c890,document_overview,0.8816
2030a4a76e5c9c81,factual_retrieval,0.4199
c96536c9aa7364bb,source_navigation,0.2791
b20438031a6a1990,factual_retrieval,0.8994
bdc32b708e0e4d7d,source_navigation,0.0772
87c137984225ca6a,comparative_analysis,0.9123
d16fbbbe0c12d884,multi_source_synthesis,0.7971
37a49bf6124fd799,multi_source_synthesis,0.8111
730e2743823a0b9a,document_overview,0.7878
2b10f606bc682083,factual_retrieval,0.5758
7498b30e879c145b,definition_clarification,0.4631
7259922517131bb4,methodology_explanation,0.7984
878ec699e9ac99fa,causal_reasoning,0.7066
9f31d9918a32a755,trend_interpretation,0.8007
2ba6acc042a49c8b,multi_source_synthesis,0.9065
ad113b760fcb547f,document_overview,0.8106
b91d882a3e163130,factual_retrieval,0.8691
e40c6da596fd5fd0,source_navigation,0.8513
2f1d889c41a1ad06,factual_retrieval,0.9163
1d224dcc8aa44c8b,source_navigation,0.8586
15888c5df995653f,trend_interpretation,0.8268
838757cba1f43201,causal_reasoning,0.8495
e9b311f55d6b20ed,trend_interpretation,0.8347
1d1d4096e46f101f,causal_reasoning,0.8862
e844a2f5c5d1d35c,multi_source_synthesis,0.7691
52383d84bb6c430b,comparative_analysis,0.6432
8df61f32f19081cf,document_overview,0.8671
75021b81682bb1cc,factual_retrieval,0.7761
babb9aba9506ba4e,definition_clarification,0.8364
319c2d5fbac5b519,methodology_explanation,0.8005
6ac0429048027028,document_overview,0.769
b9324fb32e61ffac,factual_retrieval,0.9665
3c0acd1e5e5615e8,factual_retrieval,0.7623
01eb45887763e648,factual_retrieval,0.8845
d60ac7a9cdbf2eae,source_navigation,0.9147
4e819840016ba9a2,methodology_explanation,0.8504
1ccd1e5c83da01b0,definition_clarification,0.8214
fde9741839fb2d05,methodology_explanation,0.9387
94a01cbb3b45f284,causal_reasoning,0.7419
0d2ddd2da3b29319,trend_interpretation,0.7963
1756f0ab853ff8a9,comparative_analysis,0.9236
618b33b61e369f95,multi_source_synthesis,0.9317
63b9c4a58dffb6e6,factual_retrieval,0.7057
63a3d065421425b3,source_navigation,0.7385
5900e35b29cfaf3d,definition_clarification,0.8287
d0c70aec03ff4746,methodology_explanation,0.926
78544b419ee97eac,causal_reasoning,0.9375
f3d5d727eeb9837f,trend_interpretation,0.903
df375b61483fadf6,comparative_analysis,0.9074
711a9b6d5d39babe,multi_source_synthesis,0.881
3d81a226f9657b1e,document_overview,0.8444
1220d2909cc35f9a,factual_retrieval,0.8459
cf24c2e18f9a83d8,factual_retrieval,0.9663
07c0d3a562662662,factual_retrieval,0.8808
e91dffab587cfb3e,source_navigation,0.8088
71af2c1cdf19c76c,definition_clarification,0.9751
8422766a3f84fe18,methodology_explanation,0.9105
61218fd5c6ece2c4,definition_clarification,0.7757
4740e906483a3679,methodology_explanation,0.7487
38ad6e7bfdd0c662,trend_interpretation,0.9505
261346f7d0ec5fc7,causal_reasoning,0.7939
d64ebbdb25dbdd32,trend_interpretation,0.92
91c3c12b59daaf83,causal_reasoning,0.9358
dd7ca5c97ae05401,comparative_analysis,0.9525
bc8c05ac7a280816,comparative_analysis,0.8953
1d05a947713937dd,multi_source_synthesis,0.8098
ef43633dc897a094,multi_source_synthesis,0.8278
7bd0a1d3a6abc57f,factual_retrieval,0.8789
8e1f1882206921f7,source_navigation,0.6665
34e8d3269f019eca,definition_clarification,0.8431
fc037ad2b7785bfe,methodology_explanation,0.7164
1f1bd372426a672f,trend_interpretation,0.9073
436e140e486da3ca,causal_reasoning,0.9401
a8d7bfd6aa7514f1,comparative_analysis,0.9384
b5ac5860d3e91dcd,multi_source_synthesis,0.9512
2df632ab5df3e794,document_overview,0.6466
50cd7eb2a69988f5,source_navigation,0.5918
08ceb9d3ebeed84e,factual_retrieval,0.9425
27e5a229bb0046e7,definition_clarification,0.9598
c3ce84b731d49fa8,methodology_explanation,0.8938
3c36e3424b98b395,methodology_explanation,0.8065
67aa83c3702b161f,trend_interpretation,0.9152
4071c19977eab1a1,causal_reasoning,0.7088
0da1b10cbfee548d,trend_interpretation,0.9459
a004a46562f6d3a0,causal_reasoning,0.8628
99cf5aa22c89549b,comparative_analysis,0.918
eb96c31ebe633ce9,multi_source_synthesis,0.7716
6564a4e596953f47,factual_retrieval,0.914
398f05ceffb3a3f5,source_navigation,0.4252
4f28c2d833a5bbe6,definition_clarification,1.0
9476f3d410189e1f,methodology_explanation,0.9468
1ed3a6b93d2a630c,trend_interpretation,0.7859
44e2bb03f8ccf965,causal_reasoning,0.8418
48f0c3b43e323197,comparative_analysis,0.7302
bf33ecc95e658463,factual_retrieval,0.9457
a2877b5a3ef686ee,definition_clarification,0.9795
9b96c860725c816f,trend_interpretation,0.8577
ca471f8f7649fa3c,comparative_analysis,0.7902
97502b37ccd9c295,document_overview,0.9896
bb2a538c8a19a972,factual_retrieval,0.9447
c28f1def64f7f828,source_navigation,0.2422
29f8b5c319eca8a0,definition_clarification,0.856
367a14b5eb439cf7,causal_reasoning,0.9159
eaa059fee7b64559,comparative_analysis,0.8544
03b3f15fe700b207,multi_source_synthesis,0.8905
74e7c382f5c12acd,factual_retrieval,0.84
3c371e207b997052,source_navigation,0.7838
c72ba7840e248fd0,definition_clarification,0.8475
93cbdfbad7b4f755,methodology_explanation,0.9016
6fc6697308af2b4e,trend_interpretation,0.9851
c5101b305afd142b,causal_reasoning,0.8687
40d09344f95b0a65,comparative_analysis,0.8976
e32878521d2fc8d7,multi_source_synthesis,0.8819
14975780ebc53968,document_overview,0.8426
e72dfe2edfc1d603,factual_retrieval,0.9859
1b49d41a50879055,source_navigation,0.5456
52e0885a0e49d4f8,definition_clarification,0.6849
6120670eb4d437f8,methodology_explanation,0.812
38364d9a0143a6ab,trend_interpretation,0.9105
805212a88911f9ca,causal_reasoning,0.95
20e6d62a562d4ed3,comparative_analysis,0.8981
d7615494a2d5d785,multi_source_synthesis,0.8086
610e87b7e61b9428,document_overview,0.739
e81e5b7fe4a1a7c3,factual_retrieval,0.9401
51dbfcbfd2e7b34a,source_navigation,0.7744
3efeeaefdfba5b35,definition_clarification,0.9638
2d0ea90743e5b894,methodology_explanation,0.9401
439997ae2b65ea39,trend_interpretation,0.9433
e9e864be76b51e79,causal_reasoning,0.9103
b5775f84e0a936f0,comparative_analysis,0.9844
5c6b69858f2ef5d1,multi_source_synthesis,0.9374
d354b223faa0700b,document_overview,0.9532
17effeb81f1124ef,factual_retrieval,0.8394
3b38153984d71b92,source_navigation,0.7307
665feaa2fb67ec48,definition_clarification,0.5541
cfd5c4082d5c0600,methodology_explanation,0.6712
6f56a6044d129352,trend_interpretation,0.7245
502e127c9722ebfb,causal_reasoning,0.8664
a8c670f8b7b42acf,multi_source_synthesis,0.8639
53154dca8fe70fba,document_overview,0.8725
d0f5e4ba5fd996cd,definition_clarification,0.7504
61045b0cbb1800d8,methodology_explanation,0.6721
dff39199fe6c9752,trend_interpretation,0.6594
9250cbbe3784cee7,factual_retrieval,0.76
8c4d96f10350e66a,source_navigation,0.8691
1b8b288b66349399,methodology_explanation,0.8008
d3a360496dfa2d3c,trend_interpretation,0.6889
ddd913f47873bdd1,causal_reasoning,0.672
0642e0aca1db7cd1,factual_retrieval,0.7268
bda954276f1acc0c,source_navigation,0.7683
d029e4c989e6e8c0,methodology_explanation,0.486
6ab397b8c2049d2b,comparative_analysis,0.6892
ff2ed02c2bd4828d,methodology_explanation,0.7713
66ae09b36de40316,trend_interpretation,0.3827
9d97fc875f686674,causal_reasoning,0.6522
9d8e65a163f3adb2,comparative_analysis,0.8177
c5bee0810e356786,multi_source_synthesis,0.6663
f2640c91ea0364b3,document_overview,0.8279
86e86ab08bb3069b,source_navigation,0.8808
a384e6c6676e2297,trend_interpretation,0.7926
0c695623f05f8756,comparative_analysis,0.4003
05179feb915920f5,factual_retrieval,0.9647
6f3e99d9b14af2ba,source_navigation,0.8478
10ab50f08ffbd77c,definition_clarification,0.9185
6e868f4c9d0a8bbb,methodology_explanation,0.9048
fc0f8603d11d532d,trend_interpretation,0.8273
1b10f3075a207b77,causal_reasoning,0.9425
ca651d13854b3b6e,comparative_analysis,0.8699
f6ac55c0813c1b45,multi_source_synthesis,0.9102
2a0db195e2a069bc,document_overview,0.9204
3bfc4a2c2ed01728,factual_retrieval,0.9445
b06ec635b40bf0fd,source_navigation,0.6518
238f3c81447087f1,definition_clarification,0.7503
73d21211fc84053b,methodology_explanation,0.912
126f03152e1ec9be,trend_interpretation,0.8631
343ce1dcc2c0038a,causal_reasoning,0.7799
854cf1d6eb7d2027,comparative_analysis,0.9041
1c9ee28e4e0837dd,multi_source_synthesis,0.9663
fb669398deef7cce,document_overview,0.7496
015be91a89c09358,source_navigation,0.9382
7cac60e728a6c7fd,document_overview,0.7117
13e48680ad5df260,source_navigation,0.8003
127700930089d423,factual_retrieval,0.7816
efc675fed7943d6d,factual_retrieval,0.8223
7fb267234e9a5728,factual_retrieval,0.8955
64776da490ec99f3,definition_clarification,0.9919
63ee5a716e9fdbfc,methodology_explanation,0.876
02f1d706b4340a8d,definition_clarification,0.9588
5fb85ff137688ed4,definition_clarification,0.9893
489bc2f8f9572ddc,trend_interpretation,0.606
d5cb49efc181a7cf,causal_reasoning,0.8814
24ec2e6c21107a46,trend_interpretation,0.8933
83f17520bcb4f2f9,causal_reasoning,0.8943
5ad34c3bd3dfc9a8,comparative_analysis,0.8119
e7b48b06a10e8e87,multi_source_synthesis,0.8479
1afcde042399ce50,multi_source_synthesis,0.7655
9c50338bf708e27d,document_overview,0.796
f04f3f783d87471e,factual_retrieval,0.8171
dc5bb6d5eecb574f,factual_retrieval,0.7328
8b7eed16794006a6,source_navigation,0.7427
3e22c525e6a64e80,definition_clarification,0.9681
4ee94309490e77a2,definition_clarification,0.8337
0925c0e3b608cd8e,methodology_explanation,0.7449
b34f5acc0f0be348,methodology_explanation,0.7978
0c85633d39735039,trend_interpretation,0.698
8f657a8b4acc6188,trend_interpretation,0.663
3ae91e6af98739dc,causal_reasoning,0.4984
8fc942bce4175890,comparative_analysis,0.6221
359dab58ea3458e3,multi_source_synthesis,0.8899
e89eda83791969be,comparative_analysis,0.892
f89755389a31e699,factual_retrieval,0.9514
6208753179cf5ae4,source_navigation,0.8015
9c103757a4eeef1f,definition_clarification,0.9871
166c674471a7c189,methodology_explanation,0.6579
56f6b0130a68584b,trend_interpretation,0.7375
86d2be47245dd589,causal_reasoning,0.7021
8e837921af6a314f,comparative_analysis,0.912
102da474a2abf133,multi_source_synthesis,0.6238
82e84884690d1559,source_navigation,0.861
acec4936202daabf,factual_retrieval,0.9262
e9de58f9c8836755,source_navigation,0.8537
c043a8ea70de28f3,document_overview,0.6686
a67efb810af3319f,source_navigation,0.6451
12b748cbc2574914,factual_retrieval,0.9185
03c725f18defb635,definition_clarification,0.8467
a979bfe31d4648a7,methodology_explanation,0.6905
9c3cc7366170ee2f,trend_interpretation,0.9117
89a5996cd5ced0ee,causal_reasoning,0.6026
6ffbe750b4bb4173,comparative_analysis,0.7469
25e4cc70327d7c08,document_overview,0.7407
e3eb0918f61c14de,factual_retrieval,0.9506
e2d3162722fa0305,factual_retrieval,0.9034
49cb219fb4d0e46e,source_navigation,0.6043
fdc0ebe3e36a3af2,methodology_explanation,0.7703
c848ceaaf81be16b,definition_clarification,0.9308
9605aec96e893cdc,definition_clarification,0.7618
cec2193389f2b4d8,methodology_explanation,0.7452
ba1191f86c7892bf,causal_reasoning,0.9913
4c92662282a4faf3,trend_interpretation,0.8328
1041815175876b06,comparative_analysis,0.7852
88418991fc55a8d3,comparative_analysis,0.9373
e28403433a820279,multi_source_synthesis,0.8694
66d51c0b3f56243e,document_overview,0.8845
21d25a9af8d7fb69,factual_retrieval,0.9025
f379ebfe48a05f4f,source_navigation,0.61
ffbd13e7e8e0d366,factual_retrieval,0.8564
6d68bf50ec92262f,definition_clarification,0.9885
5451af6eaf628d22,methodology_explanation,0.9553
bdca80dca3439548,definition_clarification,0.9903
5673aaeb2adb9a75,trend_interpretation,0.7619
b8ebab00de2c3353,trend_interpretation,0.9493
bae9db30b6a76971,causal_reasoning,0.7756
385f532cc31fa9d5,comparative_analysis,0.7834
e32068665b7f0abb,multi_source_synthesis,0.8451
66049717fb127a57,multi_source_synthesis,0.9323
a3d022687a5ec300,factual_retrieval,0.9729
7a68877afddb3109,source_navigation,0.6548
83870d545eb6336f,definition_clarification,0.9923
97e76f98a16badb3,methodology_explanation,0.9364
3125b56a6bffeb40,trend_interpretation,0.969
0fb83f3be357e774,causal_reasoning,0.8124
d7d026de407a3064,comparative_analysis,0.9712
de5b719ea74f9916,multi_source_synthesis,0.9285
5be7dcf97cc9909d,document_overview,0.9703
de2e41f4284f4ef8,factual_retrieval,0.6706
c370854c02ec7fbc,source_navigation,0.564
a948183f5fbc2c82,definition_clarification,0.9966
b5a89f77a940963b,methodology_explanation,0.9314
bc53505196d5ea66,trend_interpretation,0.8515
c66cc5249271829d,causal_reasoning,0.8421
645335aecad71dd5,comparative_analysis,0.7626
35c8233bea22cfb9,multi_source_synthesis,0.7966
31ba03ada69de24a,document_overview,0.8713
6cc9320b3cd229c9,factual_retrieval,0.7061
e3a88a785a0d40f7,source_navigation,0.9844
3685ca86bc9cd49c,definition_clarification,1.0
cc8017c6388d8278,methodology_explanation,0.9559
48ca9efad45d18d8,trend_interpretation,0.9759
b662e9e1e4243664,comparative_analysis,0.8486
a67beacf4ab15acf,multi_source_synthesis,0.8463
383968a68e735c2b,document_overview,0.9018
981c2d4366a8d77b,factual_retrieval,0.9287
9b8d490176aaba53,source_navigation,0.787
9d9122d736f8218a,definition_clarification,0.78
e4709f06bdbbdb9c,methodology_explanation,0.9332
09a5f610650c48f5,causal_reasoning,0.9026
16f1ec937692df6a,trend_interpretation,0.8864
ea69ae8203620988,comparative_analysis,0.9077
ac31492a1c3c8791,multi_source_synthesis,0.9089
f21f9d2367703b47,factual_retrieval,0.9281
069ea7c386d0980a,source_navigation,0.9825
904bb65162e2e924,definition_clarification,0.9145
102774ee4aaef40e,methodology_explanation,0.6264
e8e20459e23a1ebd,trend_interpretation,0.9201
8e257840df5041d7,causal_reasoning,0.8907
55fcbb7669a8981a,comparative_analysis,0.8971
03c804293a2b25ae,multi_source_synthesis,0.6785
1f8a8c49ea759573,document_overview,0.961
6e9ab1262a013b88,factual_retrieval,0.8816
a7891357cd1c500d,source_navigation,0.9935
9e4744d062c1a173,definition_clarification,0.7926
a0b318281c0eae89,methodology_explanation,0.9599
c497dcf8f85b27bb,trend_interpretation,0.8509
a56d19e0c0fc9cee,causal_reasoning,0.9681
1978b2d7b7bab179,comparative_analysis,0.8555
bd2d88ac7bc16fe6,multi_source_synthesis,0.9193
981516a9ceeee17f,source_navigation,0.6695
1e22fdc578f3ffdb,causal_reasoning,0.6478
9e8c91b70f698f0d,trend_interpretation,0.6439
70f159ea8ceb4d11,comparative_analysis,0.827
6986c809dc5720f3,multi_source_synthesis,0.7583
b4c71f94fbe38c34,factual_retrieval,0.7691
cbac2e4733d9203c,source_navigation,0.6014
461eed3119e9d5d8,methodology_explanation,0.9613
c383b9fa57956f58,definition_clarification,0.9065
433ca81510eab919,trend_interpretation,0.8149
fb70c260c07f8fac,causal_reasoning,0.9312
17b44b9edce80a1d,comparative_analysis,0.8769
3734f9977460e8ab,multi_source_synthesis,0.8408
d774dd77eff5a251,document_overview,0.9174
4113008172649e0d,factual_retrieval,0.8266
1fe5f48fa840236a,source_navigation,0.6814
9623258159966889,definition_clarification,0.8505
74b0d283c1ab96ad,methodology_explanation,0.6723
1e74b89f2eba8a76,trend_interpretation,0.9524
8c43c8b979b5acad,causal_reasoning,0.9348
124e9076c934b8a0,comparative_analysis,0.8918
186cd7c364d89495,multi_source_synthesis,0.922
6d8ccd77d431c90e,document_overview,0.9061
a753f6a578a36fef,factual_retrieval,0.8452
03ffdf13ed6cd998,source_navigation,0.7054
e60e09e0aff52fb5,definition_clarification,0.7715
4dd2a224d333e0a6,methodology_explanation,0.9257
d797667f124df349,trend_interpretation,0.7776
f1f397fcf270b450,causal_reasoning,0.8488
24d2dcea3fc44df2,comparative_analysis,0.7691
39ae2e653a75e139,multi_source_synthesis,0.8604
597b5eb3e00bdfc1,document_overview,0.9836
d0d696d3b340e5ba,factual_retrieval,0.7793
a92d39b1205dc19f,source_navigation,0.7403
795ad0977594b452,factual_retrieval,1.0
432d9ec785c47343,source_navigation,0.6941
52c2f95e83f20a18,definition_clarification,0.8078
7982e562a95c391f,methodology_explanation,0.9857
044c9adf0b264a08,causal_reasoning,0.8751
639b151091257238,causal_reasoning,0.6971
b67ca883f8e1ba0b,comparative_analysis,0.6607
3bcb7aaba3da5a9e,document_overview,0.9478
e00ab56c1ec8d488,factual_retrieval,1.0
bd8fe30c839bfbba,source_navigation,0.9767
20e60b589c4d4999,methodology_explanation,0.9886
81222f89e3737ab8,causal_reasoning,0.9684
c69cd39540bf3b08,comparative_analysis,0.6922
2f82d25bdee6b39c,factual_retrieval,0.9701
a8ed5071a44feeee,source_navigation,0.706
ff9d604a06ff4985,definition_clarification,0.9895
007a93134530a8f3,methodology_explanation,0.9835
de6c18cbdcfe6df8,trend_interpretation,0.8343
6d3731eb23b3438a,causal_reasoning,0.7692
4d9af334ba404d16,comparative_analysis,0.9144
8e0124983468f5b3,multi_source_synthesis,0.9335
f01751864c503754,document_overview,0.9715
b4eb71d933df1e15,factual_retrieval,0.7778
6f598a3e69776f8f,source_navigation,0.7764
b937b22e8207d38e,definition_clarification,0.9678
f5279af68785535d,trend_interpretation,0.8739
264f783225f5b9a9,comparative_analysis,0.8522
9ce3e520d85c299f,factual_retrieval,0.9452
06c06c8597a51f08,source_navigation,0.7348
f037bd83ed951775,definition_clarification,0.6961
31c327581bf300ea,methodology_explanation,0.7368
14dff7be01bda127,trend_interpretation,0.9039
0d7cc53550b0f876,causal_reasoning,0.8716
ef60118c0210b256,comparative_analysis,0.8967
04a1de9874cbd7ca,multi_source_synthesis,0.9123
5b966402ae30ed05,document_overview,0.9163
7d6372f717de57b7,factual_retrieval,0.8103
cc15bbb8edfa2036,source_navigation,0.7501
c0bb93cfa0e4e7a3,methodology_explanation,0.8686
a6689d275d862607,definition_clarification,0.8876
acfedaa68142e243,causal_reasoning,0.8167
ed8c26b347ae17e0,comparative_analysis,0.7735
2fc4217a858e44b1,factual_retrieval,1.0
fc4b433302c1b053,source_navigation,0.667
14cf64fe84ac4274,definition_clarification,0.768
a8456fe9c56be859,methodology_explanation,0.9393
df3baa1ff57fd084,causal_reasoning,0.5387
9ce9d0b3e13f47a6,comparative_analysis,0.9728
bad8317dea8ed01b,factual_retrieval,0.876
aa4ad244fbfc3de7,comparative_analysis,0.6906
914ac23e8e7bc107,factual_retrieval,0.3853
c27782d1e16368f4,factual_retrieval,0.6276
60a1bca1097f6eb0,source_navigation,0.094
29c17733988cc47d,definition_clarification,0.9891
9e1a9a237fceec83,definition_clarification,0.9778
3ea9db844058a498,methodology_explanation,0.8654
e2f3d6a287e45450,trend_interpretation,0.7634
e4444f5b0d59db4f,trend_interpretation,0.9436
a708562557d5a963,causal_reasoning,0.8197
d75e93a895ff8bd6,causal_reasoning,0.9076
48ac2295cb20d099,comparative_analysis,0.7707
50ed98ff629dff6a,comparative_analysis,0.8495
e288c08b594d4ea3,multi_source_synthesis,0.8857
2ab69dd393b01de7,multi_source_synthesis,0.8806
f9dce5bc0d10a1d4,document_overview,0.7856
709dc338eafab8c8,factual_retrieval,0.9029
3d4e845cf73c2c9f,source_navigation,0.6127
338f75aa4d8071a6,factual_retrieval,0.949
3f4e11735100ef28,source_navigation,0.7467
20391bc163480b5c,definition_clarification,0.9702
22cb9046b6e05542,definition_clarification,0.8554
54b3ff2f7557189c,definition_clarification,0.9441
fed48a334f1fc3b5,methodology_explanation,0.9988
c0b7c919783bb5c6,trend_interpretation,0.7092
371b014adf2a64ff,causal_reasoning,0.8548
4fc338d8ee8a4120,trend_interpretation,0.4751
bc3cf3bc7bd7f12a,causal_reasoning,0.9463
d061ed7b1ab95473,comparative_analysis,0.7203
2d8fc36f2d911b8d,comparative_analysis,0.9267
83c56afb953235e7,multi_source_synthesis,0.7828
60f77b6ce4fe5163,multi_source_synthesis,0.9015
ba713db3d8dbfb71,factual_retrieval,0.715
b3e1433a4380cb7a,factual_retrieval,0.5553
a382c7da4c12582c,source_navigation,0.5495
8c7fc0d9b324a036,definition_clarification,0.9852
dcc2a02913f618db,definition_clarification,1.0
5f35333cb533e88a,methodology_explanation,0.9222
4fdcb81eddb1c433,methodology_explanation,0.9149
303a833656b9392f,trend_interpretation,0.7154
a75f3b6cf43d28f0,causal_reasoning,0.6501
64d9b7384af56092,comparative_analysis,0.9292
3723c1ba05bc2012,comparative_analysis,0.8118
5946d9d550e2abfa,multi_source_synthesis,0.7525
808ada70a08c9464,multi_source_synthesis,0.8483
d0d5129601710377,factual_retrieval,0.8367
40964200c4767b04,source_navigation,0.1484
93e7b8576076d196,definition_clarification,0.9084
178b70d95c7b11c8,methodology_explanation,0.8423
85e453266841fbed,causal_reasoning,0.96
e4a0baf6523f6e36,trend_interpretation,0.9518
aee388aed63b1dc5,comparative_analysis,0.9239
4ce9a833a1d6e1cf,multi_source_synthesis,0.8532
66dc02f574bb1ede,document_overview,0.9565
63dad032cf683668,factual_retrieval,0.5746
dbeef46048c95df8,factual_retrieval,0.8061
baf3a97c211264b3,source_navigation,0.4143
2e3be1cf40728bd8,comparative_analysis,0.6255
4fcbe8fd3872ba42,comparative_analysis,0.6466
068b94397ee1b12e,document_overview,0.5343
fce72ca760a86e78,source_navigation,0.7147
a1a1b8a7cb762e77,definition_clarification,0.4861
404d3a9d5e69e711,methodology_explanation,0.8948
7e31cb4acb029716,definition_clarification,0.7926
852e23127a706380,methodology_explanation,0.9308
57ad9be4efa9d0f0,methodology_explanation,0.5231
2bc89c7ae11d1a5b,source_navigation,0.7124
963aaf89070d988e,definition_clarification,0.6293
2a40fefbfe4bab9b,factual_retrieval,0.7522
dab1bc1a45b89f68,source_navigation,0.7194
661769723c5f786a,factual_retrieval,0.7585
ea99e6af6fa287d8,factual_retrieval,0.6945
a8b8da45c1e1865d,definition_clarification,0.9367
1005d047a3a6b32f,methodology_explanation,0.8386
f04821a60386e8e5,definition_clarification,0.9129
8f4d0d7f87c7dd46,methodology_explanation,0.5865
658421d562374725,trend_interpretation,0.6289
4bf7dbb54767ffae,trend_interpretation,0.6795
8a9f1e056b5435ca,causal_reasoning,0.9197
9333340e6f968413,comparative_analysis,0.8815
d6cfa29b9f69a39b,comparative_analysis,0.7601
64971a8870241635,multi_source_synthesis,0.3949
48cebc1ca139805f,multi_source_synthesis,0.886
03deef4b735d3503,document_overview,0.821
68a2728f5f49ea2a,factual_retrieval,0.587
48076b43c17ec07f,source_navigation,0.6628
3c50157fab8c5211,definition_clarification,0.948
17749b335342122d,methodology_explanation,0.6394
29f9d13d07422005,trend_interpretation,0.8752
9f24bcf6406aa8d6,causal_reasoning,0.8507
de922e0886bea5b1,comparative_analysis,0.6388
efd8138abc63196a,multi_source_synthesis,0.9595
05aa5e9c4ac85599,document_overview,0.7939
3542d96c948f8853,source_navigation,0.8522
f9109fc72387a53c,factual_retrieval,0.8481
661d2536a58dcf75,source_navigation,0.8074
fdb40efed70f5114,document_overview,0.8169
dc9082b1f5f16b07,source_navigation,0.696
574b6a89d54efc4f,factual_retrieval,0.8274
ad42e6e24dbd9404,definition_clarification,0.8934
ec2a7f178857a7e6,methodology_explanation,0.8461
51618afb95a4d5ef,trend_interpretation,0.9076
4528fe2a97ef2937,causal_reasoning,0.8293
3d1b1fd61374cea9,factual_retrieval,0.5601
ba5d27677f45c4ff,source_navigation,0.5886
89c3cabb72732dbb,source_navigation,0.7651
f2a21695641b9c41,definition_clarification,0.6572
ce1b8c80500b533d,source_navigation,0.7289
3c77029055edfb35,methodology_explanation,0.5005
9c688742c918761d,trend_interpretation,0.7326
bdce3a62c3ae48ff,causal_reasoning,0.3111
728dad9134e9d31d,multi_source_synthesis,0.714
929dc06fb6eb0e58,factual_retrieval,1.0
c12adfcad3e65390,factual_retrieval,1.0
de70a01633e2c69a,factual_retrieval,0.9862
0d32f6b40a71dc05,source_navigation,0.9809
f3459dd3c55fd8ab,definition_clarification,0.9645
211980f7f7dc2d84,definition_clarification,0.9955
b61499f423de724b,trend_interpretation,0.7979
e40e33d6bcf89ac2,causal_reasoning,0.9006
06afefde59178ca8,causal_reasoning,0.8955
86fc31f1a8f22943,trend_interpretation,0.9107
d301bf1686f83790,comparative_analysis,0.8825
547255831da43af1,multi_source_synthesis,0.909
a505c5963375bd73,document_overview,0.9912
a05eda8325dbed26,factual_retrieval,0.925
26251b1dab7e4e70,source_navigation,0.8218
c98c575a54820ff5,methodology_explanation,0.9746
33e00ad5acb4a36e,definition_clarification,0.9251
599b62875bdc224a,trend_interpretation,0.963
b00738eeb9e5f1fd,causal_reasoning,0.8903
0cc48dafaf0f3111,comparative_analysis,0.8247
9dd6e5f46103da73,multi_source_synthesis,0.9142
8d39045158b3ea83,document_overview,0.8725
5a8a34aeb2dad8e7,source_navigation,0.4063
3fb56905bcc632f2,methodology_explanation,0.4832
3679d309d3884e51,definition_clarification,0.5838
db620d285f7e1848,trend_interpretation,0.767
86e492b4779247f8,factual_retrieval,0.975
96d76bf4973789f0,source_navigation,0.6707
ff923efa34080a86,definition_clarification,0.8906
56f670c67102aee4,methodology_explanation,0.8895
9ecd77f4808ad7b0,trend_interpretation,0.8576
c3b4de7e9bf57d76,comparative_analysis,0.8626
97a2711cd8744885,multi_source_synthesis,0.8174
3fb8f87653454853,document_overview,0.9486
01d04e713aa0c0c0,factual_retrieval,0.9918
59b0c70a9bcc5b45,source_navigation,0.6025
a52ffc02a6bbdd05,definition_clarification,0.9313
7fa96a8429cf649e,methodology_explanation,0.8817
4d3061ab5565c1c1,trend_interpretation,0.8648
7c6e72770a5d8da6,causal_reasoning,0.8793
ee9648b850203173,comparative_analysis,0.921
97d5ac4da5fd4502,multi_source_synthesis,0.9013
75611d3ad6eb7fe1,document_overview,0.9899
c26de17e13b8699e,factual_retrieval,0.7555
28f2c8d4b9b9376f,source_navigation,0.8297
760ccd9610086e5d,definition_clarification,0.9881
e871f947074b8ea4,methodology_explanation,0.8765
8838725f3da61cc5,causal_reasoning,0.7511
a7186bc90192ad10,multi_source_synthesis,0.7855
2e0675033f533d1a,factual_retrieval,0.9413
807135a498e568d7,source_navigation,0.6544
6bbb06ec34c62c7c,definition_clarification,0.9383
d8de7a6a3ce2f9f0,methodology_explanation,0.9077
838c2665b61f83f0,trend_interpretation,0.9554
56703e2ae6cbd23e,causal_reasoning,0.9841
5b3d9d5bdbfd11d0,comparative_analysis,0.9484
435cb807e3bf54a2,multi_source_synthesis,0.9212
ad299cbaca8ea92c,document_overview,0.9697
b5c6e029b61bdeb1,factual_retrieval,0.9476
a6519e992203d7a9,source_navigation,0.6729
5e72bd152f9c2aad,methodology_explanation,0.9564
374678ac60f31d09,definition_clarification,0.9623
12a048bdf2d9a36f,trend_interpretation,0.9316
3eb8430103c78633,causal_reasoning,0.9764
9196771a3d4525ee,comparative_analysis,0.8068
6751c21fe866f09b,multi_source_synthesis,0.8938
76c03ed26a6fc9f6,factual_retrieval,0.8734
8393fac61b1c5a04,source_navigation,0.5501
f35c5a287b0f16cc,definition_clarification,0.9327
0c8037b9a70bb423,methodology_explanation,0.8058
d6eef3e796962f49,trend_interpretation,0.7534
68225d37b07cc3c3,causal_reasoning,0.9584
1822cff6f86c12b5,comparative_analysis,0.8575
4b1484f4ad8b7824,multi_source_synthesis,0.8791
bf44233da7e57676,document_overview,0.9373
de5f5554ff010cdb,factual_retrieval,0.979
e6065f1b29f1f088,source_navigation,0.7621
ba73ad8f2f81c8cb,definition_clarification,0.935
ede16be66292ebf7,methodology_explanation,0.9949
8932bb95b3e3d358,causal_reasoning,0.9228
c5361b17753a79cf,comparative_analysis,0.9187
1dcdacd0e042f0ae,multi_source_synthesis,0.9638
c933c607feb861ef,document_overview,0.9893
666c61af6f6d2a69,factual_retrieval,0.7627
f64ce5adf1c221db,source_navigation,0.6971
fc29afffb803ea1f,definition_clarification,0.7408
f0078763430ea8f0,methodology_explanation,0.8776
84ffae584b45d72c,trend_interpretation,0.8123
9e5d476d93310a90,causal_reasoning,0.8806
83259477ed08e6af,comparative_analysis,0.7189
7cb9e0c9060df81e,multi_source_synthesis,0.7745
edc4b7eb2ae9b95a,document_overview,0.9654
2b574b5caf76704a,factual_retrieval,0.8738
eb5afd3d9ae9a866,source_navigation,0.3977
b8ffbb980e962f14,definition_clarification,0.8061
1a2e80f65bc8e9e2,trend_interpretation,0.4452
13b92d829019fc2b,multi_source_synthesis,0.8379
4ae8ee2a7f4da584,factual_retrieval,0.8958
9210d2a6d5ecaba0,source_navigation,0.6929
deaae9589beb7913,definition_clarification,0.7044
876d0cef9965d68c,methodology_explanation,0.9905
33c12d07534747d5,trend_interpretation,0.8067
05784c64261bd6b7,causal_reasoning,0.9133
bc7e039caf3a01ca,comparative_analysis,0.9331
c38b086e312e61cf,multi_source_synthesis,0.7347
9059337e88a482c0,document_overview,0.917
332450981b295211,factual_retrieval,0.956
aaa42f2a273da34d,source_navigation,0.828
8ce3ffb0972d8872,definition_clarification,0.9971
6937e4c19e1cadc3,trend_interpretation,0.7266
8ed4f649a82e0e6b,causal_reasoning,0.9612
8c176523955ac12a,comparative_analysis,0.7619
0f9ac2393f94c3c5,multi_source_synthesis,0.8757
48fcc66f25fe8388,document_overview,0.827
6a52b320ba575ece,factual_retrieval,0.8724
8fd9844575ad6623,source_navigation,0.9491
5fbf12ce9a758322,definition_clarification,0.8477
57146428b96f9939,methodology_explanation,0.9729
e225b31ec745c3e7,trend_interpretation,0.9638
0cb72a348a7fdd2c,causal_reasoning,0.7901
0a95fa923aa43895,comparative_analysis,0.8793
6b913fe04bcb3f7f,multi_source_synthesis,0.9247
824eee6b919508e9,source_navigation,0.635
6db2bf7f737800e9,definition_clarification,0.9723
7f03d9e47a95cdab,methodology_explanation,0.8393
ceec8d1e4d40fd7f,trend_interpretation,0.941
779dbf7a0bae51ff,causal_reasoning,0.8703
9beb9bbd704d5594,comparative_analysis,0.9521
70c3b9805520b608,multi_source_synthesis,0.9147
5de5ee25399e5bcd,factual_retrieval,0.9097
9d148d9a3bda44c1,source_navigation,0.541
91aaff2953b35baa,definition_clarification,0.916
847711d7972d9f5e,methodology_explanation,0.7069
13cab5492c693346,causal_reasoning,0.7624
5208dd329efcb12f,trend_interpretation,0.8526
13d995e0ecd67201,comparative_analysis,0.8892
2521c1f28e7f222d,multi_source_synthesis,0.9519
950e8b08d9058a98,document_overview,0.8823
c3916124710326d6,source_navigation,0.6842
2fa4e2625ecbceb2,factual_retrieval,0.839
bd6c9e0233b1c2ba,definition_clarification,0.8426
c82d0e445c953bc7,methodology_explanation,0.8362
6148b77781776281,trend_interpretation,0.9378
1c8d412a66c0c4f7,causal_reasoning,0.8061
91a81adbb3958934,comparative_analysis,0.8504
7dbc5cf2f5e07ee3,multi_source_synthesis,0.8737
0681943a71995f14,document_overview,0.9315
754a983100a7aa3e,factual_retrieval,0.8584
9ee7fab2851c2c04,source_navigation,0.4587
fccb6d1d6d643868,definition_clarification,0.951
96073992a9e03ddd,methodology_explanation,0.9835
2ee6d8640fce1ac6,trend_interpretation,0.5405
422731349d5b7651,causal_reasoning,0.8307
fcc916d84afb9776,comparative_analysis,0.5771
4d06cef94de9058b,multi_source_synthesis,0.7161
1cf7798e98c07e8c,document_overview,0.9657
b546b4b68c0a9f07,factual_retrieval,0.9817
7f0496942b169215,factual_retrieval,0.9555
f7aa377b55b42bf0,factual_retrieval,0.9862
c9193b82014b7362,source_navigation,0.8042
59a6ec4a51a0bda0,definition_clarification,0.9817
6b884249fd19f342,methodology_explanation,0.9828
4afae4cf6df80268,methodology_explanation,0.9588
c430f1784ec0f0dd,trend_interpretation,0.9533
ffe7ea2d2dc1f65c,trend_interpretation,0.9902
53f83c6ccdfdd1a4,causal_reasoning,0.9606
d8a4fb4c9c96d0b2,comparative_analysis,0.9758
8a7f8fc70c8e2269,comparative_analysis,0.5722
75b74a6ff92b8944,multi_source_synthesis,0.9344
974feb4f3faa05d7,multi_source_synthesis,0.866
137d927b9f3abcc3,definition_clarification,0.987
0431174a5ca1bdcb,definition_clarification,0.9762
702145336f123a55,methodology_explanation,0.9633
c1d43c6b7badf75b,methodology_explanation,0.9527
da63372613483d48,trend_interpretation,0.48
b1a1778d5e966e24,causal_reasoning,0.9611
1a4f624c3bab35bd,trend_interpretation,0.709
dfd8ddf65390e45b,causal_reasoning,0.934
a78eb7977d9c818e,comparative_analysis,0.7643
e3b97f31002cf5d9,comparative_analysis,0.7703
09cfd93d40305927,multi_source_synthesis,0.4129
c41272f822a3e4d5,multi_source_synthesis,0.5068
3faadd34369da9f5,document_overview,0.4874
516d0957d3b41010,factual_retrieval,0.9512
f1610a90a254d5bf,factual_retrieval,0.9134
ca0adacb2084745a,source_navigation,0.9132
2fc37a0f1180903f,factual_retrieval,0.9429
53cf890cd1935bb6,methodology_explanation,0.9152
b4566d1b15fa49cb,definition_clarification,0.9516
7c9aea86c7d0a5d3,methodology_explanation,0.7388
3d8898dabe49648f,trend_interpretation,0.8913
45c2fe10fe79c329,causal_reasoning,0.9322
8cba7339f5591378,causal_reasoning,0.8456
d659b1b6b4357659,comparative_analysis,0.8624
40e4a8adbb0d26d8,comparative_analysis,0.9813
7fd466e6786a1e9b,multi_source_synthesis,0.8871
927add5d6af85abe,source_navigation,0.8193
6287671d2b023f70,factual_retrieval,0.8658
70df3e794ff03402,factual_retrieval,0.9423
c27a8e3606998e2b,definition_clarification,0.5277
e65a0eaeed4bdade,definition_clarification,0.7097
6c0d211c715eab91,methodology_explanation,0.6954
64f111b8dea8a217,trend_interpretation,0.7704
4e215ee758b0185c,causal_reasoning,0.6866
7bf5be8f91fe2fb9,trend_interpretation,0.8876
b4939fa67584b4a0,comparative_analysis,0.9173
564db15995a98725,comparative_analysis,0.9239
de95ca22c35fe450,factual_retrieval,0.9423
528c71b7bcd83546,factual_retrieval,0.9249
d414471c46d484b5,source_navigation,0.8923
1af044ceb158fa6d,definition_clarification,0.725
fd5ccd2435a7631f,methodology_explanation,0.6106
3dda6184c3147843,definition_clarification,0.7857
64ffb5f02cc63115,methodology_explanation,0.8122
5f50d514775740f0,trend_interpretation,0.9174
0b502e5ead5e7aeb,causal_reasoning,0.8627
53a143dca32bf11a,trend_interpretation,0.8324
f6f9c5dfe7c90178,multi_source_synthesis,0.9553
96f1aa01cded59e8,comparative_analysis,0.7401
6c9e5e205e82bd72,comparative_analysis,0.9494
aacea1699702a88b,multi_source_synthesis,0.893
f79a32491816ba52,document_overview,0.9444
75f184180cbba0b9,factual_retrieval,0.9842
841bb7ba1cd18f16,factual_retrieval,0.9884
1512c3f8e8e5e7f2,source_navigation,0.4572
8efd3a8d7727678a,definition_clarification,0.9957
974f9c81138de87e,methodology_explanation,0.8209
b65d5c6cfe40a70f,definition_clarification,0.8642
798d9160af9cdd3d,methodology_explanation,0.8481
d3f7ef75df8f3832,trend_interpretation,0.9884
908d72b6f48b84ce,trend_interpretation,0.9726
825604428b9f6db2,causal_reasoning,0.8025
b7e328c90948e2f8,causal_reasoning,0.4849
088521e67a5a2382,comparative_analysis,0.9908
92664f4c89fb957f,comparative_analysis,0.9321
ef1df8b468f3e288,multi_source_synthesis,0.9499
90565b5eda662842,multi_source_synthesis,0.9501
33a11002a82964e0,document_overview,0.9208
a185cf10c162a5cd,factual_retrieval,0.5363
36ec35cd0b3efad4,source_navigation,0.7071
747a632f56fd65bd,definition_clarification,0.4866
d7d846664372ba91,methodology_explanation,0.2547
faf5eddb5e6b6cc9,trend_interpretation,0.4009
c8beb81fc39d48bc,causal_reasoning,0.3215
ba3096c872fceacf,comparative_analysis,0.4658
4c3f06ba6f6cac0f,multi_source_synthesis,0.5117
699ee87f609f5ad4,document_overview,0.5163
f4d78bb8f18958cf,factual_retrieval,0.5621
a465e956e9d43786,factual_retrieval,0.8373
5c35fb912170c5da,factual_retrieval,0.7246
5d287bba4b78c8f0,source_navigation,0.7136
9eb9b3ac7f569b40,definition_clarification,0.5835
a68b6f2d60a1bde3,methodology_explanation,0.4648
7927aa6200a5ba8f,methodology_explanation,0.5478
7dcd049f05c6b910,definition_clarification,0.8239
2020c143f3ff5fab,trend_interpretation,0.5878
065b838a3068997a,causal_reasoning,0.7547
154ff36c13e7ecd7,causal_reasoning,0.908
79c4693de40b4663,comparative_analysis,0.6169
4e7039439a816045,multi_source_synthesis,0.9538
f8dd85543eb5d1b3,factual_retrieval,0.8943
8260d6c4c7ee35a9,factual_retrieval,0.8575
233aead2bdebc3a5,factual_retrieval,0.8605
4fb89ee76eb2b015,source_navigation,0.553
ee05d345102e2589,methodology_explanation,0.8635
31efa0705135fdb7,methodology_explanation,0.8772
7b827cb112395733,definition_clarification,0.987
1eb4f7f363c5ffa6,trend_interpretation,0.8738
bb597c72d6876587,causal_reasoning,0.7813
2d13568fea5ab1d7,trend_interpretation,0.8966
07036e97ee1b54be,causal_reasoning,0.8627
bd07ab146050b698,comparative_analysis,0.87
c95d1aaf947d8444,multi_source_synthesis,0.7646
4e9c3b7ada302c22,multi_source_synthesis,0.9354
835483fc30d82d96,factual_retrieval,0.9619
759e5374dc96efd8,source_navigation,0.8242
438cf13eb7669761,definition_clarification,0.8101
0e01690e9ade9813,definition_clarification,0.9662
eeb5dfaab805e373,methodology_explanation,0.8466
6692cfb8ed16fbeb,methodology_explanation,0.8594
fabc96874e0bcb00,trend_interpretation,0.5617
ba58f0717c8ab471,causal_reasoning,0.5332
30f9b35744e1766d,causal_reasoning,0.5679
6790fbc7e7be0a76,comparative_analysis,0.9711
53180ffe2a419506,comparative_analysis,0.8997
b9f7e086d7463794,multi_source_synthesis,0.7342
7821bd4eec84b22c,factual_retrieval,0.8296
7806a0d9421d546d,source_navigation,0.7551
e5e0f6944d88b8f7,definition_clarification,0.6757
90ae4cedd97f6547,methodology_explanation,0.5616
95e233decf84bc04,trend_interpretation,0.9501
1c1d73ffc24b246f,causal_reasoning,0.8497
f95b13d7ca18f38e,comparative_analysis,0.9383
00edb3fd1f095fe7,multi_source_synthesis,0.9024
4b2cc34b901e89b7,document_overview,0.9214
9e0a956caa7667c3,factual_retrieval,0.6893
4c2eb11971babed2,factual_retrieval,0.9959
4e4eb3e5fa0d7d15,factual_retrieval,1.0
bb97957c9644bbdd,source_navigation,0.741
13e2c682113a947b,definition_clarification,0.8239
ba3eb4153084c448,definition_clarification,0.7326
6175994d6fb31aef,methodology_explanation,0.8755
f2ffbb8fc3903974,trend_interpretation,0.8768
ac75c66e5cc53ad2,trend_interpretation,0.8876
04183ea7dafc2d4f,causal_reasoning,0.9397
85be177fea5e8db1,causal_reasoning,0.8641
73778c66f0251e1a,comparative_analysis,0.8556
b3baf7737f2b7162,multi_source_synthesis,0.7579
62ea7391a46ea44f,comparative_analysis,0.9179
c68bc676cea88092,multi_source_synthesis,0.8674
f1dc4d755a97a924,document_overview,0.9024
5d070eb60bd22788,definition_clarification,0.6208
2f3a54fa4bd0a639,methodology_explanation,0.6179
3b57d6b3d4c73afa,definition_clarification,0.55
16a5958493b33f4c,methodology_explanation,0.4337
454d8a95fcd4812f,trend_interpretation,0.4379
326a045cb6cb52a2,causal_reasoning,0.4632
69051ec00e7da0ff,trend_interpretation,0.5645
81b2207375b7fb14,causal_reasoning,0.4282
c409e42bd16933a6,comparative_analysis,0.556
13fc93055cbe6f24,multi_source_synthesis,0.5111
9549ec5d18bc238e,comparative_analysis,0.6455
5d6daa796e867af5,multi_source_synthesis,0.5051
29d5f999fd7a6f23,document_overview,0.54
73c56d2f8b94879e,source_navigation,0.5051
5389ff772840b637,definition_clarification,0.9378
8164594497c8e8fa,methodology_explanation,0.8204
1828a55436df57ec,factual_retrieval,0.9195
87ca98fab75d248b,factual_retrieval,0.9137
4763500a651b7025,definition_clarification,0.9153
ed7a7df1bb98d308,trend_interpretation,0.922
8451e867486381cd,causal_reasoning,0.8869
b689640810d76b0c,comparative_analysis,0.912
2b05b3880e1100b7,source_navigation,0.8523
c032e3b45fe18ff4,factual_retrieval,0.9896
5abafaaa40f2b785,definition_clarification,0.9556
6888a1514dbc5adb,methodology_explanation,0.9748
2e872374072ee4e5,definition_clarification,0.7884
cceca6d15492243d,trend_interpretation,0.5149
b80d61c39570e366,causal_reasoning,0.4273
fbdf34ab7529e44f,comparative_analysis,0.9795
8ba902984f5da7b0,comparative_analysis,0.8558
39be410af8fc227b,definition_clarification,0.7669
e4915d9cf7ee435b,methodology_explanation,0.4386
7ab0f20863d81b10,trend_interpretation,0.5139
b68a319e76a28932,causal_reasoning,0.4945
23b579cad0454586,comparative_analysis,0.5302
7356fa23b8fbb2f2,multi_source_synthesis,0.6
d17267cb7571ba97,document_overview,0.5367
3a3c88201177d1f3,factual_retrieval,0.5739
963a9b7bc90af787,source_navigation,0.6845
805a046e24c8d024,factual_retrieval,0.8288
00fec407cbe4605c,source_navigation,0.7598
7fab0c5f46918ce6,comparative_analysis,0.689
f95bfb1dc0dc79f1,comparative_analysis,0.82
03f3699fe09b4e83,multi_source_synthesis,0.6834
6b145c0586884900,multi_source_synthesis,0.6501
076018664b0a1354,factual_retrieval,0.8111
e8e9e1d61ed190b5,factual_retrieval,0.7741
0c9aba69a3f5b120,source_navigation,0.7972
8bc6623d0ab8539a,comparative_analysis,0.8459
2487ce03d71c2c58,comparative_analysis,0.8518
cfbb6cbbc4718893,multi_source_synthesis,0.6958
b41f9fb62976fdd0,factual_retrieval,0.7715
a4e57b0695d86636,source_navigation,0.7835
1a64c2259eba58f3,definition_clarification,0.8828
f8b2931a3a63d7ec,methodology_explanation,0.8019
1dee3424cf5bac8f,comparative_analysis,0.7803
a65e055e27482ce5,multi_source_synthesis,0.7999
2be7ac91584146a6,document_overview,0.9251
8521b50a88fd9295,factual_retrieval,0.3255
c38cb6c10808c999,factual_retrieval,0.3958
b71e627a35c2e74a,factual_retrieval,0.3538
2a60b67f4c241657,source_navigation,0.1953
1036e98d9972bbdb,definition_clarification,0.897
07bfd885299af5d1,methodology_explanation,0.9931
3dd552e0d2ef6ad5,definition_clarification,0.9674
757e711cc1fc51fb,causal_reasoning,0.336
038b2e9bcd64ed9f,trend_interpretation,0.5985
41ec7d9d21aed31e,trend_interpretation,0.3906
3829dc92c38a9d6d,comparative_analysis,0.3617
987f271e74a7bb1a,multi_source_synthesis,0.3185
64a3e8437e9124c1,comparative_analysis,0.562
3b516472faea783b,multi_source_synthesis,0.4081
00f50cde3708584a,document_overview,0.9619
352fb18fab3ac845,factual_retrieval,0.3601
60934315bcce876d,factual_retrieval,0.327
1d4d9207447126c2,factual_retrieval,0.7175
c1ec3df70b65ab9a,source_navigation,0.3521
e1d0a518d54078f1,definition_clarification,0.9558
95c89992006a6e6c,definition_clarification,0.9484
7a4a5414da4eeb8a,methodology_explanation,0.8814
3e9204f2b07e0962,methodology_explanation,0.8037
2ab8f41f23b31439,causal_reasoning,0.8244
1220759e9d4fef9c,trend_interpretation,0.9878
e90d96606c586b6a,trend_interpretation,0.9837
ce0198c005ce33f9,multi_source_synthesis,0.9418
2b3483352d40bf5b,comparative_analysis,0.7495
d26265710b6dc0cd,multi_source_synthesis,0.9357
75661bab65f96062,comparative_analysis,0.9074
793c18cbf357bf86,document_overview,0.339
f53ba2c19b9e1479,factual_retrieval,0.9535
fe41d4b55efcc299,source_navigation,0.7055
34241a6d49fbfae1,definition_clarification,0.6822
7f6cde384af36542,methodology_explanation,0.9256
6a019d6de4f1209f,causal_reasoning,0.9089
69e84cbf04e2393a,trend_interpretation,0.9256
0537b6ef0a41d212,comparative_analysis,0.8827
d28ff196230576fe,document_overview,0.9396
5ab68c8ef494e439,methodology_explanation,0.5798
11a1848968a50e98,definition_clarification,0.602
3490737d76952fad,methodology_explanation,0.4998
b290f1b9763357b6,definition_clarification,0.3626
588f0c4ab4c3d8c7,causal_reasoning,0.9003
0d03491adc265dca,comparative_analysis,0.8907
e049b7d26ac641a5,factual_retrieval,0.3494
77b0a9877bf3bea7,factual_retrieval,0.5197
79c51ad554c2f8fc,factual_retrieval,0.9092
a6fda0eb0bf4066f,source_navigation,0.833
96e4701c96dfa798,definition_clarification,0.9847
d5b4e9c1d6d9813a,definition_clarification,0.9743
13a9be8ab8408ad2,methodology_explanation,0.9477
c8777c2a54ea3186,trend_interpretation,0.4209
199a4b65801c3f7e,causal_reasoning,0.3424
2f55c3f76b620eda,trend_interpretation,0.6141
c09f275776d6900e,causal_reasoning,0.4677
b9bc9787690527d3,comparative_analysis,0.4204
0093ad9c1fe7cc4d,comparative_analysis,0.5378
209005073f8e857e,multi_source_synthesis,0.4269
0e17dc006bb64ea6,document_overview,0.394
dfd40d2f0d67d871,document_overview,0.7709
109933b0e787400f,factual_retrieval,0.8971
97cbb4caadc02c4a,factual_retrieval,0.9993
f5edf23d7cdc6003,source_navigation,0.7341
f6bdd48be68b0e3d,source_navigation,0.7832
26aea04153776674,definition_clarification,0.6593
4a6a462c7ac5d902,methodology_explanation,0.9144
e4d87623abb5f318,definition_clarification,0.8544
30826231308d3f3d,methodology_explanation,0.9076
fcd6c4640ae87ec0,trend_interpretation,0.9454
f4f089a136f0aa2c,causal_reasoning,0.9557
fd4852a94dcafef4,trend_interpretation,0.9246
54a4120dd5671a77,causal_reasoning,0.9748
5b3083fcd78c1d73,comparative_analysis,0.9029
62a7bbc7fc8fc379,comparative_analysis,0.9256
d40f4b157a4f751b,multi_source_synthesis,0.9302
fff75ef320223903,multi_source_synthesis,0.9691
ce94ecf08dccbfef,definition_clarification,0.4729
1fdf94260ea8bd0f,methodology_explanation,0.6416
6b165b64009f987f,methodology_explanation,0.4412
9b1c27dc4d354e72,definition_clarification,0.5392
a040115601507c50,comparative_analysis,0.8766
bd3c3264dc82be71,multi_source_synthesis,0.9455
302dc24d96482698,source_navigation,0.6266
a597f8fb49baef0d,factual_retrieval,0.8962
18b105344b29ea10,factual_retrieval,0.7352
b87c2256adbc1168,factual_retrieval,0.9151
e20d8cf7d13c36d4,methodology_explanation,0.7498
ffee2db877b32a07,trend_interpretation,0.9326
94d946cf8b521216,causal_reasoning,0.8262
4d02920c108dbba5,causal_reasoning,0.8443
eb08e5e679e7c9ae,trend_interpretation,0.8512
9491db554653804d,multi_source_synthesis,0.9275
b9c2285b28948cef,comparative_analysis,0.7909
a2612807e26b1009,multi_source_synthesis,0.9117
8ffed86cfa884b67,factual_retrieval,0.9123
eb9cfac8e0ab27a4,factual_retrieval,0.9282
214ab395a59ddfb0,factual_retrieval,0.9253
4ab0b56563b206fd,source_navigation,0.5465
be984b735337ce6b,definition_clarification,0.8896
314ee3b8f1a1d809,methodology_explanation,0.9948
cc5cc12fd022fec0,definition_clarification,0.915
e28ed3ceb49b6a0e,methodology_explanation,0.8508
d2bcc82287a10629,causal_reasoning,0.9927
218ec163b72a6ed5,trend_interpretation,0.8105
9eaf1366d9452396,causal_reasoning,0.9301
44a22c3f1a906ef0,comparative_analysis,0.9317
ab773e596b0af680,comparative_analysis,0.9185
c2d33c6208557a21,multi_source_synthesis,0.8746
064e8f5a7df80ee0,multi_source_synthesis,0.8009
ce088344f99621e8,document_overview,0.7852
2fae0e92f4eb97e3,factual_retrieval,0.9249
e0ec1001e9dae324,factual_retrieval,0.9898
e2abedac36028dcf,source_navigation,0.8884
4a411ffb9c090b31,definition_clarification,0.9805
66b0e983a2b863d6,definition_clarification,0.9958
ba25b07279188988,methodology_explanation,0.993
f3e6500957937d65,trend_interpretation,0.9097
bf550cc6b3103dda,trend_interpretation,0.987
90888c4cacaebd99,comparative_analysis,0.5279
b01d0a58801decda,comparative_analysis,0.9202
139e6748f8a77289,multi_source_synthesis,0.4931
07f05f77e87bfa52,multi_source_synthesis,0.5919
139252857c840bbb,factual_retrieval,0.9844
4d477ae02ba147ef,factual_retrieval,1.0
ebbf96a547dbb34a,factual_retrieval,0.9929
7e16f86ee972aca1,source_navigation,0.7882
db283f0fb685a5c9,definition_clarification,0.9032
39f293e47bd6ee11,definition_clarification,0.5854
2604adad0d12337c,methodology_explanation,0.6141
fe7058598ec09f26,trend_interpretation,0.9949
f84aa77d2f3f5078,causal_reasoning,0.9666
e19945f1e0f2522c,causal_reasoning,0.9531
ec74a57f013f3c20,comparative_analysis,0.6291
68723bdb1379ab0e,multi_source_synthesis,0.6729
f09659b74640fc95,multi_source_synthesis,0.6892
62c1ad6163b1d5e6,factual_retrieval,0.1988
ce5da69c83de193d,causal_reasoning,0.4096
6533a4454683bbaa,causal_reasoning,0.3444
1040610965803752,trend_interpretation,0.7261
f8c320df62ad9f6a,comparative_analysis,0.9288
c37c3a8ff8da4992,multi_source_synthesis,0.8045
7aa0ed4d7a7f7dda,multi_source_synthesis,0.7285
c6d5c9842b1495d6,factual_retrieval,0.979
2e93f9b3c4cb25fc,source_navigation,0.3215
c33abbd865fe3680,definition_clarification,0.9813
0cc8f7e11d8670b4,methodology_explanation,0.9362
791ea895dc8b4d20,trend_interpretation,0.9064
dd47947069a855de,causal_reasoning,0.9293
df3006eaed3e676a,comparative_analysis,0.9413
5b38a2d7da75977c,document_overview,0.9086
3efd9e14dbf60b55,factual_retrieval,0.4753
254f0cd02d76a6a4,factual_retrieval,0.4103
984b394733a73451,source_navigation,0.9124
5501bb6be9fdbc61,source_navigation,0.8436
bbd0c2f94710ee3c,definition_clarification,0.4267
fdfcf0d466973f3e,methodology_explanation,0.5385
e23977e82708b346,trend_interpretation,0.4133
007a555d835ce357,causal_reasoning,0.9046
857ec31c11c5a63d,causal_reasoning,0.8384
762898d19429c086,trend_interpretation,0.4263
ca05d7dfc6f436c1,document_overview,0.482
85b836092cfbff88,factual_retrieval,0.4478
4125edc651642f0a,source_navigation,0.4223
a62efd575d969b1e,definition_clarification,0.662
325038d0e1e49a07,methodology_explanation,0.8564
1f5c945dbbe926a6,trend_interpretation,0.8128
143a7ca2f526c328,causal_reasoning,0.5256
8ef856ec873461ec,comparative_analysis,0.916
551f63e8a1c46e89,multi_source_synthesis,0.8455
0d2f4c8cea8cafcf,document_overview,0.963
57abd987b69f8309,factual_retrieval,0.9804
b26358e2e38abc81,factual_retrieval,0.9701
80248370ceb820c7,definition_clarification,0.9186
b8ad1822f4dd8c4b,methodology_explanation,0.7966
aeef79db2eb4f27a,definition_clarification,0.8568
01e447c56ef6a05e,methodology_explanation,0.9557
059a8f4021e80e74,trend_interpretation,0.9429
c0a1eb06ad178ce2,trend_interpretation,0.9757
01718cd328fdc605,comparative_analysis,0.9507
56b34c8476e98935,factual_retrieval,0.9484
c1c960fbce346953,source_navigation,0.8148
ca20c5e76dacf2d4,definition_clarification,0.5065
e1b25c9cf5958b9e,methodology_explanation,0.7835
ab4c25d20e0823fb,trend_interpretation,0.9702
59a2ad36b2209f55,causal_reasoning,0.8818
2e51551c9ea3f920,comparative_analysis,0.9518
5cfeb8cedb36a711,multi_source_synthesis,0.9515
0b58154327d15a5b,document_overview,0.4614
a73578d0917ecac9,factual_retrieval,0.8174
12fbade22451e3f2,factual_retrieval,0.9598
f62395c685b53b0f,factual_retrieval,0.9841
6cb95327e6781937,source_navigation,0.3561
3ad9dfa1eb64a5b2,definition_clarification,0.5843
3a42c3fd8afe3253,definition_clarification,0.646
355700c79a1a5b70,methodology_explanation,0.416
e2721d3e81707dd7,causal_reasoning,0.9133
4f504504a346232b,trend_interpretation,0.889
a6b71e154a0440cf,causal_reasoning,0.7246
6888cb57c42c0db0,comparative_analysis,0.9717
598e025e9009cf2c,multi_source_synthesis,0.8109
3726d54f481b3a08,comparative_analysis,0.909
44d5ae17abb886bd,factual_retrieval,0.9171
7b800a196bb318ba,source_navigation,0.7702
4cc6847fb15bf3f4,definition_clarification,0.8967
f74dd6afff5f7395,methodology_explanation,0.9034
b07b0e728054fb0b,causal_reasoning,0.9397
73562e30e1932ce4,trend_interpretation,0.72
9a30cb18a8048cf3,comparative_analysis,0.8559
152c4fa04db34afc,document_overview,0.9018
b3c29c0c847637cd,factual_retrieval,0.9335
bad775426764feb8,source_navigation,0.6829
43b6178257c8d55f,factual_retrieval,0.9659
210d4f2048885168,factual_retrieval,0.9905
99a52209daca6d40,definition_clarification,0.9982
3212bbe960292f01,methodology_explanation,0.9852
ef732d26980cffcc,definition_clarification,1.0
3aa48701751eb2ba,methodology_explanation,0.9403
1f983a8ca31dc993,trend_interpretation,0.9097
e629ab86ffe0d3b9,trend_interpretation,0.9289
054e7fb3ad13f8b1,causal_reasoning,0.9056
d716630d7fea8927,causal_reasoning,0.9176
0b78818ed296fcb7,comparative_analysis,0.8862
3b5e64b7bfd8f572,multi_source_synthesis,0.9159
8545ab4f23c62e2a,comparative_analysis,0.9837
bc92cb873dcb5d03,multi_source_synthesis,0.9343
afdbca738c267b41,factual_retrieval,0.5653
da9d744e48334c7f,source_navigation,0.9092
c438ccc335bf2c67,definition_clarification,0.6425
f3167191c1c1e5cb,trend_interpretation,0.5862
9c7d4b8cdace47e9,causal_reasoning,0.6593
840db7242a8cc112,comparative_analysis,0.5642
e67e4469f250e934,factual_retrieval,0.9983
3a8f5e4dde835558,factual_retrieval,0.9092
258c355abeaf145f,definition_clarification,0.9135
9e166e957672b4d6,methodology_explanation,0.9215
60aae630cbbf848e,trend_interpretation,0.9612
1545b44b382497be,causal_reasoning,0.9731
e7678087665c061c,comparative_analysis,0.4905
650fd7adf0609629,comparative_analysis,0.6359
af3f716d3500505e,multi_source_synthesis,0.4628
9b69a6fe6145a785,factual_retrieval,0.8502
fd4cef46773a04d7,source_navigation,0.8651
1348ec63de89e127,definition_clarification,0.6571
5a27ae25ac142679,methodology_explanation,0.8331
dbe2ec38c1629434,trend_interpretation,0.8681
d191ed418308d80d,causal_reasoning,0.9141
782b2ab3ae5ee880,comparative_analysis,0.9491
47e33b7854a01605,multi_source_synthesis,0.8403
c8d7d1216483d83e,document_overview,0.9549
da15956fb82e03e0,factual_retrieval,0.9663
0146f98da9511807,source_navigation,0.8105
7f0be18666974a33,factual_retrieval,0.9791
5a3010e49d5f7a79,definition_clarification,0.9748
2ebd01742532fa9f,methodology_explanation,0.9728
c1f3348b13bca786,definition_clarification,0.948
5b497f71930d9413,trend_interpretation,0.9308
8fa2b9f5584f1d17,causal_reasoning,0.9088
cca6628792c97232,trend_interpretation,0.9691
11427e4c45752f31,causal_reasoning,0.9706
63889487205fca81,comparative_analysis,0.9403
de2c7460e65e7506,comparative_analysis,0.9489
12021e24a351bdb3,multi_source_synthesis,0.9595
992e5074e654b546,definition_clarification,0.776
114e58260d338961,methodology_explanation,0.542
114d6d7a2cdb66d6,trend_interpretation,0.9563
6dfc087b49e0566d,causal_reasoning,0.866
1d8b020a1eef262b,comparative_analysis,0.7018
5ade2764c2f6db0f,multi_source_synthesis,0.5718
af677c9c84555178,document_overview,0.9488
951f9231c71b7713,factual_retrieval,0.934
cef12cded2a98410,factual_retrieval,0.9671
d855aa768db0720a,definition_clarification,0.9954
c606642997491c29,methodology_explanation,0.953
e99dcd5d2dac2f5a,definition_clarification,0.898
63b7f01a05469018,methodology_explanation,0.9836
88ad247b72356044,trend_interpretation,0.8977
f8514d0a6bcebdd7,trend_interpretation,0.9944
e0815d85a8add241,trend_interpretation,0.9657
bb83fb502d293f61,comparative_analysis,0.9706
3da0ac7273395079,comparative_analysis,0.9561
915a858d3a355e8d,multi_source_synthesis,0.9776
89f99cc52ed1e722,multi_source_synthesis,0.9817
3b1494479a983e4b,source_navigation,0.7533
0cb5f0d604140813,definition_clarification,0.9959
819e8d083cbbf50d,methodology_explanation,0.7991
6d8532c252e967ae,definition_clarification,0.5223
51041919e5cb7b53,methodology_explanation,0.4478
d1e08f7467e9f183,definition_clarification,0.81
b55dca7f517a90a0,methodology_explanation,0.8957
753b8ff102c16d94,trend_interpretation,0.4653
c6d22b2d0395f519,causal_reasoning,0.8725
9c7c1092da317aac,trend_interpretation,0.5142
ffbf84599845f968,comparative_analysis,0.5048
cf525c0e99dd6e6e,comparative_analysis,0.5098
8e15a601c45c449f,comparative_analysis,0.9583
07758764c26bfc39,multi_source_synthesis,0.9481
64d5c803342a07ff,factual_retrieval,0.943
ddf65aa8d22ba8a4,source_navigation,0.8248
f99a9dd32a4959cd,definition_clarification,0.9433
911e282c8774dac2,methodology_explanation,0.8513
318a226a6a9a4eab,trend_interpretation,0.8877
ab85e866ec1d06f5,causal_reasoning,0.9585
0d1c90e2f8bd143b,comparative_analysis,0.9072
a96f3d9d7e494b76,multi_source_synthesis,0.8733
44ed1d1bc878e55d,document_overview,0.9886
6f81eab5a4c8e7d2,definition_clarification,0.9353
c3970be58e6fe79c,methodology_explanation,0.8879
4496e48f54b5e1e2,trend_interpretation,0.4438
c0473166bef346c0,causal_reasoning,0.4576
3c8bb3806c9867e3,trend_interpretation,0.522
206c58f2420f655b,causal_reasoning,0.3256
4f1b001339b11119,comparative_analysis,0.3872
577af9e682af7beb,comparative_analysis,0.525
40143ab7322a2590,comparative_analysis,0.1889
307179cca7dddb7a,multi_source_synthesis,0.5137
f76bbfb2763ca7bc,factual_retrieval,0.3958
e4710492c3345857,source_navigation,0.4489
08a6772aa803b8b7,definition_clarification,0.4776
65853c51f33816d5,methodology_explanation,0.2518
bf92c61b9ed59ea5,trend_interpretation,0.3669
0df51ddd69074631,causal_reasoning,0.3802
3bac9781797d4fec,comparative_analysis,0.5026
32adaa8986d93698,factual_retrieval,0.8704
48f4b56d6adcf5b8,source_navigation,0.8403
e2ac5f93499ab67e,factual_retrieval,0.9804
c96583b18810af82,factual_retrieval,0.8938
8bf790b731e7d88d,definition_clarification,0.911
b3d37490e2af7501,methodology_explanation,0.9385
7a4bd3a18b83a280,definition_clarification,0.9019
78c175adb65cb8eb,methodology_explanation,0.8426
7bff6ce799331911,causal_reasoning,0.9347
83f0380f55860244,causal_reasoning,0.9343
b9ff10c967291f36,trend_interpretation,0.9477
02f79f8c18e5efc0,comparative_analysis,0.8968
1c0a085185de74db,comparative_analysis,0.859
a55d5d84837580a7,multi_source_synthesis,0.9002
a9da529ca9af95ce,document_overview,0.4686
393b16588f2567d4,factual_retrieval,0.675
57ae44bfa7b0f0c8,source_navigation,0.6549
8e41834c600ede6c,definition_clarification,0.7111
fc2ba240dc4fcdbc,methodology_explanation,0.4762
4291f5fb5f0531e4,trend_interpretation,0.6795
8a63493ffe41079e,causal_reasoning,0.4528
1724c3ab41581295,comparative_analysis,0.6899
fea8d1d4c7187e8e,multi_source_synthesis,0.4581
5bbf5bd48c5c0e8e,document_overview,0.4848
782dac228ffee914,source_navigation,0.8583
190c68f0b0d4ce47,factual_retrieval,0.9265
3d0324dacb808be0,source_navigation,0.7841
c8c492f9af780c36,definition_clarification,0.9629
e6bc4469ae9a4cc2,definition_clarification,0.9978
0c2f49733cf79cfd,methodology_explanation,0.9802
67d90f5e92a76aa8,trend_interpretation,0.41
09467f34c1f47455,causal_reasoning,0.9365
f28da862fd2fbb41,causal_reasoning,0.8792
ab07141c8ae27501,trend_interpretation,0.9507
245f24ee869fe8d1,comparative_analysis,0.7666
6858d7bcf51df576,multi_source_synthesis,0.8547
a766f130ebf8a997,multi_source_synthesis,0.933
c363d6b224c7f2f4,document_overview,0.3532
f340e3f76c6b1f29,factual_retrieval,0.898
0fc43a9baf8058e7,source_navigation,0.7659
e7b6c112d15e6570,methodology_explanation,0.8742
4400ae0a6736877d,trend_interpretation,0.9203
db870ec4079827f2,causal_reasoning,0.8237
6999d52019d2312f,comparative_analysis,0.8252
7a1be6bb51797c97,multi_source_synthesis,0.7766
fcdf17d14a933883,factual_retrieval,0.9448
9883873ecb7b5101,factual_retrieval,0.8914
300131772f5ce2f3,factual_retrieval,0.9229
601ffd8b5796839b,source_navigation,0.8021
34d9a8409556dcfe,definition_clarification,0.95
cedcc04051fabfef,methodology_explanation,0.5135
1b7e141b1b83028c,methodology_explanation,0.867
ae2d32ce8ec2e5e6,definition_clarification,0.9629
26054cce822e6f64,trend_interpretation,0.9814
23d65e4effd1d48c,causal_reasoning,0.9134
711462b1fa68b639,trend_interpretation,0.9437
4b28f5600387baaa,comparative_analysis,0.9808
420968d6fcc34868,multi_source_synthesis,0.929
836a92ea33eadd92,document_overview,0.9022
feeb7bd7da0f0726,factual_retrieval,0.6245
9af0178d086c33c7,source_navigation,0.4095
39ca1e400f554c1d,definition_clarification,0.6468
19244f1198d80f10,methodology_explanation,0.4438
72114d3eb0df41dd,trend_interpretation,0.4383
4e067c3d8720f8e0,causal_reasoning,0.5696
8f22fee1955f8b33,comparative_analysis,0.6329
f64f2b2d96699435,multi_source_synthesis,0.6332
e8f58408b5e958fd,factual_retrieval,0.8882
9b0c006005544d44,factual_retrieval,0.9596
5d47d890723d5412,factual_retrieval,0.9849
406476ecf8c2215f,source_navigation,0.7845
918c405d26397139,definition_clarification,0.9365
03c1916ba3a28c09,methodology_explanation,0.8474
30fce4dc6a9b350a,definition_clarification,0.872
d89b3039566fac3e,methodology_explanation,0.8046
f110acd0ac3179c5,trend_interpretation,0.9296
6205bec8714e67f2,causal_reasoning,0.9351
e7d134764655d846,comparative_analysis,0.9357
df6c28088003b2ab,comparative_analysis,0.8786
30500152848339c3,multi_source_synthesis,0.94
5482c9107745b518,factual_retrieval,0.9434
0a1b70f7501e08fd,factual_retrieval,0.9398
f59a6060e029a1e0,factual_retrieval,0.8775
e02f8094852e7d5a,definition_clarification,0.9139
8fda2394886e404e,definition_clarification,0.7476
c641d412585bffa1,methodology_explanation,0.8367
6a1a0de64b3b4c58,causal_reasoning,0.6724
aa8501d66f1f5380,comparative_analysis,0.902
446c7ca06ea244c2,factual_retrieval,0.9967
e5814cdacf8f9fe1,factual_retrieval,0.9772
4c570d6cb0548f63,source_navigation,0.8651
336a4f9e922f8f3a,source_navigation,0.7377
40d8458f9d1dd95c,definition_clarification,0.946
d770b1c57440782a,definition_clarification,0.9068
4f4da4c9b9a0c1f9,methodology_explanation,0.8977
61f5842527061d59,trend_interpretation,0.9854
9e57806e11b81b51,causal_reasoning,0.9128
9569db6293cdef7b,trend_interpretation,0.957
6aa3a2bd27b83983,causal_reasoning,0.7376
af476555d4e2367c,comparative_analysis,0.9768
cdea03cd62e690bf,multi_source_synthesis,0.9712
d4a107541c043708,comparative_analysis,0.9131
34727e23a3d44f4e,multi_source_synthesis,0.951
bd0bcd8f1f352361,document_overview,0.8998
f9d55005c5991f5a,factual_retrieval,0.3941
589c5194d3d4e2a6,source_navigation,0.6777
4a9fe64dec864d20,definition_clarification,0.903
c4c69d0247dacf62,methodology_explanation,0.8515
2ae5c2bc946d8ca5,trend_interpretation,1.0
fc6f95218181e7d5,causal_reasoning,0.9014
21b618c5cda16b7a,comparative_analysis,0.9656
ea8cebea524ee8a4,multi_source_synthesis,0.8416
7fa044752f651b14,factual_retrieval,0.8441
c4395202ba0bebe2,factual_retrieval,0.7928
c46ad4f6993437f0,factual_retrieval,0.8604
b96e4b7ea6967fa2,source_navigation,0.8672
378710b16fea980c,definition_clarification,0.7502
be037efec39ea248,methodology_explanation,0.9508
9763b394d27ca4eb,definition_clarification,0.9095
eb72679fe1aff63a,methodology_explanation,0.7342
5ffb2dabe7d9c2d9,trend_interpretation,0.9629
cd3479e955b75ddd,causal_reasoning,0.9373
32dbeb21d1951f5a,causal_reasoning,0.9705
e1f73df672f2728f,trend_interpretation,1.0
c0b1137fd903ba6d,comparative_analysis,0.9662
ca3332c1ff26dae2,multi_source_synthesis,0.9668
ee357da27eb17978,comparative_analysis,0.9695
70914fea61d1f2f8,multi_source_synthesis,0.9063
0ce61c83705c3bbb,document_overview,0.9718
d8acea3f2428ef30,definition_clarification,0.9223
689ddfd0bb91aba1,methodology_explanation,0.462
17aa122145273343,definition_clarification,0.5345
4337a378c3a77136,methodology_explanation,0.5231
15ec7f5a9f787ca7,trend_interpretation,0.5264
e686bc09db641744,causal_reasoning,0.527
45a2c37937fa5e77,trend_interpretation,0.9918
a43bbe295d3334aa,causal_reasoning,0.5272
e59b4660cfb201ef,comparative_analysis,0.9006
d36b4869d7dcbda7,comparative_analysis,0.959
6379181eb6999d22,multi_source_synthesis,0.6596
9c5c0f241a5ed05f,document_overview,0.594
c010d1547b039732,factual_retrieval,0.9591
0e06bea7a99a2097,factual_retrieval,0.9739
803a5a798fa8cd55,factual_retrieval,0.8425
3c0d40c1648a3e74,source_navigation,0.7746
4ce77682d426211a,definition_clarification,0.9371
727db0beca2c75dd,methodology_explanation,0.8627
7745c1fdfb6152ee,definition_clarification,0.8529
13e83ffb672b3112,methodology_explanation,0.9137
ae595866cf526420,causal_reasoning,0.9414
d5f95bd3662387c3,trend_interpretation,0.9108
056b2155b2152e37,causal_reasoning,0.9198
b6042fde9dcd1439,trend_interpretation,0.9785
bb0e45d7f7e4869b,comparative_analysis,0.8455
6837fccb6c39c515,comparative_analysis,0.9856
a5f4495c7dcf788f,multi_source_synthesis,0.9672
95907f1df0ba4de1,multi_source_synthesis,0.9025
ed7a9419e69558f2,document_overview,0.9142
69ff95bd49074107,source_navigation,0.831
a9aff9c20ed2e5a4,comparative_analysis,0.4945
81319e23a0af8896,document_overview,0.592
ca58d8c6105eb3e5,factual_retrieval,0.9162
1cd6996e7e94414a,source_navigation,0.8282
321461df52692967,factual_retrieval,0.9164
3183aa0097107d0c,definition_clarification,0.8742
3ea741a6e140907d,trend_interpretation,0.965
7733cef7538c1691,comparative_analysis,0.8761
14035358b554ca7e,multi_source_synthesis,0.8391
cb79d5e0a2c307eb,document_overview,0.9601
be0fcac95a774c30,factual_retrieval,0.8548
c72ff6c3c0c16959,factual_retrieval,0.7868
6ce6ea3e6b49f495,factual_retrieval,0.8559
bb7ccd05e6d0d972,source_navigation,0.87
6f3edc06a0bf97fe,definition_clarification,0.8757
842583ad3d610feb,methodology_explanation,0.8944
c6b57992cb66d381,trend_interpretation,0.9104
c5cb9da9334670ce,causal_reasoning,0.8727
f37eb63dc68f6276,comparative_analysis,0.8957
723f9ca4b525a527,multi_source_synthesis,0.8474
4c94274b4b296996,comparative_analysis,0.8631
2439e645e8489062,multi_source_synthesis,0.8464
8d4cf228327ee150,document_overview,0.9005
af20531a8204c600,methodology_explanation,0.8761
cbb14279dd61e00c,causal_reasoning,0.4548
9ae056a959a44169,comparative_analysis,0.6849
ccc83f31f1583ea3,factual_retrieval,0.907
bced3a67914a2267,factual_retrieval,0.9217
24844919c4b66eff,factual_retrieval,0.9374
24a2466206df085f,source_navigation,0.8486
d0bcd52fbf1ebf32,definition_clarification,0.8163
6bd875b6850aaf43,methodology_explanation,0.9722
f385a3a1f446905e,trend_interpretation,0.9301
237db010d261a5bd,trend_interpretation,0.8948
09a0f19636d1f9d4,causal_reasoning,0.8615
43c6b51a91caac4e,causal_reasoning,0.9499
8424a5e5186436b7,comparative_analysis,0.9506
e1ef1daad260bd94,multi_source_synthesis,0.9123
8e35a33cd314ffcd,document_overview,0.9486
c94cf8951cccc395,definition_clarification,0.9951
e938a5e21778eab5,methodology_explanation,0.8703
965d27ff617f25cc,methodology_explanation,0.9549
5fbe9981ac0d565a,definition_clarification,0.5778
060d745fdf14de74,trend_interpretation,0.4566
d35b14f56c296281,causal_reasoning,0.5631
d9c6cefed71f2a08,trend_interpretation,0.5908
e49b1e3b3939fb92,comparative_analysis,0.6454
2829959075a11ab7,multi_source_synthesis,0.3804
b4b3328e1b103bd3,comparative_analysis,0.3872
d8a540325130d5fb,multi_source_synthesis,0.514
41fefbefe314bb20,document_overview,0.4999
67bacd886a20e6fa,factual_retrieval,0.7729
4eccc5d210535898,source_navigation,0.5808
dcdc0278b1696cd8,definition_clarification,0.6589
b8bf901f2160cf1b,methodology_explanation,0.4458
2da69c069caacabe,trend_interpretation,0.7768
24e57834ede949b0,causal_reasoning,0.5535
f95db3f9c74284e3,multi_source_synthesis,0.5524
1b6121cb71cca0aa,comparative_analysis,0.3423
0da844bb7aa16d39,document_overview,0.4488
58555b3e70b55bbc,factual_retrieval,0.3951
a266bb443e5ee89d,factual_retrieval,0.4524
cc0e6939fc68d7f3,source_navigation,0.7599
51c213e63bb2062f,methodology_explanation,0.5928
39efe82df6f96bf7,definition_clarification,0.7153
112547189923641e,methodology_explanation,0.7303
90f8c0b4f7de67b5,trend_interpretation,0.4229
1bf181e557ece6f2,trend_interpretation,0.4425
e8faecc194a94f47,comparative_analysis,0.5361
0e670c751e1927f9,factual_retrieval,0.7672
ff01b90b70e7077c,factual_retrieval,0.3707
60d6364ca88d9da8,source_navigation,0.7404
9fda996436ae9afa,methodology_explanation,0.8049
89d6186635fcc402,definition_clarification,0.6821
be7914681991328b,methodology_explanation,0.8066
9425af72f967b1d0,trend_interpretation,0.7732
c8b11e57b168c19a,comparative_analysis,0.5572
f8414b4ec6e277f0,source_navigation,0.8051
61ad75a819cceb97,factual_retrieval,0.9707
d9e191c5191187ec,factual_retrieval,0.9925
a516f890d40c2fa6,definition_clarification,0.9174
f21518cfe7adab55,definition_clarification,0.9158
87f04cb8cad4d78c,methodology_explanation,0.9585
e5836c641295cc7d,trend_interpretation,0.8668
2d41f8af1bf6e96d,causal_reasoning,0.909
5724f1b3d68994ea,causal_reasoning,0.8919
eb0e1793ac7c0473,comparative_analysis,0.8794
b1ab7b8f746a97cf,factual_retrieval,0.6058
109ae03657d64365,factual_retrieval,0.5381
3ccecfd49f67187a,source_navigation,0.4277
2aef82b46518df8a,definition_clarification,0.9179
12ebafb216c1b765,methodology_explanation,0.4208
190a6c498513dfae,definition_clarification,0.5063
33769da4b00db9a6,methodology_explanation,0.5313
6361b34953fcfe6e,trend_interpretation,0.5025
d9889b964b09a838,causal_reasoning,0.4471
4ef54e336c90cf46,causal_reasoning,0.3973
d8a14ad4cb3ff6fc,comparative_analysis,0.4795
ef0bed5d427805a0,comparative_analysis,0.5411
1bfefd39e4901a17,multi_source_synthesis,0.6164
4766d92fbc6418e7,factual_retrieval,0.9138
7718044238099890,source_navigation,0.8008
2794fcb7327e166e,definition_clarification,0.9608
c5b5fce1e50a4f84,methodology_explanation,0.9639
c85871e69af88a80,trend_interpretation,0.5256
d29cd3ffd8576142,causal_reasoning,0.5017
f29ed03864a68c36,comparative_analysis,0.8296
6f301a19c4da6e14,multi_source_synthesis,0.8412
baa94a1e86c8a4c5,document_overview,0.542
b84d3154cd442caa,factual_retrieval,0.7536
bd2e578fa65d0935,factual_retrieval,0.9431
d750e5ffd216809b,factual_retrieval,0.9501
210b191e75399a0d,source_navigation,0.8586
7734796952ae59a6,definition_clarification,0.8772
0726a01290195112,methodology_explanation,0.8165
814f9faa29f5754a,definition_clarification,0.8202
3875f51af4118f65,methodology_explanation,0.9644
8f6095d89e096e43,trend_interpretation,0.9265
1471a5a6aef5815f,causal_reasoning,0.8589
45d6c559735d94b4,causal_reasoning,0.8612
ac6e39652581118d,comparative_analysis,0.9479
b0ea6147075755e3,multi_source_synthesis,0.7691
dc774b01565b68fd,multi_source_synthesis,0.8891
b9e787ab35ebbc1c,document_overview,0.9699
4b0d6ef120627b61,factual_retrieval,0.5347
434602a63a812ecd,factual_retrieval,0.3379
61ce8a78299c3e45,source_navigation,0.7959
fe2b2ec462221b36,definition_clarification,0.9003
4ba433aeb81e72d7,definition_clarification,0.7933
d3b09aa0f0bc4f5a,methodology_explanation,0.8334
a9e06900df9c1825,trend_interpretation,0.4865
eb5c481ece62bdf3,causal_reasoning,0.4595
220cda0c4a8327f3,causal_reasoning,0.4056
38b6cf0f0145e6c6,trend_interpretation,0.3542
2dc477347d2d9646,comparative_analysis,0.9099
39b22ce17d79bc7a,multi_source_synthesis,0.4647
ca461970fe5ae350,comparative_analysis,0.5744
6e10f73bfa06b954,multi_source_synthesis,0.3947
c573ad82f686ad56,factual_retrieval,0.5044
a1ad5a9587f71cb4,definition_clarification,0.5091
5f39f4a091cbfac7,methodology_explanation,0.6439
ace0a3b178033163,trend_interpretation,0.3471
9decd03856e39f95,causal_reasoning,0.5287
7e1bbc7361d64654,multi_source_synthesis,0.4005
f3d7ba51b61ccd62,document_overview,0.4186
10bdebe2c9cce453,factual_retrieval,0.9658
a338969928a40a5d,factual_retrieval,0.9965
fcab20351d7a1c80,source_navigation,0.709
ee101dac20134406,factual_retrieval,0.9591
7d676cfb882d0f8a,definition_clarification,0.8134
d112da9b8420129c,methodology_explanation,0.886
041b631f9003e89b,definition_clarification,0.9121
c011d7154ef68a8c,methodology_explanation,0.9049
7dc2eb924b43eeb0,trend_interpretation,0.962
c93e01db380e77ec,causal_reasoning,0.8534
8cff1138babfb23f,trend_interpretation,0.9792
611583a6462a37b5,causal_reasoning,0.9213
a5cb61cfa7a5e320,comparative_analysis,0.9834
b8945793f04919af,comparative_analysis,0.9566
b2b755985fd0dcf6,multi_source_synthesis,0.9118
ef965987be8e1710,multi_source_synthesis,0.8086
131a114a55bdf7de,document_overview,0.9671
159238ce4a2e7abf,factual_retrieval,0.3559
57ebc6e0725e4353,factual_retrieval,0.617
9c080fc0d7edfe60,factual_retrieval,0.3695
7b7c2ada8999c1bd,source_navigation,0.4629
9ac475ff65fbe578,definition_clarification,0.987
7be8fd5644ebd122,definition_clarification,0.9762
ed4db405344417b4,definition_clarification,0.8983
ae73f0725bfd4249,methodology_explanation,0.9563
4f6aaf0d4dbe06cf,trend_interpretation,0.9935
5ad94d5a5b9b24cd,causal_reasoning,0.9778
c11ac3c823f58664,causal_reasoning,0.8579
260798fd4cc7ad0e,trend_interpretation,0.7652
4d812669707da914,comparative_analysis,0.9701
938ac36271cc6a9e,comparative_analysis,0.5767
c00a6b5ad229cae0,comparative_analysis,0.8785
4e079ef2d880894b,multi_source_synthesis,0.4622
8b7ca93f51a2252d,document_overview,0.9839
65e5579397401379,factual_retrieval,0.61
b8e78818196eacda,source_navigation,0.6601
9994cc6278d50151,definition_clarification,0.8556
dfbb3b1cf6ebce54,causal_reasoning,0.9134
f615cc3770c494d7,comparative_analysis,0.8588
382bf0fcc878f4c1,multi_source_synthesis,0.8894
21de0117af31fb09,factual_retrieval,0.77
6f7a7bac93fc6b9a,factual_retrieval,0.5839
df56b1d2aee0bfd2,factual_retrieval,0.5294
6fc54eb8b2029c5c,source_navigation,0.5144
2607af7a64df16be,definition_clarification,0.8801
a251b36c7a6baeea,definition_clarification,0.8375
66169bff451a44ee,methodology_explanation,0.93
c80570fafa692385,trend_interpretation,0.9049
77fbe62c0888f0e6,causal_reasoning,0.5767
3ca196c078d75da5,trend_interpretation,0.4977
003c12f2b4dd2f4d,causal_reasoning,0.4071
9184d404747ee313,comparative_analysis,0.9037
74055b031eb5b46e,comparative_analysis,0.9661
e7dbcd12b9537ce8,multi_source_synthesis,0.9556
11eba8c4238d59ae,factual_retrieval,0.9792
75feca9882a14278,factual_retrieval,0.9064
6b8f4fc4cb4def9d,source_navigation,0.5232
8afb35817a043a3b,factual_retrieval,0.9379
b3c58fd2ace07612,definition_clarification,0.984
dc2ae7f251cd0476,definition_clarification,0.8149
f1495e79f5adcc20,methodology_explanation,0.9603
7dd5ab8afe30e640,trend_interpretation,0.9048
93a4729b227fcda4,causal_reasoning,0.6444
ba1240c1b48afb2b,comparative_analysis,0.8981
871f251bf65e756d,multi_source_synthesis,0.9476
3d3ebbac6a6906ff,comparative_analysis,0.9337
0bc635dc86c8f26a,document_overview,0.6014
243094c430d7f76c,factual_retrieval,0.8344
aac01c7b83ca5549,factual_retrieval,0.9062
4dfcec728dd10590,source_navigation,0.8171
2b5a5019749508fe,definition_clarification,0.9269
598d400cde2864fa,methodology_explanation,0.8845
9749a08d02b2f7bf,definition_clarification,0.9766
85a8cfd96da513b4,methodology_explanation,0.9317
d90d13f008a3f9b9,causal_reasoning,0.9607
8f839542d9961c0d,causal_reasoning,0.9797
34fd9df51fe20aca,trend_interpretation,0.9296
5e24a6b6cdabaeb1,comparative_analysis,0.8121
b3bc32c4697ff76c,multi_source_synthesis,0.9423
1725449b046bfd5f,multi_source_synthesis,0.968
5e6e070b38aca2f8,factual_retrieval,0.9579
da1688a08e3664df,factual_retrieval,0.9479
165ceb052351c520,source_navigation,0.5913
be28ce256177c08d,definition_clarification,0.94
0022b357e45184e9,definition_clarification,0.9864
14ed12142fd50a7a,methodology_explanation,0.8316
841c8f92cec913bb,trend_interpretation,0.9175
b9b5bf600835ff08,trend_interpretation,0.9564
45926054af748da8,causal_reasoning,0.7703
e7d7f08005758a68,causal_reasoning,0.9867
249b6aba13cb06ed,multi_source_synthesis,0.6526
a6ca73a115c33a81,comparative_analysis,0.8658
0a6f21f3faba944a,comparative_analysis,0.7905
3ccbaed0086ac856,factual_retrieval,1.0
4cfed12ffa545655,source_navigation,0.5559
a89bfc60fe3576c4,definition_clarification,0.8684
cf8d4a8374e13003,methodology_explanation,0.9949
cc184611a448340f,causal_reasoning,0.9666
7b1ebc454975b364,trend_interpretation,0.9556
645c069e5a01bc2a,comparative_analysis,0.9732
6fe7bd7bfdedaa34,multi_source_synthesis,0.8066
3096aaaa290639c3,document_overview,0.9819
ab09c2fd6da2bf42,factual_retrieval,0.8725
eb53fa1900139ab6,factual_retrieval,0.932
0bda17061e3e338a,factual_retrieval,0.9896
0784423a252f86bd,source_navigation,0.6656
6502b5f7c3dfbf6d,definition_clarification,0.9908
aa775928c914ad5b,methodology_explanation,0.8268
eb53fa1900139ab6,definition_clarification,0.932
b39211f7ddf97c88,methodology_explanation,0.9896
95ace21dda14f6a2,trend_interpretation,0.9014
526f36ee80a3da48,causal_reasoning,0.904
0be8e1322a018b1d,causal_reasoning,0.9193
a18e010d7c9db0ed,trend_interpretation,0.8233
dfbd8bc81fe9fc49,comparative_analysis,0.5795
7fed00d2b6fee03e,comparative_analysis,0.6017
61176a9b441f7b39,factual_retrieval,0.6137
b1aa0f3ccf6b2218,source_navigation,0.7137
a2d596a162ecaab1,factual_retrieval,0.8128
b58c27d14b73be62,source_navigation,0.5315
5a0b4fc47348174f,definition_clarification,0.9223
b82f6e2a030d9e96,methodology_explanation,0.9174
194abca7549fd753,definition_clarification,0.9393
cedd3f85ce599f9e,methodology_explanation,0.9595
cb0bbde2b9687036,trend_interpretation,0.8728
3800cbff68be72ce,causal_reasoning,0.8041
6289cafc7cf2d826,trend_interpretation,0.8782
878e9a6f84225a9b,causal_reasoning,0.9902
2a2a2c247c24e4ce,comparative_analysis,0.4113
d7cfcebb7ded1d9c,multi_source_synthesis,0.7975
94f79d11b6c6cb0c,multi_source_synthesis,0.9177
4127243e8308b827,factual_retrieval,0.753
f7b42ddf472538a8,factual_retrieval,0.9523
f754b5ed6c93fd58,factual_retrieval,0.9493
fe831e1d6b618d2c,source_navigation,0.8436
13f8d43b895175fe,definition_clarification,0.8855
97e2ec0efe32069d,definition_clarification,0.8437
2445831dff0b4a0b,methodology_explanation,0.8545
e9176319fc2baa43,methodology_explanation,0.7717
4c9b84336e636475,causal_reasoning,0.8822
5dbc710e12e49dba,trend_interpretation,0.8778
81617e139544b76b,causal_reasoning,0.8744
2637f3ae4c273884,comparative_analysis,0.9517
a8ef709a4ea8e50f,multi_source_synthesis,0.8882
a1551427a566077b,multi_source_synthesis,0.9102
28857cdce07a4efa,document_overview,0.9322
860c39a72dd92ec5,factual_retrieval,0.684
7b48450368bca0b8,source_navigation,0.8625
83e7e649090d05fb,definition_clarification,0.5447
8f1c7adee7c441a4,methodology_explanation,0.4226
ff4b2de16be565cb,trend_interpretation,0.7907
f250ae1786c08c0a,causal_reasoning,0.8833
2fa96fbfeddade1f,comparative_analysis,0.8575
6c515ef9bcea4440,multi_source_synthesis,0.8717
38418bfa93c6b678,document_overview,0.6301
825becf957c48ded,factual_retrieval,0.6375
895be11769d6be67,factual_retrieval,0.8132
c8081c85ce7584a2,source_navigation,0.5437
29a6873ffab9f29d,factual_retrieval,0.6513
4a47201732f6668d,definition_clarification,0.7333
95c5bbc4f0c064a5,methodology_explanation,0.7297
e21bb154c5e81bbe,methodology_explanation,0.6797
f50721732c198bd1,definition_clarification,0.9124
628140a37e6ee61c,trend_interpretation,0.4101
ca6f648eb097e670,trend_interpretation,0.3484
d75c32285c2a68ee,causal_reasoning,0.7107
2ea56706fbce8a8b,trend_interpretation,0.8285
697b47a1861d078d,comparative_analysis,0.8073
edf6eeec96016af0,multi_source_synthesis,0.7758
2dc5a06ec08f6429,multi_source_synthesis,0.8717
6154f0fccd6ac609,document_overview,0.9343
8de90c017d7bf345,factual_retrieval,0.7826
1948e02d43f4ee62,source_navigation,0.3963
e7c44a8b4179446e,definition_clarification,0.9189
80ac13371d1b64a8,methodology_explanation,0.859
e57e72a417657b61,trend_interpretation,0.9444
30a10a9db680dcde,causal_reasoning,0.9403
dbe0b0f2e81b4b60,multi_source_synthesis,0.9655
6a6b6396666cacf5,document_overview,0.8827
8747fc467a0c29a6,factual_retrieval,0.5957
27e951f28c83c079,factual_retrieval,0.4645
64e7aa8fb5abb837,source_navigation,0.3752
b2acd5421879d713,definition_clarification,0.9001
e1e47a3a683ef2bf,methodology_explanation,0.6323
70400c5ac88d4cb6,definition_clarification,0.2972
12bfb545ffd0a2c5,trend_interpretation,0.6502
d5380f84a0a00bf2,causal_reasoning,0.5789
b116b97ce40f5fb3,trend_interpretation,0.8507
448208fa25accbe1,multi_source_synthesis,0.658
6ebe0a5ddeba50a5,multi_source_synthesis,0.5547
8aa19f2594c67eb9,factual_retrieval,0.8664
60b66308a66f25b4,source_navigation,0.7321
2650cd5a0818d048,definition_clarification,0.912
6b41d28a45f8f7b9,methodology_explanation,0.8809
6005dfcd6df1c5cd,trend_interpretation,0.8825
20cb4157f082f843,causal_reasoning,0.9766
2dffea42ba620d0b,comparative_analysis,0.9054
e5d74cffe4bb6eda,multi_source_synthesis,0.8869
1b2815ddf572dcc8,factual_retrieval,0.9268
603fc21ff70c7e61,source_navigation,0.6468
0da28475003cb2d9,factual_retrieval,0.7493
b155a6e5ba849bbc,definition_clarification,0.8652
c6b001f1f4210497,causal_reasoning,0.7383
00206d6055e4d43c,causal_reasoning,0.4734
469aa5a002fa2041,multi_source_synthesis,0.6632
3d5f33932de3b510,comparative_analysis,0.5361
9d3bad11ed45d690,multi_source_synthesis,0.6891
8fcc3bc807d24287,factual_retrieval,0.4804
a83e3991fbe8aa83,source_navigation,0.2924
b71f1dcf072d72d1,definition_clarification,0.5767
d2bb18735a964d06,trend_interpretation,0.4385
6fb11bfd37ec611c,causal_reasoning,0.3895
331e27485737ec22,comparative_analysis,0.4477
cc818c2a445722c8,multi_source_synthesis,0.3791
3e29f78bb6c43c4f,document_overview,0.2839
1b73e068b7413213,factual_retrieval,0.92
5b9041066467cb61,factual_retrieval,0.869
f4c72451a345eda6,methodology_explanation,0.9298
4ba53d1bea82b2de,definition_clarification,0.9613
eb1f2b102bb0cf19,methodology_explanation,0.9176
e034c9044c86551e,trend_interpretation,0.7613
170128df4ec167c8,trend_interpretation,0.8388
509c452b359cff61,comparative_analysis,0.9095
68c085795dba649c,multi_source_synthesis,0.8882
e18e5d49238fe41a,factual_retrieval,0.4646
8fe03f2fae394156,definition_clarification,0.573
3a69411ed371ba38,methodology_explanation,0.6073
23d3de33e0be585f,trend_interpretation,0.51
331fe8c7750c234b,causal_reasoning,0.4344
ade22e1d989a2b0c,comparative_analysis,0.4927
7c3f5d73a284a7eb,multi_source_synthesis,0.5103
40e4819e7a466c4b,document_overview,0.5122
a1f3055f24321970,source_navigation,0.7147
9cd20a1a1480ac61,methodology_explanation,0.6272
e959bc9df43356f8,definition_clarification,0.553
412ec49ad45d593a,methodology_explanation,0.5667
2c09b1ce0192065e,source_navigation,0.7385
67f7642ae3308a7e,factual_retrieval,0.896
f049020df9c28c70,source_navigation,0.7472
63a4873c7fb7790e,source_navigation,0.837
682bf4f3768dac13,factual_retrieval,0.8333
a531b0de7b9ac8f5,document_overview,0.8603
1eda83419c20d071,source_navigation,0.4645
05386ab4d03c2f3f,definition_clarification,0.8386
1ef7f5a58afb70ec,methodology_explanation,0.7052
85992b61c6f4188a,multi_source_synthesis,0.8055
97281bb078b755ca,comparative_analysis,0.8611
3ecb03e977dd9c91,document_overview,0.7386
e6d0ec9b30a18084,factual_retrieval,1.0
a7ea3c354114786c,factual_retrieval,0.9705
9cfefd8148ee5173,source_navigation,0.5019
6fa1c3d0a2cafa41,definition_clarification,0.8239
8bb46a016b62c33d,definition_clarification,0.744
1e5cc78e4fa3ec03,trend_interpretation,0.8558
f2af23cb38cfe418,causal_reasoning,0.9431
ee0119c6e52ba344,comparative_analysis,0.8982
137ef5d4cca9fe07,factual_retrieval,0.8442
6df6a11cb2fe771d,source_navigation,0.739
0de04e3875bc7dfe,definition_clarification,0.9457
b9a9eaf8e9540a4c,methodology_explanation,0.8606
1bc83818dd160c3c,trend_interpretation,0.8661
bb88d6eb7915cffd,causal_reasoning,0.8991
91f8ebb314df95e1,comparative_analysis,0.9064
c55f4c823a7ab431,multi_source_synthesis,0.8539
b7fd044dc334dbdc,factual_retrieval,0.8721
fd4f0bd18bf42f47,factual_retrieval,0.985
5b840242546fec8f,source_navigation,0.8287
ce713516935affd2,definition_clarification,0.929
83697b4253d55547,causal_reasoning,0.2894
04ae3cd83aa36214,causal_reasoning,0.9822
ad228c1e32593298,comparative_analysis,0.7865
aab2a43bd93d3376,factual_retrieval,0.9797
8f35c02be5ce1a0e,definition_clarification,0.2316
ab126c4160569747,methodology_explanation,0.5241
81469bbe1ee78e94,trend_interpretation,0.6651
c6645b469aac1a1a,comparative_analysis,0.9467
c55b47bef3fff95a,multi_source_synthesis,0.7432
83034c43ddd9135f,factual_retrieval,0.9679
271f7a1644190cac,factual_retrieval,0.8947
948e74d0f2cd517e,factual_retrieval,0.9279
2d9d860eb29556d9,source_navigation,0.553
4651340cc812c581,definition_clarification,0.5824
ad32c77037936d3a,definition_clarification,0.6589
10e62f385876f69b,methodology_explanation,0.5307
d549fabe36e1f805,trend_interpretation,0.9304
d4bb99afa2d512a9,trend_interpretation,0.9131
823627d8c4703573,causal_reasoning,0.963
112278e40840f04e,trend_interpretation,0.9082
72cfbabff0be3fb8,multi_source_synthesis,0.935
99c57f9ec63b8544,multi_source_synthesis,0.6879
1559aab73cf6fa4b,document_overview,0.8903
0795df4493634a0a,factual_retrieval,0.4641
00369ad1d3fb37d0,source_navigation,0.4262
ca39d2ea43444565,definition_clarification,0.5862
da28a6b25ad4196c,methodology_explanation,0.464
a648bab36d714280,trend_interpretation,0.4204
8b2b8965ad9d426f,causal_reasoning,0.5258
87599e427741cfd5,comparative_analysis,0.4717
9968ff0df583b2be,multi_source_synthesis,0.4484
fdcacbc690c92f35,document_overview,0.4873
fe5c3e7b4e61ab10,factual_retrieval,0.9373
12cb129f90463ac5,factual_retrieval,0.8902
1a70b4126a5bc5f4,source_navigation,0.6833
7d783216afecd793,factual_retrieval,0.9565
d15552b4c4d2538f,methodology_explanation,0.7965
0bdb25f6f5fc653a,definition_clarification,0.7182
0db60c5655b2f005,trend_interpretation,1.0
26bd9e69d2e8ba8a,trend_interpretation,0.8825
90109fe2ad6f8af1,causal_reasoning,0.8115
6dfceb286ae02186,comparative_analysis,0.9582
3581e492b1d97aae,comparative_analysis,0.9017
f2bab125eaecf54b,multi_source_synthesis,0.8587
8e81437fb78f6264,multi_source_synthesis,0.7639
1ae4aa493b0f7d4d,source_navigation,0.5306
23782b81d4bc3ff6,definition_clarification,0.7669
a7f433d251f5f552,methodology_explanation,0.7716
e36a1a55ea6f4de0,source_navigation,0.483
f7add61adbb19e09,definition_clarification,0.9961
e529b17c1a9c706c,methodology_explanation,1.0
b07a5555ef691c83,causal_reasoning,0.881
0748b291c805cce0,comparative_analysis,0.9616
10ca9324ef483543,factual_retrieval,0.4532
05450795e8e4e066,source_navigation,0.6623
0decf9e0b0837693,definition_clarification,0.5774
61530b3c6f57b2e0,methodology_explanation,0.4664
b96de87754f11ea3,causal_reasoning,0.9919
e42ee8e9a98e7457,trend_interpretation,0.5495
e5625d6f1b66591a,multi_source_synthesis,0.5125
e98131814995d15f,factual_retrieval,0.9099
efe60c8f2b52254b,factual_retrieval,0.9723
d79862ea6730c4c5,source_navigation,0.882
1e0ba1ecae894578,definition_clarification,0.9954
b9132c4739af322f,definition_clarification,0.8953
f59c319c631608f9,methodology_explanation,0.8395
7548423ee025feff,trend_interpretation,0.9406
ec31548e39cc2e43,trend_interpretation,0.9573
0e13fa402b48152b,causal_reasoning,0.8835
c7b47ba78b808937,comparative_analysis,0.986
90b4ac6a46cd6459,multi_source_synthesis,0.9111
73a93ac01c37aa36,factual_retrieval,0.9749
6a91bd5ab8f354c7,factual_retrieval,0.75
43cadefeaac7da78,source_navigation,0.3352
45777c05fe3941c4,definition_clarification,0.9927
df427522626f748a,definition_clarification,0.6674
ca01efdbc9a35b10,methodology_explanation,0.7122
ec6a09bf41695dec,causal_reasoning,0.8697
abc128267bb47d93,trend_interpretation,0.9557
e1247a862e4be0d5,causal_reasoning,0.9617
b4485dc9f537dfe7,comparative_analysis,0.9298
ba97878d03432a41,comparative_analysis,0.8123
a8d5655bd3ede12d,multi_source_synthesis,0.9643
faa51d0779980a58,multi_source_synthesis,0.9341
143c1f8a624c272b,factual_retrieval,0.9695
03668b24652a04a6,source_navigation,0.4199
3beef5f9bba131e0,factual_retrieval,0.9402
628711c938a98cbf,definition_clarification,1.0
920720e28104f673,methodology_explanation,0.7092
a4f9ce87da5a75dd,methodology_explanation,0.9005
86b55639c3d0b101,definition_clarification,0.9505
3a96fb093939a554,trend_interpretation,0.9238
56f451c1ea0c9095,causal_reasoning,0.9597
953ed83cb162159f,trend_interpretation,0.9301
3d03c91703f907a2,causal_reasoning,0.9188
0a9881a4ceebac70,comparative_analysis,0.9195
337dbf521e0aa95c,comparative_analysis,0.9008
a04a2b1e769818c8,multi_source_synthesis,0.8601
4df797e56763e7e0,multi_source_synthesis,0.971
a0a7061c247de609,factual_retrieval,0.8864
c4b2f5cfda049c6b,factual_retrieval,0.9434
b1954eefee6fe358,factual_retrieval,0.9002
9a6ab0a203768a24,source_navigation,0.7282
2c3cfb4182ea37b2,definition_clarification,0.9165
8927a0b22e96d35a,methodology_explanation,0.9092
068d6c71ba7ca28e,trend_interpretation,0.3684
c58153b8b4093832,causal_reasoning,0.9237
2242ef99be1caad1,causal_reasoning,0.2587
89d98b517c39d744,comparative_analysis,0.9126
a70221c065e74301,multi_source_synthesis,0.9641
376fd1dc8855e86a,factual_retrieval,0.9639
33af47cc96e9ca2f,source_navigation,0.6197
eca294f1118e20a3,factual_retrieval,0.9491
bca187e0b5edf3e5,definition_clarification,0.997
d9709be1aa9d1821,methodology_explanation,0.7364
a17dd2f905f78d7f,definition_clarification,0.7851
db0aff83a23c9e0e,methodology_explanation,0.9515
aeb91ea01f7fcded,trend_interpretation,0.7804
bad2c467ffd068a2,causal_reasoning,0.9438
5b8ff637dd51def8,comparative_analysis,0.9514
0d19abf87951aeb9,multi_source_synthesis,0.9082
31c60a5397e4e109,source_navigation,0.9277
90c60d8da60514ec,factual_retrieval,0.9688
576de56daa3de4ef,methodology_explanation,0.9039
8fe0ef9403329876,trend_interpretation,0.871
637eac2a7b388289,causal_reasoning,0.9315
6170c7df55e45fbd,causal_reasoning,0.9645
03dc45f546bc8858,multi_source_synthesis,0.9497
0f2dd027ff9a61cf,comparative_analysis,0.9337
832adb3f751fbd5e,factual_retrieval,0.8111
4958a32f1076f80d,factual_retrieval,0.899
37574e049991b042,source_navigation,0.837
ce35a7b7451ad060,factual_retrieval,0.8809
97a58b9f4dcd81fb,methodology_explanation,0.9224
53c883c24281c7ad,trend_interpretation,0.8882
d82c98cc7d49fa6c,causal_reasoning,0.9162
9fc02bab946a8f86,comparative_analysis,0.945
11167498f22eef2d,factual_retrieval,0.9584
0678164b671db851,factual_retrieval,0.9238
b0609100e1e0d65c,source_navigation,0.5271
a515e9fc7fb1e575,factual_retrieval,0.8343
5980ebf968c5dc05,methodology_explanation,0.8957
cd677c3173a37c94,definition_clarification,0.9688
6e768e4d05f55ce1,methodology_explanation,0.9227
959376970a51440a,trend_interpretation,0.9531
5f80bfe515b85e6b,causal_reasoning,0.7894
0e6e950a7e32b955,trend_interpretation,0.9151
afc81847ff31865d,comparative_analysis,0.9363
b615caca9e27f6d1,comparative_analysis,0.9209
a0e1eafc0e09a6a6,multi_source_synthesis,0.9453
f6b996454cb7bfa0,document_overview,0.9449
0eec473a2cbc5cc5,methodology_explanation,0.5878
4fb868cf9a35135e,trend_interpretation,0.9302
a5a3933167b39a87,comparative_analysis,0.9122
bd42216e47610cae,multi_source_synthesis,0.8318
cf96c8946be7af2a,document_overview,0.733
24fcb01510fffbd2,factual_retrieval,0.9316
9106aac608c6baa0,source_navigation,0.7253
86821d43838ae07a,factual_retrieval,0.8479
3472a8f2dcead471,source_navigation,0.8673
6886c652985ee5a6,definition_clarification,0.8597
8fffcc56894e1845,methodology_explanation,0.8377
c32982d2e2c1b6a6,methodology_explanation,0.856
11995b4a19067daa,trend_interpretation,0.925
79a4633ee96334dc,comparative_analysis,0.9566
93e48ba8434d21d1,factual_retrieval,0.7768
d3e2e9641c7bfe2f,factual_retrieval,0.8881
d5a973eda22aa62e,definition_clarification,0.99
101f88c92089ba0f,methodology_explanation,0.8758
cb9a3b1825a84529,methodology_explanation,0.8298
533772560017f9c6,trend_interpretation,0.9341
447992088e35438e,comparative_analysis,0.9674
bed847c78170a899,factual_retrieval,0.7544
e1c936137e6bd838,methodology_explanation,0.6731
5487168a089e8c06,trend_interpretation,0.9755
f4aa9fb7bd59df5c,causal_reasoning,0.5499
9605c25f569b77b4,comparative_analysis,0.7805
7cd43ec89cd9f53e,multi_source_synthesis,0.774
2cb2d2d88520bb98,factual_retrieval,0.4717
e370b852cbc195b6,factual_retrieval,0.5222
9c5259e593fca71b,factual_retrieval,0.595
c4b085274cfdc0c6,source_navigation,0.4821
49aa316e2958b54b,definition_clarification,0.9924
0b1d893613ee387a,methodology_explanation,0.9432
9ca42ba5be875809,methodology_explanation,0.9442
724fb5c59c93b080,definition_clarification,0.9615
f6f054f98f06c1e5,trend_interpretation,0.8922
31cfc82798e0a78f,causal_reasoning,0.8683
a762307e033e172e,comparative_analysis,0.9057
302113f3f974c4b7,multi_source_synthesis,0.8834
1dbd90a716f854c2,multi_source_synthesis,0.9494
6d928f5a03bf8d47,factual_retrieval,0.4204
4755858205e3760f,source_navigation,0.6914
efdb2b83579e278a,definition_clarification,0.9249
202f6c1db0d07fb3,methodology_explanation,0.9105
e64d67235d6c576b,trend_interpretation,0.7901
74a9c27fedfa1666,causal_reasoning,0.8971
029d4fdb361ee754,comparative_analysis,0.9606
ee5bdd889e75f306,multi_source_synthesis,0.9731
3746d5463a65fb2b,document_overview,0.6812
cb6db3aa626455c4,factual_retrieval,0.9247
7aca3d645ac3d206,factual_retrieval,0.983
a9335a1bd804cf42,methodology_explanation,0.8557
1ab2d90640613a8e,definition_clarification,0.9485
ce7e8394509cd1b6,methodology_explanation,0.84
bb536574f9891a9f,trend_interpretation,0.9735
8edfd0e1431b8e26,causal_reasoning,0.9833
475262d8b8179a5b,comparative_analysis,0.9795
c46b27a11bb481c7,comparative_analysis,0.9673
6127b2724621eaf6,multi_source_synthesis,0.9231
e53e3f712e9dde98,factual_retrieval,0.989
4f4268f4a8ec5553,source_navigation,0.6704
9b91196d413457b8,methodology_explanation,0.9639
0f7e7e31364416b1,trend_interpretation,0.8533
5a735754f7f1fff5,causal_reasoning,0.9415
0386327911583ce0,multi_source_synthesis,0.9231
5340bb6347996825,document_overview,0.9506
3bf2ea427929e110,factual_retrieval,0.8967
e1823ddf79b3c4e3,factual_retrieval,0.9578
66fd332088dd0433,definition_clarification,0.9592
bff6a8d7697f3530,methodology_explanation,0.9155
06abb65fb2af99f4,methodology_explanation,0.887
42853c76bbcc2a6e,definition_clarification,0.9232
5c757640f7f59c67,trend_interpretation,0.9666
e301643d17263796,trend_interpretation,0.9752
d552ac2b057dcfff,causal_reasoning,0.8913
5fd662bee0330f33,comparative_analysis,0.9536
4db1ab88e74985de,multi_source_synthesis,0.971
1443613af585658f,comparative_analysis,0.9282
0e8dbdd939b9d786,multi_source_synthesis,0.9348
b126a8c42872fb36,document_overview,0.954
c2daec56800e4472,source_navigation,0.7307
755e630896f9d798,factual_retrieval,0.8842
5088631a88c9d938,definition_clarification,0.9852
c2796d633face633,methodology_explanation,0.981
1f212e11495e78c8,trend_interpretation,0.9267
8db18f7fc97cd586,causal_reasoning,0.4308
aadcd9c639d5cd47,comparative_analysis,0.7412
754ffa10562f4b6a,multi_source_synthesis,0.8867
356830cdc6bf1c5a,document_overview,0.8334
65e92c9dc2968746,factual_retrieval,0.9926
adb02d918d84c123,source_navigation,0.7727
864d7585efb5c02c,definition_clarification,0.9265
90b49ce42d1a3ebb,definition_clarification,0.9081
06b6b84c0ef97c70,trend_interpretation,0.9504
6e177c020349fc4d,causal_reasoning,0.9304
5110a35d406b45ef,causal_reasoning,0.7708
0e23ca0a864b1bb0,comparative_analysis,0.9906
721bda8f419eeb9d,comparative_analysis,0.878
87c02d32d7c917ee,multi_source_synthesis,0.8105
f2b8be96e9817b6f,source_navigation,0.4695
66d820cd868da06f,multi_source_synthesis,0.8142
4f2db86a176e4182,factual_retrieval,0.8106
b524415fc02d689e,factual_retrieval,0.8927
cace9d3f3ddb627d,source_navigation,0.7999
4c7e2f5dc68892c0,definition_clarification,0.8742
0d7f093fe3e4b40a,methodology_explanation,0.967
10d29dff7ffa83ad,definition_clarification,0.7901
4eb41361e5eb9fad,methodology_explanation,0.8875
8ec248cb22d72b74,trend_interpretation,0.9021
ad7ebd1beca8be75,trend_interpretation,0.819
036fc0ad867c5d5a,causal_reasoning,0.9099
89d4fcbe088df19f,causal_reasoning,0.9389
c3dc546cfa6e7e3f,comparative_analysis,0.9061
010c2ef0602df0b1,multi_source_synthesis,0.8859
6aba49994429589a,comparative_analysis,0.9314
862bb76d38da372f,multi_source_synthesis,0.8987
cdfae892300f4ecc,factual_retrieval,0.9918
900e2823906f0929,source_navigation,0.8977
10c9424edad99a9a,definition_clarification,0.9435
dd1be2e290dd999d,methodology_explanation,0.9911
163cc11570f48727,trend_interpretation,0.9743
965955b649c5a9ac,causal_reasoning,0.857
220c52492cdf03e0,comparative_analysis,0.9162
3c630c81c8abdcc0,multi_source_synthesis,0.8252
74eec756b6792d55,document_overview,0.9112
2cff102c6564ae80,factual_retrieval,0.6108
08bdd9a814fb1ae3,factual_retrieval,0.5925
de31782e59226f5c,factual_retrieval,0.5508
e5cb6fc61e78c2e3,source_navigation,0.3595
e16d1e1e7d43e996,methodology_explanation,0.8322
3d3db86d5cfa36de,definition_clarification,0.7467
279273ecbc099911,methodology_explanation,0.8467
2882c8a01dd1afbe,trend_interpretation,0.5802
498792b107ff1529,causal_reasoning,0.5407
d26b6a228fe49587,trend_interpretation,0.4449
d779170beabea538,causal_reasoning,0.4788
5643a97ab93596c4,comparative_analysis,0.9123
de4c3a357dee0660,multi_source_synthesis,0.8967
bae9350005a4d95f,comparative_analysis,0.9469
24cbb23bbdeaf269,multi_source_synthesis,0.9439
f1c32cb3334fde93,document_overview,0.5981
8cd4a6e4b4b5ce03,factual_retrieval,0.991
c535b554011c6c74,source_navigation,0.4969
dc0e85b19e661b6e,definition_clarification,0.7854
46867cb720a682ac,methodology_explanation,0.7817
580a7e64c2abea4a,trend_interpretation,0.9421
049e25bbc9d95774,causal_reasoning,0.8408
37766c96c40a871f,comparative_analysis,0.953
f4661fca3886e369,factual_retrieval,0.6849
3a25584bc5c44956,source_navigation,0.6966
2b1c27c0936f1b52,factual_retrieval,0.7857
04aaca0435c6a8b9,source_navigation,0.8405
cd9b4c82105f8e84,document_overview,0.7743
0fd5caa225194350,factual_retrieval,0.9874
d8a8767b9f91c4b2,factual_retrieval,0.9375
3057cc2cf55fa28b,factual_retrieval,0.7423
09b5e29b8ab1a981,source_navigation,0.4893
b31bc569d3db1671,methodology_explanation,0.9911
60d551860255faa5,trend_interpretation,0.9627
cf377b2e50b477bd,causal_reasoning,0.943
336e20ab4a9fae59,trend_interpretation,0.9121
46ddec3f749728b9,causal_reasoning,1.0
a288fa255ebaffbd,comparative_analysis,0.8692
5afde1728c3e0c6f,multi_source_synthesis,0.9659
0df77609c8ff8ee1,comparative_analysis,0.9201
1f8f72d913c446b5,multi_source_synthesis,0.8162
b5fe3b931367278a,factual_retrieval,0.7559
03ae1645cfa0f16a,source_navigation,0.8269
c0847e8eba8c0bd1,definition_clarification,0.6872
f4266ef88702eae3,methodology_explanation,0.994
47945dac63b3dc08,trend_interpretation,0.7733
292badebff8a5e88,causal_reasoning,0.4605
a208a9661017bf50,comparative_analysis,0.6728
a2c6e30c73f24ec4,multi_source_synthesis,0.9837
6d66de845b9aba08,document_overview,0.6778
08ccea0e4b78ae4f,factual_retrieval,0.8907
16e035280e6f5180,factual_retrieval,0.9591
8da0bc7c70c35011,factual_retrieval,0.8077
612b87aadc269405,source_navigation,0.7279
a4d9fb34c565a024,definition_clarification,0.804
b7c3a1dc16b380f7,methodology_explanation,0.9555
a6cda397ad7b3e67,methodology_explanation,0.9651
33f525355984a04d,definition_clarification,0.9982
ce24a386de19d700,trend_interpretation,0.9098
7cd421b38b9d0847,causal_reasoning,0.8597
97e66849cc6b0c3f,trend_interpretation,0.9659
52fb338917b4ffd0,causal_reasoning,0.8723
fb7483d2e0e975ca,comparative_analysis,0.8992
ce7d49648636e743,comparative_analysis,0.9499
c723dc3dc5c9d052,multi_source_synthesis,0.7856
4d32061ee02a5fe3,multi_source_synthesis,0.9389
0938be462027e5ee,factual_retrieval,1.0
afc72336faba574b,source_navigation,0.3414
760debd8f34a2890,definition_clarification,0.9206
f4b448a8807f96b5,methodology_explanation,0.9295
9adab65017c78695,causal_reasoning,0.7534
65c5f7a3f1455266,trend_interpretation,0.4874
c7ce3dad338a1b71,comparative_analysis,0.8226
58c0ffd7deb92a55,multi_source_synthesis,0.9606
81d946240ca8f262,document_overview,0.9013
6da803b260617c0b,factual_retrieval,0.947
95591ee4eb1a94c3,factual_retrieval,0.9551
e32b7a888f47568d,factual_retrieval,0.7404
1c1cde215e6841e4,source_navigation,0.8456
26011e586d115b2c,methodology_explanation,0.9404
c6acd4293c5b9711,definition_clarification,0.8721
6f9f7d6a2ecacc35,methodology_explanation,0.6573
71f021e62649fc39,trend_interpretation,0.9107
b69e52e6084c290a,trend_interpretation,0.8306
121e050f319bd1b0,causal_reasoning,0.7385
978e8560865527fc,comparative_analysis,0.9099
462ac217831fdc7b,multi_source_synthesis,0.9493
7dc70c75ae36f31c,comparative_analysis,0.753
737ad0d690193964,multi_source_synthesis,0.8366
c27b351f8b14a598,document_overview,0.9022
4cc66874e024832c,factual_retrieval,0.9745
ec9d0cc5da550b17,source_navigation,0.7695
390d00870fbac085,definition_clarification,0.8237
9667c721577beca8,methodology_explanation,0.8935
260d22d84867a485,trend_interpretation,1.0
0b06b218bb5af122,causal_reasoning,0.8136
a187abae9bb10742,comparative_analysis,0.9538
1a86f197a58c1065,multi_source_synthesis,0.7297
2cce61f33ad8b107,document_overview,0.4242
2d7de028e5df1593,factual_retrieval,1.0
db654ea33b10ee7a,factual_retrieval,0.9587
996b25ccfd655c2f,source_navigation,0.6761
48bd8254b30259ad,factual_retrieval,0.7202
200a361cb2a7bb8f,definition_clarification,0.8471
a58f051cf1626363,methodology_explanation,0.8855
019f3ade509bd177,definition_clarification,0.8664
93548db1ddff8629,methodology_explanation,0.9166
ec679cd800d0868f,trend_interpretation,0.8754
18215f3e52d861ba,trend_interpretation,0.9907
d06acc8cbe24811f,causal_reasoning,0.9392
7d0fd1bcdd56e991,comparative_analysis,0.9414
d19fea8745879ff8,comparative_analysis,0.8903
469440bf3d7736d2,multi_source_synthesis,0.9438
2649435ad5424ba7,multi_source_synthesis,0.8602
075de6e289fe64f3,document_overview,0.8812
d5480ca6bd66506a,factual_retrieval,0.3061
2d9508bc6922458d,source_navigation,0.3426
d676d5b471b95bb8,definition_clarification,0.4692
2357ffb295a50e1c,methodology_explanation,0.5236
e57fd7d5ecbfb2af,trend_interpretation,0.5168
7242a7f0564b4015,causal_reasoning,0.4597
6825c5ea4371744b,comparative_analysis,0.5649
3e40b4f7adfc3c61,multi_source_synthesis,0.4561
1228ce0102595a66,document_overview,0.5378
2f820bebb4d61968,factual_retrieval,0.9659
f4c61addb644645b,factual_retrieval,0.985
79a08be5f495b256,source_navigation,0.7547
13b789dd6006a14c,factual_retrieval,0.9172
fcf0d831671c0100,definition_clarification,0.9211
f78519099859a705,methodology_explanation,0.8644
75274b8a2dda6a44,definition_clarification,0.9614
3b7d3860a953f2ce,trend_interpretation,0.8154
0b696eb8d4c793d8,causal_reasoning,0.9362
f95cf6f80454ba93,trend_interpretation,0.9758
fe1f2f7188f3179b,causal_reasoning,0.8437
8d01433c1e9f6fa7,comparative_analysis,0.9258
6c5c2feed99cd982,multi_source_synthesis,0.9431
71830287742e0dfd,document_overview,0.9763
0d19a90404c812eb,factual_retrieval,0.6209
0c6fba4a4041c793,source_navigation,0.2612
6cbe6d9aaab74f1e,definition_clarification,0.6619
0c495705f3a63615,trend_interpretation,0.5782
880aab84723dae33,comparative_analysis,0.3733
4ec7a08f26e22631,multi_source_synthesis,0.4945
00b333c07b83dfff,document_overview,0.5733
f27d3fb5a6c49ed0,factual_retrieval,0.8683
5872ccef4b184deb,source_navigation,0.3245
7e56024ac1a6d628,source_navigation,0.5668
5c9f877a2cc0d54a,definition_clarification,0.9527
41d9aaec50945a70,definition_clarification,0.9642
853b2b19fc170c4b,methodology_explanation,0.8662
50f3abf6326acf3b,methodology_explanation,0.9522
f66353ea41e0f458,causal_reasoning,0.8735
ffd6b99847ea1e51,causal_reasoning,1.0
9708cea099777285,trend_interpretation,0.498
dadd8658072c07c9,comparative_analysis,0.8665
a3d93a8c35ae2688,comparative_analysis,0.6123
241e933b9478ecf7,multi_source_synthesis,0.8873
d25d370ad2ee8c27,multi_source_synthesis,0.5749
0c7a6b510c402a61,document_overview,0.7802
adcba5a64468ce01,factual_retrieval,0.9646
cbc7c4d4e1724df2,source_navigation,0.3609
cc9b1099498fc0d4,definition_clarification,0.4513
e67e9c10a55dca09,methodology_explanation,0.5258
46c55e317af20fef,trend_interpretation,0.4009
8c81dd1089dce338,causal_reasoning,0.4485
aa8aba78d14ae761,comparative_analysis,0.9522
766d35582a61cb76,multi_source_synthesis,0.7931
63d6039bc0b47468,document_overview,0.7628
d389bee0087b1ab7,factual_retrieval,0.9244
406b685e3d3ba904,factual_retrieval,0.9646
31172c5658225610,source_navigation,0.8959
897cf8717dc0b3b1,factual_retrieval,0.8303
7d0b0bf67f5e1fda,definition_clarification,0.963
c39ca833f3606038,methodology_explanation,0.9167
3356b9a4fb147c26,methodology_explanation,0.5762
7a88fa86a4b2e5c1,trend_interpretation,0.9571
600c2dec6285712d,causal_reasoning,0.9953
7668c900980427a2,causal_reasoning,0.9472
156c349d865579d5,comparative_analysis,0.9047
fca4e695d7255bb6,multi_source_synthesis,0.947
ca38ec235496a56f,comparative_analysis,0.9536
85c5f52244becb9d,multi_source_synthesis,0.9413
1dc8e9b57792b438,methodology_explanation,0.5127
86b2394c7e3b0ed2,definition_clarification,0.4228
b14debf10c9cbcd9,trend_interpretation,0.5145
f66df65701ce9b4f,causal_reasoning,0.5111
676bb452299d892b,comparative_analysis,0.4892
a1881d751546308c,multi_source_synthesis,0.5189
7adc1d3d55bce01d,document_overview,0.5745
042ff5230813c8e5,factual_retrieval,0.9
829ebdb4737b6777,factual_retrieval,0.9485
47730c59c6795a5f,factual_retrieval,0.963
5abf2b1f0864d1e9,source_navigation,0.8518
bf324823c79c3302,definition_clarification,0.9205
139e29b8a586d87c,methodology_explanation,0.9364
86558ebc8a600750,methodology_explanation,0.8463
a947038e76d41544,definition_clarification,0.846
7df4efebdfc3414c,trend_interpretation,0.9598
c3400b96a56bd214,causal_reasoning,0.93
05aeb047e3f75b09,comparative_analysis,0.9271
868493aed9728209,multi_source_synthesis,0.8214
704ff038527006d1,document_overview,0.9813
5a3d60290e7e8a27,document_overview,0.6344
dbb5a7b2b2802e05,factual_retrieval,0.8173
74e14715ce7955ae,source_navigation,0.782
a19c592bee60b02f,definition_clarification,0.8216
44a5e6633e6121a6,methodology_explanation,0.741
41e544d9523ea6f8,trend_interpretation,0.7929
1a8c01cb9ac3327f,causal_reasoning,0.8101
e0c7bc23836e1169,multi_source_synthesis,0.7928
fb48e444f0430f49,factual_retrieval,0.9836
a44558109718199d,source_navigation,0.8435
da1325bdbe1e78b9,definition_clarification,0.944
829424ef3fed72d8,causal_reasoning,0.1746
81363d8d25b808ee,comparative_analysis,0.7514
675672baca0c23bd,multi_source_synthesis,0.725
413ba9ebf370ac1b,document_overview,0.8673
6faba114b5542ed8,factual_retrieval,0.7676
ae8b257ca248c8a9,source_navigation,0.5425
79ec2cda6dad1ba7,definition_clarification,0.9665
fa3411a7af89a397,methodology_explanation,0.7224
e1906131a87342ec,causal_reasoning,0.9655
c9cc0da7fc94eeea,comparative_analysis,0.8501
56127b9979a65488,multi_source_synthesis,0.9035
7f2df46242468596,document_overview,0.9581
92e295a92f4ed732,source_navigation,0.566
3979643c37c42deb,definition_clarification,1.0
d800d75795dc0c2c,methodology_explanation,0.9514
7c67475131e826db,causal_reasoning,0.2393
1748659b662b8466,factual_retrieval,0.9622
4c685de7aa18a647,factual_retrieval,0.9955
4bf23c5efc53a0a8,definition_clarification,0.8554
7a9bd15e3c37e72a,methodology_explanation,0.9518
b2c70cd98cbc76b0,definition_clarification,1.0
b81b2b8b068da5bf,causal_reasoning,0.7647
eecd9b1006d6e579,causal_reasoning,0.8965
8fe0463a9ffc141a,comparative_analysis,0.8787
48ec9fa849361051,multi_source_synthesis,0.9376
190209c5eee6b1d4,source_navigation,0.503
9dee08dbd6f365bc,factual_retrieval,0.9037
61f336f00f67bff3,source_navigation,0.6667
c1e76dce4fee09e0,factual_retrieval,0.9339
f3b81f9b5f291cd8,source_navigation,0.6887
64d951bdc6947787,definition_clarification,0.904
99ed30446085bca4,methodology_explanation,0.9307
4bbfde00de3287e7,methodology_explanation,0.8818
d9168d01d1d5083c,trend_interpretation,0.8441
e8f7c313caf52159,trend_interpretation,0.8208
1a12966638b83362,multi_source_synthesis,0.651
9c41b1040851f229,multi_source_synthesis,0.9145
602da440e7e81d47,factual_retrieval,0.8291
de611968a6483265,source_navigation,0.6911
e8ced748caba6070,definition_clarification,0.9856
f06517a3f1e23f14,causal_reasoning,0.7146
aa1bb197e3f3d474,trend_interpretation,0.888
cbcf34ae40c205d7,comparative_analysis,0.7695
22ac061417c02cab,multi_source_synthesis,0.8895
bc3f56dd2bbe59b0,methodology_explanation,0.4592
0e890db46d08a877,methodology_explanation,0.7565
2bf350fb7f1081de,source_navigation,0.6008
bb44e6ad4795310b,source_navigation,0.6713
2117e5a9e92ae178,factual_retrieval,0.3801
54c80b9a86b146a0,factual_retrieval,0.7609
dbde39be9916c2a6,source_navigation,0.9137
88d73201b01c9f70,factual_retrieval,0.9955
b26ad487b85a9fd9,factual_retrieval,0.9857
51c1813a6e6956bc,definition_clarification,0.9541
6056f7738159f214,trend_interpretation,0.9166
cd908a445f86f7e9,causal_reasoning,0.7655
0b88fe18a671296f,comparative_analysis,0.9943
c5ddc66b03e23daf,multi_source_synthesis,0.8361
71916997a2251310,methodology_explanation,0.7495
215f7906597cd508,source_navigation,0.6633
61dc6e6a13491fa8,definition_clarification,0.3373
9f3bce4d8825c1b3,comparative_analysis,0.5437
7ead428259d664f6,multi_source_synthesis,0.6623
7ec18ddd74620cee,causal_reasoning,0.7456
9def0356411b7ff9,trend_interpretation,0.8158
39f6cfa153d5ba73,comparative_analysis,0.8579
4ddf5d8181b3f09f,source_navigation,0.5638
93b0c2d865e480ed,factual_retrieval,0.9381
bb7d092ca9a2ec58,definition_clarification,0.6546
faa59704c485e850,causal_reasoning,0.9204
05ba98f6e433ad38,factual_retrieval,0.9644
69e950582628ca4d,factual_retrieval,0.9711
f63294da2a72c8b8,factual_retrieval,0.9319
a9bfc060125cb7c8,source_navigation,0.5747
38df4d19cc9031a9,definition_clarification,0.9262
e241d7f92f43ec2f,methodology_explanation,0.8835
10d1e1619434a413,definition_clarification,0.8281
413dcdca8dfc6cd5,methodology_explanation,0.8521
133758026202b23f,trend_interpretation,0.8645
c3f442a89bd48036,causal_reasoning,0.9638
8c4a0aa5dc6a4c93,trend_interpretation,0.9731
754b3a9e35c5d8e7,causal_reasoning,0.9139
ddb29b88690e97ba,comparative_analysis,0.9808
254fce87a4183387,comparative_analysis,0.9762
9ab21793a9952da5,comparative_analysis,0.8857
a731ac03c6347945,multi_source_synthesis,0.8988
a9d72dbbea44a1bf,source_navigation,0.5823
165728edd8b2aed6,definition_clarification,0.6636
2d33c58e4e77b5ff,methodology_explanation,0.7269
65689382cc5545b7,factual_retrieval,0.9839
e67c8f8baf69e86f,source_navigation,0.5702
5216fed0ac03728b,factual_retrieval,0.9333
dafab29f76da1d70,factual_retrieval,0.8809
f98af4a4036001f4,definition_clarification,0.9057
ca200c79ba654247,methodology_explanation,0.8379
54b72c14dfa694c0,definition_clarification,0.8115
6bacf7676eca43e0,methodology_explanation,0.9653
fd582ffed7dd7ee3,trend_interpretation,0.9587
6dc3896cee642b8b,causal_reasoning,0.9118
1e306125746175d6,trend_interpretation,0.9366
ed0da1a70df4a26e,causal_reasoning,0.9695
8e8bcfe97b04e1a7,comparative_analysis,0.9505
f739eee80aa0cf61,multi_source_synthesis,0.8362
2b09bbb9fd80e09a,comparative_analysis,0.8707
3162bfa637dd59d4,multi_source_synthesis,0.7763
be7fc63f985e0ff0,document_overview,0.9657
fa93ebd8987f5c79,factual_retrieval,0.8511
d7a69ac43e32f96c,source_navigation,0.5166
f09a788caaa5130b,definition_clarification,0.8271
e7bf6ff3b8fd131c,methodology_explanation,0.9227
950465f086c964b3,trend_interpretation,0.9127
25f12bec49986cdb,causal_reasoning,0.9445
84a0a8a2df5f660d,comparative_analysis,0.8554
438a99e97e83c651,multi_source_synthesis,0.99
c17b1682c222ee87,document_overview,0.7653
1add20e16d94ebe3,source_navigation,0.7604
ff57f7cf8eaadb29,comparative_analysis,0.7088
efae7141f0d81b45,source_navigation,0.8654
f1b5a21d55498bae,factual_retrieval,0.9549
2423c1251b6e93cd,definition_clarification,0.7841
b5d6d056e92bd52f,methodology_explanation,0.7581
68a91ce5d1eb2a29,trend_interpretation,0.8783
d3824ad90ee8f1f5,comparative_analysis,0.6597
bd1027da8cf1a30c,multi_source_synthesis,0.6879
3b75678f2963e448,document_overview,0.7637
a6509ea47c7281d7,factual_retrieval,0.8455
13dba892457954f5,factual_retrieval,0.9753
1041aecf0ae15569,factual_retrieval,0.9749
74f7e12331eb4bb3,source_navigation,0.9272
52d95280faf43e35,definition_clarification,0.941
617fe1f1435a3b1a,methodology_explanation,0.9029
544d8e00bd8f88e6,definition_clarification,0.9676
a860809d287a0fb6,methodology_explanation,0.8406
e424d84ee02b4d86,trend_interpretation,0.9277
df191077e1919f4e,trend_interpretation,0.8911
e9c101d6f8abe783,causal_reasoning,0.8072
15eefac63f30302d,comparative_analysis,0.949
128c0e28184dadf6,comparative_analysis,0.9132
ee9f5b3d865f4c0d,multi_source_synthesis,0.8931
7940386778ebb3bc,multi_source_synthesis,0.9101
eaa88785859e7019,document_overview,0.9658
7cc396de757cd112,factual_retrieval,0.9333
2d9076c14e2305b8,source_navigation,0.7782
94127a93225cf74e,definition_clarification,0.9829
088e182d5cf6b2be,methodology_explanation,0.9752
466caeb44fc79f8b,definition_clarification,0.9869
54ddfb6cae603a3d,methodology_explanation,0.9485
b83713b6c1ab74d8,trend_interpretation,0.9843
39ec2bf27fcf1fb8,causal_reasoning,0.9428
8905a53c374640d2,causal_reasoning,0.8988
675a7166c6d96736,trend_interpretation,0.9754
feb8bf872357fe25,comparative_analysis,0.9682
6d91e1667d11b0fa,comparative_analysis,0.9094
6c1c8b9bebb6a6b1,multi_source_synthesis,0.9637
d12266b400955201,multi_source_synthesis,0.9311
7bfe50208f14f179,document_overview,0.9383
288e51970de8392b,factual_retrieval,0.8826
42848b8e4e623e13,source_navigation,0.7851
fcc557ebb5b67338,trend_interpretation,0.876
9710f9ea2ad9cfdb,comparative_analysis,0.6251
aa1175e2effd6d45,document_overview,0.8985
43cfe3bd7adff44d,factual_retrieval,0.8049
8ccd066653ab2bb9,source_navigation,0.8297
6da56d1e742677f5,definition_clarification,0.9266
ac8fc0ce84e35930,methodology_explanation,0.9909
0dcb50205ab91a35,trend_interpretation,0.9587
99459acb5abf67f6,causal_reasoning,0.9298
c93f3a5a4b1369a1,comparative_analysis,0.8301
b848fbfe82207e22,multi_source_synthesis,0.9115
7db76d9ada7950b7,factual_retrieval,0.9013
77a5106469c6ec66,source_navigation,0.8172
6a6b5bce025ca93b,definition_clarification,0.6593
5dd626179572464d,methodology_explanation,0.7262
8eec4b3fcf0237d5,document_overview,0.8716
ca0962a192d67661,factual_retrieval,0.8181
b971d3f797ba1411,source_navigation,0.7941
43da00b7a2151a7e,definition_clarification,0.8554
fc7af8eb5c200b8e,methodology_explanation,0.6151
386aac331e978ce6,trend_interpretation,0.7566
0812e3387f1bdff2,factual_retrieval,0.5714
d59f1e97ccc45445,source_navigation,0.628
87d65c2a5b4aa332,definition_clarification,0.9666
5997eacf61abdf3f,methodology_explanation,0.8916
02f92b465b519239,trend_interpretation,0.5343
5bc62983c5dad413,causal_reasoning,0.9613
bdc697865eaae946,comparative_analysis,0.9403
d773df6f9d07adb4,multi_source_synthesis,0.9487
321f4f3f190d375d,factual_retrieval,0.8897
fbe7bacc5c0706c5,source_navigation,0.8765
3a594d0063506959,definition_clarification,0.9336
1bf8a6809dbc3c91,methodology_explanation,0.8636
eb11fbaaf20b2093,trend_interpretation,0.9569
8452e21f5b37ae7c,causal_reasoning,0.8886
d8eba93053f6953a,comparative_analysis,0.9722
0f342727b159ba2a,document_overview,0.959
548cdb6eedb5be58,source_navigation,0.6628
4a85abd539e09ad7,definition_clarification,0.9746
cc6db2c6fe628520,causal_reasoning,0.8156
cee23df819cf27a7,multi_source_synthesis,0.881
46d3e1fab8ec478a,factual_retrieval,0.8796
3cc44d915f64279f,source_navigation,0.7108
f5ed1f99e41bd2bf,definition_clarification,0.955
a07fcdeaec3d2ff6,methodology_explanation,0.9165
6209de4a61f052d7,trend_interpretation,0.7968
43b9e5a87422591b,causal_reasoning,0.8876
d59fd33798c6dfb5,factual_retrieval,0.6617
3e3817f76c042ae7,source_navigation,0.5892
3342052e90941a5f,methodology_explanation,0.7497
b4e7e4c6e7de3290,source_navigation,0.5547
7750e708f1ea0234,definition_clarification,0.8003
24f8e378d5df4df0,methodology_explanation,0.8938
9c14d0b860dae9d3,document_overview,0.8078
ce48025e229c9a7c,source_navigation,0.7615
8c9d58fb91244594,methodology_explanation,0.8247
1cddf2bcae2a1578,definition_clarification,0.8663
2a99dc5b0a81403d,document_overview,0.8358
b8cd77ec63d78505,source_navigation,0.7628
71de56ec2e9f8cbb,definition_clarification,0.7824
a73ee26d2f9453e7,methodology_explanation,0.6573
d83b91aedfa1ab58,trend_interpretation,0.7314
b5a795ad68c6cce1,document_overview,0.8507
6dab062a41eae868,factual_retrieval,0.838
e7bd4d72924b410c,source_navigation,0.7544
177167b7f773655f,definition_clarification,0.8568
0366b759553d9984,methodology_explanation,0.6487
78e84e432a18d8b7,multi_source_synthesis,0.6294
f2d8e5fb8eac59cc,document_overview,0.8316
78e8e666eea5e6fa,factual_retrieval,0.7923
0a4041e94b748326,source_navigation,0.8805
fe6aa15ea4bcf3ff,definition_clarification,0.8454
00a21b069599aef6,methodology_explanation,0.7965
a7ecfde07e41aa25,document_overview,0.8109
23554ee04251d8dc,definition_clarification,0.8107
7e6c2cb2e8ab63ad,definition_clarification,0.7129
4e924898912640cd,multi_source_synthesis,0.6727
ad671af0e077f727,factual_retrieval,0.6804
87afd4a3a28f9864,source_navigation,0.6566
67e79b0f29d8d685,comparative_analysis,0.6242
ea46bf0a3c796e53,multi_source_synthesis,0.7066
dbf50cb3a23633eb,source_navigation,0.9383
ec870df0268b369e,comparative_analysis,0.6947
0ace475f156b4a3c,multi_source_synthesis,0.7107
9985c603907ea65a,factual_retrieval,0.4325
5bd66054a4354f9e,source_navigation,0.4362
54dd782dc3b0c3c2,definition_clarification,0.7592
2b81cb975e4efdac,methodology_explanation,0.6643
dc901404d7c93b9d,causal_reasoning,0.498
303d4df7172109dd,trend_interpretation,0.726
67315f2e0e7c8913,comparative_analysis,0.4776
2e4d759a8fe1599e,multi_source_synthesis,0.6488
5b55b91ae639c0c6,factual_retrieval,0.9482
853874cf4b9e77f8,source_navigation,0.9282
c2774d2af5b0cc9e,trend_interpretation,0.8551
a20e56ac7a0778c5,multi_source_synthesis,0.8587
d413dc305d0ed78e,factual_retrieval,0.9752
ac0d7d6fa8be8c06,source_navigation,0.9057
8b77c8630a48baab,trend_interpretation,0.9245
7460ce061241800c,causal_reasoning,0.7817
76733583b170aaa9,comparative_analysis,0.8091
b7499d748550c29c,multi_source_synthesis,0.8327
798c17869b9ae0da,document_overview,0.7801
25814a56d23e0fac,factual_retrieval,0.9353
6e65cd723a97e313,definition_clarification,0.8656
54f747594f2fac9a,methodology_explanation,0.8435
329a44ef17e93435,causal_reasoning,0.7181
9e31a0d91bf737ae,trend_interpretation,0.8887
bb16d1b41f59b308,causal_reasoning,0.6274
f31688a4257a038a,multi_source_synthesis,0.7208
45a5f09964332db0,source_navigation,0.5807
43fcc9f335864bb2,source_navigation,0.7126
f8f39148e9e70e74,multi_source_synthesis,0.7696
f98d356c128ee237,comparative_analysis,0.831
fd2747691afe8599,document_overview,0.754
4190faf96fa13847,factual_retrieval,0.9552
4fc915cf58abba3b,source_navigation,0.6124
7de08e7e9347b0d9,methodology_explanation,0.9498
5f9b3e7dcbb9fce0,causal_reasoning,0.9288
f731a73b53e182b0,trend_interpretation,0.9232
21d3e1060b4cec18,comparative_analysis,0.9569
503d67d46eae937c,document_overview,0.9337
8e8ff540f154acba,factual_retrieval,0.9076
37cacd00013cb222,source_navigation,0.7163
0f379ae03937e943,definition_clarification,0.7344
5de075dc5b47145a,methodology_explanation,0.9635
79e063e47f1f9cfa,trend_interpretation,0.9322
31b50e3259d7abf8,causal_reasoning,0.8649
c648ffc5828bdd8b,comparative_analysis,0.9233
bb73e3167488c48f,source_navigation,0.9077
128969ae5fbc1623,methodology_explanation,0.833
d3a0c7bf29192b1d,factual_retrieval,0.8553
86035c696e6a58ad,source_navigation,0.7512
f6351bb5c14189b1,definition_clarification,0.9673
7768df3894a084e6,methodology_explanation,0.9547
92a752f2a4f18860,trend_interpretation,0.9846
b6f32d293ad9a95d,causal_reasoning,0.9946
016992e952995468,comparative_analysis,0.8813
2572a3bfda11c808,multi_source_synthesis,0.9067
8119150cf0e45492,factual_retrieval,0.9947
347a9674940d63b8,source_navigation,0.8163
70f8507edbbc34ba,definition_clarification,0.846
e404f5c7167948b7,trend_interpretation,0.9588
245cc1002d9be2ee,causal_reasoning,0.886
9bb38845c7d42647,comparative_analysis,0.9208
5ec2a404269409d7,multi_source_synthesis,0.8422
44e1a65e5fb3e4ff,document_overview,0.8996
daa27935a14b721b,factual_retrieval,0.8651
973de6eac99118ac,source_navigation,0.7912
fd7c46839c968911,methodology_explanation,0.8103
8ee9378a3ebab549,trend_interpretation,0.5561
4debec2d1d8c1dbf,causal_reasoning,0.9273
8e2c48f4e986c90c,comparative_analysis,0.8625
53aba8d0426a0bd6,multi_source_synthesis,0.7913
b8479ef1312ecf85,document_overview,0.89
e1a11da3eb4165b8,factual_retrieval,0.9294
36a68b3c832ae4b4,source_navigation,0.475
08f8db94c4210817,definition_clarification,0.8289
dff92e113afabd92,methodology_explanation,0.9031
8f337b3c58c283bb,trend_interpretation,0.8594
e7bdf228430fdded,causal_reasoning,0.7226
c195bb7f8b4ef274,multi_source_synthesis,0.8711
a90d72982e46ffba,factual_retrieval,0.9206
72ca79c7d17c810f,definition_clarification,0.8154
8b391ca93f0defbf,trend_interpretation,0.8648
e006ba01498759e6,factual_retrieval,0.9456
e82053282d421fc7,source_navigation,0.9308
b773def4230ab0bf,definition_clarification,0.9319
36d22d5868f9eee4,methodology_explanation,0.8247
9573887e974271d7,trend_interpretation,0.8617
cc81fd765be4726e,causal_reasoning,0.9558
b99f78be5b00f185,comparative_analysis,0.938
8f634779d4336d20,multi_source_synthesis,0.8255
024e6a7bf615291e,definition_clarification,0.9329
2fc829e931934ca6,methodology_explanation,0.7501
5ce02fee18fa9982,trend_interpretation,0.8855
b51f1d93958ae2f0,comparative_analysis,0.7681
97da75c69ded2c31,source_navigation,0.7435
3a78ff8ad6b12dff,multi_source_synthesis,0.7292
b5e8f9bc84e07c22,factual_retrieval,0.8281
98e68e7e0f69e221,source_navigation,0.7711
d76050bffc9bd1ea,methodology_explanation,0.8818
e53dfbcd29cd9587,trend_interpretation,0.9031
91725fce699ce81f,causal_reasoning,0.9182
cc3c07bf225bbc29,comparative_analysis,0.9612
559a1381dc3a6bba,multi_source_synthesis,0.9443
39315e39283c1ebb,document_overview,0.9069
e132c2dbdadfcf6a,factual_retrieval,0.8839
cd169a4e4a4f544f,source_navigation,0.7416
6f5b1a6b4a6852f8,definition_clarification,0.8574
8d3b6b4d8bebd79d,methodology_explanation,0.8508
139f14fafa92204c,trend_interpretation,0.9528
67eb3bf7f9024cc1,causal_reasoning,0.8063
8f6dbf42bd9a1344,comparative_analysis,0.8621
394857169a5f5350,multi_source_synthesis,0.8793
7032a478b7a83bbd,trend_interpretation,0.3534
7ac68e928032b472,causal_reasoning,0.4352
56ac7b7a076314d9,comparative_analysis,0.3949
1e8dc9dec2488d3c,factual_retrieval,0.9743
71b1c64d1b094abb,source_navigation,0.8479
1119498b55d2d4dd,definition_clarification,0.7644
9e15a8557e9566fe,methodology_explanation,0.9117
9e168235b2bf4d34,comparative_analysis,0.8497
ef0028c863c99481,multi_source_synthesis,0.9651
6fda44796d7fa4e4,factual_retrieval,0.8992
662f69e5a5edb81b,definition_clarification,0.9326
4377141fa4a641d7,methodology_explanation,0.896
2fde5a155e7d728d,causal_reasoning,0.8353
032a93445a15b743,trend_interpretation,0.8122
52a858d2fb8c4e47,multi_source_synthesis,0.767
5de48944eaff3263,document_overview,0.8854
4013e0451c939acd,factual_retrieval,0.8959
78a5b85a40a3a5f9,source_navigation,0.4289
0d2d4f94add4734d,definition_clarification,0.9955
5e248732ff3a70f1,methodology_explanation,0.9771
38422761bbaeb612,trend_interpretation,0.919
9d64b41cdedcd477,causal_reasoning,0.8571
d2af1900686307e8,comparative_analysis,0.9158
ff3d2bd21c3bcd43,multi_source_synthesis,0.8405
59b54e2bdf3c38cf,document_overview,0.9308
c12c93d12e094c9d,factual_retrieval,0.9581
975b2e74e690907d,source_navigation,0.9546
cdc6b59de430a60a,definition_clarification,0.9744
442ba3a8f1dcb3f0,methodology_explanation,0.8025
1cd823faa29d6469,trend_interpretation,0.8855
d581dd09819a4c56,causal_reasoning,0.8986
4bf3b0d7f9e55bdf,comparative_analysis,0.9348
3da83b0fbbbca512,multi_source_synthesis,0.9226
5afe5ec75a4fd3cd,source_navigation,0.7841
313dff239745afe8,definition_clarification,0.9957
be61b33a4021bae6,methodology_explanation,0.7629
6cbdbfc0bd97d5a9,trend_interpretation,0.9077
95ab914fed3e59c4,document_overview,0.8716
9ecf6cdbf22ea88a,source_navigation,0.6648
240d41d6e832b59e,factual_retrieval,0.9736
2689e6fc5ecdc2d3,source_navigation,0.6053
c6262c9e81b84a93,definition_clarification,0.9316
b5c15e5d7ba41a82,causal_reasoning,0.6161
07e55e4766790287,factual_retrieval,0.9685
bda51b6c72248b27,definition_clarification,0.9702
10ee3f9b802dee18,methodology_explanation,0.8074
61da254e978e4a98,causal_reasoning,0.9206
3a6f349b2a8fd05f,source_navigation,0.7676
eec3f1b7732ffd87,definition_clarification,0.9546
7c2ba6e97e267f74,causal_reasoning,0.9633
61157a624c5e4ad4,multi_source_synthesis,0.9961
e5830af2a641a7ac,source_navigation,0.8227
f90a1e180e33e836,methodology_explanation,0.8392
79eb6119735467e0,factual_retrieval,0.1754
365ff0c2f6c30d5d,source_navigation,0.7621
3067aad996d6d648,comparative_analysis,0.2661
683fbc38c96f40b2,multi_source_synthesis,0.3031
460e0d5ad2f12890,methodology_explanation,0.6304
8bbdb74c9fb5d550,factual_retrieval,0.9083
51740d6dc46aa0e9,source_navigation,0.7471
c01d5f434294fffe,definition_clarification,0.8247
a286c0f7e5278934,methodology_explanation,0.6945
9645ab685f339a05,trend_interpretation,0.8393
86fa50c5c1776ea5,causal_reasoning,0.7928
07aa0791bf844571,comparative_analysis,0.9025
82fb4cd5dc870247,multi_source_synthesis,0.8056
c7364b564618f866,factual_retrieval,0.6686
f53da9acd7fa601f,source_navigation,0.3284
f9271c811a00a994,document_overview,0.9381
e8c5c361db0c0290,factual_retrieval,0.9717
0f99850026f2c2fd,source_navigation,0.7266
ed6393e30bb126e6,definition_clarification,0.8656
10e2656d88ce349f,methodology_explanation,0.7554
54de03dadc37e64d,comparative_analysis,0.9206
00da30aef80c151f,multi_source_synthesis,0.6537
7540be25cbe16fca,document_overview,0.8538
451c3cede8ecaf02,source_navigation,0.6661
cf578f4b91b6c805,methodology_explanation,0.8297
6d14137c5b44039d,trend_interpretation,0.9505
96abe5c73f2f27d2,causal_reasoning,0.8267
f41076f93c3602c6,comparative_analysis,0.8929
4121ff5041aa6434,multi_source_synthesis,0.8884
f9bcdf85b541adfb,document_overview,0.6569
8e26d607679242c0,source_navigation,0.693
01b73aa300d7444e,factual_retrieval,0.4619
f7a1da98706e53cb,factual_retrieval,0.8202
0f4e8997137609a6,factual_retrieval,0.8157
623b7ec06e7c7238,source_navigation,1.0
930b1bec8c6c41ea,definition_clarification,0.7851
ab3245b75f8730fe,methodology_explanation,0.9245
eb4f232c52df57c0,methodology_explanation,0.8278
d0b264c869f7f6cf,definition_clarification,0.9973
86ed8d99422e266f,trend_interpretation,0.6997
7fae8a637cad12fd,causal_reasoning,0.9511
0361edbbddfe7dfe,causal_reasoning,0.9148
f5388ea39d1923f8,trend_interpretation,0.9762
1cbc967f7c78c98f,comparative_analysis,0.7934
690f43d14dba17d4,comparative_analysis,0.93
423a0ec297365e70,multi_source_synthesis,0.9578
c1fa93dda436605f,document_overview,0.8854
f7b69d7c7d34afc6,factual_retrieval,1.0
2a3462caf219f7b3,source_navigation,1.0
cb00da11814457f1,factual_retrieval,0.9462
0ab51ca6f60be9a3,factual_retrieval,0.9881
98e9679fe3802348,definition_clarification,0.9449
f0e08852b423f1af,methodology_explanation,0.9204
cc129c9a24aadb6d,definition_clarification,0.8916
82ab3ac5a450a44e,methodology_explanation,0.9124
4a26fdde4ce0a98a,causal_reasoning,0.9795
26eb5744dbc58ea4,causal_reasoning,0.8785
3bb08a2d3a76394e,trend_interpretation,0.6922
f036eff05dc41f8e,trend_interpretation,0.7901
265ed7c8da1fae80,comparative_analysis,0.7649
e53fac69c8b7856f,multi_source_synthesis,0.8429
2d2e42d65a09932c,multi_source_synthesis,0.9566
1a7dba3da7916008,comparative_analysis,0.9871
81448f031ffd7172,source_navigation,0.8719
9e510ba723fc6423,factual_retrieval,0.9164
a39624fd4f99662a,definition_clarification,0.9856
fddf140700a6a5aa,methodology_explanation,0.9164
fbe85a42d37a0b6c,trend_interpretation,0.7496
c8f6aca8f2cf182f,causal_reasoning,0.8745
521776ea8a330960,multi_source_synthesis,0.7467
35c78cdcccd22e0a,document_overview,0.9249
43143ae889cdb6c0,factual_retrieval,0.8897
a7583de1eed949b9,source_navigation,0.6672
acca8f85e41e310c,factual_retrieval,0.9079
12cf5607a0bcdc63,source_navigation,0.7585
e7d76cf717024d32,definition_clarification,1.0
3c041f7c3720d601,methodology_explanation,0.9738
3e35b8ee0cda76dc,methodology_explanation,0.7281
7934dad930ba7e44,definition_clarification,0.8804
5da47026761c656f,trend_interpretation,0.8193
a5a0bd0d3f64bffd,trend_interpretation,0.9326
cd16f8ee2c82ba45,causal_reasoning,0.9059
93e5edc90ec1ba8b,causal_reasoning,0.8573
63bc283961799018,comparative_analysis,0.962
bac229520b9c53aa,multi_source_synthesis,0.9487
739f7251bfca59a7,comparative_analysis,0.8326
7e1e31b5beb69688,multi_source_synthesis,0.8727
7db3f0406c2af2d4,factual_retrieval,1.0
0849ad7958c7c6f6,source_navigation,0.7103
e9ca3040658eab67,methodology_explanation,0.9011
4ea8bee3a8724c16,definition_clarification,0.8779
abed93a7447a2c68,trend_interpretation,0.9961
e219c7a77f2faec6,causal_reasoning,0.8823
549ab28d7dab41a4,comparative_analysis,0.8956
60879c9e0e2d4add,multi_source_synthesis,0.9277
afa1cb9b07da4307,document_overview,0.9361
56e0dd9f65e3b9db,factual_retrieval,0.9727
49f751bde7f70733,source_navigation,0.8422
8d260a8c4ce6b8dd,factual_retrieval,0.8923
62e8c13eed18fa4b,factual_retrieval,0.9776
1e58096ac51bdfc0,definition_clarification,0.9665
19ebccc5158aa358,methodology_explanation,0.8891
907cbd46f2768039,methodology_explanation,0.9781
dcf3203f78f1f82e,definition_clarification,0.927
05f7a620432be65c,trend_interpretation,0.9781
5f063745ddd6390d,causal_reasoning,0.8234
27967f0fa89d0daf,causal_reasoning,0.9587
7d916321014c832d,comparative_analysis,0.8886
18774e04a7116ddc,multi_source_synthesis,0.8976
2b9d964ea82462ac,multi_source_synthesis,0.9733
4236baf99a96d9b7,document_overview,0.9523
37295ec05bde78f0,factual_retrieval,0.9664
cb526b1764753578,source_navigation,0.9122
0c45cb0f68bebed4,definition_clarification,0.8709
28874be593393884,methodology_explanation,0.836
dea1354307d98de9,trend_interpretation,0.9753
554a8b43ef5e31ac,causal_reasoning,0.8174
fd54934fa77b8f8e,comparative_analysis,0.8581
04d6131d1e0b13b0,multi_source_synthesis,0.8824
239ed27ceead31ea,document_overview,0.9894
32f7778ba6fc622f,factual_retrieval,0.9261
d80128fed8698598,factual_retrieval,0.8814
091f9c7e54012867,source_navigation,0.3885
8cc34b44d41e0cba,factual_retrieval,0.8914
81746c83fc43d44f,definition_clarification,0.9015
bb5336955db85a21,definition_clarification,0.9196
07576b9d9fb508bb,methodology_explanation,0.9879
b3cb831c6f258c22,methodology_explanation,0.9595
df790f596d67dcf5,trend_interpretation,0.9754
d7b81cf30aa3c5de,causal_reasoning,0.9716
dee1c77a53469a59,trend_interpretation,0.934
5dd6da444d5dba17,multi_source_synthesis,0.9798
6558163009f0e5b8,factual_retrieval,0.8568
1c83d3e7a622041f,source_navigation,0.5995
ccf67fdc504eb67e,definition_clarification,0.9902
95c778eb84d03dd0,methodology_explanation,0.8871
37e35cad0842719d,trend_interpretation,0.7461
9cc42f876375a042,causal_reasoning,0.8466
06bad71126984248,comparative_analysis,0.5994
5c05df30dc511176,multi_source_synthesis,0.9526
22cb64cf48571ef4,document_overview,0.969
261b58a516266047,factual_retrieval,0.53
78f0130a290bf2c5,factual_retrieval,0.8889
5d752e6e56c32642,source_navigation,0.8675
915599dd1bb7a12a,factual_retrieval,0.8959
b777f8d808fe5a0b,definition_clarification,0.8258
55db2d0bacefbb46,methodology_explanation,0.825
4edbd0034ed53882,methodology_explanation,0.8329
ad9ab73ee382cb59,definition_clarification,0.6794
4f307cf74271f824,causal_reasoning,0.9763
c9453fb2e0572169,trend_interpretation,0.9535
db481cb256c05c9b,causal_reasoning,0.843
e9d2e6b7bca7ea39,trend_interpretation,0.9541
21fcc44091e17cb9,comparative_analysis,0.7697
cb063db3239a6cbd,multi_source_synthesis,0.8735
50b1fd8f57805e55,comparative_analysis,0.9563
46048c4914979c7b,multi_source_synthesis,0.6835
9d3222d1147950a0,document_overview,0.9504
2c98ce26e83afcdd,factual_retrieval,0.9188
fb37f71386b997fc,source_navigation,0.7485
b56ab0888fcf71eb,definition_clarification,0.7335
cf81e6654a46f253,methodology_explanation,0.8683
a1c7e69867427efb,causal_reasoning,0.9253
fd57756826f94a6c,trend_interpretation,0.905
86b8bdde9493693a,comparative_analysis,0.6838
39f04791fe553140,multi_source_synthesis,0.8853
3dac312ce11baad6,document_overview,0.9249
4c8113312a720ba1,factual_retrieval,0.9532
5918a40b6f67041f,source_navigation,0.9324
df4481b54908fc2d,definition_clarification,0.6009
afef1ceac672b208,methodology_explanation,0.8699
880b995d667e831e,trend_interpretation,0.8238
5f6935bdc48beea8,comparative_analysis,0.9634
bd3da08d4ef8edb8,multi_source_synthesis,0.8682
c780fcef3c04d0dc,document_overview,0.9131
61f7823a4ffbdade,factual_retrieval,0.8862
73f77c8c6d13109b,source_navigation,0.7371
87612481ce3ea3e1,definition_clarification,0.9622
69d910ec7c8f832e,methodology_explanation,0.9223
42541fcee4d90640,trend_interpretation,0.941
e3c9af0347697436,causal_reasoning,0.9003
69ba833c58a0c0ca,comparative_analysis,0.8889
f9a4311dae222d4d,multi_source_synthesis,0.7877
e56fb6698aeed5ce,factual_retrieval,0.9792
99c369f6ab1200bd,source_navigation,0.7973
75a828922f0d673f,definition_clarification,0.9304
47557c36c1a81ad7,methodology_explanation,0.9508
e8133b8267519d3f,causal_reasoning,0.9667
74778164eece7e82,trend_interpretation,0.8926
407a9665762c4f60,comparative_analysis,0.9017
8d5108d09b27ca88,multi_source_synthesis,0.8931
b6bb40f28d5eedd3,factual_retrieval,0.9529
8b1920bcd427fe6d,source_navigation,0.5233
04ec929241f88180,definition_clarification,0.8815
75569b8566c5e18b,trend_interpretation,0.9551
82533dff0994c7ce,causal_reasoning,0.9657
e311eac19ef1fe3b,comparative_analysis,0.9379
50fd39f31be5b3e7,multi_source_synthesis,0.9652
bffda9b09b14fa45,factual_retrieval,0.9297
e28c221d4d29828e,source_navigation,0.7038
dac56d856c34ca39,definition_clarification,0.9131
1cfb8a252360ba3c,methodology_explanation,0.8391
f24449b4b009a994,trend_interpretation,0.8803
acbe78dd30650791,causal_reasoning,0.9224
9c0c101028fd3a23,comparative_analysis,0.8731
7cad5ec3341f2102,multi_source_synthesis,0.9422
b3f6c05f65ca91f1,factual_retrieval,0.9547
9ecfa6192438ae29,source_navigation,0.8569
e3892e09587f4c8c,definition_clarification,0.9432
043d4f59a62fa54d,methodology_explanation,0.779
d9a1eeac7dd05847,trend_interpretation,0.9556
e28838a02b6548e6,causal_reasoning,0.9431
42515108bc68d6c0,comparative_analysis,0.9555
211e8a43dba9db11,multi_source_synthesis,0.9542
89309eeca7e2d974,document_overview,0.9345
1bacc71058332989,definition_clarification,0.9697
5b4d2f9fab9d2838,causal_reasoning,0.9574
7d841d9a98de0455,comparative_analysis,0.8246
b111c93c78540556,factual_retrieval,0.9184
cbc6c9c6c75e201b,source_navigation,0.9926
697976021619e5fc,definition_clarification,0.5068
4196804740aea842,methodology_explanation,0.9273
b443a02caed78c6a,trend_interpretation,0.9153
45520278cb3c53c1,causal_reasoning,0.6771
740c46c4bc3060aa,comparative_analysis,0.9897
adad6b09f05aea7d,multi_source_synthesis,0.9288
e12e5a9de5ba1e5e,factual_retrieval,0.8914
6f42e69dba481efb,source_navigation,0.9643
3ed17eb06d811c8d,definition_clarification,0.7388
bb5dc887d9759fbd,methodology_explanation,0.8365
0e3f0ec923da8df6,trend_interpretation,0.9372
bf70ce7962876de9,causal_reasoning,0.7699
89c3033dece72bb7,comparative_analysis,0.9088
f1b2310e1f8b15fc,multi_source_synthesis,0.9426
76e83b3040501b84,factual_retrieval,0.9643
1b7a306315921f08,source_navigation,0.7429
062c358f0b947472,definition_clarification,0.963
62976a151310230d,methodology_explanation,0.9182
145976d3612bcd7f,trend_interpretation,0.8621
40643494851c260f,causal_reasoning,0.8782
1248750a7603f56a,multi_source_synthesis,0.8532
74bd0f8ebd251c4e,comparative_analysis,0.8796
a5af88a2bc5b3f6f,document_overview,0.9523
7ca9c9684815d68d,factual_retrieval,0.7891
1dcf9bcb9127b2a4,definition_clarification,0.9242
7db0817ea84627c8,methodology_explanation,0.8656
66219de49bc99edd,trend_interpretation,0.7657
bb6806ffb80301a5,comparative_analysis,0.7755
891e0062224452ea,multi_source_synthesis,0.8953
dc78b70e4c7dada3,factual_retrieval,0.8621
15f0785cf5e449e1,source_navigation,0.8609
01eb9f5b37c20132,definition_clarification,0.9413
5c409a07d9d3d941,methodology_explanation,0.9062
4f9b843e2defd226,causal_reasoning,0.9154
3f0857bce54aa01f,trend_interpretation,0.9216
e64ff7dec653910e,comparative_analysis,0.826
db048bd9429454b1,multi_source_synthesis,0.9448
401794db48e15337,factual_retrieval,0.9731
90123cc13747ba68,source_navigation,0.6626
41ca4c16da1375b3,definition_clarification,0.832
e27a871338b14420,methodology_explanation,0.6327
0491a7e47e8083cd,causal_reasoning,0.9831
1b860f6e172c70b5,trend_interpretation,1.0
d0990d2192cce05a,comparative_analysis,0.65
5d120b6e1262d645,factual_retrieval,0.9574
bc2b73f77fd28f43,source_navigation,0.9858
0a93ef60c2bf0292,definition_clarification,0.973
61802300d7f2eb7f,methodology_explanation,0.9594
ec2345c0b619324d,trend_interpretation,0.9495
50ebedee068508f9,causal_reasoning,0.9486
d7eff15aedefa3e6,comparative_analysis,0.9015
344010a90aec77ad,document_overview,0.8645
fc032e6356a5361a,source_navigation,0.4103
0960011195f56ac7,methodology_explanation,0.8373
c83c9f7360c5f482,trend_interpretation,0.8397
04f32e52b0f6184b,causal_reasoning,0.8511
eaccbc8e22814b09,comparative_analysis,0.893
6c29ca012abd4c58,source_navigation,0.7229
530ec0036959c170,definition_clarification,0.9728
6c317a4bb9fc0ead,methodology_explanation,0.9281
e9c5a86cc0171d0a,causal_reasoning,0.929
5ec859acf0150876,multi_source_synthesis,0.8981
27a27762223cf849,factual_retrieval,0.9125
a3f545ef3e9b1e84,source_navigation,0.7544
dd6eb8f21e671200,definition_clarification,0.9345
6d2a6d4613f2fae1,methodology_explanation,0.9407
669f2b6c2950d460,causal_reasoning,0.8428
19be8779b5c54baa,trend_interpretation,0.8544
dbb41244167c18c6,comparative_analysis,0.9209
c5e6c1ee2a9d0e50,multi_source_synthesis,0.9552
2b390ee7548ba932,factual_retrieval,0.9645
ab3d19f8309ef0da,source_navigation,0.4825
e24849cceee7a0bb,definition_clarification,0.9456
f70efdc00d54893d,methodology_explanation,0.8427
b9c80b8706d98531,causal_reasoning,0.9388
bcfea9b7cbb021c2,trend_interpretation,0.8026
ee003be91a5ef801,comparative_analysis,0.9404
0418d9d970386ed8,multi_source_synthesis,0.8648
0dab7f68562eaea7,document_overview,0.8494
052297bade61d6cb,factual_retrieval,0.9282
6d0a5eefe1d87f3b,factual_retrieval,0.9751
f3a143323a8748e4,source_navigation,0.7998
03dfb9a870632689,source_navigation,0.6713
db7143fc7ac069a8,definition_clarification,0.9927
216661154f3617ce,methodology_explanation,0.7444
a8db292069cbcc1d,definition_clarification,0.906
6a3bab9e04540838,methodology_explanation,0.8907
54f64c7469177ad2,trend_interpretation,0.9237
24412ffe46afc3bd,causal_reasoning,1.0
876629dfb34480b5,causal_reasoning,0.9583
789c69e1bd969c7f,trend_interpretation,0.999
a429e07582184ada,comparative_analysis,0.9707
d60e28859f539894,comparative_analysis,1.0
3b4a513c36a41d4e,multi_source_synthesis,0.9448
b54f1beca6187d3b,multi_source_synthesis,0.9531
12f05bbec1839d98,document_overview,0.9683
2a69371d60ad2d22,factual_retrieval,0.8765
b592020a355bf818,source_navigation,0.9222
c3cc801797bd631d,source_navigation,0.9148
c1710b570a3be95c,definition_clarification,0.5975
15b83c1cc4c3f388,methodology_explanation,0.6119
55aac842c1be4221,definition_clarification,0.8642
6f7891820b2f2d87,source_navigation,0.937
e994fada7b02e486,definition_clarification,0.8794
e7be11c3377e17b2,methodology_explanation,0.7109
717e047cfb443fa0,methodology_explanation,0.7445
c2378a6ebd7127a6,source_navigation,0.9042
e096c6e690cb501d,methodology_explanation,0.7928
6f397d497acd93b9,causal_reasoning,0.5854
5143c9ade225a917,source_navigation,0.5246
1fe9aca1e65a39c4,factual_retrieval,0.6925
005504c2e0ea082e,source_navigation,0.7894
c233ac470705c376,methodology_explanation,0.8178
91711e0e071e5ac3,methodology_explanation,0.6811
ba0ead43717a3fba,definition_clarification,0.6361
b419db7eecc139fa,trend_interpretation,0.5868
b66cb0b96ad3eff7,comparative_analysis,0.5641
7207d4d46fe9942c,multi_source_synthesis,0.5582
b6ad742f76c60563,source_navigation,0.4996
14f3a421a403d2af,definition_clarification,0.6802
07d93c3eb6141448,definition_clarification,0.5944
cb7fff7a0dd16bab,source_navigation,0.8561
2c33539cadfe171c,source_navigation,0.8279
c34fecc52f1840f9,source_navigation,0.8362
64c9b16741136136,source_navigation,0.8174
a1de774eaa76376f,definition_clarification,0.7474
091b536f600fe03d,methodology_explanation,0.6917
e9dce5796c176a62,definition_clarification,0.7815
60e11e8af570264d,methodology_explanation,0.7816
5bfcd2ca93646316,source_navigation,0.811
4eeb06228a47057a,methodology_explanation,0.6885
d09fd9d16978ebf1,factual_retrieval,1.0
9014d4b0100cca1d,factual_retrieval,0.8681
576877e477d3b3b8,factual_retrieval,0.9195
3b1aca49b2e1d3ea,source_navigation,0.7606
a5c670f75ded53e4,definition_clarification,0.9276
bbe5b6b071a83b7d,methodology_explanation,0.9843
ee50cbf58531e6b6,definition_clarification,0.8823
8e96f0fe01654152,methodology_explanation,0.9022
14b96c95fe564111,trend_interpretation,0.9942
52c097d4ffcf1346,causal_reasoning,0.9531
02693b68c6854f52,trend_interpretation,0.8989
9e1b030ef49899dd,causal_reasoning,0.8093
cee72a8b361272e1,comparative_analysis,0.9781
fa4f3b430e307c48,comparative_analysis,0.9853
6290a51fdc18b176,multi_source_synthesis,0.9642
26cb3f9f09cbe05e,document_overview,0.972
6aabd9f991ac3368,source_navigation,0.8746
b151603d74308bee,factual_retrieval,0.9723
3ac2977b19af6c2a,factual_retrieval,0.9952
baf8d7ee0ad26ce9,source_navigation,0.048
f8dd49e9bf5672a9,methodology_explanation,0.9244
e3b547c0c58a5bbd,definition_clarification,0.9317
d1520ace7a4343b0,methodology_explanation,0.8368
456df75a1ea5c289,trend_interpretation,0.9096
114c471135f2a5d1,trend_interpretation,0.9812
a0497963413b5e9d,causal_reasoning,0.9578
e30c9b312bc6a87b,causal_reasoning,0.9676
edc01b3b87014333,comparative_analysis,0.9666
70eae0ad20f7ec5e,multi_source_synthesis,0.9151
c33e7daadd9760d6,comparative_analysis,0.9051
df8e29b64058fd8a,multi_source_synthesis,0.9135
32319b815203ef69,document_overview,0.9017
d4acc1db8d642c7d,factual_retrieval,0.8894
8ee9ec0b8b256ec3,factual_retrieval,0.9672
27557b6c63dfbef5,source_navigation,0.598
d913b37431e174a4,definition_clarification,0.9631
e50202c82da2a8cf,methodology_explanation,0.7082
8652da0711ad7079,methodology_explanation,0.9485
5f4e923bafd0ad6b,causal_reasoning,0.9829
34d5e2b572d4f9fb,trend_interpretation,0.906
f25cd7525b5dd88c,trend_interpretation,0.9753
f0740af19fafa1c2,causal_reasoning,0.961
149468c030a9140d,document_overview,0.949
0ab7a9d4703dd769,factual_retrieval,0.9164
56edc1b9f4de4839,source_navigation,0.3653
0eaf0b2bf4fb4a66,definition_clarification,1.0
c82f8dedf0c3065e,methodology_explanation,0.6401
afb3807146e09fdd,trend_interpretation,0.8709
6b66f5af3e683278,causal_reasoning,0.8132
df0df1672d7fc2e5,comparative_analysis,0.9465
505ddb5497940533,multi_source_synthesis,0.94
aca6c115ad83f67c,document_overview,0.9773
62facc277dd368d6,factual_retrieval,0.9131
e6e187963e58c020,factual_retrieval,0.9507
486ddee7876a9cd5,factual_retrieval,0.9938
15ee8a2ee8d9c2cd,source_navigation,0.7468
3a8463bf6b6c1cbe,definition_clarification,1.0
a9a2f5b6f0644a69,definition_clarification,1.0
edf1e9511b8ebb6f,definition_clarification,0.9564
580eba2e1c4bb678,methodology_explanation,0.9833
8d481340561a9dec,causal_reasoning,0.8798
3ea004c4f43370e9,trend_interpretation,0.951
3a8fa8e55a9ab9f0,causal_reasoning,0.9347
3218cb9c344cae4f,causal_reasoning,0.8455
dee920f04f74323a,comparative_analysis,0.8593
592b24acc2f6c95e,comparative_analysis,0.9924
3a501d661ef4d7e8,multi_source_synthesis,0.9713
9d0e063558b6d64c,multi_source_synthesis,0.8623
121c7d7fdcd911aa,document_overview,0.8581
31d98b7e4f62441f,factual_retrieval,0.8714
2be39af5c6ffbedd,source_navigation,0.5764
b54482495464befb,definition_clarification,0.9782
59728756f3d95fa6,methodology_explanation,0.8601
2605149a410dfe8a,causal_reasoning,0.9813
267caec0b7260254,trend_interpretation,0.8565
e0ed1a873e449601,comparative_analysis,0.9954
bba6a56fda6b8f77,multi_source_synthesis,0.9255
e355d4e5f95486bf,document_overview,0.9573
5c9636f45e0e1a67,source_navigation,0.9027
d8ebb8d96796192d,factual_retrieval,1.0
f8a28e9894669714,source_navigation,0.5998
f7b272f07fedb5b9,definition_clarification,0.9965
2078f8d682fbea52,methodology_explanation,0.8316
4c0401458d274bb1,definition_clarification,0.9166
08ae77669a9e35bb,trend_interpretation,0.8927
fab10e09812ecc5a,trend_interpretation,0.9321
956ec6a13c0d169f,causal_reasoning,0.9546
4fae2f2cba2d2b97,causal_reasoning,0.9853
2d735941151520e5,comparative_analysis,0.9122
52e7cecb7db582af,multi_source_synthesis,0.9663
1d473a1b43ea05c0,factual_retrieval,0.8435
f97241a5f1c3dac6,source_navigation,0.4741
61b3dc68b507cf32,definition_clarification,0.8834
3379c24f05b5b4be,methodology_explanation,0.535
cc08b9ab32a0ed98,causal_reasoning,0.8759
a49280cdb77742fb,causal_reasoning,0.772
b2dd842cc299bacb,comparative_analysis,0.9311
e5cbee636e491571,multi_source_synthesis,0.7987
b182348357dd1ad8,document_overview,0.9206
a9a85315e0d9c030,factual_retrieval,0.8326
eb4b290dd9046a9b,factual_retrieval,0.6514
794260ba54c11480,source_navigation,0.8846
598ef6e3f83aae4a,definition_clarification,0.9507
eedc73e12073464a,methodology_explanation,0.9511
13839524b5536179,definition_clarification,0.9497
b2908290a64bfee5,trend_interpretation,0.9934
fb0f6631527c0782,causal_reasoning,0.8481
cc316e63ea8f8a96,causal_reasoning,0.9281
39a7d42c63f8443b,comparative_analysis,0.8934
1af97dfa31e70a72,multi_source_synthesis,0.8828
f5099373d6de5076,comparative_analysis,0.8197
3c4ff4d4fcf26839,multi_source_synthesis,0.9489
86ddcc88ffac6446,factual_retrieval,0.9555
ce4dff08d4f32d39,definition_clarification,0.9889
29d160eaf1c9b01e,methodology_explanation,0.9414
e73bcd035b19a131,causal_reasoning,0.9379
718046331b1d6627,comparative_analysis,0.9596
169fc0bcd043351a,multi_source_synthesis,0.9122
adb5464719bc299f,factual_retrieval,0.9687
3d624471cb9ff7ff,definition_clarification,1.0
6a3a297ac92870b6,trend_interpretation,0.9935
01cc6d653f8882b5,causal_reasoning,0.9867
5f5f90754d4ade7e,comparative_analysis,0.92
e92ce9d9d41f289e,multi_source_synthesis,0.9549
b7eae89be6dd9dbd,factual_retrieval,0.947
0e7d3bf6894dd984,source_navigation,0.9393
a299c8cd4421e295,methodology_explanation,0.8158
4632c0c05c71c64a,trend_interpretation,0.9477
94d535fc0e86c345,causal_reasoning,0.6592
b5059a1452d3e771,comparative_analysis,0.9386
56687041c79f8a97,multi_source_synthesis,0.8459
db932170e28917e0,factual_retrieval,0.9882
3b1cd55620a25551,source_navigation,0.5595
6e8c98ba10d06ff9,definition_clarification,0.6473
2e567c69097d747a,methodology_explanation,0.7963
b81d5fae07971d7b,trend_interpretation,0.9896
d3521b1bee15acc9,causal_reasoning,0.8471
d51364f7c5b3dbf1,comparative_analysis,0.9548
4f94c41a61cbe36f,multi_source_synthesis,0.8771
eaface8ef911cd54,document_overview,0.8762
5a25078435a43e04,source_navigation,0.8856
0e8f3b6994956349,factual_retrieval,0.8823
4b6c89910c6620b2,comparative_analysis,0.4868
a685b7f5712b8da4,multi_source_synthesis,0.817
66f0bb848b916ac7,document_overview,0.852
29d929e9f382b3e7,factual_retrieval,0.8752
b09da77833c9df4a,source_navigation,0.4293
23db8f28797cf434,definition_clarification,0.997
c2bebdf50beaff29,methodology_explanation,0.9761
e95e75a2fb1a8f60,causal_reasoning,0.8698
d913848295b0269b,multi_source_synthesis,0.9386
cfeef6789cb7526c,document_overview,0.9153
fb4955813075efdf,source_navigation,0.6696
1c11a11bc804cd0d,document_overview,0.7033
c3e53bcd25984884,factual_retrieval,1.0
cc58b85c6cb01558,source_navigation,0.7305
e668849cb0e4cf10,definition_clarification,0.8626
ea8f5b9927ddc49b,methodology_explanation,0.9716
ab6245b36ebb3cfc,trend_interpretation,0.8186
9f8966c356c72e5e,causal_reasoning,0.9638
1e62d4b8723ac355,comparative_analysis,0.8474
bf01a1e3c50f48d5,factual_retrieval,0.8772
f3b8300780cc1b99,definition_clarification,0.9277
e49c956cf7e781e0,trend_interpretation,0.9151
207ab5fee89f0378,causal_reasoning,0.8828
a055847debed2bef,comparative_analysis,0.8444
9a1dec78d41f6032,factual_retrieval,0.9962
efd5f4901b1c6471,source_navigation,0.5434
ab682ca7ecd31ab6,definition_clarification,0.9786
c9509b20523bef4e,methodology_explanation,0.9809
d8e27c0a9cbe90df,causal_reasoning,0.9636
5f45f3cbea0469a2,trend_interpretation,0.9709
fca388914a1cbbe5,comparative_analysis,0.8101
afcffc51f875d73d,multi_source_synthesis,0.7874
2ab2f306855afb49,document_overview,0.8731
ff24ea4f607fc28e,factual_retrieval,0.7514
612311992f4977a9,source_navigation,0.6033
4a384c2ea700fb75,definition_clarification,0.9695
3eb6397d3d4e1d41,methodology_explanation,0.7884
a1fbfbb2f60bbcdc,trend_interpretation,0.9388
06ca96fe2b7120c4,causal_reasoning,0.8931
6441736d96584ed6,comparative_analysis,0.8166
34ef0265286a0f59,multi_source_synthesis,0.8795
6f33486fa27658ec,document_overview,0.929
15afcba8d8295edd,factual_retrieval,0.9594
f011878809009058,source_navigation,0.8038
d25a1cf1d7dad300,definition_clarification,0.9933
c769358faaa9f000,methodology_explanation,0.9326
a9a8d8dee6318fa0,trend_interpretation,0.8431
784ba4121d9aac2e,comparative_analysis,0.6866
d517487323ceaffa,multi_source_synthesis,0.8332
81047c398dadddda,document_overview,0.9752
772395148bdda1dd,factual_retrieval,1.0
081bffe609bdbad8,source_navigation,0.7901
d86c93713f90b483,definition_clarification,0.7385
cebfda0809eeedbb,methodology_explanation,0.8772
16a37fd14e6cebd0,trend_interpretation,0.9581
11b51be3f9706ca6,causal_reasoning,0.9477
f72f7094e01d2cc9,comparative_analysis,0.9767
7ec9ac60b5eb2878,multi_source_synthesis,0.9226
9ea18d83fabe4bf9,document_overview,0.9354
b6d601f258dd56e3,factual_retrieval,0.9735
75dd416c115ccd90,source_navigation,0.7627
899a3830a52e1a5a,definition_clarification,0.8627
748f70d1396d8728,methodology_explanation,0.9121
15837072026078f8,trend_interpretation,0.9275
4da232548230e688,causal_reasoning,0.9179
601a40adb5461465,comparative_analysis,0.8651
5b6c0f7fae822434,multi_source_synthesis,0.8966
3e7af9e72a72d85b,document_overview,0.9466
36786cf499dda7e4,factual_retrieval,0.985
07308980bfa42b87,factual_retrieval,0.9517
a7c56ddb198d6c08,source_navigation,0.918
af6eda667b246ac6,methodology_explanation,0.7833
c42f02462eeb21ad,definition_clarification,0.92
6587aeb082bf7070,definition_clarification,0.8834
acb896658c91369b,trend_interpretation,0.9643
aced3127c06604f3,trend_interpretation,0.9808
ed083c133fb9e67c,causal_reasoning,0.919
a0f5d262d62ebcbf,comparative_analysis,0.8947
e5e3753d149ba089,comparative_analysis,0.9652
73f168b597004603,multi_source_synthesis,0.93
d36fa94ca24b656e,multi_source_synthesis,0.9265
02d146bea19fd159,document_overview,0.9486
586dd98145167a79,factual_retrieval,0.9633
122ccefd9c178ff8,factual_retrieval,0.9489
74cf3af252b34bf6,factual_retrieval,0.8778
6932ff17eaeedea8,definition_clarification,0.8685
7f4938d5762b9502,methodology_explanation,0.7985
3364d9b986332760,trend_interpretation,0.975
cdda6c0c8e08c8df,trend_interpretation,0.7759
88691f3bd8f86096,causal_reasoning,0.91
45b2d092b3e57e4c,comparative_analysis,0.8765
f59147491f16fd99,comparative_analysis,0.8698
0a2b113d5944d064,multi_source_synthesis,0.6919
42d09ce849860f86,factual_retrieval,0.7997
bef6979321b6f401,source_navigation,0.5104
12d6dd05030bd6b9,definition_clarification,0.8471
40e3b8d6cdaa9fce,methodology_explanation,0.7896
5f621f0f5ccb0967,trend_interpretation,0.9639
eb545ea86c05c2ee,comparative_analysis,0.9416
dbc13bf58a37926c,multi_source_synthesis,0.9113
8ba0941ffbd74a67,document_overview,0.8936
df705af2a1df056c,source_navigation,0.6727
c6181d0a0fda1766,source_navigation,0.6001
2b0ce51ae3f88dd1,comparative_analysis,0.8485
b5a3ac72814755cb,comparative_analysis,0.846
1187eee0292571d7,document_overview,0.8525
9b08882fbe687030,source_navigation,0.9011
be0f715f0804b7b7,definition_clarification,0.8181
3357642d14f4627c,methodology_explanation,0.875
a7d81c5e2be7098c,comparative_analysis,0.8737
54f76c1ad8f19994,multi_source_synthesis,0.8747
192ea343a9f516e4,document_overview,0.8778
24a6df8089f83be5,factual_retrieval,0.9691
6b9fcc6f74808758,factual_retrieval,0.9085
65793dd99ed7d8e9,source_navigation,0.5458
18344ca952c8a9fa,methodology_explanation,0.8454
84b592f7093de248,definition_clarification,0.8236
17459e9731a29d5e,definition_clarification,0.7817
fbc09755584bdf19,trend_interpretation,0.8016
9c1437fdcf944197,causal_reasoning,0.863
2151928cd574a6c3,definition_clarification,0.8675
f91dabfd643a18b3,methodology_explanation,0.7909
9c21b8b86a913c57,factual_retrieval,0.9719
adaaae40c98e0828,source_navigation,0.8045
bc6b864132d17f38,definition_clarification,1.0
bb551b8626b2a42c,methodology_explanation,0.9459
23ca9fcfef7e3610,trend_interpretation,0.9675
125111ed84fc2898,causal_reasoning,0.8081
6726b6960cc23ede,comparative_analysis,0.9975
3f4ad6e0540635f7,multi_source_synthesis,0.8895
e50b45359c6181f7,document_overview,0.9031
08c8e684d1e2d8d4,factual_retrieval,0.9314
1d0ea3def8711141,source_navigation,0.9736
2f808cec441eee42,methodology_explanation,1.0
b40b67f8ffb4512e,trend_interpretation,0.9736
0f2a93f08e77e603,comparative_analysis,0.9346
94d139f0bf54e279,factual_retrieval,0.8961
e6fc2899fc4fefc7,source_navigation,0.7752
ff4563f27feaa261,methodology_explanation,0.9301
453b53df9e128538,trend_interpretation,0.8776
c4d6e597b0ab9f99,comparative_analysis,0.8261
3f2d44e956f88230,factual_retrieval,0.9566
80e32014c4588dc5,source_navigation,0.5073
68ae2695a6b48bb5,definition_clarification,0.8589
ff1472a5c6cd5877,methodology_explanation,0.9127
d91c1275d5c75576,causal_reasoning,0.907
4aab90f2a0391a40,trend_interpretation,0.9061
8d40e670378e1350,comparative_analysis,0.8112
a24a991628544702,multi_source_synthesis,0.9757
78f232658a67a2ad,factual_retrieval,0.9584
a573cf10b7191750,source_navigation,0.6288
4c98b36dfce793d5,definition_clarification,0.8752
f1ce3d574393dabc,methodology_explanation,0.7861
ceab7ef342cb592c,causal_reasoning,0.9274
3ed62d5f512ae77c,trend_interpretation,0.9404
e7061c82d56676ab,multi_source_synthesis,0.9369
0153c35d467075f6,document_overview,0.9428
b37e232dc2eaff7a,factual_retrieval,1.0
8bd5deac487e7d06,source_navigation,0.7462
2c5f5bbbf4a2716a,definition_clarification,0.966
7c3ad03a4da37480,methodology_explanation,0.8816
22c713962b2a7515,trend_interpretation,0.9966
669f6265a63736e9,causal_reasoning,0.9196
5d4580796e5ebb68,comparative_analysis,0.8661
42cc4c9c490e2b3f,multi_source_synthesis,0.9365
cbca4e8af210eb96,document_overview,0.9428
704afff532e8ce57,factual_retrieval,0.5758
665724de1652674c,source_navigation,0.7133
ca8b815625a57f3f,definition_clarification,0.9846
b0a79dbb8363c263,methodology_explanation,0.9834
aeeaefe65b08840c,causal_reasoning,0.9164
a21930eadd86345a,trend_interpretation,0.9317
ca6f697dfb656b59,comparative_analysis,0.9115
dc1629db6645deed,multi_source_synthesis,0.9415
dde5bb2a7876abcb,document_overview,0.9907
48674509c82d9df2,factual_retrieval,0.8126
321c16eeeeba0053,factual_retrieval,0.8944
10fdb8bb51445326,source_navigation,0.9825
49b55e8f43001afe,methodology_explanation,0.9326
90a6df19641766fc,definition_clarification,0.9218
5b1ae1acdd99d3de,trend_interpretation,0.9794
1fcebcdb326ebb1d,causal_reasoning,0.9298
ce231c700c64162d,comparative_analysis,0.8992
5dd8df2b9c27cddf,multi_source_synthesis,0.9364
3f3893583bee65ef,document_overview,0.9474
a215115129f77cd6,factual_retrieval,0.5265
38fd0aaf98e2ed4b,source_navigation,0.459
cc1a2dddce8ee446,definition_clarification,0.8263
61d0d82270ededbc,methodology_explanation,0.9369
7fcbc6308f6e3868,trend_interpretation,0.6188
99f97123912b4fab,causal_reasoning,0.8286
40411a78abf97299,comparative_analysis,0.7356
e10be2f33563e183,multi_source_synthesis,0.786
91981dd6d19eb129,document_overview,0.8583
a4b2a1ed03f45ee4,factual_retrieval,0.9567
99d9c177c1bfa686,source_navigation,0.4904
0255e688ae3f0909,definition_clarification,0.8598
d67aa9e0357c190c,methodology_explanation,0.8609
728f5dcaeb124efd,trend_interpretation,0.8441
0e938b347d07ac46,causal_reasoning,0.7871
fef1b08de3d4ed5a,comparative_analysis,0.9818
21337aaabf9c1bfe,multi_source_synthesis,0.9226
e285ca8a47ffcc1f,document_overview,0.8897
419fe02360cb77ea,factual_retrieval,0.9529
fbb11b3a745a34fb,source_navigation,0.9028
04c4c130a6c18b39,definition_clarification,0.9442
95c6a31f69b6fdad,methodology_explanation,0.8719
a8610739b2ec63fc,trend_interpretation,0.8644
4f8bfd55d47ea286,causal_reasoning,0.5256
6b65aa40fc81cc33,comparative_analysis,0.9594
04bd7218d4f83a33,multi_source_synthesis,0.6851
cdb61a7717500c61,document_overview,0.9675
c2cec82a90651bdb,factual_retrieval,0.9849
2ceb5bd49d8908af,source_navigation,0.6697
1e7f089d29e18a34,definition_clarification,0.9838
4310b8987c59bd6b,methodology_explanation,0.7722
15cc35a9200cac48,causal_reasoning,0.9182
4b03dd60c6a17b1e,trend_interpretation,0.7866
4b74eeaba5b1a68a,comparative_analysis,0.9449
364e253fa213d922,multi_source_synthesis,0.9562
bdf9c105bb86601e,document_overview,0.9565
c5fdcae343224074,factual_retrieval,1.0
de6c723ed9c1a5ec,source_navigation,0.3024
9cca9116c6b325ba,definition_clarification,0.9411
07f0f9ea0396783f,methodology_explanation,0.758
8bf26901cd50ec19,causal_reasoning,0.9353
12d09c55e49ce942,trend_interpretation,0.9453
94aaceff014a23d2,comparative_analysis,0.9112
c815c71fbde48eee,multi_source_synthesis,0.9341
09cd769cbcc9bea8,document_overview,0.9076
9453d71323a07c84,factual_retrieval,0.9807
a7485b83eb8bd3cd,source_navigation,0.8057
1253c28766474f93,definition_clarification,0.9733
1c42791158831b88,methodology_explanation,0.9225
99f102e5daba4ea3,trend_interpretation,0.936
345929ca1b10bbfc,causal_reasoning,0.8721
c08a510192d21cc3,comparative_analysis,0.9702
92afade39b911de0,multi_source_synthesis,0.9309
be0127dcce8b7b39,document_overview,0.9581
aed827fb69f9579e,factual_retrieval,0.9982
1bc821a49390e505,source_navigation,0.784
77ff2d0ffb6990fb,definition_clarification,0.9814
fea53ef7c8db934d,methodology_explanation,0.8686
9f7a493610b905c9,trend_interpretation,0.9615
5cb0bc79598a8d67,causal_reasoning,0.9705
3661822e92091f49,comparative_analysis,0.9019
eb4ed4e2e02f2d76,multi_source_synthesis,0.8412
f52df20e48b04ffa,document_overview,0.9476
72a209405650baa3,factual_retrieval,0.9458
dd7d607935adec61,source_navigation,0.5875
ad33c0d05187ee9a,definition_clarification,0.9099
ec87d81df5b78411,methodology_explanation,0.9283
266a1643736af43f,causal_reasoning,0.8935
e5b8776fbe012a83,trend_interpretation,0.8744
76341258b6d50c0f,multi_source_synthesis,0.9169
56927cb5275c9ba1,comparative_analysis,0.7828
b26dfa6ca47c7561,document_overview,0.9186
0906e3e4c8b8b435,source_navigation,0.7433
759f069dc21d1167,definition_clarification,0.4815
79cea3216c2da4b4,definition_clarification,0.6606
050dd87bf96080d6,causal_reasoning,0.6577
8d0a7d2d543e526a,factual_retrieval,1.0
9f057928575dc15a,source_navigation,0.7299
aa30092d10ebbc84,factual_retrieval,0.9973
db2c2217d72d2993,source_navigation,0.8909
9b2d4d6a9f4096c5,definition_clarification,1.0
2440d38ac324c371,definition_clarification,0.8657
ad731e27204e7926,methodology_explanation,0.9654
1e4187533461ffc3,causal_reasoning,0.8552
92b7afb159355099,causal_reasoning,0.8384
a6cbdc52f766b6cb,trend_interpretation,0.9241
5632eb67cd6a036e,causal_reasoning,0.9581
25af4670653fecbd,comparative_analysis,0.8865
51dcfb2edc142b63,multi_source_synthesis,0.8577
4064d03379c28e74,comparative_analysis,0.9462
44ceb73b26b5fce6,multi_source_synthesis,0.9365
2a54559f9e6292d4,document_overview,0.9932
49dbd464a77504e2,factual_retrieval,0.9548
43b28e7d7f7715cc,source_navigation,0.8581
69daad2cb97894a5,definition_clarification,0.9738
91ac536f02a3170d,methodology_explanation,0.8102
aa9cbb305484ce02,causal_reasoning,0.9933
43b92e698b5e454c,trend_interpretation,0.9639
6e464fa9e965655d,comparative_analysis,0.9075
bd2a6f541d140b0e,multi_source_synthesis,0.9017
9405722db9b50a85,factual_retrieval,0.8885
7f5d6f61f2665c31,factual_retrieval,0.7907
15ffae96c7c22a7b,factual_retrieval,0.8026
15c7d741fea1e981,source_navigation,0.6433
7a0fcad827a92b0e,methodology_explanation,0.9806
6b9b787a979627c1,methodology_explanation,0.8957
2928fb67a48f8c40,definition_clarification,0.9675
252fbb814ac67b07,trend_interpretation,0.9308
cc7650cef8680b14,trend_interpretation,0.8399
708dc8094bb9f5f6,causal_reasoning,0.8567
85095b8a22a8c1bc,comparative_analysis,0.8581
8ef76729fcd010d5,multi_source_synthesis,0.923
b2c13da4be54f80d,comparative_analysis,0.847
a5951d13215954f3,multi_source_synthesis,0.8879
ddbdc1a8e7278c41,source_navigation,0.7755
a2f011f3f47394fd,factual_retrieval,0.9563
43cc08d8a90f71e0,source_navigation,0.7478
26145425dcaefb55,factual_retrieval,0.9133
78986a173b64b9ca,definition_clarification,0.9487
828c0b92dfa5c304,definition_clarification,0.9545
c23b1046fc697b0c,methodology_explanation,0.9439
f9649ed948dee71d,methodology_explanation,0.9429
45979ca00af16ea6,trend_interpretation,0.8549
d123c1eac0bac89c,trend_interpretation,0.9696
070bff6244e082f2,causal_reasoning,0.9852
7f9fabd39123debc,causal_reasoning,0.9804
e92994c895ff1562,comparative_analysis,0.8339
709d74976744f8c7,comparative_analysis,0.8367
c1325597088d04c1,document_overview,0.8832
9f60d9483ea7f693,factual_retrieval,0.9824
cabdf8d3d13fecc3,source_navigation,0.943
ff299f9ffe1d1751,definition_clarification,0.7783
5dbddbfc0b68318b,causal_reasoning,0.9735
c3f2364121f94605,factual_retrieval,0.9991
420a0477e3f01bc1,factual_retrieval,0.9985
353991df00c3df42,source_navigation,0.8467
e5fe66083b9b3ca4,source_navigation,0.4778
76e61d0b4bbef5a7,definition_clarification,0.9291
7cd3b51643441ead,methodology_explanation,0.978
9abe62d99ce9ded9,methodology_explanation,0.8485
dbc0c6a886608b7a,definition_clarification,0.8966
1e45ab2d39d85b1f,trend_interpretation,0.9663
e41ef14403d1b1fc,trend_interpretation,0.9779
6fe1b623a7795b0c,trend_interpretation,0.9031
afd8edf800f1782c,causal_reasoning,0.8785
c8d24f73c8a4a954,multi_source_synthesis,0.9476
2f549b4e0ec7593b,comparative_analysis,0.819
60ee5163ae6db569,multi_source_synthesis,0.8744
b52d9672b533b64d,factual_retrieval,0.9195
abe6964d9f753c46,source_navigation,0.7718
13b1672dadba0de3,factual_retrieval,0.9906
2a11a85944d43883,source_navigation,0.7692
fd06c6cc650e5f2a,definition_clarification,1.0
55f1d08b96d9c57b,definition_clarification,0.9906
8c7e2105cce5b2c0,methodology_explanation,0.9908
6d0a9f76c52b693d,methodology_explanation,0.9111
248c253808d56d7b,causal_reasoning,0.894
ea820d6809cf694a,causal_reasoning,0.9237
206793aeeac6ee31,trend_interpretation,0.8445
5815965e02d8f3c1,causal_reasoning,0.9053
da4748a025c81310,comparative_analysis,0.9499
982a9c0ed61351a8,comparative_analysis,0.9889
c3519ffded3dc3d4,multi_source_synthesis,0.9036
43960fa36fb8c7fa,multi_source_synthesis,0.9252
52769ef4bd065ab5,source_navigation,0.8551
9e0da98d3a914438,methodology_explanation,0.3359
919738e6f6c3c509,causal_reasoning,0.4367
5488c3e70722a013,multi_source_synthesis,0.5444
15f2342f6bdfacc4,factual_retrieval,1.0
574b6aeda8f2a531,source_navigation,0.6479
424bae072e951397,definition_clarification,0.9084
320c62274f488bd0,methodology_explanation,0.7857
2a7412c4580c78d6,causal_reasoning,0.8741
95ca275e7844dcf9,trend_interpretation,0.8288
02ea48e1e556e8f0,comparative_analysis,0.9552
c83f3b7240a1cbd3,multi_source_synthesis,0.7408
5ecf4db6c7b86fcf,document_overview,0.951
6370a1bf4ec09b8a,factual_retrieval,0.8836
a052aa0f9d94c286,trend_interpretation,0.7853
440f00217d9e6f6c,comparative_analysis,0.8559
d511d55c50b22234,factual_retrieval,0.9554
ab940748b1534f21,source_navigation,0.9386
683b5cb2bfb58d16,methodology_explanation,0.9434
fa2ceb174e3d938f,definition_clarification,0.8
3b79d4dc3cb2becb,causal_reasoning,0.9061
e8cf7c23d5caea70,trend_interpretation,0.958
8f8d29f3685b1a20,comparative_analysis,0.9545
a442dd4741c1bdb8,document_overview,0.9341
c2b2ed93dc5b44bc,definition_clarification,0.7535
e237115c482461e5,methodology_explanation,0.819
2cf06baca58665cc,causal_reasoning,0.8301
8fddc7f836cd53f2,multi_source_synthesis,0.8497
8f6460a260edfb94,factual_retrieval,0.9639
f23f8c386a008974,source_navigation,0.7735
2b0fa4936f2649e0,definition_clarification,0.9819
c161834f3e43e9d6,methodology_explanation,0.9219
460bff9d962c62a3,trend_interpretation,0.9592
07b43ac7111ba5ff,causal_reasoning,0.9547
083ff49215eaf80c,comparative_analysis,0.9122
4f950e9364efd469,multi_source_synthesis,0.8877
1445193e847a9ec2,factual_retrieval,0.954
3a1a3876ef3c5ffb,source_navigation,0.828
3ab5883ce87286b0,definition_clarification,0.9847
a8687e48417dbebe,causal_reasoning,0.9388
dc2dc18f2d915a3b,trend_interpretation,0.9052
75eb1b971ea42d78,comparative_analysis,0.81
662b1341531e49dc,document_overview,0.8701
57230e03312400d2,source_navigation,0.762
f85ba7dc6672bffd,methodology_explanation,0.7884
729dff32cf4bf0f8,definition_clarification,0.9677
c40fc875936ef591,trend_interpretation,0.9218
f12838d01065db25,causal_reasoning,0.9164
d911755acfb7796e,comparative_analysis,0.8541
522224c4ee89d354,multi_source_synthesis,0.8587
6554adffb1b30e1e,document_overview,0.9483
86a5b0cd568b684a,factual_retrieval,0.969
e6045723b2123f55,source_navigation,0.6709
ef80a095ad6ad53c,definition_clarification,0.9779
6c52e7eed4c7237b,methodology_explanation,0.9787
7447864da55ee3c7,causal_reasoning,0.9194
5c539556ffd51bfb,causal_reasoning,0.988
12eb211042e57bca,document_overview,0.9301
0b3d73ccd82d3935,factual_retrieval,0.9747
0d4395c954b29b19,source_navigation,0.981
b0e8a1e1865ee3a5,definition_clarification,1.0
cd6044a3b94ebfa3,methodology_explanation,0.6398
9dfda64337b50e2b,causal_reasoning,0.9019
5735b5827ad6d177,multi_source_synthesis,0.7951
6de98363aa7b4a58,definition_clarification,0.4181
e86aea93b14806a8,methodology_explanation,0.8156
e18260e973c8c894,source_navigation,0.8201
5ef71f64eba7994d,definition_clarification,0.5694
12b934b04fb5c5d4,causal_reasoning,0.7756
e8ca00c0c857453a,multi_source_synthesis,0.6031
ff56be50ae2eaad3,factual_retrieval,0.678
ee34f04f54fa0e83,source_navigation,0.5071
4865c7353098e789,definition_clarification,0.9854
1568ee6e539731f2,methodology_explanation,0.9625
2872101796ae8cc0,causal_reasoning,0.8065
c82350e3471aa657,trend_interpretation,0.931
7af3348c46ef108c,comparative_analysis,0.9133
9249d6fcf53a8fcf,multi_source_synthesis,0.8919
85075425693be478,document_overview,0.8308
7a7daf81dc8425b2,factual_retrieval,0.9643
59084024c3db0e53,source_navigation,0.5742
efcb422674ba8351,definition_clarification,0.972
e3c85907b31b954a,methodology_explanation,0.7788
9a0045e26ee41a04,trend_interpretation,0.8803
656d524ee0d2b34a,causal_reasoning,0.8391
7bc9c5c33e5f2a20,comparative_analysis,0.9396
ea24332edf3cb270,multi_source_synthesis,0.8893
dde34b19466108ed,document_overview,0.8881
5bbd29727a84a149,factual_retrieval,0.9983
54d6dcad576eec33,source_navigation,0.5904
553d594721175df4,definition_clarification,0.9662
c1638738e087e900,methodology_explanation,0.9914
f2608bfdcdb9a082,trend_interpretation,0.9914
e9b621d9e8e03d3d,causal_reasoning,0.8661
d75338f49e7c73c4,comparative_analysis,0.9276
54c79a3acbf8b0e3,multi_source_synthesis,0.8335
6c5753521a5fe96a,document_overview,0.9752
a579ea0f566fcb96,factual_retrieval,0.977
c408e92f02dbb9ce,source_navigation,0.5883
8de8f1a4ed10aafd,definition_clarification,0.9887
b09b15e3fe86982e,methodology_explanation,0.9801
ac633dccbaad0c5e,causal_reasoning,0.8086
c0399ee0ad5c1cf3,trend_interpretation,0.8629
30a89102f2f48c88,comparative_analysis,0.9295
555bbcfbff182f73,multi_source_synthesis,0.8237
b846401b6b64865c,document_overview,0.9654
93dfbaa6fc49b718,source_navigation,0.8384
7da96971dd613279,definition_clarification,0.6887
3645910576e04fe0,trend_interpretation,0.5101
2423fbfadaebdf07,causal_reasoning,0.5115
e9030f5b4747f0f0,factual_retrieval,0.9539
7c9d1d9680c49dc1,factual_retrieval,0.9446
748196d01a7903a1,source_navigation,0.8225
70d3cca82ecb2bf6,factual_retrieval,0.982
416d4136f42f635a,definition_clarification,0.7548
9699b4ecf8670439,methodology_explanation,0.9617
b5e0ded6b8d5b5f4,definition_clarification,0.8509
1cfb177ac3c205f7,methodology_explanation,0.8983
d8ae69390ec2e620,causal_reasoning,0.9047
36c79212b740172c,causal_reasoning,0.9519
3ee304b3161877c0,trend_interpretation,0.978
9815497ae7bfacf1,comparative_analysis,0.8854
3f048b60d9942f33,comparative_analysis,0.9652
ac18eb8b2b1a89e8,multi_source_synthesis,0.9469
6feb0931f6ee32ce,multi_source_synthesis,0.957
7a58bc206048f508,document_overview,0.9418
3bd4b4cc20b56ee8,factual_retrieval,0.88
d5edfeecaa2df7f9,factual_retrieval,0.7668
ca79964c4cc0b87a,definition_clarification,0.8608
e93b24e8e27629b8,methodology_explanation,0.9503
6f80e87583b55db0,definition_clarification,0.6951
0c4ef667b7ec613d,methodology_explanation,0.9787
f6c937b21491615d,trend_interpretation,0.9585
3caa9a1792d5cff3,causal_reasoning,0.9042
7d3d2e62856c4bb2,causal_reasoning,0.983
6d4adf843723b1ce,comparative_analysis,0.8736
812c7d3ed76c315f,multi_source_synthesis,0.8233
f0c12a7fd755b3ec,comparative_analysis,0.9754
680476b48b919bcf,document_overview,0.9772
dcde1614ad19bb84,factual_retrieval,0.9716
188a579b42e4e5e7,source_navigation,0.6132
306ffb5e8c98b4eb,factual_retrieval,0.7967
073cd809e9c6f8f1,factual_retrieval,0.957
1143d984695b0c9f,definition_clarification,0.9959
28812179fd8ee564,methodology_explanation,0.9841
20d1ef28295cd4c6,definition_clarification,0.9995
09177325ba8d923a,methodology_explanation,0.8675
f1292003899b92bb,causal_reasoning,0.8769
4b375eefd863372a,causal_reasoning,0.9541
ed8c359d3d3475be,causal_reasoning,0.9735
c95bcb49363e0249,trend_interpretation,0.9541
319250a44d980cb2,comparative_analysis,0.9673
01d335dfd6e93cf4,multi_source_synthesis,0.9597
bd852d77da67687f,comparative_analysis,0.8998
348ba403d916d05a,multi_source_synthesis,0.9629
03cb584c169787ad,document_overview,0.9932
6b63f5fee9d97345,factual_retrieval,0.9165
8023f8a29fcc2bd3,source_navigation,0.859
8ce2d7466c470d9a,definition_clarification,0.9754
d1565aa92a7ae0cc,methodology_explanation,0.8189
cf3ee8344c9c8a6d,causal_reasoning,0.9997
e7bfa4202994c66a,trend_interpretation,0.9638
2bf73bb97960702a,comparative_analysis,0.9365
5861da4bacbd5c13,multi_source_synthesis,0.9029
f64af118593c21c2,factual_retrieval,0.9688
a06f8affce357a38,trend_interpretation,0.8405
68de563e63619714,trend_interpretation,0.7664
693ce0f0b1e9d6d7,comparative_analysis,0.6904
d4625af5682d49cc,comparative_analysis,0.5717
4442b4664aad9a4c,multi_source_synthesis,0.7287
31ac192cc3c87b6b,multi_source_synthesis,0.6592
55059b9bf1d4c2f6,methodology_explanation,0.9579
2426bd696ca4b772,definition_clarification,0.8576
0e473c6f5ff79e05,trend_interpretation,0.8824
e642b40aab959f1a,causal_reasoning,0.7933
0e786bf476fed1a8,comparative_analysis,0.8245
d22fa17d9948f41d,multi_source_synthesis,0.8491
7c834588ad56bff1,factual_retrieval,0.9118
8ef2c494c27c2a2f,source_navigation,0.7577
45249c7b099f17a4,factual_retrieval,0.9133
60c8d36b38353eda,source_navigation,0.7088
83493d5d50b8e4a9,definition_clarification,1.0
d59d07fe0a820866,methodology_explanation,0.8374
a5b9be670e47ca9a,definition_clarification,0.9769
71fbf103492fa375,methodology_explanation,0.8949
1ae852f383289209,causal_reasoning,0.9122
3924f3969e8b9cd7,causal_reasoning,0.902
b13bf791c8dc6f62,causal_reasoning,0.874
0dac33eb1e7c1ed2,trend_interpretation,0.8463
e1cd44d935324d9f,comparative_analysis,0.9347
d60f5bf443fa1164,comparative_analysis,0.9833
17243f16ac6fcb29,multi_source_synthesis,0.9775
e48bb3c793e171df,multi_source_synthesis,0.9198
941283d3d552aec3,factual_retrieval,0.9363
ff894fc4d149bdd5,source_navigation,0.9532
2f005e3238691c39,methodology_explanation,0.9851
344750c225202abc,definition_clarification,0.9606
71f64fe3d2978652,causal_reasoning,0.6375
d171036532f55d4b,trend_interpretation,0.9369
7dcd1d976a6588c1,comparative_analysis,0.9292
e3a1f0e8cd5ee790,multi_source_synthesis,0.771
295425c0a3efc05f,document_overview,0.9545
eb5e20b39b14a306,factual_retrieval,0.8518
aa949c2b248b3238,source_navigation,0.8823
7ca3fc6ac355f365,methodology_explanation,0.9328
2905458922284e6d,trend_interpretation,0.7915
1913c34fac69578e,comparative_analysis,0.8108
54e4a50ff8199069,factual_retrieval,0.9601
737d4ef5ac7b98ff,source_navigation,0.7977
aa6799ed399fce02,definition_clarification,0.9962
fca27549ee46b2a0,methodology_explanation,0.8608
68429a052dfdf08a,trend_interpretation,0.8195
0d7384b6e449f17d,comparative_analysis,0.9626
18dda81003d3eb84,multi_source_synthesis,0.879
9fde09358eb3f42d,document_overview,0.8734
688ab13c112ee428,factual_retrieval,0.9622
bd792d1496cbf28b,source_navigation,0.7119
a183d6fcfe2b1520,definition_clarification,0.969
90924cf99d4fae9d,methodology_explanation,0.9925
c25c1e997328f294,trend_interpretation,0.9694
dd604c5076afab06,multi_source_synthesis,0.9661
5c2896b2638a5968,document_overview,0.9382
547ab25ca523c4d9,factual_retrieval,0.8895
cf4fff0d032fc22e,source_navigation,0.9571
d0ba67091cceeecc,definition_clarification,1.0
3cd17660a7c50efd,methodology_explanation,0.9613
d9c40dc0f0fd25b7,trend_interpretation,0.9935
2f7a865448b2fdb0,causal_reasoning,0.7599
a97a285554656da0,comparative_analysis,0.9221
35252d11667d950b,factual_retrieval,0.2996
998aa12e3fdb6bf4,definition_clarification,0.8412
13e93b1ed48efd2f,methodology_explanation,0.8619
dcf66125c3064d63,trend_interpretation,0.314
38a0205a26dcfe49,source_navigation,0.7597
4f3a6182219e607d,source_navigation,0.8237
0de0f165701a5321,methodology_explanation,0.6994
11665997d5bbca81,source_navigation,0.9037
843c275717044b4e,definition_clarification,0.4912
0c12cc594be9040e,source_navigation,0.5616
5a65a9741cf2968e,definition_clarification,0.6686
8ed0ce646b9d567e,document_overview,0.6385
e17098f8cea534aa,source_navigation,0.6318
c84510fb5e1d028a,multi_source_synthesis,0.5515
8a930741848613bd,factual_retrieval,0.3563
43d15b6fdac184a8,source_navigation,0.7896
23de0bf6dccf66d4,source_navigation,0.8168
04de941114f099e3,multi_source_synthesis,0.4463
907e3e7ba2ee51db,source_navigation,0.3768
4cc83ecde9879453,definition_clarification,0.4308
7d4b912692c2305a,source_navigation,0.8232
e0486cb146d4c342,multi_source_synthesis,0.5154
664499ed752190d6,factual_retrieval,0.4025
63ca38eb3af1ddf6,source_navigation,0.8856
fac42343fa446122,multi_source_synthesis,0.5658
9c47022e6b2d0fda,source_navigation,0.4785
e6216e082fd12897,definition_clarification,0.6452
90ddd3786e93991c,definition_clarification,0.7202
78a2d3e041f6e268,trend_interpretation,0.2804
82622724449b9cc8,factual_retrieval,0.9672
77c4fd3d8277c1f9,factual_retrieval,0.9673
58155e35a6607f18,source_navigation,0.3893
7b08816e4fc34d11,factual_retrieval,0.8393
f8b47a6ea6dcabc7,methodology_explanation,0.7455
760c4c0f9b119a1e,definition_clarification,0.7158
255b34f0e2ee3362,methodology_explanation,0.7588
00dfa4ea1bf38064,definition_clarification,0.9049
88ff1d6694f1c43d,trend_interpretation,0.9681
e199ce4745720b12,trend_interpretation,0.9328
8758783d058c24d9,causal_reasoning,0.6999
52ecfad256005c31,causal_reasoning,0.7723
797f20ff43d2622f,comparative_analysis,0.8688
cb02f9eb1f055908,comparative_analysis,0.839
fc80ab58bd2a18ef,multi_source_synthesis,0.8968
2bb13a4d9f1ffb0a,multi_source_synthesis,0.7968
55d378882ff299de,document_overview,0.9465
c33df04154481960,source_navigation,0.9321
8c4e445b5cc481e1,factual_retrieval,0.8393
b68a8ea584765445,source_navigation,0.9025
a1e8216af42b1adb,factual_retrieval,0.9196
cf2d742ec03cc237,source_navigation,0.5274
1927a88444d97492,factual_retrieval,0.6682
10c135755e8dc6fb,source_navigation,0.7089
36cba547385fa0c1,methodology_explanation,0.6902
1f7d7d087b611913,definition_clarification,0.6476
9081c153972bfbd6,methodology_explanation,0.4357
620528693582ed2b,source_navigation,0.9446
e06cc28c9a9be4b0,source_navigation,0.9217
f5c02705b1dff807,methodology_explanation,0.772
5b238a4abd5ef3a4,methodology_explanation,0.867
aeff23320c199896,definition_clarification,0.4579
515f855f0a727d98,document_overview,0.6419
d565bcf06f639602,source_navigation,0.6005
801ee30780004ad8,methodology_explanation,0.8533
adb616885b4329fd,definition_clarification,0.8668
cd1ab389a332b47a,document_overview,0.5581
217558935222f789,factual_retrieval,0.9286
3727151df1dfc315,source_navigation,0.9473
849403c3b8ada47b,source_navigation,0.9349
ad03769fa94614d2,comparative_analysis,0.8697
b4767537b9b9a2ca,multi_source_synthesis,0.9277
873725979931fb7c,comparative_analysis,0.6718
c61eebdc60a3f8cb,document_overview,0.8246
2ce02216a97a7781,factual_retrieval,0.8185
d2d0c1f3069fbf8a,source_navigation,0.9375
9db6314d71228986,factual_retrieval,0.77
387692173b7ca579,source_navigation,0.894
f8435a3b98502260,methodology_explanation,0.9904
5000697779074750,methodology_explanation,0.9293
7bb0823c7755d20e,trend_interpretation,0.9197
87df614e64bf7dfc,causal_reasoning,0.9215
c70561d7748a3b0f,trend_interpretation,0.8626
c1c3f60c4d1e8db8,causal_reasoning,0.8686
7a67ee3e2a2d5049,comparative_analysis,0.9378
6d88c1e5f111c1fb,multi_source_synthesis,0.8249
7d405d5af794193e,comparative_analysis,0.9235
393fef0d492eb7f3,multi_source_synthesis,0.9572
5c7e92e82993de6c,factual_retrieval,0.7897
84660277b3d02e87,factual_retrieval,0.9614
a9f0934580b80a67,factual_retrieval,0.9151
3012e4a40b25009f,source_navigation,0.5737
c67e4c83fb61f24c,definition_clarification,0.9698
41bace26de563800,methodology_explanation,0.9737
fe50ceba6af198eb,definition_clarification,0.9703
c052742f078e9e81,methodology_explanation,0.9849
132c73b9e78ee21d,causal_reasoning,0.925
0ecee72bf8671e1e,trend_interpretation,0.8166
4a88f0288b872c34,comparative_analysis,0.9675
084d6b646b4b8365,multi_source_synthesis,0.818
106ba11516cb3ef0,comparative_analysis,0.8801
15f11bb5ab07594e,multi_source_synthesis,0.9014
e19074311a4f4371,factual_retrieval,0.9864
67f1bd2797b2fa9e,factual_retrieval,0.7393
10deef4861e0d055,factual_retrieval,0.9339
3a582bb133a3551d,source_navigation,0.742
a320ab8c1d934df2,definition_clarification,0.9893
2bf1945aaf7b1741,methodology_explanation,0.7139
f954d1943a481197,definition_clarification,0.9556
a3f24836ca530bb4,methodology_explanation,0.9094
bdcf3310257712ae,causal_reasoning,0.9259
fa492442fdf673f5,trend_interpretation,0.9058
8c59aa727772d823,causal_reasoning,0.8117
affae4862d1f641d,trend_interpretation,0.9514
3ca82772dad48203,comparative_analysis,0.9491
639d3774cde01370,multi_source_synthesis,0.9386
ebe59d9d5efa81f4,comparative_analysis,0.7077
78e7a5630a749ee0,document_overview,0.8649
e671a31ee02bbae2,factual_retrieval,0.8819
bf3c2d57161caa09,source_navigation,0.701
c25bff11797bd621,methodology_explanation,0.8611
068246c9d811e14f,trend_interpretation,0.8378
c7f6e2555bf7b48b,causal_reasoning,0.594
797661e020aaaa5c,document_overview,0.8359
467457bbda88ce2a,source_navigation,0.9525
2d9935d69c18699c,definition_clarification,0.6718
04c4284a8946ca9c,methodology_explanation,0.9006
1ad8e5ce05cd3654,methodology_explanation,0.6503
4b397e9f4dc31fb1,definition_clarification,0.7461
affaee0e19b578d4,document_overview,0.8944
83e57edf679c4d14,factual_retrieval,0.9617
0ecb4e4b84ec92a3,source_navigation,0.7289
d900e37984818e7d,source_navigation,0.8322
9531e39d012d88c5,factual_retrieval,0.8648
ee2a76afe5aba823,definition_clarification,0.9072
038f8621b4d7ae2e,definition_clarification,0.9833
6f76313169a23f60,methodology_explanation,0.9766
231fd307c20ae5fa,trend_interpretation,0.9509
62d17eb7a972f675,causal_reasoning,0.7978
33ae4712aa8d7624,causal_reasoning,0.907
d8c2f853501824f9,multi_source_synthesis,0.9551
5faa7e5cb81e203a,comparative_analysis,0.8785
cd9ae8ef2a898602,multi_source_synthesis,0.9637
4de4f703806bd908,document_overview,0.8735
fbbe1c742dd30364,factual_retrieval,0.5194
3e7e2b1cc6b85a74,source_navigation,0.773
15ddb0ee50a2bbdd,definition_clarification,0.9916
18eab2771cc039aa,methodology_explanation,0.8661
ad57887872ec0498,trend_interpretation,0.8535
63fbd6e650c4152b,causal_reasoning,0.9433
c4bacd3bdeeb0508,comparative_analysis,0.8383
834063eb0b93ecb9,multi_source_synthesis,0.9316
869f1ea68a24f934,document_overview,0.9491
9292792da063663f,source_navigation,0.7573
885bc640c3969cb6,factual_retrieval,0.7618
873aecb407b290d3,document_overview,0.74
9e0851bea4ba9156,source_navigation,0.894
be7af3ea3fdf2cf5,source_navigation,0.6503
051e056c5d78e93b,factual_retrieval,0.7383
b92118bda348e86d,factual_retrieval,0.7073
a11529cf5eb8281c,definition_clarification,0.8406
546f9d66948b19be,definition_clarification,0.8532
6d261f14833e378d,methodology_explanation,0.7269
74a5199edf23b3c9,source_navigation,0.7852
2a5c90656916bdd8,definition_clarification,0.8043
2dce994794f84b63,methodology_explanation,0.8396
9f392e7efc227564,methodology_explanation,0.8704
5462e4e966cd5a9d,document_overview,0.8735
5ff2e24488fb764f,factual_retrieval,0.6965
ca5c0e04c7ff4334,source_navigation,0.7212
f67e7ac582ef3994,methodology_explanation,0.8607
396d02dfd479a4b6,trend_interpretation,0.4613
5e1176927a83a7aa,causal_reasoning,0.7614
98b92f8bd030d389,factual_retrieval,0.9626
b9cf9114c93b4d2a,source_navigation,0.9066
6c678d63851e3620,source_navigation,0.8805
80f363dd6510c67c,factual_retrieval,0.9623
6099bfc15363f15b,definition_clarification,0.8312
8a92db1784b574cb,methodology_explanation,0.8492
a84d3ebd99184825,methodology_explanation,0.6701
1b58a137fce662e7,definition_clarification,0.8147
e00f46fe0a370cbc,document_overview,0.9287
aea60e9117af4d90,source_navigation,0.8893
9a1704adf3f3c002,definition_clarification,0.257
740cca634d4399d1,methodology_explanation,0.6944
e87e708d452a5783,source_navigation,0.8913
81adedb718bf555d,source_navigation,0.9415
bc0b29d747c000e0,document_overview,0.8633
917b817c13a7ff7f,source_navigation,0.3844
eca4e8d744b7061a,definition_clarification,0.8919
c09a37a652ea5b70,methodology_explanation,0.8528
2b510a78082686b5,document_overview,0.8773
e19ce4185a994695,factual_retrieval,0.9356
505b6683b1950c81,factual_retrieval,0.9953
e9f839cdb8198879,factual_retrieval,0.9598
7a643eb5e9f58822,factual_retrieval,0.9672
8186e6b687dece17,definition_clarification,0.9907
544859bdc8256153,methodology_explanation,0.9419
0a2f0a4f7b9e425e,definition_clarification,0.8852
adfdd0785ae97952,methodology_explanation,0.9341
acb1840ef0101528,causal_reasoning,0.8864
4e6c9c788c289e96,trend_interpretation,0.8914
2282ba0e4f8ca13d,comparative_analysis,0.8586
2da77c91502fe460,comparative_analysis,0.9352
cc41968e525dab26,comparative_analysis,0.8474
09f462a4941c19e9,document_overview,0.9336
c4e7e97e5e4beea6,factual_retrieval,1.0
991cc3e107462277,source_navigation,0.428
bf2393f9bdde76f6,definition_clarification,0.9158
fdc1742f3aaed920,methodology_explanation,0.7796
d95760a2a28fe672,trend_interpretation,0.9076
dc9c1d095ea8b375,causal_reasoning,0.7968
b43d4cbb3c579648,comparative_analysis,0.8508
f34ab016ab731f4d,multi_source_synthesis,0.8783
8d2c0c42b32b0a39,document_overview,0.9341
10b3f6456847d842,source_navigation,0.3855
1fef818889bcd824,source_navigation,0.8568
a777f86034909cbc,factual_retrieval,0.9103
558bf875fd693808,factual_retrieval,0.4973
443e3c6e8a34a844,definition_clarification,0.8881
9e744571e5c4349f,methodology_explanation,0.8139
046e9e138663d97c,definition_clarification,0.8153
d166836e5c80779e,methodology_explanation,0.8179
b20662e5f5e1088e,factual_retrieval,0.1765
e109e41312a17afa,source_navigation,0.5182
0a6cd836d0fa4f89,methodology_explanation,0.4205
4ed270277fba82ec,document_overview,0.7216
d53798b25c2b1f06,factual_retrieval,0.7816
7d071b033b7bb92b,factual_retrieval,0.9781
33646460d64a9b29,factual_retrieval,0.7979
275905706033b8e8,source_navigation,0.9382
f17d4cc6979a607b,definition_clarification,0.8789
61d970c70ab8599c,methodology_explanation,0.894
8f837b844d978ace,methodology_explanation,0.8843
45b47c88d0765971,trend_interpretation,0.9194
90ceb9dd00a60dbf,causal_reasoning,0.8983
c4b88f6cdddbfe92,causal_reasoning,0.8861
0b8abe3a59bfb285,trend_interpretation,0.9395
2e4296b6defbcbce,comparative_analysis,0.8367
4fd1d4c4827da4e5,comparative_analysis,0.9593
359ac5a55fc3e55a,multi_source_synthesis,0.9026
fecb7f8d2ef1ab65,multi_source_synthesis,0.8351
c46a6715bb6e4ede,document_overview,0.9401
09ab827c0dbecff3,source_navigation,0.931
2146a8094a8e17a0,source_navigation,0.9506
2dd3c7fe1294ad07,source_navigation,0.9573
74d397b6dcb14b90,source_navigation,0.9516
d503e57ac1e2cabe,definition_clarification,0.7803
60970d928098b0f2,methodology_explanation,0.8697
858e81adfc671035,definition_clarification,0.8221
370fa6191774b754,methodology_explanation,0.8087
60f85a3fd3f361e7,document_overview,0.8831
2aa0ef263d2a9d9b,factual_retrieval,0.7831
321e97b34426c429,source_navigation,0.745
79c0540682ebca9c,factual_retrieval,0.8034
df49f74f357562fc,source_navigation,0.763
d977882f9f78ef78,definition_clarification,0.7664
14ffe8746529db0c,definition_clarification,0.7975
26ba223eaef37cd7,methodology_explanation,0.6577
ffff311db1e1cfdc,methodology_explanation,0.5567
3b65e0d2484a9445,causal_reasoning,0.9218
c640c8e1f4179a41,trend_interpretation,0.8427
de8ad144904936e8,causal_reasoning,0.8218
c84a79949c1a7335,comparative_analysis,0.895
104fb225c003a8f6,multi_source_synthesis,0.8933
089d2525929e8716,comparative_analysis,0.9689
3abd765a55cf849a,multi_source_synthesis,0.7978
3bbbd369f6499d1f,factual_retrieval,0.8991
25281dd7cad1f67b,source_navigation,0.6578
7709f1530fe7c695,definition_clarification,0.982
7d7f300ad8c5b867,methodology_explanation,0.8897
34a08373ac79877b,causal_reasoning,0.7917
1996c78d36426891,trend_interpretation,0.8625
4ed2433d66aadd3b,comparative_analysis,0.8112
32bff84a9747c5cf,document_overview,0.8396
3218adb09bb72b65,source_navigation,0.9559
d07254c31d41e820,definition_clarification,0.7846
b73d8e92f53e75e2,methodology_explanation,0.8639
c0d7ac370ca0ccac,document_overview,0.7747
79d0840c3fc21237,factual_retrieval,1.0
eacc05a21fc37300,source_navigation,0.7437
95be45c99e68658e,definition_clarification,0.981
a4e79e017009666e,methodology_explanation,0.9197
7eea617d40978bea,trend_interpretation,0.9089
b296986dc2e1666a,causal_reasoning,0.893
bb37fa733c66bb52,comparative_analysis,0.6925
490efcdd2287e11b,multi_source_synthesis,0.9253
220cc4e8132d2c17,document_overview,0.8534
3e758ac6a9e25f56,factual_retrieval,0.9388
18b06bd159bf9945,source_navigation,0.7389
5f657c17f565c13c,definition_clarification,0.8763
fd266662e8c9e056,methodology_explanation,0.7958
3337239c4b6b9541,trend_interpretation,0.9447
35d2633b39b022e0,causal_reasoning,0.9111
cac7ea24129cf44d,comparative_analysis,0.8122
74f466b16d10b898,multi_source_synthesis,0.8741
0dc2f091d59e7fe0,document_overview,0.9627
173f2a9ef5aabd67,factual_retrieval,0.8041
605371d716bac486,source_navigation,0.8549
ffb647b81962cfd2,definition_clarification,0.9693
21d0eb5fec58ef9a,trend_interpretation,0.956
7a7df3ed8d8f1244,causal_reasoning,0.9324
192125503cff252d,comparative_analysis,0.9049
2124df65d25de6d6,multi_source_synthesis,0.952
4c6823dfce22f0e5,document_overview,0.9105
ac7ed2c3dde1fe39,source_navigation,0.9471
5860c960de491e2a,factual_retrieval,0.9348
24731ccc0beee6e7,methodology_explanation,0.8151
20af92a24727770d,document_overview,0.8688
49cb591a3ba84570,source_navigation,0.6381
ed1f890e6c0e7d62,factual_retrieval,0.7721
df310c0decfa8de6,definition_clarification,0.895
451412ad3f6c24c2,causal_reasoning,0.9271
b08a23b881c79f60,causal_reasoning,0.8535
4dbc10c846899cd5,document_overview,0.9169
d84fa8735d54ce99,source_navigation,0.8905
067dc555f9682e07,definition_clarification,0.7696
325fe07d9ee521b5,methodology_explanation,0.891
649207618441b194,document_overview,0.8736
3c09778be42d9e37,factual_retrieval,0.8202
d08f86b6fe9faf9b,source_navigation,0.7863
cec30e14fb2371e2,definition_clarification,0.9353
2613980e8bb37241,methodology_explanation,0.8422
16759f9f045e4bac,causal_reasoning,0.7822
5969f7478adbd559,trend_interpretation,0.9684
2117f56de5e1bf77,comparative_analysis,0.7526
e489a84fe33ea32c,multi_source_synthesis,0.8544
ba8a719555099929,document_overview,0.9188
2f03bc033cf6eed8,factual_retrieval,0.7958
7f3b927d3ec4363b,source_navigation,0.8804
61b0eb3616a9198d,definition_clarification,0.7806
c900c22a80de558b,methodology_explanation,0.9319
2b8de8e5054b801f,source_navigation,0.8119
7122d65d3437dc1a,factual_retrieval,0.8466
5d17d93ee78eb00a,source_navigation,0.7727
909cc852c3e5d237,factual_retrieval,0.835
61676422cfaae652,definition_clarification,0.5073
17232d1f26436e4b,methodology_explanation,0.8376
fb4197ea4fb2572c,definition_clarification,0.5351
38603af80cf24413,methodology_explanation,0.8325
5b343f94bff374f8,source_navigation,0.9256
56a97ac35edb8739,definition_clarification,0.7513
dc4bdd369bc51fc5,methodology_explanation,0.8594
000914f564af16e6,definition_clarification,0.8098
d148b82b1c9e0e87,methodology_explanation,0.2807
c6edde6d3456161f,factual_retrieval,0.8378
12db272c5156a1e1,factual_retrieval,0.8521
2a792fb648c7b9e5,factual_retrieval,0.9381
04a2c6040475fdd7,source_navigation,0.8979
5c00df73ad3b4f19,methodology_explanation,0.8522
6782601da300dad8,definition_clarification,0.8767
39c3b9ab08e19dcc,definition_clarification,0.904
7428951be794310f,methodology_explanation,0.8543
5793a685f77f4e56,source_navigation,0.3994
ea2224a1aeadfde1,definition_clarification,0.7089
94dca7463afb0503,methodology_explanation,0.6463
7040b9228bb734c6,factual_retrieval,0.8663
548fe4ad02deeb02,factual_retrieval,0.9692
a6cf406e56715f4c,factual_retrieval,0.7626
a4d76699e3d36e85,source_navigation,0.653
4eb7061c151b352c,definition_clarification,0.9299
7ea04e313abcbd06,methodology_explanation,0.7967
60e56173fbea7112,definition_clarification,0.9427
8a68a58717c2417b,methodology_explanation,0.8582
9bd04119cbeb54b4,trend_interpretation,0.9321
3c260776c1cf2124,causal_reasoning,0.9496
4ef3f5d570209012,trend_interpretation,0.8932
6bf42b3a313f4e79,causal_reasoning,0.9608
4233c24434e464b8,comparative_analysis,0.9492
7dfe8cd999e48b0c,multi_source_synthesis,0.8897
5b3778ad13ebd915,comparative_analysis,0.8889
c6862dc370bbd420,multi_source_synthesis,0.7673
f35c3728a68182db,definition_clarification,0.8596
1df13a9bdc6de450,methodology_explanation,0.8095
6fe62b04823bfc34,methodology_explanation,0.6005
572aba7c88e038e4,definition_clarification,0.8502
4e761d5f19c14aa4,source_navigation,0.7601
97ab6c675a05ada2,definition_clarification,0.8633
e9d8da6e0db27955,methodology_explanation,0.8813
0fd044ac1ad12557,document_overview,0.8399
38f27b193bb9a885,document_overview,0.8431
79af4b83be69afc1,source_navigation,0.6364
de0d86e5a456fb3e,source_navigation,0.7203
d218e28bee2c2f14,document_overview,0.772
21b698857b9e28e8,factual_retrieval,0.9142
a0b7f4b653d91a33,factual_retrieval,0.9984
8d19eae533f596d1,factual_retrieval,0.9877
77cd55292ae21078,definition_clarification,0.9262
f4a99a20206f0b29,methodology_explanation,0.9834
3b71344dfed146ce,definition_clarification,0.8963
389abc011662dac1,trend_interpretation,0.8161
453c083954057fe3,causal_reasoning,0.897
5b3c699272730d90,trend_interpretation,0.9242
346dfe887a223162,comparative_analysis,0.9043
51c7084b1ad5541e,multi_source_synthesis,0.9453
914c9690eaf0a248,multi_source_synthesis,0.9003
ba20065670dd2b67,document_overview,0.9583
e551a81edefa386a,source_navigation,0.8732
be286cb973ad5104,source_navigation,0.9151
784b7782c0433303,factual_retrieval,0.6849
3ed86e4dbd392c9b,factual_retrieval,0.8809
9e2a1e5bf879547f,definition_clarification,0.6953
95e45302f438fd0b,methodology_explanation,0.871
0db48e4aa7adbe0d,definition_clarification,0.811
41185e1e2d3b7fde,methodology_explanation,0.9668
9c226a63014943ed,document_overview,0.8526
f9844772682f33fe,source_navigation,0.5906
81e4aae17d866ba9,definition_clarification,0.9326
741539b158b7039d,methodology_explanation,0.938
3a240cb9941c8495,comparative_analysis,0.8943
02c096f2aa58bc82,document_overview,0.8365
9c655db68e04ee30,factual_retrieval,0.872
b2d08e66ac35d0f6,methodology_explanation,0.6489
4af7d31010fb43e9,definition_clarification,0.8302
238c53a917c22ce9,methodology_explanation,0.8991
7a4a68efc20b3d3e,causal_reasoning,0.8226
0c60f4adf15362cc,definition_clarification,0.6301
4fa83747708f6611,methodology_explanation,0.9668
5d8dec28c9a81df2,definition_clarification,0.7275
a923868fbb61032b,methodology_explanation,0.9309
8090db1904d1edbb,causal_reasoning,0.8464
546adef92b2b5429,factual_retrieval,0.8981
e82a9b7f23e0f031,source_navigation,0.7198
5bc3323a9ed9a308,methodology_explanation,0.8494
e634c55bf0473440,definition_clarification,0.9714
3d1f2d5f0cc33ccb,document_overview,0.8397
2b3da9510567b674,source_navigation,0.4367
3664eff82676f8ef,factual_retrieval,0.8074
b4c7b6a82720ce31,document_overview,0.8516
db6d360df71e77ac,factual_retrieval,0.9765
065903b7003200b7,factual_retrieval,0.8301
0e1102ba91196f99,factual_retrieval,0.9177
22c0b1164e80bd4d,source_navigation,0.9066
393c3ac617a14751,definition_clarification,0.9129
ca47e25e83f498dc,methodology_explanation,0.8869
7c972819bcce63b3,definition_clarification,0.9817
b671d60d0ccbc095,methodology_explanation,0.9869
1a4617326f675966,trend_interpretation,0.9053
1a4293aec06e71ac,causal_reasoning,0.8303
ac5a97b63b478ad4,trend_interpretation,0.875
fa20050efb0c7698,causal_reasoning,0.9769
6318a678925939eb,comparative_analysis,0.778
6d11e9d67e8b3ef9,comparative_analysis,0.8698
e7220c9294610f49,multi_source_synthesis,0.9254
08a35378b60c2624,document_overview,0.8967
529275b1990bc47c,source_navigation,0.8543
cc9eb7e88d699a27,definition_clarification,0.7248
e05e5c5f28d14f1f,methodology_explanation,0.7983
4dabcb6af6accef4,comparative_analysis,0.3491
bd349c6286a731d5,multi_source_synthesis,0.4318
c45779dcbd1d3a4b,factual_retrieval,0.9175
a1ef39b79f808027,source_navigation,0.4813
4830524df91b55c3,factual_retrieval,0.9465
3e8ade737839cc98,source_navigation,0.9039
0bc3439b88d9ea90,definition_clarification,1.0
d2c00d75c047fa96,methodology_explanation,0.8052
7cc883909ef1ce22,methodology_explanation,0.8213
bf297f4dcfeb1838,definition_clarification,0.7425
a57bbfca1ad82c22,trend_interpretation,0.9377
1cce7bd21a3e75a3,causal_reasoning,0.8601
4b3b32f1b35aaa1c,trend_interpretation,0.8472
26ea8bc4e21cc86c,comparative_analysis,0.9638
8ce8e504e13d38a7,multi_source_synthesis,0.9217
3e8b9d9ef86b2221,comparative_analysis,0.9707
2597f464146fe395,multi_source_synthesis,0.9809
9c6beb0a340d35ff,document_overview,0.7854
e1a2bfd1b5bc229d,factual_retrieval,0.9653
c17aa55f5ab0ba18,source_navigation,0.8337
249899e4a5bc6025,trend_interpretation,0.6439
5495ff12e8a97f6d,causal_reasoning,0.8729
4efdf091136c1833,comparative_analysis,0.9457
ca7f9d7e85f476de,document_overview,0.8586
2853e7ebeec13c3f,factual_retrieval,0.9107
cb54b41e1fec7b12,source_navigation,0.7437
3b1fba55e0085deb,factual_retrieval,0.8326
508becb095bd1558,source_navigation,0.4885
d7b62a12adef30d5,definition_clarification,0.9968
d6b891a20966f34b,methodology_explanation,0.9918
951e6f01ca94d782,definition_clarification,0.9086
19fd804fbe75ad49,methodology_explanation,0.9782
b549268ff2ae882f,trend_interpretation,0.8356
678d0c53719def08,causal_reasoning,0.8146
25b0b79d02953df3,trend_interpretation,0.9618
16d3e78d6740ab91,causal_reasoning,0.9139
c022988913205a98,comparative_analysis,0.9618
62192f6c97fcf150,multi_source_synthesis,0.7052
b17ab3a93b4f8744,comparative_analysis,0.4967
4499c35ce9afdeda,multi_source_synthesis,0.7107
b081df438401b699,factual_retrieval,0.9668
b1b1f4e8f5cb7338,source_navigation,0.9511
4fc7e2a6f391e0ee,methodology_explanation,0.7515
08f3332230778e76,definition_clarification,0.8802
8f09a4bc4b86f495,trend_interpretation,0.9024
153b4bed023f5fca,causal_reasoning,0.7311
4e97bb97e209a2f6,comparative_analysis,0.9759
e28beeec2a5510d7,multi_source_synthesis,0.8416
5a8190c18f999022,document_overview,0.7902
445d25c4c1220904,source_navigation,0.6641
edaf2ee4c3e56f75,source_navigation,0.9071
90c63ec891e718b6,definition_clarification,0.5344
241a5820f63b9dcb,methodology_explanation,0.9236
729872ad6a51dcb7,document_overview,0.6649
1cd82ebf6b4ec80a,factual_retrieval,0.9482
a821d1679b77476c,factual_retrieval,1.0
9dd9fb2a0d63398b,factual_retrieval,0.9994
6259f7e253acf06f,source_navigation,0.6243
63e4cc7272754495,definition_clarification,0.8926
1d6a3a022a77dcb7,methodology_explanation,0.9539
a47534e005b07bf8,definition_clarification,0.9174
b50a80dcfd5eddce,methodology_explanation,0.8582
3607038b084e3f46,trend_interpretation,0.9182
52ef18317640ea73,causal_reasoning,0.8017
6e59a1a0042e7617,trend_interpretation,0.8981
313cc09cca106a10,causal_reasoning,0.7095
413a93974c7f5e0c,comparative_analysis,0.7795
8fc7c195fa93b0e7,comparative_analysis,0.8294
425ca4ffea6c3d48,multi_source_synthesis,0.9176
bfe12719f235aae6,multi_source_synthesis,0.9582
9095527567039257,document_overview,0.9081
72e6bfd41737f3ab,factual_retrieval,0.9686
8c4119027f6eae7b,source_navigation,0.855
4a8f96400cb65a18,definition_clarification,0.9072
cf909da62c676b40,methodology_explanation,0.74
57c7038ce95e5be4,trend_interpretation,0.9611
2231e04111b397cb,causal_reasoning,0.8685
4043512eb11549c4,comparative_analysis,0.8666
405e5f6843ae732d,multi_source_synthesis,0.9416
63c6fd1fc2a3cdf8,document_overview,0.7768
b7f0bf9aeda55a37,source_navigation,0.5401
90a9a8edbe71a960,factual_retrieval,0.8731
7bbbc04338bd6b96,factual_retrieval,0.6501
a056d8f01ade7504,source_navigation,0.8509
21baa881bd3dc9f3,methodology_explanation,0.7559
1fcc9becccc90a9b,definition_clarification,0.664
b04d2347db630e08,document_overview,0.6586
70f27255d641c1e0,factual_retrieval,0.9719
06bf5b4ad02fd40a,factual_retrieval,0.9252
62d1530c8b672227,factual_retrieval,0.8022
34efa67a0199355c,source_navigation,0.5672
1468c36498536168,definition_clarification,0.9852
131473c315f26e8c,methodology_explanation,0.9831
6499bb20e023aad8,definition_clarification,0.9938
48e0d8c014858154,methodology_explanation,0.9716
c61eeaa5b6f54c6d,causal_reasoning,0.95
63fe83efe57649ce,causal_reasoning,0.9373
f70af5a521dbd0f8,trend_interpretation,0.8795
dfc76e8ce54daa85,causal_reasoning,0.92
c270f9fd86fddd25,comparative_analysis,0.9851
eb85ba5a690a5824,comparative_analysis,0.9132
ee224265835313b4,multi_source_synthesis,0.8505
db6ac0dd0f772514,document_overview,0.9468
8f770727c730020d,factual_retrieval,0.7534
094e847d723ab029,source_navigation,0.7664
8314d0ae7f88c953,definition_clarification,0.9988
de2f97c219e105f1,methodology_explanation,0.9829
0f67876cb4b9a64b,trend_interpretation,0.8979
2eb3cec7408b4fc5,causal_reasoning,0.9512
aa5ccb38dca9f0d4,comparative_analysis,0.9948
6492a499b0b45267,multi_source_synthesis,0.9533
cac2bb6d75699164,document_overview,0.9607
86b534392d5b4458,factual_retrieval,0.9491
6528823638a9c5a6,source_navigation,0.584
f7387bf5e2bc9af7,definition_clarification,0.8015
13c07e3e94fe0861,methodology_explanation,0.9334
ab9a92803b5a1456,trend_interpretation,0.8538
f4e127e52c5161af,causal_reasoning,0.7924
da5c025a1ffac431,comparative_analysis,0.9609
27c5a01cc26f7e07,multi_source_synthesis,0.876
c4a20c61f04dd5c6,document_overview,0.9423
76e40010bd15f309,factual_retrieval,0.8765
4e67e8c0b54481bd,source_navigation,0.7731
ddbd70f1b68acced,methodology_explanation,0.9031
b30986486920479e,definition_clarification,0.9893
d3a876531ac53b9b,trend_interpretation,0.8646
bf3429ce0a810d80,causal_reasoning,0.891
8d14448edcccc8e4,comparative_analysis,0.9359
50081b1d1177f7a7,multi_source_synthesis,0.8359
f45ffd5e9344aab0,document_overview,0.9634
2fc28f2e016c4451,factual_retrieval,0.928
ab0a0c5aa62cbe24,definition_clarification,0.9105
aa8e7d918a96b779,methodology_explanation,0.8478
51d2d66b84b8e9d1,trend_interpretation,0.9335
64ca68a2312462ee,causal_reasoning,0.9391
8818950b186ada87,comparative_analysis,0.8197
62a2cd2c2d38bc9d,factual_retrieval,0.9246
8c71a30f88940a47,source_navigation,0.715
39cde06d1b04e955,definition_clarification,0.9007
08f96bf5ff914665,trend_interpretation,0.7919
6170740edfe3db32,causal_reasoning,0.9718
cb359e4ae497e398,comparative_analysis,0.9115
72e6426b73ad8d88,multi_source_synthesis,0.8866
037339770e392dd4,document_overview,0.9457
3df4845d55474556,factual_retrieval,0.9788
1676610d4e152f73,source_navigation,0.4041
a926a5af64aaf68b,definition_clarification,0.7863
1142d912eba67138,methodology_explanation,0.6088
2ec2d808ecba84c7,document_overview,0.9695
c20ad98e7b37854f,factual_retrieval,0.818
439c508601e1050f,source_navigation,0.9224
0d59533097d99964,definition_clarification,0.9795
5d78c65866794394,methodology_explanation,0.9567
7c9dd90471bc8d75,trend_interpretation,0.912
a05f60e4740868d1,causal_reasoning,0.931
3cafcc591f5b8008,comparative_analysis,0.8427
381910919b1c1faf,multi_source_synthesis,0.8648
2fccd0404ea6c18b,document_overview,0.8057
36b5e2f05eb5d996,factual_retrieval,0.8821
a678a0622151fda3,source_navigation,0.697
09ce2ca4dc581213,definition_clarification,0.9945
279cc1533e2b360d,methodology_explanation,0.8975
99611feb7e4dd02f,trend_interpretation,0.943
e9a4b300fff701ea,causal_reasoning,0.949
1371b401b0df2eb5,comparative_analysis,0.87
599042e9ee42736e,multi_source_synthesis,0.9142
cb98ae3d6c00b017,document_overview,0.9508
4631b5fe7ca5eeea,factual_retrieval,0.8561
7c5007f075da5317,methodology_explanation,0.8269
18b7683dc8a4c134,definition_clarification,0.9326
ab7052cba55312e4,document_overview,0.7274
42faa9c67aa97e85,source_navigation,0.8044
27ae97aa86bfdfea,definition_clarification,0.8643
83563fb0710d9cc1,methodology_explanation,0.9208
59e9c0376acf1d05,trend_interpretation,0.8548
5c2902273ac13d5d,document_overview,0.9754
7e537e5c340ca7d0,factual_retrieval,0.9206
7adf7661821b7a59,factual_retrieval,0.9678
b98ea5620cfb1934,source_navigation,0.5168
716a4aaeb1f453be,source_navigation,0.4745
780f47c3e94c4894,definition_clarification,0.8727
1222e4c70e01e0e1,methodology_explanation,0.8363
ff1d55fc654f4797,definition_clarification,0.8173
1a323087837c72c9,source_navigation,0.4884
db15909e3cc509df,source_navigation,0.4469
9e55cffc83bdf7a9,source_navigation,0.4453
2d11b044816d7a08,factual_retrieval,0.5687
603a9bba5bca4d24,methodology_explanation,0.8158
4f93b5c551316f1e,definition_clarification,0.655
535689049f0f51b9,source_navigation,0.8223
b3441444ae472915,source_navigation,0.8266
e09b941a5f6a94e6,factual_retrieval,0.8433
1a1bfbe86e05aa71,source_navigation,0.1333
7a4d11e24499a6e3,factual_retrieval,0.8324
392922152bce8eda,source_navigation,0.7546
1b12e4bf1a58b1cf,document_overview,0.855
cf58cb30b3e5cf63,source_navigation,0.7853
fd723787e82bd738,factual_retrieval,0.8144
192e5025067e48ba,source_navigation,0.7965
79baab923e2c7be9,factual_retrieval,0.6509
1be75f2ed02a3e5d,document_overview,0.7892
727a7b0c24166290,factual_retrieval,0.7406
57309bf256ba4018,source_navigation,0.1535
3ac64726bc9249fc,document_overview,0.8337
45b0750cac446c68,factual_retrieval,0.8932
66d8c88199bba185,factual_retrieval,0.9562
a88a9688f632ad0b,factual_retrieval,0.9462
57ab7d7edceec80c,source_navigation,0.7021
e78b1bc131fc58cb,definition_clarification,0.9874
793cd163db72efd5,methodology_explanation,0.9784
0b57c22f29238cc5,methodology_explanation,0.9824
4ace4e1b99357656,causal_reasoning,0.9146
bc00a7db03e7b913,causal_reasoning,0.7959
ee6cd6924f0001db,trend_interpretation,0.9418
584635ccbae739ee,causal_reasoning,0.8604
364fb3c3f81a092e,comparative_analysis,0.9102
8697651abf300ef4,comparative_analysis,0.8475
bc2f0ffe34321d1e,multi_source_synthesis,0.8161
c5ef9fe821a86562,multi_source_synthesis,0.9772
967f675761494f05,document_overview,0.9015
7581189c63a9a4b2,factual_retrieval,0.9971
19b3773974568837,factual_retrieval,0.7088
b71ba47afc787ec7,factual_retrieval,0.9178
2d2e8d4aab288f0e,source_navigation,0.6412
6872520fb2cc2d82,definition_clarification,0.948
5faf31ee14bc9597,methodology_explanation,0.8874
7e2f081d3783be07,definition_clarification,0.9963
2b5aa9a7f80ed62b,methodology_explanation,0.8253
a1315d596419847d,trend_interpretation,0.8709
4679a7c654cb88ec,causal_reasoning,0.9401
24c88a6a1d9461a4,causal_reasoning,0.7959
a7f2ce38216dc690,trend_interpretation,0.7388
2605224c89b5f581,comparative_analysis,0.8905
5437649c1786ed45,comparative_analysis,0.9566
722ad27c4db6cb23,multi_source_synthesis,0.9599
a85e70d26aa0b366,document_overview,0.919
1772d97f5632ffb1,factual_retrieval,0.9586
d0e3e472c738bd30,source_navigation,0.6477
f164343ac9c062e1,document_overview,0.5517
4f1caec24afd5e43,factual_retrieval,0.9975
b4b08ce2e3e5183d,factual_retrieval,0.958
ce7974b4b041da8f,factual_retrieval,0.97
f7e4323d8f4b4788,source_navigation,0.7553
7dcb8590059cc123,definition_clarification,0.948
7ffe74a3c7ce4a11,methodology_explanation,0.9375
5f443bb298f15cd0,methodology_explanation,0.8776
e34111ebe1a04391,trend_interpretation,0.9597
748fbb34cb1ece53,causal_reasoning,0.9542
17f59d8d6e328740,trend_interpretation,0.9244
c8f3fb0cc96eefdf,comparative_analysis,0.9223
9e4523a0e0328c19,multi_source_synthesis,0.8634
7ce74ddd0f85f0b0,factual_retrieval,0.986
bc0a27fa4f990da4,source_navigation,0.8843
0657ecca25823cc5,definition_clarification,0.9785
a878c2907db1000e,methodology_explanation,0.9811
57b6b353e6ab6ffc,trend_interpretation,0.9414
c90e639351474c62,causal_reasoning,0.8314
6d2f4217d5df6a71,comparative_analysis,0.5372
197824bd3c7ff22d,multi_source_synthesis,0.8992
ebcb84771ad3c518,document_overview,0.922
09e9b0b65255b82b,factual_retrieval,0.9062
66cf4678715755df,factual_retrieval,0.9484
695c71a0a20cb104,source_navigation,0.6021
6e92bf45f3d0f221,definition_clarification,0.9479
0e3508a76add32be,methodology_explanation,0.9699
1b393c70f333fe98,methodology_explanation,0.9302
807f3cfa063a956f,trend_interpretation,0.8873
a8433f2cefbdbd31,trend_interpretation,0.897
77275bab1bc24c82,comparative_analysis,0.7788
22ac4329518eb13a,comparative_analysis,0.9295
93a01a0703c97c7a,multi_source_synthesis,0.8008
a7a51592cbdf587b,multi_source_synthesis,0.9568
42c0e4dde03175bc,factual_retrieval,0.9583
060f3bdb360ffd84,source_navigation,0.7436
624320924c06d132,trend_interpretation,0.8826
32f55eae5da9c1cc,causal_reasoning,0.9284
90303639a700d91f,comparative_analysis,0.838
672d97bd6a32b018,multi_source_synthesis,0.9501
a94b3107b33fa8b8,document_overview,0.6205
d4fbcc6b505d8dea,factual_retrieval,0.8433
3078b54c9d82dec9,document_overview,0.8537
991308f0ec1f8f6a,source_navigation,0.3887
7f70b22afd21f793,factual_retrieval,0.4088
0c05c8cceeb4b422,source_navigation,0.3155
04d87e0d56c57aa1,factual_retrieval,0.4857
5b19a5bb02d53d4b,definition_clarification,0.8631
7a99998a09d7ffa6,methodology_explanation,0.8141
cca552f3b0794618,methodology_explanation,0.8953
4e9e29f84800b588,trend_interpretation,0.4556
1e3fc9dd56acec98,source_navigation,0.7022
d5779c5e0bcef349,methodology_explanation,0.8558
e728149fa456d592,factual_retrieval,0.9834
81da474e43e5f693,factual_retrieval,0.9759
58a8d11d1422134a,factual_retrieval,1.0
d15b353b746d2c1b,definition_clarification,0.9336
15dc95915f1b89c6,definition_clarification,0.8946
cff9edea2039ad2a,methodology_explanation,0.9817
e2edf0d3a280b136,methodology_explanation,0.8998
b17ca23ce3a4a939,trend_interpretation,0.8465
69b1c7d9f9cc3907,causal_reasoning,0.9478
c87a5209775390e8,causal_reasoning,0.8817
e36a675e226b8289,comparative_analysis,0.7672
ffdd9dd949a141c8,comparative_analysis,0.8905
1f876aad119e3edc,definition_clarification,0.9312
572ec6821c87c340,methodology_explanation,0.8543
96b7e1bdb4b9f5da,causal_reasoning,0.8657
31b983a0ec04ae3e,comparative_analysis,0.866
0894d6d0bb019fae,multi_source_synthesis,0.8102
04301e7218638bd9,document_overview,0.94
5c0eae837ad6d2cd,source_navigation,0.3338
6376d98d9d8391fb,source_navigation,0.3464
e82b10a5c15c9166,definition_clarification,0.8787
38400a6c4f8ea2e2,methodology_explanation,0.4443
ed731ea90c4c10ce,definition_clarification,0.7941
8709e4a0a1daae78,source_navigation,0.6038
ffa88dd48d217bd4,factual_retrieval,0.554
06e1d1681fc2c78b,definition_clarification,0.9441
698c0292434177e2,methodology_explanation,0.8539
97fb8305d968fd89,trend_interpretation,0.8576
83f0e418d3a6b20a,causal_reasoning,0.9031
23b642ace8734042,comparative_analysis,0.8944
008d5dfee15fb842,multi_source_synthesis,0.9111
3a085365eb22072c,document_overview,0.842
fea5d6e383c856a3,factual_retrieval,0.9334
e67a22533df2ddb1,source_navigation,0.662
1bf095838cc4445b,definition_clarification,0.9995
318bca349e367c74,methodology_explanation,0.9596
0cfaab414bdf731c,causal_reasoning,0.9436
e7ade6dd5c9b944f,trend_interpretation,0.8967
0042ca4c9e3fb0a2,comparative_analysis,0.9156
b48d839095ad0304,multi_source_synthesis,0.8965
46fdda1eff5e8fae,source_navigation,0.8365
509bddb637276c75,definition_clarification,0.7368
6e950ae140bcae6f,methodology_explanation,0.5771
7833e0b982148ab8,causal_reasoning,0.389
38d3a336905408bb,factual_retrieval,0.8557
137acc5121716f9e,source_navigation,0.4366
aaefd8b0d4894b41,definition_clarification,0.8471
612ab4afb7e2a0ee,methodology_explanation,0.9054
5c9d1882029fca91,causal_reasoning,0.8858
2056b59171f92bcd,trend_interpretation,0.907
86cf063b33fa49b7,comparative_analysis,0.9438
602ccce0a5291f36,multi_source_synthesis,0.8771
935d0fce98784f05,document_overview,0.8482
79e2fb18f348e794,factual_retrieval,0.9051
02d3d902195ac4fc,source_navigation,0.7745
9960dab6ecbd32b0,definition_clarification,0.6679
888ccf40723629d0,methodology_explanation,0.9729
f3a7d14d5a8ef1f2,trend_interpretation,0.9642
688d294cdea18060,causal_reasoning,0.9541
f869462e8236c1ef,comparative_analysis,0.9203
9b0345cf465ffc6e,multi_source_synthesis,0.8833
0c24eeb0b4c12198,factual_retrieval,0.8595
7e42dfd584fbbf46,source_navigation,0.6288
8ea89b8fe672a618,definition_clarification,0.9562
d5d67fd47d4c86ca,trend_interpretation,0.8209
700b76b244f86579,comparative_analysis,0.8231
67ae65695fe6ae93,multi_source_synthesis,0.8733
24e16f4ab410ce02,document_overview,0.8892
bbce738c36114843,factual_retrieval,0.7612
eaff4f32de1bb47a,source_navigation,0.8422
ab15fefdd7ff85f9,definition_clarification,0.9405
936e524f00a3328c,methodology_explanation,0.8646
54de15316a9d6633,trend_interpretation,0.8077
5517113544e89cc1,causal_reasoning,0.9558
7b52d29773b69702,comparative_analysis,0.9301
aa5953a3d19ee920,multi_source_synthesis,0.8926
2fca9d7303e5fc01,document_overview,0.9565
6ee38eae73b4c4dd,source_navigation,0.8924
23a0f1a6844044e7,definition_clarification,0.8558
a45539de38570b35,factual_retrieval,0.9782
e9c9d0ac4188175f,source_navigation,0.9262
028a41a131eee21b,definition_clarification,0.9915
ef1092847e0f1632,methodology_explanation,0.7502
ba9e48b6af122e0f,trend_interpretation,0.947
3c9fdd4b27feddef,causal_reasoning,0.988
3809a27b06704c99,comparative_analysis,0.8777
9e2580224a1594a1,multi_source_synthesis,0.8836
3354f46a12eabefe,document_overview,0.9693
859331cc8ee2a91f,source_navigation,0.8346
285d894c7a647db0,definition_clarification,0.8631
cf458b6d58df8846,methodology_explanation,0.8363
ca80fdcfd681bea9,factual_retrieval,0.5526
6ad4fa9e553a7710,source_navigation,0.3219
90229baf82c7276d,definition_clarification,0.8522
e0b1661cd6cf0888,methodology_explanation,0.7813
bc2f621ce2985bd1,factual_retrieval,0.9934
c4bb8de034dd5695,source_navigation,0.9047
dbe4c27f81178087,definition_clarification,0.9137
cdf22e26c5410f82,methodology_explanation,0.9873
50182c1087620a03,trend_interpretation,0.9364
c5fdb2bd251cfb2e,causal_reasoning,0.8479
f6152b14c6c064be,comparative_analysis,0.9319
807ac32a9efa20de,multi_source_synthesis,0.8748
36ee7f73f8e74cf2,factual_retrieval,0.9993
30145b19a9f2c6f2,source_navigation,0.7031
08e1d4a07321ad45,definition_clarification,0.9962
ae15f334d46ce62a,methodology_explanation,0.9514
da66987146dfc214,trend_interpretation,0.9741
a46c35caafe64170,source_navigation,0.3541
ff20a08f4217d5f8,definition_clarification,0.9071
caaf1b7a0e01c2ec,methodology_explanation,0.8505
2f914a67756a0207,document_overview,0.893
4afe41f91215d6f2,source_navigation,0.7864
155365207a6fd1d6,methodology_explanation,0.8411
009c4f254402d027,source_navigation,0.7638
0ecafe2f3042dcab,factual_retrieval,0.7228
b532d79d6c14ed13,factual_retrieval,0.7984
ee5f7712058dbad3,source_navigation,0.9543
67c790e0de392c94,definition_clarification,0.9251
f64a722529f192ed,methodology_explanation,0.6675
306b517d53ccf8f6,definition_clarification,0.5376
f27967a119d29f89,document_overview,0.7689
dc104a36082bb2b6,source_navigation,0.9138
f293c669a70934de,source_navigation,0.7969
2a061928dca0d90d,definition_clarification,0.9414
fa4e660fa69b1489,methodology_explanation,0.5023
7ada007d93144b17,definition_clarification,0.9732
fa42c77f87771204,methodology_explanation,0.427
7836187df1f0dbf9,comparative_analysis,0.3853
62a159235e2d49cb,source_navigation,0.8735
ae5cc0580b94d7d8,methodology_explanation,0.7017
d67138b53c895a70,source_navigation,0.8835
ab2e8091e86cfadd,source_navigation,0.6233
a1ef2b32100d0d54,methodology_explanation,0.9331
cd6dbe93ebd001a7,definition_clarification,0.7436
b40a184a19a67978,methodology_explanation,0.5537
7fb1b2d734952f01,source_navigation,0.3913
2413278173b8ef41,definition_clarification,0.7176
b9a53e6cc32f1b40,source_navigation,0.4886
0eec1ddeba81f0a8,source_navigation,0.7547
b4bc6158eea8e558,methodology_explanation,0.5174
567283084599fbed,definition_clarification,0.7831
2d499ea12361ea8a,definition_clarification,0.4915
11b218da8dc2384f,source_navigation,0.8608
7bc97276cb71c0a8,methodology_explanation,0.5864
6992323b3290aa25,definition_clarification,0.871
7beab31af8de3cca,trend_interpretation,0.8351
9eb3a5bf46bbaf92,source_navigation,0.9509
ab0309f88627d98e,methodology_explanation,0.62
36e0ceb3a1cd6f9d,definition_clarification,0.6899
6d1744c69dbd2bc1,methodology_explanation,0.8468
5e032923179be641,source_navigation,0.625
79bdfbd0c6614a20,source_navigation,0.697
6793deca5a927ee7,methodology_explanation,0.5736
c827e37868dfead5,methodology_explanation,0.764
61377b429b893844,definition_clarification,0.8758
e695d02c81b43b0b,source_navigation,0.4143
b76b08287c69d970,source_navigation,0.8645
6bac9834bf19d1cc,methodology_explanation,0.9199
2b02a1101489d6f2,definition_clarification,0.6835
d7e498bb8551de43,methodology_explanation,0.6475
5b1ae0b0b7a54787,source_navigation,0.4952
c8a0ffe18ea5236e,trend_interpretation,0.5819
d6618ebdb2da308f,methodology_explanation,0.6809
c08722c4474466bb,methodology_explanation,0.7552
cba3428986b41f73,definition_clarification,0.8816
c86ff6a227fedbfa,definition_clarification,0.8666
25ab022bd0220737,methodology_explanation,0.7084
bc0f67abf3e5443c,definition_clarification,0.6391
2e4fe14757bd7eb3,source_navigation,0.9528
7ac52286c42aa859,definition_clarification,0.8559
10ca57f9ad64fcc1,source_navigation,0.9425
558d68967994500f,methodology_explanation,0.927
96d3fec97029213a,definition_clarification,0.8432
68acab53868aa194,methodology_explanation,0.6585
ab05c35755090772,definition_clarification,0.7895
8ee802740dad6967,source_navigation,0.2973
0902973b3415f79c,source_navigation,0.6691
8c7e4348f1921b37,source_navigation,0.726
ed9f98661d90865e,source_navigation,0.5125
dc3cff9aa6a3cade,definition_clarification,0.7078
51d5de0160d40109,definition_clarification,0.7394
4bb7fcc1215c423b,methodology_explanation,0.5671
a0ee9d06ae80b7ea,causal_reasoning,0.7009
21e2a3c75605c15a,source_navigation,0.8123
4fe60514bbce9f8c,methodology_explanation,0.9492
980dfc8832ca042e,definition_clarification,0.7458
37d25a59e2d639db,source_navigation,0.462
f067bcc7775c3a61,methodology_explanation,0.7052
bfecb5316c9902cd,factual_retrieval,0.9648
0ba8510412816284,factual_retrieval,0.9702
c3684e9f333e026c,factual_retrieval,0.9566
9c3d6b84760f5a9b,source_navigation,0.7897
b16961c3de985f53,definition_clarification,0.9972
79e51ee4042b95d1,methodology_explanation,0.9898
ea0784c275cafdd4,methodology_explanation,0.9911
a79e76f3e7fdca01,trend_interpretation,0.935
30575891b1a240dd,trend_interpretation,0.9572
fc3946dd3b0c745b,multi_source_synthesis,0.9816
31578695c6c6f717,multi_source_synthesis,0.9673
2eba75b4354ff010,document_overview,0.967
a7448e0cabb1b0a3,factual_retrieval,1.0
31083d06bf16b7ee,factual_retrieval,0.9508
17c9e95b50ce1ad9,source_navigation,0.8698
0cb9d62a61eb148f,factual_retrieval,0.9891
a1d5e9e0cdc8a89e,definition_clarification,1.0
d3da100fdbe65983,methodology_explanation,0.951
1fab5a6d3d57f4b3,methodology_explanation,0.8544
f4d09b9f45d9b22f,trend_interpretation,0.9118
36a164191f5f97f8,causal_reasoning,0.929
a3305a2aba36578c,trend_interpretation,0.9285
e8b714bed0811d2d,causal_reasoning,0.6591
d0226fe37753473b,comparative_analysis,0.6325
2443d35cd112cae9,comparative_analysis,0.744
26d05a390e09af7f,multi_source_synthesis,0.9128
622d9122cd8e7da6,multi_source_synthesis,0.9422
d57ace61c2057184,document_overview,0.8785
6ba93c868f1495a7,factual_retrieval,0.92
713943f31dcdcf70,source_navigation,0.9417
2d1f3a22d2b533ad,source_navigation,0.9468
140e2ab6ff544e2b,definition_clarification,0.6266
68dcf05e2ee50e83,methodology_explanation,0.9369
0e75c4416ddaadfd,definition_clarification,0.8903
d693c98b25694d0e,methodology_explanation,0.7692
e041780bf8f9dd3a,trend_interpretation,0.9812
3e110c333beb03c0,comparative_analysis,0.9818
5b11c1d05993296a,source_navigation,0.798
a2b92bca3c5b38ef,definition_clarification,0.7913
47e47da382661d20,methodology_explanation,0.6586
21e280f17ff77adf,multi_source_synthesis,0.814
7332693df81a6470,source_navigation,0.9422
895ba7a7c113271c,definition_clarification,0.9407
b09ac05a09b6c681,methodology_explanation,0.6701
4c341893a6d4fe78,methodology_explanation,0.7778
47501589f2bde389,document_overview,0.8048
a6d7c0ea6c1fbfca,source_navigation,0.5349
203abfb3f0e7c069,source_navigation,0.5295
7d2dadf494fd0a8f,methodology_explanation,0.7316
6e8729c02ec4fdc7,definition_clarification,0.9041
6ee83de107631bf9,methodology_explanation,0.708
89b108ae2ee2eff9,document_overview,0.7657
5a3ffe4ab5dc79e3,source_navigation,0.95
21b7a2d2d2db7bba,source_navigation,0.9186
ed5fa653b0da03ba,source_navigation,0.9515
1b100419cbc348cc,source_navigation,0.9506
2c2c2cfb400f3efc,definition_clarification,0.8889
5ec45f2f443790f4,methodology_explanation,0.6727
6359e61d9d61e9b8,definition_clarification,0.6662
3abf6c7341b9d044,document_overview,0.8296
293ae757c81a9353,source_navigation,0.9372
fa49aad6efca446b,source_navigation,0.9179
0612b8d92715ccbc,definition_clarification,0.8425
f341a267b9048e3c,methodology_explanation,0.8674
4e9541a99b723aee,definition_clarification,0.8369
1b83e5a6bddd65d8,methodology_explanation,0.7528
e4de888fea222880,source_navigation,0.9125
3bb011fe0eeba7ad,methodology_explanation,0.6678
c73c68853d065109,definition_clarification,0.7511
2e84e856254b941a,source_navigation,0.9491
b0138d0347cdfc88,source_navigation,0.5177
c6a59222ea242496,trend_interpretation,0.7997
d2b9da7dccb66ce1,source_navigation,0.3479
bdd1bf04b2a34e62,source_navigation,0.4075
5307ff86b7fc0eed,source_navigation,0.8548
9376f8b092c1ffcc,definition_clarification,0.7422
1e7466906ac50647,source_navigation,0.387
4ab69ae669616675,source_navigation,0.7008
4d282cdaeb3d43be,definition_clarification,0.7154
624a919fdcdc37b0,source_navigation,0.4916
78f76f25e5967957,source_navigation,0.6899
e974b3fb3a5ea471,definition_clarification,0.7191
fae451899bf8f343,methodology_explanation,0.7883
0b4160faf06c7e89,definition_clarification,0.8864
d73fde46ca61969b,methodology_explanation,0.7928
0f2b06ffcc7a27b7,source_navigation,0.9214
e3c6d2e65f391645,source_navigation,0.9303
dd39481f88ce0a90,definition_clarification,0.5211
09aed95ec3e7cc2c,factual_retrieval,0.9685
442c25044a6d3884,source_navigation,0.5902
9a82dac954a0af6f,definition_clarification,0.7758
48f15c382f777198,methodology_explanation,0.6153
3ed69e0e9b335ae4,factual_retrieval,0.8923
df8b1f752c5078bc,source_navigation,0.9291
7c47de578d06501f,definition_clarification,0.9988
66307d3c61073cc1,methodology_explanation,0.8833
b738db1754c6c366,causal_reasoning,0.8982
0169c5d40c34251e,comparative_analysis,0.8784
263a78726c3a734d,multi_source_synthesis,0.9538
956ff92a0d482627,document_overview,0.9625
5a6cf3feba1f15fc,factual_retrieval,0.8722
724d61d851eddf58,factual_retrieval,0.4652
b380199ab3335c4b,source_navigation,0.7722
eaa62ea49030ab04,source_navigation,0.4541
e1552b805e9d046f,definition_clarification,0.8783
73a2cbcd7572920f,methodology_explanation,0.9834
a6ed7c4e92b08cb5,definition_clarification,0.9297
80361d029f16f431,methodology_explanation,0.7954
e41ce4cd68090e19,trend_interpretation,0.8934
16676d00682a5a59,trend_interpretation,0.8142
ae7915c1c6e307a0,causal_reasoning,0.8294
644c79b6d6e617ad,causal_reasoning,0.8629
42dd39b25a3a46f3,comparative_analysis,0.9833
a2ff64feab20e6ec,comparative_analysis,0.8671
be043a60317e629d,multi_source_synthesis,0.8263
820a1c63203fd124,multi_source_synthesis,0.8684
bff0a688dd4e7433,document_overview,0.9594
9271fc364b3ca606,factual_retrieval,0.8181
427caacf46a8b530,factual_retrieval,0.5817
697b2ad173eae266,factual_retrieval,0.7243
6db8c292744431f2,source_navigation,0.4064
3ee6bd3ae45c1099,definition_clarification,0.7961
3fa1968d0987f845,methodology_explanation,0.802
dcfe6e695919804c,definition_clarification,0.8927
10a5258a3f044ace,methodology_explanation,0.7285
b45ac20bebf29701,trend_interpretation,0.8567
3e56f7cc7db53b10,causal_reasoning,0.7012
1f1fc34d33146fdd,trend_interpretation,0.8846
87fd7cd2a2e9b0f7,causal_reasoning,0.8265
b4c1fb68e1f14381,comparative_analysis,0.642
d9ee53b80c5a9359,comparative_analysis,0.8032
bdd4f8274170fabf,multi_source_synthesis,0.8883
dbd525ccc35ae227,multi_source_synthesis,0.8851
1718e4eccd874e50,source_navigation,0.876
eb08cfebd9ce583b,source_navigation,0.8762
3a3a19b92635e1fe,methodology_explanation,0.8658
b20a172f103b9715,definition_clarification,0.6348
665bab108b557d91,definition_clarification,0.3545
d2f58a5f9ed3e99d,methodology_explanation,0.8709
51292fec3672c6ed,comparative_analysis,0.7979
12cf2a8af3ca20c2,comparative_analysis,0.753
c66073e117e348c8,multi_source_synthesis,0.6932
d9275f12f3a76114,multi_source_synthesis,0.8165
e421546d86fb1889,source_navigation,0.4424
bc731eea981edcd0,source_navigation,0.3434
c76a88bdc855e3ce,source_navigation,0.4935
2fa82ac0e3837151,methodology_explanation,0.6451
88f97225f587ab45,methodology_explanation,0.7086
7df8e2ea9dae68b6,trend_interpretation,0.5832
1def3ed171a76486,causal_reasoning,0.7613
fc34f665bc0ae8e5,trend_interpretation,0.6423
3ddde8ad77a82bff,causal_reasoning,0.5714
1acf620cbb186e4a,document_overview,0.8662
c6bfe2657d9dd2d3,source_navigation,0.9475
338dd574042ed0a0,source_navigation,0.7931
fbbcfd4e6cdb0144,factual_retrieval,0.8338
72d017ff87c20eca,factual_retrieval,0.6371
f9c0dcd2c9fce800,definition_clarification,0.8214
bfc62aa7a95487ec,methodology_explanation,0.866
12ec0396305ad496,source_navigation,0.9345
c2fe9014503fdf23,source_navigation,0.3492
fc0aa2bffc7122db,definition_clarification,0.8097
621c609f79d52a7e,definition_clarification,0.6795
76529263f39454d3,source_navigation,0.6714
a9baf633b422d440,methodology_explanation,0.6082
481c3ad58425612e,multi_source_synthesis,0.6404
f6f0ca9cfc14297a,factual_retrieval,0.9454
e7406986d4f235c4,definition_clarification,0.7745
aeac1f06bedcc665,methodology_explanation,0.7587
ed95125fe584806a,definition_clarification,0.6671
78d09ae63333cb74,source_navigation,0.4295
fea11429b23d66b9,source_navigation,0.4258
c781edf537465e1a,definition_clarification,0.8437
ade3fb9e001c29cd,definition_clarification,0.9109
4dc7a2d2571c2fe3,document_overview,0.8136
81ada0c1f3b6b4ad,factual_retrieval,0.9052
57e094b23f96e13e,source_navigation,0.8968
85983bbf92c7350a,factual_retrieval,0.8263
4bae0cef2a9e9d17,source_navigation,0.9398
f61096fd05407818,definition_clarification,0.9434
3ba466a8edffbe3f,methodology_explanation,0.5251
b5bc966b97b4d705,definition_clarification,0.8149
4a396f74069cb5bb,methodology_explanation,0.559
f362b74fd06d6b30,source_navigation,0.3366
bbd963ec079e0da4,definition_clarification,0.7318
2478d962a5e2a496,methodology_explanation,0.9426
5e98c87ad7756da7,definition_clarification,0.764
1c41eba0f7e9174f,methodology_explanation,0.9741
b702d68c1a09f430,multi_source_synthesis,0.7244
0931f424c93518b8,multi_source_synthesis,0.7532
1d80edb11cf4f49c,document_overview,0.8549
28c1d19fbe6b110e,source_navigation,0.9654
2a4342590e32e433,source_navigation,0.9708
4522c41bc0675187,definition_clarification,0.6631
7a20f6f8614b651d,definition_clarification,0.7168
981f1bd1f401bd0d,methodology_explanation,0.6929
ab9e951c6948adb5,source_navigation,0.9143
ca7cdbd8b0f3b889,source_navigation,0.9317
df02228667bc645d,definition_clarification,0.8482
30a122b13c742f14,methodology_explanation,0.6295
43cd4fe9a6992dc6,definition_clarification,0.7533
f89adc8b635deca7,trend_interpretation,0.3485
dccfc16e8569aabb,document_overview,0.8321
e55e4a5df8c948e7,source_navigation,0.5602
a27da0358d08b64d,definition_clarification,0.7758
d6c400ea361e2c0f,methodology_explanation,0.5633
c63566fecaea682a,source_navigation,0.4207
8169f2e3702a0346,factual_retrieval,0.8639
22a95bde2034097f,source_navigation,0.4099
b3b0b5553b5a79a4,factual_retrieval,0.8417
d86f00374ac46c21,methodology_explanation,0.5962
0bacd6578317e265,definition_clarification,0.746
7d67c79a1771decd,methodology_explanation,0.588
1d229d9419edb729,source_navigation,0.9616
aa306a2b42286e4a,source_navigation,0.9473
c126907ef7829d64,methodology_explanation,0.7267
8f2bd084e42b8e2c,methodology_explanation,0.7004
b19d7069132cbf1c,document_overview,0.799
01a553a7ca7b6d1e,source_navigation,0.9124
8eb9b668eafdc2c3,methodology_explanation,0.8546
92b0e29f23ab73d0,methodology_explanation,0.8337
97231b3eb9365c89,methodology_explanation,0.5356
ea4c844da09f99f7,definition_clarification,0.8171
6331079bbef08d7b,methodology_explanation,0.7731
19065817270ba0da,methodology_explanation,0.6078
01936eaca8e87f09,definition_clarification,0.4962
78172e846f1de80a,source_navigation,0.8898
4f0a68e035173b01,methodology_explanation,0.6688
ce125063ff6ff4e9,factual_retrieval,0.8063
457b43a265524dc5,factual_retrieval,0.6351
8102a138ecbffe48,source_navigation,0.7007
889928c6b5d8f8ba,source_navigation,0.4198
63c9a88386609902,definition_clarification,0.9621
e1c0ccd986d78741,methodology_explanation,0.7791
98cd961a225fcd5f,methodology_explanation,0.4623
bd834553ea582900,definition_clarification,0.8629
f042718e97349594,trend_interpretation,0.9372
8b928fef1dd82ef7,trend_interpretation,0.6812
8c32b8e66040e7a2,causal_reasoning,0.8711
bbd709030ccee255,causal_reasoning,0.9235
79f5d5f4f0a4b986,comparative_analysis,0.9152
d10d8a881351f788,comparative_analysis,0.8757
5b4e87a558260d08,multi_source_synthesis,0.8644
e9804428a6f01992,multi_source_synthesis,0.8583
495b2bd16e657857,factual_retrieval,0.3469
3586c0038da782f6,source_navigation,0.8186
95fc703e4b2d1ffd,factual_retrieval,0.4553
4cb62ec8f9df6931,source_navigation,0.5318
d6e738ed7b074bdc,definition_clarification,1.0
396d76e04fbeb1fd,definition_clarification,0.9512
206a6575a536be4c,methodology_explanation,0.9813
cdb4e4bc446299e2,methodology_explanation,0.88
09bb8e54b5168676,trend_interpretation,0.4104
5392e5995075eb43,causal_reasoning,0.974
f3e002d0845f32e4,causal_reasoning,0.6729
18c77c56af2830fd,trend_interpretation,0.9313
b644d286fdc31e62,comparative_analysis,0.385
c7be122004bcd3c1,comparative_analysis,0.8786
ebc97ad52c74a779,multi_source_synthesis,0.906
6a4ba902ac8409d2,multi_source_synthesis,0.9096
3c2e875eff9f31d8,factual_retrieval,0.9385
5043ecdc80aed8c1,factual_retrieval,0.9135
72fa30706e317f8f,source_navigation,0.591
7f3cb20a842705fb,source_navigation,0.8994
a0f6550a26750753,definition_clarification,0.8807
2a564b15a3319878,methodology_explanation,0.9422
f841eeaed0937a45,trend_interpretation,0.9119
de3d9043477cdb3b,causal_reasoning,0.9399
78956779f5bc1b62,trend_interpretation,0.9542
220b1c8c994ca7db,causal_reasoning,0.9658
e8873c5e6b4b39fe,comparative_analysis,0.5815
60eb282a3ab419a7,multi_source_synthesis,0.9245
df9dbdecfacfa738,multi_source_synthesis,0.6934
d1442fd212eafcb7,factual_retrieval,0.3116
124c76e44e731f92,source_navigation,0.963
eb5193328cf8c184,source_navigation,0.9269
687bb2456b2522ce,source_navigation,0.8311
2ab366023037ab01,definition_clarification,0.8313
acd2bd9b0964320e,methodology_explanation,0.7017
6b7a6b0995fd9c18,trend_interpretation,0.6751
ea999e62434894d0,factual_retrieval,0.8638
8031e43ed0c8943c,factual_retrieval,0.9266
13edbc442f416f5c,factual_retrieval,0.9699
88b0efa04e0be23e,source_navigation,0.9564
60a3fadb2865b6d1,definition_clarification,0.9943
c6d45bf4775b88f6,methodology_explanation,0.8447
2e633b4d2aab4e2c,definition_clarification,0.9673
418ce7ee19896ae5,methodology_explanation,0.915
2d93f2baae35ccc7,trend_interpretation,0.8932
95d48949f197ddcb,causal_reasoning,0.9141
f9a7a4ad754db8a7,trend_interpretation,0.9305
d80a5552e6f8bff9,causal_reasoning,0.9129
23cb5f6dfe39a9b7,comparative_analysis,0.943
1a6a47bd0583b638,comparative_analysis,0.9436
050789a66bb147e9,multi_source_synthesis,0.9628
898c3979c876af94,document_overview,0.8874
2ab7886c35f4b461,factual_retrieval,1.0
b6457777bf700ec8,source_navigation,0.9296
f061816f811bf513,factual_retrieval,0.8759
7919d6d61860b9fd,source_navigation,0.9575
b2a6622f299a195a,definition_clarification,0.9752
95a1a6be6853f1ed,definition_clarification,0.8994
29b513a5488a2889,methodology_explanation,0.534
868582ad13010c3c,methodology_explanation,0.5777
655258b3978654fd,trend_interpretation,0.9193
3b80a0b05720e6f4,trend_interpretation,0.9298
882e8aec78a2c947,causal_reasoning,0.9006
b7a3166f20aed285,causal_reasoning,0.9309
a66bf3251723e4ca,comparative_analysis,0.8987
b8881a6ba5527e20,comparative_analysis,0.9051
c8c1fc0c6162a32d,multi_source_synthesis,0.9489
2d59aa87afcc4529,multi_source_synthesis,0.9367
0117db16131ee8ba,document_overview,0.9038
8d5170deafd9e0be,source_navigation,0.8246
9d48ce2fde68e3bf,source_navigation,0.8855
50533c749456e686,definition_clarification,0.8404
0095975673bf52e7,methodology_explanation,0.7017
68723981f3ade89c,source_navigation,0.9363
84a1d1af26bb74e9,source_navigation,0.8926
dc6d7a7341def90a,definition_clarification,0.7838
20b9481446efcca4,methodology_explanation,0.8772
92b77dee8c1640f5,definition_clarification,0.8414
d49a8b5f3d89ee0f,comparative_analysis,0.8961
6373fc07142e03ef,comparative_analysis,0.5033
0d54cc5d017a4054,source_navigation,0.9023
7089abc5dcca57fe,source_navigation,0.9694
1a5b303e1d1b5dda,source_navigation,0.5763
f2c5ae38d7afaea7,definition_clarification,0.7393
9d8d24fc4859f78c,methodology_explanation,0.4333
2a883151c1793f74,methodology_explanation,0.7217
74f5585f26b6be33,document_overview,0.8963
daf3734ccf8357eb,source_navigation,0.7465
f5991e40df840a94,methodology_explanation,0.9025
d56583962aaf1313,definition_clarification,0.6714
bc0162012cadbc3b,source_navigation,0.6601
c8fcfcf854f2a10e,source_navigation,0.8395
6ab7350fe0a30d30,definition_clarification,0.814
9366b6c388626a7e,definition_clarification,0.2684
55edc86ce6e31b90,methodology_explanation,0.8096
7d70166a645bbfa7,methodology_explanation,0.7748
ff1379371b21ad29,definition_clarification,0.6958
9aca26d771f196f3,source_navigation,0.5265
393ebaa9be613188,factual_retrieval,0.9291
a4e1fb47b2bec08b,factual_retrieval,0.8817
6d2f11d5a492bcf5,factual_retrieval,0.697
ae2cd95029292e16,methodology_explanation,0.9621
1ad07d876bc25bfd,definition_clarification,0.8301
c1c13240f1635f49,methodology_explanation,0.9773
40382809b8bc5af7,trend_interpretation,0.9902
1f013a785f3fdccc,causal_reasoning,0.9661
8f9d92aba4404d85,trend_interpretation,0.9643
b31d7e5a6cef4b56,causal_reasoning,0.9692
5e074bf61cdfbe2e,comparative_analysis,0.9293
835ba08238035832,comparative_analysis,0.9352
17b4bf6ab591ffbe,multi_source_synthesis,0.9031
92c912198667a5f6,multi_source_synthesis,0.9747
87c931eb94501516,document_overview,0.9458
a82c07e060750896,factual_retrieval,1.0
655c9491c2c23c13,factual_retrieval,0.9885
cfad3e4806373e19,factual_retrieval,0.9531
a96ff893ad43e90c,source_navigation,0.6587
f9a3b495d6325108,definition_clarification,0.8801
9d0db1cbeb705a12,methodology_explanation,0.8452
c7923d5463a746aa,definition_clarification,0.8702
6014181a5e37adf4,methodology_explanation,0.9312
f3310aa8c2479778,trend_interpretation,0.9659
421b4b07e925eee1,causal_reasoning,0.8769
714895594249b191,trend_interpretation,0.9822
850257f49bf97808,causal_reasoning,0.9585
afcad04cdbea0118,comparative_analysis,0.8754
3991d788f021cdc4,comparative_analysis,0.8994
a865e8db9e7a6772,multi_source_synthesis,0.9644
ef3445cb306ffa8b,multi_source_synthesis,0.8889
d8242045b7210b9c,document_overview,0.905
237556e111d3aa23,factual_retrieval,0.8707
f582aa185ab1c247,source_navigation,0.9054
df6ed87b85c786b9,definition_clarification,0.8889
c07fe8107268cb08,methodology_explanation,0.7983
9d098e85f8a5fbcf,trend_interpretation,0.9015
42502ee42760bcc7,causal_reasoning,0.9148
cbff63ab4b242623,comparative_analysis,0.9423
c95c7cd7f14ca4dd,multi_source_synthesis,0.9401
95989dcccc157f2b,definition_clarification,0.7455
ba1ebdef18b15692,source_navigation,0.6041
4395ed21fdd2c0a2,definition_clarification,0.6752
0e051dc5a0f4f23a,source_navigation,0.4112
3c450bd1b8ed5aa5,methodology_explanation,0.8639
a84d6bcdd61b9526,definition_clarification,0.7679
c5d83ae80e26e56d,source_navigation,0.8523
a0a34a0dd5e65d71,definition_clarification,0.8648
73789ac81b582541,methodology_explanation,0.5847
5cc1e767c9aa9d95,source_navigation,0.5695
ad57758140e2fa40,definition_clarification,0.6712
2c4455ce68fc9508,source_navigation,0.3803
8a80d9be56dd712f,definition_clarification,0.7116
dccbc52e450b5da1,methodology_explanation,0.5883
cb97b1e4143f3910,source_navigation,0.885
a007f78dba1c5957,factual_retrieval,0.5725
6c507c4751d38790,methodology_explanation,0.6714
d6d416142cc5dd55,methodology_explanation,0.7745
0efbbe4bb478e474,factual_retrieval,0.9463
e46d10774bbcae00,factual_retrieval,0.9569
da5841cb6206b2c4,factual_retrieval,0.9694
7b13b17085184c87,source_navigation,0.9243
b0e60d4e79ffe49b,definition_clarification,0.9838
f230c7a3590b51b7,methodology_explanation,0.9362
5ad41e79a8c3e277,definition_clarification,0.9884
6bd01741e645d76a,methodology_explanation,0.9233
5a22b4e1cefcb4fa,trend_interpretation,0.9323
dd2e4173516d660b,causal_reasoning,0.8219
0a7f98548c631b96,trend_interpretation,0.9566
8850d657f4320fc7,causal_reasoning,0.9239
d67906a99715f0b8,comparative_analysis,0.8347
2b0d43acce652e78,comparative_analysis,0.8448
7c8b7b1989549627,multi_source_synthesis,0.9202
73f93e87fa47dc6e,multi_source_synthesis,0.9195
a6ce9684712754fd,document_overview,0.9232
80f88b14b63c0660,factual_retrieval,0.9924
06a92d1c17225b6b,source_navigation,0.7499
06f21f7a4404d109,definition_clarification,0.953
ba10ce27534e5fb3,methodology_explanation,0.9447
98e44619aab33abe,trend_interpretation,0.9659
9d9cb98c1f5bbf9b,comparative_analysis,0.8038
95af8fc374265f10,multi_source_synthesis,0.8583
da4ccc3f9e31396c,document_overview,0.9267
54cadd47146336f6,source_navigation,0.9557
562999b317524a2a,methodology_explanation,0.8298
47e9a0e53c0756c3,definition_clarification,0.7519
00902738a43f04da,methodology_explanation,0.8517
98694aea62edbaf1,factual_retrieval,0.9638
16489307e761a9c8,factual_retrieval,0.863
4af084246b6b5485,factual_retrieval,0.909
0bc20fa16f45767b,source_navigation,0.463
b6ebb8e77b8ca31f,definition_clarification,0.8938
e2dd28aa50c13920,definition_clarification,0.9939
c8884a01c8b5e604,methodology_explanation,0.8768
21b9a2dae159dfcd,methodology_explanation,0.8458
ecf88f72dca54f85,trend_interpretation,0.9356
88fc11ba961cf42d,causal_reasoning,0.7822
b1928b676e9f9c2b,trend_interpretation,0.9293
18e4c2690fcaea96,causal_reasoning,0.8775
b52b7333d21d42d6,comparative_analysis,0.9194
5870d6fa91d2959d,comparative_analysis,0.9212
35f2fc0506c0bd24,comparative_analysis,0.9302
85c86e2d0c5a31e8,multi_source_synthesis,0.9938
9e66599201367935,document_overview,0.9569
709196fa81600537,factual_retrieval,1.0
1d5bcf45d579d950,source_navigation,0.7509
ab0fef2dce3c64dd,definition_clarification,0.9079
9766b46bcd3b3448,methodology_explanation,0.9239
18e74a9f3c7b3039,trend_interpretation,0.93
80150e5008d17c4c,causal_reasoning,0.7403
41cd6fde65cf8ccc,comparative_analysis,0.8259
da8d7ade942853b3,multi_source_synthesis,0.9658
5d9115926481e554,document_overview,0.9609
6ca0eeb38ceb04b7,source_navigation,0.9624
4820331aa9538c24,definition_clarification,0.9626
fcfe347a58373747,methodology_explanation,0.6256
f55354a20598593f,source_navigation,0.3397
5e5272d1946543d1,source_navigation,0.6557
72adb15391f82d48,factual_retrieval,0.688
a6e248079d6f15ab,source_navigation,0.7241
8d1a947a1fa2a561,factual_retrieval,0.7073
46db0b303a2e88af,document_overview,0.6021
133cd7a3b6af4fd2,source_navigation,0.7241
ac8f8e7f40d89775,document_overview,0.677
b8b150c1d9d44023,definition_clarification,0.7678
322b268c0d49f60e,methodology_explanation,0.6035
bf1d0a758f5abe24,source_navigation,0.8884
8c65feec03882252,definition_clarification,0.5513
41a10127ec9bbf94,methodology_explanation,0.6819
70ae9ba5611e93fb,causal_reasoning,0.3873
34988fb4d12623db,causal_reasoning,0.8986
8d9c68581ba443c7,trend_interpretation,0.8655
88936ff4aa35bebb,factual_retrieval,0.9266
d4b032b76e548e3a,source_navigation,0.8438
d19852eb3e21930e,definition_clarification,0.8262
9ff69b917652b656,methodology_explanation,0.809
12b63da2b9475d44,trend_interpretation,0.8683
eeb63930ace3cb46,comparative_analysis,0.9482
a5efed91a93b2156,factual_retrieval,0.9355
d7b7521f3937b30c,methodology_explanation,0.9337
6882d3f00efa3001,trend_interpretation,0.953
4a0bfe00afcc6ee8,causal_reasoning,0.8708
1f1775255e661fbf,causal_reasoning,0.8351
af7da2c20fb1a8dd,trend_interpretation,0.8912
b3357c758062b1a0,comparative_analysis,0.8212
d3db6e77b7192512,comparative_analysis,0.7464
5aaf1a65da85182e,document_overview,0.9732
af0fff4750e4c91a,factual_retrieval,0.9621
2936c787f6796760,source_navigation,0.6251
a47b279e8a1453d9,definition_clarification,0.9741
2757897275f2e69e,methodology_explanation,0.9831
cc5ca4ed3cdc96e5,trend_interpretation,0.7306
d7be8e8be55cbebf,causal_reasoning,0.9502
fdc73b89ec0f3f9d,multi_source_synthesis,0.9048
ff3ed05e52ce6eb9,document_overview,0.9809
aed12fa03b0b0304,source_navigation,0.9357
e9a168d52b07a8b9,methodology_explanation,0.5983
a3b923871a7156f3,methodology_explanation,0.5861
bcaf876627b215f8,source_navigation,0.9315
dacaf4b2207127cd,methodology_explanation,0.7911
07e00380dacbe36f,factual_retrieval,0.9183
cfc100c46ca7dac0,factual_retrieval,0.9025
d8b9e5ce183a0efe,factual_retrieval,0.9021
634ce3a68282ea22,source_navigation,0.7925
ee7637646684a7a0,definition_clarification,0.9585
5195c72d8578b824,methodology_explanation,0.9133
e6b3049d0e1343ca,methodology_explanation,0.9813
6e356df9cedd13bb,definition_clarification,0.8744
ff7535d7acc2ffa6,trend_interpretation,0.9344
1dfa1268e2aa5868,causal_reasoning,0.9001
e6aef3f7214adfc1,trend_interpretation,0.8986
17992ab1b5c19634,comparative_analysis,0.9956
656b94041007e737,comparative_analysis,0.9626
951b6af442731296,multi_source_synthesis,0.8649
4ce064929b0d3afa,multi_source_synthesis,0.8648
a29910ac566b55b1,document_overview,0.877
50cef0b300d77895,factual_retrieval,0.9623
1d827d08168c4a03,factual_retrieval,0.9327
bdc3e90d0607f8e1,source_navigation,0.1879
14261549cf2572e3,definition_clarification,0.9617
1c6930463c7d1c7b,methodology_explanation,0.9245
7fca58b0e6eacdac,definition_clarification,0.6598
9fa572f0d16ce9cd,methodology_explanation,0.9022
7675a079ba649564,trend_interpretation,0.8968
7b05f7081022e615,trend_interpretation,0.888
b93a87e0763683a0,comparative_analysis,0.9448
25bbdca8f325e5a1,comparative_analysis,0.8599
3cc8cd0dfaed680d,multi_source_synthesis,0.8409
0f5e1d9116e9aafe,multi_source_synthesis,0.8997
2788a7d8a89d1576,document_overview,0.9838
dbeb2f7a11d06a28,factual_retrieval,0.9624
296f7f8577ce6924,factual_retrieval,0.9493
814f779a06c1cf9a,source_navigation,0.7603
3eccc8bd8248eb93,definition_clarification,0.9748
cdc0fa8ade53d1ed,methodology_explanation,0.9469
dc88ebae6db78afa,definition_clarification,0.9276
6793c8fdea83e2c7,causal_reasoning,0.6914
a4c0862d7231687e,causal_reasoning,0.9857
ce8c49d1c1b9f1ed,trend_interpretation,0.9991
36ea4d2dc15eabe8,comparative_analysis,0.9147
af8f6833ef6e3ea8,comparative_analysis,0.9507
b74f3ca9b54c8976,multi_source_synthesis,0.955
0c81a5d5fe330ae0,factual_retrieval,0.9007
3cd3e3c1fbd1c1ee,source_navigation,0.9245
a60847a8c3623118,methodology_explanation,0.9143
465db48a4afa41a4,definition_clarification,0.8541
a4e9bf1da16c258d,trend_interpretation,0.9447
18a451a35d91442e,causal_reasoning,0.9053
c12d4913429d6c8c,comparative_analysis,0.8565
2722fa0c8e2e5d0a,multi_source_synthesis,0.9527
eb673653d3204aa1,source_navigation,0.9239
11507d24c33d1b5e,definition_clarification,0.8186
66ecf556851df253,methodology_explanation,0.8225
510900027aa8a477,definition_clarification,0.8706
6d7bdd4c23a9be11,methodology_explanation,0.8237
c665b7c5addb302f,document_overview,0.8679
2eba2488989ca11c,source_navigation,0.8991
38fcd92fc2eb4f69,source_navigation,0.8244
2320b07a117b9010,source_navigation,0.9137
fc14e1990fa35729,source_navigation,0.8824
a7afe1a62c3606b2,document_overview,0.8833
7d2f096a7a26e8c6,source_navigation,0.9041
86b8c0af7940616c,factual_retrieval,0.8854
6c4887fdbc0dde6c,methodology_explanation,0.5254
be51838d63bd2395,document_overview,0.8776
e2c8f117ee507059,factual_retrieval,0.6938
98394a60740065ad,source_navigation,0.417
eb02317a4c58ac3f,source_navigation,0.5264
0c8e473cd3e23070,causal_reasoning,0.56
21dadb1d95ead967,document_overview,0.6279
d7534d49789568e2,factual_retrieval,0.6641
12bc2d360454c54b,factual_retrieval,0.4884
815d1f139bf0a867,source_navigation,0.8747
02c0b502b6596b93,definition_clarification,0.7206
015adc4541295dee,methodology_explanation,0.8539
1920b6007d868559,definition_clarification,0.8021
ffac050184d20709,methodology_explanation,0.7342
c960aa73624d6108,comparative_analysis,0.5495
6e5312ee798b3e17,source_navigation,0.817
f5232ba4d4881072,factual_retrieval,0.9789
e6ce9d6ab40955bf,factual_retrieval,0.9567
7ef3e8e8dad012fe,source_navigation,0.7708
8e551836bcc2eefc,definition_clarification,0.9651
6a0f7cd41d1b94c2,methodology_explanation,0.8444
b37cd59d5b38ef57,definition_clarification,0.9312
fc88dd29fc9472ae,methodology_explanation,0.9367
42703bd1f27892fe,causal_reasoning,0.9737
d96b14b14c554f2f,trend_interpretation,0.9993
cee4565f48d32e28,causal_reasoning,0.9716
96efa036dc9d66a5,comparative_analysis,0.9388
fbc212590b285457,multi_source_synthesis,0.8788
a9212bf4bb8d78a7,multi_source_synthesis,0.7356
560de4c369865f79,factual_retrieval,0.8525
d6e1358cee25bb62,source_navigation,0.6606
d0b1298414a93675,factual_retrieval,0.9629
4b2198782fd6d987,source_navigation,0.7937
f389d72a35b13fc2,definition_clarification,0.9226
167b1e729e27210d,methodology_explanation,0.7303
b3caa5508b9ea491,definition_clarification,0.8492
e6e2286d71f6592d,methodology_explanation,0.9293
d3a6c61798a9bcb8,trend_interpretation,0.8998
a11fb0ee2bd3997c,causal_reasoning,0.9693
fefbdcb5107e22f4,causal_reasoning,0.9119
5eb8450aeb446bd8,trend_interpretation,0.8648
224518e0f752e5e3,comparative_analysis,0.8258
739159a977a04626,comparative_analysis,0.9671
71d911eeee8fce06,multi_source_synthesis,0.5902
5fe4d7c186535445,source_navigation,0.8784
6090d8523d8c670a,definition_clarification,0.9857
f6a15a5f4a8cd587,methodology_explanation,0.915
b49d23c19c69dfda,trend_interpretation,0.8316
85d9aa4416c4cc18,causal_reasoning,0.9506
aa18066bf0dbe32c,multi_source_synthesis,0.7896
6ca196ae9b9fbf14,factual_retrieval,0.979
a6f21e30ccb0864b,factual_retrieval,0.9847
7b67aad70457e9f1,source_navigation,0.8144
445b827189acc048,methodology_explanation,0.9942
4f5c04aa0ca0202c,definition_clarification,0.9865
3e69f34b6d8e6704,methodology_explanation,0.9621
e933597b42e21fa5,trend_interpretation,0.8692
43268a97cc3d0872,causal_reasoning,0.8334
37ee39620e173447,trend_interpretation,0.9368
29a214b2aa852b4f,comparative_analysis,0.9493
2b1ab7625dd2d3ba,comparative_analysis,0.9758
2b7f861944e50e71,multi_source_synthesis,0.8909
07f68081b047d541,multi_source_synthesis,0.8757
1187252b38e2eaa0,document_overview,0.8852
40af73f2631440f8,factual_retrieval,0.9406
92e95fb4c05f3681,factual_retrieval,0.9419
450e5180e1da7d8f,source_navigation,0.4118
db5db94820bc5de3,factual_retrieval,0.9744
152a6742a1c6d52e,definition_clarification,0.9498
7604d29bbb49250c,methodology_explanation,0.881
915dd1a8abfa4e5b,definition_clarification,0.8699
58756cbd323b1097,methodology_explanation,0.9009
2b9cf8578e3266a3,trend_interpretation,0.9314
78366c5977a57e66,causal_reasoning,0.8993
29ac0fe6e872b0e5,causal_reasoning,0.817
a1edf04b7b59f8e9,comparative_analysis,0.8321
1f9aaf79b7ad18d8,comparative_analysis,0.9365
27ed6b0def9df6f4,multi_source_synthesis,0.9803
e773085c8f82bb78,multi_source_synthesis,0.8837
b230f1c6c28d565f,source_navigation,0.9366
bbb1ed1c8a1d0efd,factual_retrieval,0.8691
1a7d84cb50edc27c,source_navigation,0.6775
5389890faf842dd9,factual_retrieval,0.9576
c701c845d3c5a683,definition_clarification,0.9966
44003b713fcb5e02,methodology_explanation,0.9808
1b753ac736477b49,definition_clarification,0.9868
ac11071ee81653e9,trend_interpretation,0.9839
aa8f185661c89609,causal_reasoning,0.7778
37cea899d5cecc3f,causal_reasoning,0.9919
0fd64b4f5bdb2121,trend_interpretation,0.9498
4811ca961e469698,comparative_analysis,0.9242
1084907a1c414f1c,multi_source_synthesis,0.9833
4b3c938f38610893,factual_retrieval,0.9946
b0f9cddbfb4612e0,factual_retrieval,0.9711
e358f156c2b24dbd,factual_retrieval,0.9991
59c07076efcfb87d,source_navigation,0.6922
96a431c74bc05fb4,definition_clarification,0.9852
04562e22c77d308c,methodology_explanation,0.9775
2b8cba4ebb24acc4,methodology_explanation,1.0
2e84fadbd31eb89d,definition_clarification,0.7331
965703c68373c9a1,trend_interpretation,0.9268
f2c6fa2e1bb39c9f,causal_reasoning,0.9986
1dc397adaca507ae,causal_reasoning,0.9037
0719fada3232d357,trend_interpretation,0.6597
ac409490f2054e1f,comparative_analysis,0.9073
9e43bfad93d0cea1,comparative_analysis,0.9384
ed56b5d22115425b,multi_source_synthesis,0.9353
310d5682172fb82e,multi_source_synthesis,0.9464
9a55a431d8ad773b,document_overview,0.9857
898385d5746a93da,source_navigation,0.9179
cf08519377cdc3c7,factual_retrieval,0.6356
3fa4f6c9b808b6ba,methodology_explanation,0.7811
8b168931b2c82092,definition_clarification,0.7277
67f1a21a810e0fc2,trend_interpretation,0.7677
770641452b3d5418,causal_reasoning,0.6345
3e706db9304e9dfd,comparative_analysis,0.7213
b1324ccf877fae49,multi_source_synthesis,0.8465
1e3e30b7b2b2183a,document_overview,0.8382
edb81fd4a3b3405d,factual_retrieval,0.998
43a1fe28a5b101e9,source_navigation,0.8481
ff227a21ce8ca4ae,factual_retrieval,0.9517
eaf7e357be87d310,factual_retrieval,0.9638
2ab4b9c45fccafa7,definition_clarification,0.9584
4cbc3564cb2a2de0,methodology_explanation,0.8805
b6549878374f1b01,definition_clarification,0.9714
32787a9f578ecfd0,methodology_explanation,0.8479
a45be8a89de1f9a3,trend_interpretation,0.9852
341479d6c68ec881,trend_interpretation,0.905
b3e59205ba0f4860,causal_reasoning,0.74
04731d8118e821cd,causal_reasoning,0.8855
6246f6bb992f4694,comparative_analysis,0.9388
73a7476fdc239ad8,comparative_analysis,0.9702
e33aad5f5947886e,multi_source_synthesis,0.8978
0304e2e363b7dec5,multi_source_synthesis,0.9144
14459c91522ef194,factual_retrieval,0.9357
9b5285ccb3ae6e56,source_navigation,0.8009
ff482c849456d8db,definition_clarification,0.9297
aae7ce9cca136aee,methodology_explanation,0.8366
a6f1e29a5ba2650a,trend_interpretation,0.909
08cd10360c88d7ef,causal_reasoning,0.9142
a3a0fb0b1b362eac,comparative_analysis,0.8653
9462be312556670d,multi_source_synthesis,0.8918
0e92ec4757996949,document_overview,0.8663
28892ef029779032,factual_retrieval,0.9637
54ec51b889647212,source_navigation,0.4996
15622b17516729a0,definition_clarification,0.9629
fb632affbde7acf5,methodology_explanation,0.8887
6e9979be2169f4bb,definition_clarification,0.9887
7de5f57a7a3a6efb,trend_interpretation,0.8645
1a0cf425060f15e0,comparative_analysis,0.9306
3babfa1201e82fcb,multi_source_synthesis,0.8215
89f3df6109848ef8,factual_retrieval,0.7017
f6a7025531f07601,source_navigation,0.1847
cc90f39a740b3452,definition_clarification,0.8837
40f6765407531ba6,methodology_explanation,0.9332
0980635bada22a2a,trend_interpretation,0.9323
507bd692ae30748f,comparative_analysis,0.806
c11455c16aa9f602,multi_source_synthesis,0.9352
469b957ccb94eb74,factual_retrieval,0.9709
4cfa11ae6232f6e8,source_navigation,0.9666
97fb031982d7135c,source_navigation,0.7544
d645764e35af1d35,definition_clarification,0.9239
3a4172d0ed657e97,definition_clarification,0.9737
9d3ffb80458515a4,methodology_explanation,0.9602
0d566d7e6c91595d,causal_reasoning,0.8569
784a3fcd145a2167,trend_interpretation,0.8344
394227b2de3afbd0,comparative_analysis,0.9759
122a436e8a65296f,comparative_analysis,0.944
9a5e87d28a9a4960,multi_source_synthesis,0.8047
b4c8dae924a5948f,factual_retrieval,0.9433
7ca9351945e192da,source_navigation,0.7285
39eb02d8ea0a9dda,definition_clarification,0.9578
3835eb642f1b525d,methodology_explanation,0.7872
7bd701ea942845f7,trend_interpretation,0.9678
1664ecc6d5c3b84c,causal_reasoning,0.8264
c8f00e9e21388e19,comparative_analysis,0.9334
ad8ec8553267450e,multi_source_synthesis,0.9734
3a74a3310fad677d,source_navigation,0.7367
597583955c7a0992,source_navigation,0.7803
27dfa298b93b12f8,source_navigation,0.7104
27efa48cc498f029,trend_interpretation,0.8571
4c9ca0372967c193,causal_reasoning,0.9427
f4cb9f6bc8fa9c92,causal_reasoning,0.8228
b5beefdb28c375ab,comparative_analysis,0.8269
0c780c23634029f7,multi_source_synthesis,0.7821
330f6f2e63747c65,document_overview,0.8863
bcddcf277d9e1d5a,factual_retrieval,0.9832
3f317fc41135096f,source_navigation,0.814
7c07a69778968bd4,comparative_analysis,0.7252
86ec8e19dd13527b,multi_source_synthesis,0.8637
a90e3c416892bd3e,document_overview,0.8461
be646dea29e1e622,source_navigation,0.8964
ee720e3953aec22b,definition_clarification,0.8846
10dc508f60baa21a,methodology_explanation,0.8422
1fc6011be0cf9e0d,definition_clarification,0.4335
d10108f1be4452d1,methodology_explanation,0.9216
c6a68ae5a4ec2767,causal_reasoning,0.5112
4cc7d2503f748a35,source_navigation,0.908
522811ab2da816ee,methodology_explanation,0.7783
f974fd6cc0aa9bc4,comparative_analysis,0.6662
c13498c2684f6fed,factual_retrieval,0.9678
a5c0b46fdbf51bb9,factual_retrieval,0.9206
7192a9486421531e,factual_retrieval,0.9841
86d57d98a4934a4d,definition_clarification,0.9707
eb7638e4eac2f291,methodology_explanation,0.9065
67e3ee1d64f346d8,definition_clarification,0.9673
e3b4c9f68c2b0813,methodology_explanation,0.8899
ada9f01c9dae0685,trend_interpretation,0.9029
53a1cf431f04005d,causal_reasoning,0.9152
5532fb6b24d9d8fd,causal_reasoning,0.8459
db73daf7f4f7dee0,trend_interpretation,0.9389
b504749f7a09f392,comparative_analysis,0.9163
736994e1edc609a4,comparative_analysis,0.86
f4191dc0a47592da,multi_source_synthesis,0.9275
3e1daebe4eb596c6,multi_source_synthesis,0.9208
1edd636eb7282f5c,document_overview,0.9549
a83054532afb790b,source_navigation,0.9257
6e22c116e8298221,comparative_analysis,0.9129
b0894b4bf2302653,factual_retrieval,0.9934
c11488fdcaaea15c,factual_retrieval,0.8909
e90b0ea5dd5120d9,factual_retrieval,0.9911
79fe1f6929bfe361,source_navigation,0.8157
bbbdc3afde2d01b1,definition_clarification,0.9647
c99e93cf9e13d37d,methodology_explanation,0.9278
ee3f10e83da7da90,definition_clarification,0.8651
3387a6952628ab85,methodology_explanation,0.9551
a7463153da7f9a53,causal_reasoning,0.8615
8cffb600eee98fe7,trend_interpretation,0.8787
7410e1d42340e610,trend_interpretation,0.9501
b6ebf3821653381d,comparative_analysis,0.8931
7671c9452b51bbbf,multi_source_synthesis,0.9893
47b02a1449b44a8c,comparative_analysis,0.8854
baae41993449c3f4,multi_source_synthesis,0.9433
e0c04fd8af516a2f,document_overview,0.9336
6747ff783bf7501f,factual_retrieval,0.7276
800579dd984180ff,source_navigation,0.863
9ab8f2517bc63241,definition_clarification,0.5997
35814fff11b51bfd,methodology_explanation,0.5273
96234bd866dda7c3,trend_interpretation,0.6331
5ec1b64d3e6123c0,causal_reasoning,0.5815
c7acd1bf97e68577,comparative_analysis,0.5935
cd2362ec56dbba55,multi_source_synthesis,0.8284
20d599032eb09dcf,document_overview,0.8485
a2b87016c744337a,factual_retrieval,0.9141
238ec932829014c8,source_navigation,0.719
7ff0b3fa9c7b7e37,definition_clarification,0.9937
c6e8beca17a82e30,methodology_explanation,0.9033
4415cbb63818c236,trend_interpretation,0.8375
666a6b03b3b029bd,causal_reasoning,0.948
a2020b79f74ba987,multi_source_synthesis,0.9197
cd40a430542e86a9,factual_retrieval,0.3703
07696e42bca11424,source_navigation,0.8788
cfab84e755cff43f,definition_clarification,0.8061
051c43d3f208b58b,methodology_explanation,0.8255
7109ab0508de4d36,definition_clarification,0.9224
20ce66ed0cdb6d4a,document_overview,0.816
96d11075a6b38ca1,source_navigation,0.4928
a5b5885b024f28e1,definition_clarification,0.8099
1574cb883eb59b83,methodology_explanation,0.905
93da36f97578a536,comparative_analysis,0.921
449cf522db382e4a,factual_retrieval,0.6591
97a8dd3a813200df,source_navigation,0.7055
376c0149046bd961,definition_clarification,0.9637
73dd15b793e86da1,methodology_explanation,0.7509
ed13737067769665,trend_interpretation,0.8347
9ee3506ba611f79f,causal_reasoning,0.8203
7fdc83e9f3b77e7b,comparative_analysis,0.811
6fa1e479b381e31b,multi_source_synthesis,0.8325
bbbdf616316dffcf,document_overview,0.9358
02583b2612d45995,source_navigation,0.8884
0a51ee77e320ea9c,factual_retrieval,0.9218
1b858311cb1bd4c1,source_navigation,0.9471
1f69ec98b0a78617,methodology_explanation,0.7813
a6eef9345fbcb9a0,source_navigation,0.9482
8b04a0b50ae9ac44,definition_clarification,0.7703
78ef705733538d5b,methodology_explanation,0.9099
7fc89509e0cdfbcc,factual_retrieval,0.9504
786067185bad2ba5,source_navigation,0.6565
b1d54486eecaa2a7,definition_clarification,0.9457
8ed473112df79b21,comparative_analysis,0.8106
01e9d121ce3e9b86,multi_source_synthesis,0.8727
eb1b34f3815e9e5d,source_navigation,0.2251
c6068dc1f4b52e5d,definition_clarification,0.6668
2327b347f9cf3bf1,methodology_explanation,0.8694
971f285ea16351a7,trend_interpretation,0.7045
2d6385cfaf012118,causal_reasoning,0.5111
d7ac892f0a265afc,source_navigation,0.0538
93b89a70a5c3ee7e,source_navigation,0.0755
ec1453a860dc9ffa,causal_reasoning,0.7905
fd6750f0c01eae34,trend_interpretation,0.8955
2dea77c2499a820a,multi_source_synthesis,0.7573
4505d781acfec7f2,multi_source_synthesis,0.8419
8ce1c40a7f56c9b2,factual_retrieval,0.9515
ff7b6e2e9c798d88,source_navigation,0.7288
fb5baae592600d36,definition_clarification,0.887
92cf276e0caebd80,methodology_explanation,0.8633
b793c3ff4fe5778f,trend_interpretation,0.7365
5cf00317850c425d,causal_reasoning,0.6403
bd4f4d47bb6c3ab6,comparative_analysis,0.7759
df2c9b973b8bd1a8,multi_source_synthesis,0.8389
53d64568eba128d5,document_overview,0.8515
da209e20c06a463b,factual_retrieval,0.8288
e5bb562eb40dcb38,factual_retrieval,0.9467
e61ced8bce7e241e,definition_clarification,0.9967
1db0e565b0d02f85,methodology_explanation,0.8301
9fef2fe0644f0295,definition_clarification,0.8684
b09d126b4e816b3f,methodology_explanation,0.7831
ce4a7e15fb301383,causal_reasoning,0.9015
e079ade7252fc898,trend_interpretation,0.9524
0d1c00cd679ebb44,causal_reasoning,0.9087
625151c1d5fa3f7d,comparative_analysis,0.9162
005a7c96ca648c75,comparative_analysis,0.9188
4209c8fe83e2180e,factual_retrieval,0.7354
e6458c8bb70bca2d,source_navigation,0.5833
9086f1f5ab6138e6,definition_clarification,0.7615
b1dd000b9d81dc3d,methodology_explanation,0.9602
77a37a5d7bdef4cb,trend_interpretation,0.9123
9c24c1fbd86b4068,causal_reasoning,0.9278
7908098af02262a2,comparative_analysis,0.8806
61359a641fdced6b,multi_source_synthesis,0.8373
1535bff29bcd25ff,document_overview,0.9784
8223c483ef47029b,factual_retrieval,0.8845
3c29e85a06559b84,source_navigation,0.9293
635b109c15741cf2,definition_clarification,0.9386
abae75fa211e6016,methodology_explanation,0.8298
edcc58c3b960a1c3,trend_interpretation,0.7764
8a663be627d6bb62,causal_reasoning,0.6536
1e9ffe998913e109,comparative_analysis,0.8015
bb03471ca1d886d8,multi_source_synthesis,0.9283
dda05e4a6813cc37,document_overview,0.8535
0ea68888226eb0cb,factual_retrieval,0.9683
4f60d7cb36cca98a,source_navigation,0.8012
fd5ad1a5c898e31c,definition_clarification,0.8877
a96759f88733d35a,methodology_explanation,0.9604
820f6e74c3bbac5b,trend_interpretation,0.9606
5ec9fa8d340d587c,causal_reasoning,0.8253
ffc6fa2dba4f9542,comparative_analysis,0.8703
29bb81d426ada05d,multi_source_synthesis,0.9051
1fa4566aba1d5a07,document_overview,0.8948
b3a7b9eeffaacdf2,factual_retrieval,0.9199
a8f07f023abaa84b,source_navigation,0.7716
9b6cfdd3f5d41c5a,definition_clarification,0.9852
d5f2b543d83cfd19,methodology_explanation,0.9113
d6c1f25b233bccdc,trend_interpretation,0.9326
e9bdab47111ed447,causal_reasoning,0.8593
6611f9c9d0541d71,comparative_analysis,0.7895
711357534f47e641,multi_source_synthesis,0.9268
d21de6fd38c8a1a3,document_overview,0.9401
0878c5a2e590b035,factual_retrieval,0.9433
c8f32b61febfb72a,source_navigation,0.9309
c79214b7f30a3a51,definition_clarification,0.9757
50976f43635ff2c1,methodology_explanation,0.9292
a906fc4e77e3ba9b,trend_interpretation,0.8844
ae94c98b62d96ac6,causal_reasoning,0.8093
c0dbc412fb6dd1ce,comparative_analysis,0.9259
bb51f2b576f7b9cb,document_overview,0.9349
836190b910c5bc96,factual_retrieval,0.8361
1d27ee042dddf259,source_navigation,0.9442
0ea6400643e6743e,definition_clarification,0.8489
77df9c8d974e8dcb,methodology_explanation,0.8337
ee92001445a1bc43,trend_interpretation,0.6746
b563059210b1e372,multi_source_synthesis,0.864
03e741f9d275b6f5,document_overview,0.8913
1566cf483fdbc2e7,source_navigation,0.7783
b2bc7bcb98920ec9,methodology_explanation,0.6765
73dcb1cf5c0f03ed,definition_clarification,0.9239
ce43a64ec358ea3c,trend_interpretation,0.8669
d246a8ad36e9e9a9,causal_reasoning,0.8917
e368ab37bd5629dd,document_overview,0.8715
1126248cdf9e2db0,factual_retrieval,0.6323
c5fe432c8613318e,source_navigation,0.8758
077cfdf69d7566df,definition_clarification,0.9567
69e187e606e39778,methodology_explanation,0.8276
aac86712c27d7827,trend_interpretation,0.6086
186e684e8a874779,causal_reasoning,0.8279
4e7f324cdc7bd46e,comparative_analysis,0.9311
e07efc8c702f513a,multi_source_synthesis,0.7287
fb1fb3df5785a832,document_overview,0.9196
ec11b472ddefc7b3,factual_retrieval,0.3611
b729011b88c426b0,source_navigation,0.3582
175a2e9119adb130,definition_clarification,0.5834
3fadf1f3376a2276,methodology_explanation,0.5932
e1aaf10031a7dc77,trend_interpretation,0.5413
fa7cf75a65018281,causal_reasoning,0.9325
dd2b05e8180db3f5,comparative_analysis,0.7795
cf982a5af684ccc4,multi_source_synthesis,0.7838
cdac1c373ae44f02,document_overview,0.8856
860bd49587a0f09c,factual_retrieval,0.9412
f0ddd2e505f1fd25,source_navigation,0.689
bce41670291e4639,definition_clarification,0.9629
dbcb2a03a93224dd,methodology_explanation,0.9715
f656e7686d36d61a,trend_interpretation,0.9624
9b49c70741daf5c2,causal_reasoning,0.8912
093fcbbb86d18d95,comparative_analysis,0.9496
0e5471bd288527a9,multi_source_synthesis,0.9519
ace5c8e899663507,document_overview,0.9326
4154da21c160e9ab,factual_retrieval,0.969
93d2e7b8cb77c3eb,source_navigation,0.5661
5c0edb46c1d67bd3,definition_clarification,0.8321
1c4d6b1e56ffacd8,methodology_explanation,0.9624
4f8458205cb42bb5,trend_interpretation,0.9041
f2b0c48776bae943,comparative_analysis,0.8288
fb2ea57437df2566,document_overview,0.8745
b7f1a6aed6ab50f4,factual_retrieval,0.7122
7c62fc5741b80ba0,source_navigation,0.3098
32f0328972a22687,definition_clarification,0.9624
07c81cb6491c0dc3,methodology_explanation,0.7921
fb2dc18173d854f2,trend_interpretation,0.8257
1197e84cefa8de05,causal_reasoning,0.7792
9e76854cd8045c2c,comparative_analysis,0.8192
7c930fb97703b045,document_overview,0.5747
fce717b21ae59aad,factual_retrieval,0.9369
c940263e12bca37b,source_navigation,0.759
fbbd2fcf833d75e0,definition_clarification,0.9969
9abf811b03a38185,methodology_explanation,0.8198
093fb8591b8d3113,trend_interpretation,0.918
e6afac78ebf79579,causal_reasoning,0.872
06348d90b9131e4b,comparative_analysis,0.9149
1e1f52035cd780ca,multi_source_synthesis,0.8252
b654aa2994c888ac,factual_retrieval,0.9494
ddf76ee7357c5d7c,source_navigation,0.8146
cfdbe3c37b869a49,definition_clarification,0.8819
a43031a9e52a7a37,methodology_explanation,0.8575
03b0aea8dd1b7256,trend_interpretation,0.7031
cc7f9295954c58f4,causal_reasoning,0.8293
54000f0907b92ffa,comparative_analysis,0.9135
7c8a0aa8f433b078,multi_source_synthesis,0.8987
5c01f1a1e326db95,document_overview,0.9722
93c44b1c2beff30f,source_navigation,0.7786
fd32b97326b7a5f1,factual_retrieval,0.8159
7a1044fde8e741e3,definition_clarification,0.8569
05e9e138515c98ce,methodology_explanation,0.7619
7c24e5e4eff243e0,document_overview,0.7231
18ee6f130256fe84,factual_retrieval,0.9131
b98d126750845453,source_navigation,0.9322
f00b5b3c3fa02793,definition_clarification,0.8234
fb400c7da90ceb08,methodology_explanation,0.7855
67d585792173e3be,trend_interpretation,0.9792
02e116bc75c2e827,causal_reasoning,0.9131
d408b810b68f7384,comparative_analysis,0.9224
def16f9dc823d39c,multi_source_synthesis,0.9737
29b5e19518f6e8f9,document_overview,0.9519
ad6728b097dd22ee,factual_retrieval,0.8847
159c816c07c1360c,source_navigation,0.865
ed35db37fcf75c11,definition_clarification,0.7202
8ff35dc09eaca495,methodology_explanation,0.8517
2b385fb5e860484d,factual_retrieval,0.9572
5f57b06b974d232f,source_navigation,0.298
71886c1162c930f1,definition_clarification,0.8527
b9bea1a73671838b,methodology_explanation,0.916
ed17ef5bbc6fa720,trend_interpretation,0.9252
42e0d7a502b2a7f5,comparative_analysis,0.7736
ab0debced3b78f94,multi_source_synthesis,0.831
9b3c10a066eeee88,document_overview,0.823
e2359e6a72c2f8d0,factual_retrieval,0.9768
56539c2a5b65104d,source_navigation,0.7031
12a93699c9605f2f,definition_clarification,0.975
a1407e19613b3b25,methodology_explanation,0.8793
16943ce37603b8fb,trend_interpretation,0.919
3d5340ec3f02af44,causal_reasoning,0.8868
9e4bdac59230bfe6,comparative_analysis,0.9391
76c38ed2bf00f964,source_navigation,0.8719
48910c8ca19632ef,definition_clarification,0.827
11508af5920bc8ea,methodology_explanation,0.8136
cee070764acc7a07,trend_interpretation,0.8491
dd237ba6942f03b3,document_overview,0.9654
351b4dc3c3afae5b,factual_retrieval,0.529
a12c01c1048a8913,source_navigation,0.2667
b466a05379220445,definition_clarification,0.9367
c430375bd23c023e,methodology_explanation,0.9296
f03d297706e384fd,trend_interpretation,0.6134
bec20d45c2222412,causal_reasoning,0.8848
68230d70ce5f9002,comparative_analysis,0.9225
7ffc6216685f1c58,multi_source_synthesis,0.7785
f960b7cf4c601e8a,factual_retrieval,0.8452
a4fbca33e36c0082,source_navigation,0.6246
2285fafea40b1d80,factual_retrieval,0.9586
74ab710444344149,source_navigation,0.7183
71816d22da705b7e,definition_clarification,0.939
b79a3e3795da855f,methodology_explanation,0.935
b42640c3173337d7,methodology_explanation,1.0
c9892ac5a716b531,causal_reasoning,0.9554
98079e921aa4f578,trend_interpretation,0.9271
f6184bdac7feca17,causal_reasoning,0.9592
7a1c1c6b43e3292b,trend_interpretation,0.9868
f6faf6c4c3b762c0,comparative_analysis,0.8856
8c2fd84bd598759c,comparative_analysis,0.9211
a9d4ec92ce008e3b,multi_source_synthesis,0.8377
f6e5553f963bd47d,document_overview,0.4115
dc75a30114015d00,factual_retrieval,0.5751
1ff9e9352dfa2c39,factual_retrieval,0.4307
c6a0a15157fe0af0,factual_retrieval,0.6145
9297653f058d1ec7,definition_clarification,0.6055
6465c0948ef6d206,definition_clarification,0.9907
07d02df2b5a06159,methodology_explanation,0.6083
c65a174fcec66ae0,causal_reasoning,0.4225
ce05dd5d16f67eb3,causal_reasoning,0.43
ece8c98385977937,comparative_analysis,0.9827
fc4accfa6f7bb203,document_overview,0.4234
87babe039723ff79,factual_retrieval,0.8594
c219a5cb77d5ece8,source_navigation,0.6775
c1a4de2c9e0b2992,factual_retrieval,0.8535
624f8734e851d68b,source_navigation,0.6807
b72c35b8a2d41150,methodology_explanation,0.9322
c5ad7fd3608a6031,definition_clarification,0.9946
4e0578d3a2ea27a7,definition_clarification,0.9967
759cc6c4a13919b6,methodology_explanation,0.9487
d071258f533c2cc1,causal_reasoning,0.8954
2cf9ce5ff545a60f,causal_reasoning,1.0
2f0d67e753abeb7c,trend_interpretation,0.9637
14241fc03f24a193,causal_reasoning,0.9951
065c3e56cb9d0cb9,comparative_analysis,0.9536
63d126ed7183f137,comparative_analysis,0.9935
ee85b6ece85f893a,multi_source_synthesis,0.8339
654373d7a0790de2,multi_source_synthesis,0.9596
926e83b27d6ad12c,document_overview,0.939
0fdb9e0a0622fcaf,factual_retrieval,1.0
4024a1c9cfbce014,factual_retrieval,0.9135
b7add2679c322def,source_navigation,0.7583
298360d9783b9566,source_navigation,0.8389
b21664f4b6c5079d,definition_clarification,0.9907
c403b434fff0e249,methodology_explanation,0.9479
59c0e0490c4f6d84,definition_clarification,0.9976
5b848f98718f25ca,methodology_explanation,0.9518
6ba13a548fcfefb4,causal_reasoning,0.9736
81a5b3c9c6a980e7,trend_interpretation,0.9285
58ef07010622bad8,causal_reasoning,0.8255
e6483e37d6b1840b,trend_interpretation,0.9006
36aef6916c7012d8,comparative_analysis,0.9768
a374ba083ea56200,multi_source_synthesis,0.981
b06bc9315fdbde6b,factual_retrieval,0.9803
d85d73286234c8fa,factual_retrieval,0.9988
bfd1961ce6a5e325,factual_retrieval,0.9946
452040870c63fcd8,source_navigation,0.4789
f7d0172e8fdc0ef8,definition_clarification,0.654
9104d23155aff566,definition_clarification,0.9965
d9214cc03654b457,definition_clarification,1.0
e1dbbc46557fbd1a,methodology_explanation,0.9841
a6349414f9e930ba,trend_interpretation,0.9826
3b5936d20d728fce,causal_reasoning,0.9703
3c1ce72e71252d21,trend_interpretation,0.9781
0f96980afcfc5ae1,comparative_analysis,0.9621
18541e2e724bce0f,multi_source_synthesis,0.9633
ac4108c20b7fb480,comparative_analysis,0.9342
9b57e8724bfcc086,document_overview,0.5639
060c9b34befe270b,factual_retrieval,0.9498
e7581e4f04d629fc,source_navigation,0.3963
03ed6c344fda1524,definition_clarification,0.774
cac45e423991b63b,methodology_explanation,0.9498
bdebeaa11e1b42c8,causal_reasoning,0.9632
0b6d83b00c1a2aef,trend_interpretation,0.9384
18004f1598d810b4,multi_source_synthesis,0.9752
a50a1791463e6f37,factual_retrieval,0.8816
f8ed90cb88177bf7,factual_retrieval,0.968
f175cd9971527b48,source_navigation,0.4371
ede9d89fabeb7a8d,factual_retrieval,0.928
e79a86f56735262b,definition_clarification,0.974
7c704570493074ad,methodology_explanation,0.9877
13a69dcb9e507f07,definition_clarification,0.9964
b9ee3fcf2dfb7efb,definition_clarification,0.9884
b9f8b3417a409df3,trend_interpretation,0.8738
52dbcaf7e314be10,causal_reasoning,0.9313
30fa2e3655785f7a,causal_reasoning,0.9265
af5057549a274bfa,trend_interpretation,0.9991
d8699e57bff2ebe2,comparative_analysis,0.974
b791e9f96a23e7fa,multi_source_synthesis,0.6827
eee2b15664a54964,comparative_analysis,0.8913
0fb0a3daa4851795,multi_source_synthesis,0.9833
e9b8e817cc26805b,document_overview,0.9798
12be9ac4268d7b47,factual_retrieval,0.9657
5157b9c0c5ed57d8,factual_retrieval,0.9405
ddc84af7e5d3adb9,source_navigation,0.5734
e2d4414b83196c9d,source_navigation,0.7845
44542a71283d91d0,definition_clarification,0.996
cc203644b3e8e980,definition_clarification,0.999
4f3600a49e46f782,methodology_explanation,0.9903
6ac6146a23986e8f,causal_reasoning,0.9399
e110115e4ff44afe,causal_reasoning,0.9401
e8c624e2a82d6a86,trend_interpretation,0.9497
9b2f5647c95fb447,causal_reasoning,0.8503
27977f421149ce1e,comparative_analysis,0.7309
4067006c34280c77,multi_source_synthesis,0.9456
a9caa2e35d265e74,multi_source_synthesis,0.924
88a0ad8d1e6851c9,factual_retrieval,0.9032
47f487eae5bd0511,factual_retrieval,0.8806
69a6d47e94a46491,source_navigation,0.6869
32746481bdf622b0,definition_clarification,0.9978
1dd080adb18315f2,definition_clarification,0.9956
e19bbc6009fbe367,definition_clarification,0.9961
de14eaa21c17a7bd,methodology_explanation,0.9219
20e5e4e8d6255151,causal_reasoning,0.9209
4e66020795f7a75f,causal_reasoning,1.0
0a6d8854513118a6,trend_interpretation,0.9529
f367fcd7e5580894,comparative_analysis,0.9543
af3e62c6e2eb8428,multi_source_synthesis,0.9524
2d9ca65c5b3e3cc9,comparative_analysis,0.9817
b224ef20aa3b2203,multi_source_synthesis,0.936
1bf619bf430886b7,document_overview,0.9679
bb73ddc3b473f8eb,factual_retrieval,0.9395
3e05896370f0c699,source_navigation,0.3683
69127e300e160750,definition_clarification,0.9906
cabedbc8570067ae,methodology_explanation,1.0
900439116161237e,trend_interpretation,0.9103
3b15db5968cf0a9e,causal_reasoning,0.9287
1f8e09397b148c5d,comparative_analysis,0.9975
052dc206095cb702,multi_source_synthesis,0.9957
55a23c780a7cc2b1,document_overview,0.9829
384a4f8ed2107770,factual_retrieval,0.9989
981f0c84aa9a4d79,factual_retrieval,0.9611
66eef2f6107e5c7a,source_navigation,0.7599
a684ee3092840f10,definition_clarification,1.0
fc136370665dc17a,definition_clarification,0.9914
cd09bed8878502a3,trend_interpretation,0.9348
e667c4a580ae8b91,causal_reasoning,0.7593
dc10aeaa4d6748e7,trend_interpretation,0.8536
9e8483b90c5c7fda,factual_retrieval,0.5753
c34ebfc2c58a433d,factual_retrieval,0.5599
4bcf69cc2eb6c709,factual_retrieval,0.6277
5aa9eac85163d047,source_navigation,0.4937
61f8daf0f5f10091,definition_clarification,0.9784
fc71d7e52ff53f2b,methodology_explanation,0.9787
5bad84273b0d5025,definition_clarification,1.0
3c37ed5ab1d6ba0d,methodology_explanation,0.9372
703e272034e29633,trend_interpretation,0.4942
da8159ae0ca6b178,causal_reasoning,0.539
aec9c7763c2c27b2,causal_reasoning,0.8805
18df355a4244582a,comparative_analysis,0.7934
0b9fa0fff3f6f5ce,comparative_analysis,0.5896
80af38ddf3c34fc5,multi_source_synthesis,0.5201
080348498d0cbf22,multi_source_synthesis,0.7254
758f41c9fb042874,document_overview,0.6561
7bb1ccbed99fcfe4,factual_retrieval,1.0
81771976aecb131f,factual_retrieval,0.9636
a4d4253dd9edec11,source_navigation,0.5242
0716e4e168009d94,source_navigation,0.5197
e3a4cec86fe483ae,definition_clarification,0.9905
bd41f0464f9e96bb,definition_clarification,0.9749
1abd68a59743c843,methodology_explanation,0.9504
5ce5d4f76f85fbf1,methodology_explanation,0.9384
fbde9e30cc75c641,trend_interpretation,0.8765
5cea5ee2d8cb7f05,causal_reasoning,0.9394
5eee3ae9774748ca,comparative_analysis,0.8487
eb9cfe50653b5abc,comparative_analysis,0.9144
de5ed07fe0e0926e,multi_source_synthesis,0.9165
d9f043c8df2af204,factual_retrieval,0.9572
a3cddaa1f0c3626c,definition_clarification,0.9391
ef8e196fdf14e077,trend_interpretation,0.8528
0f5ea387d9887175,causal_reasoning,0.8824
e21f956ade84ccc6,comparative_analysis,0.8617
be5d4f9165ab6520,factual_retrieval,0.9682
62d95a414f65e45e,source_navigation,0.876
321381edcc5e7a42,factual_retrieval,0.9906
e26550ad2fa83fe7,source_navigation,0.9312
d13869f46e153e11,definition_clarification,0.5464
d4fd357c2f3422ac,definition_clarification,0.4761
f354f6e2d2a3257a,methodology_explanation,0.9915
a21bc4e13b6b516b,trend_interpretation,0.5251
da3dfad5dced5076,causal_reasoning,0.9116
ff37fef2645fa17f,causal_reasoning,0.5671
01893d981d1085bd,trend_interpretation,0.9778
8936d0fed4404231,comparative_analysis,0.9776
fd78702f40aab8ff,multi_source_synthesis,0.9725
5e3b6a878f37094b,comparative_analysis,0.9592
9d2bc8682c479be9,multi_source_synthesis,0.701
c22d38d7e49d449b,document_overview,0.5586
f71d007158934ec0,factual_retrieval,0.9195
36117dd45d3b098c,factual_retrieval,0.9384
fe0c16f5ca7a9bc8,factual_retrieval,0.9478
db1c8e2a7cf78095,source_navigation,0.4762
a9f190d2aa4dee4e,definition_clarification,0.9898
738cee7a25516f9f,methodology_explanation,0.9808
843554458a491dff,methodology_explanation,0.984
8ace08fb0bdbf8c9,causal_reasoning,0.8998
100c201c7e64313a,causal_reasoning,0.9663
7e5cb158bdd43c60,causal_reasoning,0.9844
0e1e0931c26cb370,trend_interpretation,0.9147
330937de57e084f9,comparative_analysis,0.92
f5831189b9e96764,multi_source_synthesis,0.9627
609039bd0b13d38f,multi_source_synthesis,0.9513
3c5f96e014dcd745,document_overview,0.587
18a07a051ab0ef68,factual_retrieval,0.8456
e991ae34c6431c81,factual_retrieval,0.989
fd506504626aa0f6,source_navigation,0.4957
b9b403ee99e3df88,factual_retrieval,0.9838
ee577f43d769d8d2,definition_clarification,0.9845
f805320fda818354,definition_clarification,0.9202
0db26e76b0475d42,methodology_explanation,0.9825
095519a80f295738,trend_interpretation,0.9776
dabe000e393e391a,causal_reasoning,0.4518
252051644712bea3,trend_interpretation,0.5405
e12fdb02cdff76d9,causal_reasoning,0.4752
5c21e32353f5d0f5,comparative_analysis,0.8978
f8bce8cf2bb7f572,multi_source_synthesis,0.9627
d01a0e60d3f5c7d6,comparative_analysis,0.9765
9a9aa2d42dab4daf,document_overview,0.5071
532538a034cfc2f3,definition_clarification,0.72
7bb562c77c58e4ed,methodology_explanation,0.6421
25d02380239a8fa7,causal_reasoning,0.7742
575833cfeb890644,trend_interpretation,0.6419
afa57f50205a136c,comparative_analysis,0.7219
a2e65ceb337c5693,multi_source_synthesis,0.7583
e1a9619c1818aea1,document_overview,0.6536
98430757b3db4e26,source_navigation,0.6388
75774e900460fb3a,factual_retrieval,0.8047
90a8633c3eff373c,source_navigation,0.7184
18b18f5d6e4901fc,definition_clarification,0.8291
ad04f17fbdcb1abc,source_navigation,0.888
e3b6184a2fd2eb09,source_navigation,0.797
91d8106e905348fc,comparative_analysis,0.7083
5c43c417b8fc293f,comparative_analysis,0.6922
4c8189b7260fee85,multi_source_synthesis,0.8528
175e9acd05355b56,comparative_analysis,0.7785
20d925dbe50143d7,document_overview,0.7797
a393324540d99677,factual_retrieval,0.8726
416d6d0638e045bd,source_navigation,0.7643
6191d9456d441cb9,factual_retrieval,0.8169
9ef4f5fd5ddf6e8e,trend_interpretation,0.7599
b1032629131a74d3,comparative_analysis,0.9096
d587157fb5763c62,multi_source_synthesis,0.8115
aa536c57147d8e61,source_navigation,0.6743
cd10bc88cc407e3c,factual_retrieval,0.7664
c9bec55c4d21bd40,source_navigation,0.8291
f912ad0b17e086cf,factual_retrieval,0.8822
a4c018fb68260002,definition_clarification,0.8432
b4b84f0acb576b81,methodology_explanation,0.8962
a391398ede985e33,trend_interpretation,0.3499
50d18581ac43c872,trend_interpretation,0.9181
4bb43168c54b2e0a,causal_reasoning,0.7535
970bb2521e529052,causal_reasoning,0.7113
cbd045504aa6470e,comparative_analysis,0.8556
13e94e97cbcb7589,source_navigation,0.3897
a94dbbd953028ce3,causal_reasoning,0.5145
09c468a22018f683,factual_retrieval,0.9969
e6d10d04cdb254d4,factual_retrieval,0.9857
57ceb53dcaeedeb0,source_navigation,0.8397
f2fe2ecd860385e4,definition_clarification,0.9528
f42177938e6a8c26,definition_clarification,1.0
4c60e56117f47bf5,methodology_explanation,0.9854
43ac4b0dbed49125,causal_reasoning,0.9445
523514e41a3e04b9,causal_reasoning,0.9477
b01ab13e6dbeab3c,trend_interpretation,0.9327
29876d49f467b3c9,comparative_analysis,0.5717
d048d7f25bcca663,multi_source_synthesis,0.9596
be70bb0053550a95,comparative_analysis,0.9505
2d6cd13aad7c5b86,multi_source_synthesis,0.8522
10a70331bb1fcc6f,factual_retrieval,0.9007
2e9beb442b67a411,source_navigation,0.7138
6fb11c91a084ea76,definition_clarification,0.664
234739b99744cda1,methodology_explanation,0.9883
397bd0808ba916fb,methodology_explanation,0.725
a59f586a7bb2a5bf,definition_clarification,0.6435
5449cf0fc40e7abd,trend_interpretation,0.7685
5374d321e7dd70de,source_navigation,0.6345
2fc528be259fd45d,definition_clarification,0.9575
0d46bf201a3964ff,trend_interpretation,0.3559
996477507d3541c2,factual_retrieval,1.0
d887954b40535be8,source_navigation,0.863
8217f030269edade,definition_clarification,0.9827
fd9a62ffce8f3051,causal_reasoning,0.8806
d86dab48f67b9af9,comparative_analysis,0.7933
a77b4d36b495d03c,document_overview,0.9412
bd5c6288d8fd49a0,factual_retrieval,0.7881
91c5abfdc59b7420,source_navigation,0.8389
4027c96066bc9e1c,definition_clarification,0.9659
401d47a5f459430d,methodology_explanation,0.9997
f35358ad595eac31,methodology_explanation,0.925
d5fb96211ad3b63c,definition_clarification,0.9161
d39462c905c9cb99,causal_reasoning,0.9188
a661906244e8ec4a,trend_interpretation,0.9178
7215203eb92005bb,causal_reasoning,0.9001
7c167e87c26bccb0,trend_interpretation,0.9455
1043bb076ae28f23,multi_source_synthesis,0.6591
0dad5929dfbffb13,multi_source_synthesis,0.9283
5a1b6bbd9e452afc,factual_retrieval,0.6583
32689922947f87fa,factual_retrieval,0.6627
b0e377f786c803b7,definition_clarification,1.0
905a8e49ddfa595d,methodology_explanation,0.997
3f022ce21a9b9aa5,definition_clarification,0.9729
2dd8b14dc81ca3f9,trend_interpretation,0.7064
a5656ff475d2eb84,comparative_analysis,0.9064
53d85326fc55f283,multi_source_synthesis,0.9454
afa6a8c3d02aeaf0,comparative_analysis,0.9765
726e374d483c45fc,source_navigation,0.5513
3706f0565675332b,factual_retrieval,0.9666
2cf3e9d19eabe8c0,causal_reasoning,0.908
1f939e3b8337968b,source_navigation,0.8232
8fd84033706caadc,methodology_explanation,0.6009
bcae61c4d57eef5c,trend_interpretation,0.8621
8b02b4ccb44db455,causal_reasoning,0.6699
35353026940251c3,comparative_analysis,0.8208
9a53380e72d34300,multi_source_synthesis,0.8095
21d6fac99bd6975d,multi_source_synthesis,0.8299
893ed0d87cedb8d8,causal_reasoning,0.5628
74c45418775a85b5,factual_retrieval,0.4371
2e86c3917b20e51e,factual_retrieval,0.8022
1b32143b72c44ead,factual_retrieval,0.5306
8d27f56e061c4ebb,source_navigation,0.4315
ea78ff0988f326fd,definition_clarification,1.0
358dc83c439e9d5c,methodology_explanation,0.9344
2a4c446e4beaf6de,definition_clarification,1.0
72015cd576b86b72,methodology_explanation,0.9987
f515e5142db7f6a7,causal_reasoning,0.6884
35683ed48862df15,trend_interpretation,0.9369
25db1b45035cc5d1,causal_reasoning,0.5694
9ee785bc7b774dd5,trend_interpretation,0.6383
2eaa0a82794962d6,comparative_analysis,0.9083
c11562fd4340c856,multi_source_synthesis,0.8948
88d2187a365293b5,multi_source_synthesis,0.9148
722f3783c6e21b75,document_overview,0.7097
c9f9efe6cca7c883,factual_retrieval,0.9321
f9cb04e537324c09,source_navigation,0.8165
90cd6747a1aa7fd1,methodology_explanation,0.9575
4843945460db83ed,methodology_explanation,0.9889
aa2501841ae09a53,trend_interpretation,0.9024
47cae4abb7ddab71,multi_source_synthesis,0.9671
0e302144f7575ca9,source_navigation,0.6194
6239c6b25dffdb5b,definition_clarification,0.9752
f016dd76062e1e00,trend_interpretation,0.9513
58ed0450b5834bc0,causal_reasoning,0.9739
2ab92a308cdfcb77,comparative_analysis,0.8951
d177a34741fa5f2c,document_overview,0.9233
064f1b7bc9bbc8f1,source_navigation,0.9024
378a5e785901c3a7,source_navigation,0.7859
1c026513964ff486,methodology_explanation,0.7255
f970e1a9f95d3deb,methodology_explanation,0.7748
c716772fabee88a1,factual_retrieval,0.4292
7cdc264d6481dd18,source_navigation,0.8938
dac034d9c1fc0f8d,methodology_explanation,0.8589
01b4c1276e854f96,definition_clarification,0.6385
74a8493e7c380573,methodology_explanation,0.757
270f627878ed305b,source_navigation,0.7578
03cec69325f445a6,definition_clarification,0.8269
4775b4b34d307f26,methodology_explanation,0.8549
89241ff71767fc33,factual_retrieval,0.9985
c9a9b1262e59c784,source_navigation,0.7449
0065f05040250e3b,factual_retrieval,0.9929
940af4a5a2bbe7af,definition_clarification,0.5692
9406953f7f15b306,definition_clarification,0.6005
636598b9377df343,methodology_explanation,0.5165
3bc4db451277f4cb,methodology_explanation,0.5597
05745bf8e6dbca96,trend_interpretation,0.4242
c089a271e0302287,causal_reasoning,0.441
d12d2e47b8dcb1e9,trend_interpretation,0.5502
9f71775051b94105,causal_reasoning,0.4102
78c1cd40c57f86a4,comparative_analysis,0.5067
1a90969e5f368f1b,comparative_analysis,0.5544
15cb7d02c589f881,multi_source_synthesis,0.9581
9094b30e488d27d0,document_overview,0.5694
89037b2024bc46af,factual_retrieval,0.818
7ea0d1c73306a590,source_navigation,0.5811
7b533f1bf310912d,factual_retrieval,0.9725
0ac103b1e12e80b2,source_navigation,0.4584
bda97c675f2dd279,definition_clarification,0.9867
843b2fbb4fed0da4,methodology_explanation,0.7801
5d241793c46a3304,methodology_explanation,0.9726
79bf22227e80c926,trend_interpretation,0.6771
7b432e3b65848677,trend_interpretation,0.8396
cf132d5f6f6b9962,causal_reasoning,0.9023
a37b1b9340a2b5ad,comparative_analysis,0.6472
05432a19898c7616,multi_source_synthesis,0.9078
fc6fcf2118a87e3a,multi_source_synthesis,0.9444
cd953f64a327c10e,document_overview,0.9741
658395f69727d8d5,factual_retrieval,0.9858
6c3517f10a7ec164,source_navigation,0.6287
d29695526d6ac67a,definition_clarification,0.9835
cc50433eaeae3c47,methodology_explanation,0.968
6d990f4fea0211b3,causal_reasoning,0.8658
942935621bd18597,trend_interpretation,0.9875
d4b230f1b0362e7e,comparative_analysis,0.8816
db61006b7cf5fe01,multi_source_synthesis,0.9619
12e1fe2d6e15a16a,factual_retrieval,0.4301
a14b2c76e7c5b429,factual_retrieval,0.7799
8aee6931125dfadd,source_navigation,0.1516
6b72574f891d206e,factual_retrieval,0.6372
c66f3efe03f9fd51,definition_clarification,0.4657
035a4e5fa3fb4676,methodology_explanation,0.588
429077fba5ab4d64,methodology_explanation,0.6579
1c9f2b21aace93b7,definition_clarification,0.4501
d3955915aea9969e,trend_interpretation,0.9666
b2660bf23c21be93,causal_reasoning,0.9199
947a715b36ece45c,trend_interpretation,0.9693
faf05df00ad22b21,causal_reasoning,0.4595
4436db3be95aa929,comparative_analysis,0.9108
b33d1befe2a78269,multi_source_synthesis,0.8738
32d2acba9ca8ca33,comparative_analysis,0.9796
4d0060a3739f2f27,multi_source_synthesis,0.9628
478f71dcd95b7243,factual_retrieval,0.9472
9f4d139381910e53,factual_retrieval,0.7899
0e53e0519df42368,factual_retrieval,0.9986
5f3c09a6624291e5,source_navigation,0.683
5fb796f63a03575d,definition_clarification,0.9492
4c21a0ec0df4bf36,methodology_explanation,0.9756
9a0260cc2d274922,definition_clarification,0.993
540eaceda74163f7,methodology_explanation,0.9982
1c0c59d651d3f0c0,trend_interpretation,0.9748
10c4d92dab54f0d4,trend_interpretation,0.9966
71dbfc4ca819ed29,causal_reasoning,0.8509
f603c7343db32a4c,comparative_analysis,0.9412
fc491c226dee9018,multi_source_synthesis,0.9685
34e0bc7ba641a081,comparative_analysis,0.9932
7214b240104ce908,multi_source_synthesis,0.9863
ff5dbb03e6a6317d,document_overview,0.5161
40285c9e153ec8ca,factual_retrieval,0.722
0f71cdcb1bd923fd,source_navigation,0.376
13ea9b2c1e50801e,methodology_explanation,0.5896
c1f378f0752a7583,causal_reasoning,0.4179
d2d49c6ef442eb90,trend_interpretation,0.7402
ffb9ff6c161d156a,comparative_analysis,0.7046
ceebc3a982bea9c7,definition_clarification,0.8783
ccd18ba620989d0d,methodology_explanation,0.7067
c52132f2b9f19f1e,definition_clarification,0.8761
4bd7357c39dc47ac,methodology_explanation,0.6898
6a885fd0d3f3ee67,causal_reasoning,0.5315
7e41f30bd93bb11c,trend_interpretation,0.6507
674fdffa53516bd1,trend_interpretation,0.7302
418629adb9f8474f,causal_reasoning,0.6449
e1b0f3f45a07f52f,comparative_analysis,0.7262
f761dd86e73c51fa,comparative_analysis,0.6834
d084052b7ffe1031,multi_source_synthesis,0.6652
b30ebeb87769d4b1,document_overview,0.6781
afa4d23bf650cc24,factual_retrieval,0.4192
6fd56df397b1cb2f,factual_retrieval,0.6709
364d94e8a6e1961b,source_navigation,0.7504
851430b6735193cf,factual_retrieval,0.5229
f4373ac254414db9,definition_clarification,0.9191
e497eccd26553fa3,methodology_explanation,0.7886
e721c6df6bfe475d,definition_clarification,0.9929
45e7ec94712982e7,causal_reasoning,0.9185
b143138df9efd73f,comparative_analysis,0.8376
8809c0caf2b67deb,multi_source_synthesis,0.6422
c9908cc3bca0c668,factual_retrieval,0.8423
964fb7d4a45d8aea,source_navigation,0.5428
11a5fe74053c0b85,definition_clarification,0.6917
b75984f85cffe5cf,methodology_explanation,0.5947
392399ab36c99da1,trend_interpretation,0.6507
b79b4261f58b8843,causal_reasoning,0.7531
237a419bb079fc20,comparative_analysis,0.9164
2dfce65293a7a257,multi_source_synthesis,0.9042
3bf43ce0324adb63,document_overview,0.6917
aa9b5b6f58d6863b,factual_retrieval,0.8392
abbe30a7dd1c5f5a,definition_clarification,0.0265
9d6fb3d32f4e7564,methodology_explanation,0.3964
6da4e6be903f0a84,document_overview,0.7623
daadfc4485f2d374,source_navigation,0.8443
eeda522bcf361184,definition_clarification,0.8962
8b53de97c430d26e,definition_clarification,0.6845
3de54a2282096890,methodology_explanation,0.8132
acd8ca12d47216e2,causal_reasoning,0.8277
912cb25dec797bbc,causal_reasoning,0.8148
3a677d80ae908457,comparative_analysis,0.7313
478d25a5673a9b6f,multi_source_synthesis,0.9002
50a9c5b4c6b0e43a,comparative_analysis,0.7697
39dc9ea8036804ae,multi_source_synthesis,0.8903
ab0a447f950b35a0,factual_retrieval,0.9983
7f5376d0c3950c5e,definition_clarification,0.8844
8c9053ef158831bf,methodology_explanation,0.8093
83575850a1c59151,source_navigation,0.6548
cd6224774fa94ed1,definition_clarification,0.6864
7cb6eabef8895b10,methodology_explanation,0.7185
e138934786dcfd47,factual_retrieval,0.8854
c1b842786ad8d7fe,factual_retrieval,0.9922
19699c5fdaab8438,factual_retrieval,0.9083
8ad9adc8dfc11601,source_navigation,0.6222
7eccc9073ac0811d,definition_clarification,0.5409
ed90817dfd0f689c,definition_clarification,0.6224
3b9fa1802602a97e,methodology_explanation,0.5952
9b7b90868c126642,causal_reasoning,0.5712
50491b997c6bdcc3,trend_interpretation,0.4692
fb02e9c45d73188c,causal_reasoning,0.3686
512c0a3837a21d70,multi_source_synthesis,0.9073
ae21cebe4ccdf8cd,comparative_analysis,0.5695
49faee37d60a4b96,document_overview,0.5632
8136c1404549280c,factual_retrieval,0.9857
01d0fe7d02723c75,source_navigation,0.7791
950c5219bf8f9ab4,definition_clarification,0.9427
57ef3462c5fa88d7,methodology_explanation,0.8863
f5bf171099b64a3f,trend_interpretation,0.9966
57af688dfb13724b,causal_reasoning,0.7189
e7df68e3fd344549,comparative_analysis,0.9741
136a0ffc8b1dd23e,multi_source_synthesis,0.9365
e72b666cd6102844,document_overview,0.6492
b8d6e7b5704ba68e,factual_retrieval,1.0
7978eee6dd5f7a64,source_navigation,0.6543
7f3f02e216f369d9,methodology_explanation,0.8741
ca1f484110ffbc59,definition_clarification,1.0
f5accdda5e3ecfac,causal_reasoning,0.8361
0074d5ab4dab7235,trend_interpretation,0.9294
cdf6a4442ac7eb16,comparative_analysis,0.8829
f97e178e80e14e3f,multi_source_synthesis,0.8793
e7a678297aa99acd,factual_retrieval,0.9836
054a986d61277070,source_navigation,0.7647
edd2047624df8626,definition_clarification,0.9982
e738d9fe74e0b6ee,methodology_explanation,0.9827
7e838bfecc2926ed,trend_interpretation,0.9924
0d35e1832a3145bf,causal_reasoning,0.9557
7e4dc1f1f829a1f4,comparative_analysis,0.8693
8129f1a8df92e443,multi_source_synthesis,0.8568
3e5e88a842c55416,document_overview,0.9716
11d392af56c00024,factual_retrieval,0.7832
adf0244f812d384c,factual_retrieval,0.8225
4f2a3f221fee8161,factual_retrieval,0.8057
ad27524f60cb2fbd,source_navigation,0.7041
4a0234ad1d06283b,definition_clarification,0.6321
33065161038be8a4,methodology_explanation,0.7103
dc378aa4b9852902,definition_clarification,0.7625
517a4a0457a393e1,methodology_explanation,0.7796
20f285e351412fde,trend_interpretation,0.8513
a94467bf97f426cb,causal_reasoning,0.8833
4642083c99aeb3e2,causal_reasoning,0.9087
bdf7340bc2ca781c,trend_interpretation,0.9658
bdca127e45fdfcb9,comparative_analysis,0.6751
f1a0d56df1fb8256,multi_source_synthesis,0.6909
4d378246b15d0d7b,comparative_analysis,0.726
be9eff914f1e4e60,causal_reasoning,0.5303
a5b5d523a0fa0602,document_overview,0.7897
c31775677e76c1d5,factual_retrieval,0.8055
f70e2f2f9c3c0251,factual_retrieval,0.9922
8fe20d2154735e33,source_navigation,0.8028
9da2536a315dc60b,definition_clarification,0.9891
7b781a29e65e5a30,methodology_explanation,0.7818
9feb15dc1ee4a1d6,methodology_explanation,0.7458
8fdc92c03321e8f4,definition_clarification,0.7847
910f25a6b07e6418,source_navigation,0.7964
6a02f7e1eebf21ef,definition_clarification,0.9891
de601a4cc63577d8,methodology_explanation,0.8613
0056349f9da1adef,source_navigation,0.7486
8a8fdc4ad6a6ca1a,definition_clarification,0.8383
f0f790bf7ce259c5,methodology_explanation,0.7559
c2485c6a45bcdd05,source_navigation,0.8962
35823052614994c4,source_navigation,0.6945
b43dad90136a7875,methodology_explanation,0.8286
889e8e358103b662,definition_clarification,0.7336
fb6e4b5fb5852670,source_navigation,0.8188
750c98a58d4a9454,definition_clarification,0.7778
ff972b1c00626915,methodology_explanation,0.6695
a702f15062ed109b,factual_retrieval,0.7729
e0b9bd629a8dfccb,definition_clarification,0.8337
e2f3a2b22b64545d,causal_reasoning,0.776
7d9a86d9f87b293c,factual_retrieval,0.7453
883736a01adfe39f,causal_reasoning,0.7212
48ce465c36208cf7,source_navigation,0.6291
fdde5d5238cc2902,source_navigation,0.6182
be738eb1d0eec683,methodology_explanation,0.8356
52f5b25eb17ee7e0,source_navigation,0.7659
c26362d3cdddc6c9,source_navigation,0.7795
091d5b412abaee2a,source_navigation,0.8612
2cb63a69e5bb14d5,factual_retrieval,0.7364
3df5c52a0e253878,definition_clarification,0.2967
c2b0cda4e970af7f,definition_clarification,0.4187
6a90ac6f4b3ae65a,methodology_explanation,0.2498
c8d4bc0093e1832b,methodology_explanation,0.4678
ed74202b8a42fb51,trend_interpretation,0.7882
a35c284b5f88adb1,causal_reasoning,0.6535
84c97fcda45c48a1,causal_reasoning,0.7659
774702704593d988,comparative_analysis,0.8313
46d6d3d2accb35ea,multi_source_synthesis,0.7462
db79c0e98f6d1016,multi_source_synthesis,0.8253
3c46477899353407,document_overview,0.8821
ea76d4cd122a1148,source_navigation,0.6851
1b26f5b9295a3ee1,source_navigation,0.7939
b291bce260685305,source_navigation,0.8203
6c3aba16948a0779,trend_interpretation,0.7245
0ef2ec765f97011c,trend_interpretation,0.6836
dbdec4fd03b79b60,causal_reasoning,0.7688
4687796e187615e8,comparative_analysis,0.6663
a8e4370b5ea05a8b,multi_source_synthesis,0.5932
d062bfdea9fb5799,multi_source_synthesis,0.712
fb68f1cc910a4b97,source_navigation,0.6753
5d40b56cb9541dd9,factual_retrieval,0.7698
6b24b03694dc924f,source_navigation,0.6685
f41940d8db65788a,definition_clarification,0.8166
c7e4bd43d5ba741e,definition_clarification,0.6699
9f89a70a0b480ef7,methodology_explanation,0.4276
6415612a0c425e7d,trend_interpretation,0.4882
30529d8035af43b0,trend_interpretation,0.4274
41e5d564cd5d91de,causal_reasoning,0.6095
7de0b4144b305498,causal_reasoning,0.5662
f4be69de73ec38ce,comparative_analysis,0.856
6af6aa090223cb39,comparative_analysis,0.7037
bafdf88317048507,multi_source_synthesis,0.7646
d39f8e77bd4857d5,multi_source_synthesis,0.542
d4376c568e9c8d42,source_navigation,0.8109
a3273d27b3a8641b,source_navigation,0.9276
b98eed36e0ea8d6f,definition_clarification,0.7715
60fe4a55136cd4d4,methodology_explanation,0.7511
4ff9e338a3b4da9f,causal_reasoning,0.8196
a45317c446552b09,trend_interpretation,0.6651
b4e543b4d9c79cfd,causal_reasoning,0.6885
29e9bbe2350f416c,comparative_analysis,0.6838
bb8a0561cd64ac3c,multi_source_synthesis,0.8442
7851fc0f07f9804f,source_navigation,0.6587
78c25bb3e8b291cd,definition_clarification,0.6782
e451d404e91ae4e6,definition_clarification,0.7841
cad0662181943880,methodology_explanation,0.8162
4bcff0ae7d8ed002,methodology_explanation,0.7405
bd4314b2e6743820,trend_interpretation,0.8102
fc2c35514333d962,comparative_analysis,0.6523
630b97c7c907f566,comparative_analysis,0.7044
261e7ff403fcb79e,multi_source_synthesis,0.6535
717b43bf3b3bd6f3,document_overview,0.6167
35e2716b22a6e7d6,factual_retrieval,0.8591
f0a21b355b020097,source_navigation,0.6393
e89b236f27b2585b,source_navigation,0.6911
d1ae1da65b6ae224,factual_retrieval,0.926
4143571107724194,causal_reasoning,0.7616
c9fb9224533305f4,document_overview,0.8529
e4d1c85d2af6e814,factual_retrieval,0.8307
0b965d91cfbc942d,methodology_explanation,0.8466
6175837d04c2171d,definition_clarification,0.8655
ac8d36a81cedb17d,trend_interpretation,0.7642
557847d1843b70cc,causal_reasoning,0.713
9d29766fc6df8f18,trend_interpretation,0.7101
cb822ca7cc7fe239,causal_reasoning,0.5925
7043a9ad1ff0b913,comparative_analysis,0.7953
273648ce3eec0e95,multi_source_synthesis,0.7574
8799755277a052f9,source_navigation,0.8194
fa981852368ea8a7,source_navigation,0.7206
7d016d2abc0a2215,definition_clarification,0.6666
208141b139a6a074,methodology_explanation,0.8324
bdc3db177048762c,definition_clarification,0.727
08db25f01130d21b,methodology_explanation,0.8074
a3b1973d8a8f9cfe,trend_interpretation,0.7498
e733a391ca3a8cbd,causal_reasoning,0.3062
fe4c67d8b3110127,comparative_analysis,0.6759
e70fb591ff5a99c3,multi_source_synthesis,0.8097
68d4b501a254a044,comparative_analysis,0.8383
ba314da18d5b8b9a,source_navigation,0.2275
5637907821bdcc39,factual_retrieval,0.8644
ad43a95e19ba5dd3,source_navigation,0.205
b6ce43c8ad67a9ed,definition_clarification,0.5431
a21ddd909176bfcf,definition_clarification,0.8645
8468b123b96f5fff,trend_interpretation,0.7063
a70c3aa16fb263f1,causal_reasoning,0.7945
255f4332e434929e,trend_interpretation,0.7712
02c90c128fb995f4,causal_reasoning,0.724
30f45fa15b3110f4,multi_source_synthesis,0.6936
f373ffeed5e45c1a,source_navigation,0.8083
7f021a9c8234f8ea,factual_retrieval,0.8644
24ec739cd1eee6e1,methodology_explanation,0.504
bd0980d84637c46d,definition_clarification,0.4862
1f653db85d044a3f,methodology_explanation,0.6196
ed5c4da450d74a9f,definition_clarification,0.5348
c9b97907a944819f,comparative_analysis,0.8064
6b2d4b09c2b94387,document_overview,0.4848
02cdbb7e12f717d2,factual_retrieval,0.9214
326e29aff795fd96,source_navigation,0.4409
2e9250c8fe46ac0a,definition_clarification,0.771
e191ae73293b1257,methodology_explanation,0.7583
cfc53ef2cc6d62e3,trend_interpretation,0.6084
39f8660d36f79de4,causal_reasoning,0.7437
590413a8849784e4,comparative_analysis,0.8577
723e0f2075664e51,multi_source_synthesis,0.8393
16530ab87f5305e4,document_overview,0.8874
23ee5971a341c57e,source_navigation,0.7999
06bb50897595bb76,source_navigation,0.648
52723937deff9890,source_navigation,0.8634
c868358d5e154cd9,definition_clarification,0.5129
0883d3c108b1c859,definition_clarification,0.7861
0ba97f8a936a2eca,methodology_explanation,0.8221
12eee9732abd0807,trend_interpretation,0.8593
71370d407e45e583,trend_interpretation,0.7206
a65d43d758a90310,causal_reasoning,0.778
d1ed8f204a77922f,trend_interpretation,0.7236
13ba228a763fc58b,multi_source_synthesis,0.8544
36fb46b9f5eb5108,source_navigation,0.8364
bf374d364ac0f750,factual_retrieval,0.7833
f36727a3e53d6bc6,factual_retrieval,0.8625
321c3c8de8d6b1d6,methodology_explanation,0.7514
cf96e1234c44d060,definition_clarification,0.6908
11b4c069f89016d9,causal_reasoning,0.7493
6b94ea633fb016cd,trend_interpretation,0.689
138b443c2198b3ce,causal_reasoning,0.682
27ccc312c4bb2964,comparative_analysis,0.8487
4bcfe888f7565873,multi_source_synthesis,0.8814
e4b7e3fb15629c94,factual_retrieval,0.8934
b508042ada34bfdc,source_navigation,0.8553
42e69acb90bda334,source_navigation,0.86
c2ee5950d4768002,source_navigation,0.812
ea3cd66d5c286b3a,definition_clarification,0.3439
6d9f64105c5aab52,methodology_explanation,0.6173
e12de3aa0e80d6b0,trend_interpretation,0.8742
a4ea7c82c1322adc,trend_interpretation,0.9131
067fd443a9383ba8,causal_reasoning,0.876
180f1b5a0a545352,comparative_analysis,0.822
55d6d7b69d327ff5,multi_source_synthesis,0.775
872af7710b4242d1,comparative_analysis,0.7714
b7de964b289e2fef,multi_source_synthesis,0.7684
13b42058d519f724,document_overview,0.8701
1c5a26b7839faed1,source_navigation,0.7627
4e030d34c0c396b9,factual_retrieval,0.7992
2ab95d422ced9e19,definition_clarification,0.8468
174b583c58e09c73,methodology_explanation,0.7391
443007d473847a86,trend_interpretation,0.774
0672e443a42961b8,causal_reasoning,0.6921
22657f0508c746b3,document_overview,0.8497
dbc186a4eb6c0880,source_navigation,0.8853
1ca53b65ca70a598,definition_clarification,0.7456
328310c31118147f,methodology_explanation,0.7582
d69f6f3908bf58b5,methodology_explanation,0.7567
b627ae597366f139,definition_clarification,0.7377
22d2220f01bd9e68,trend_interpretation,0.7496
da562df7f18a992c,causal_reasoning,0.9293
fe8fc15c3b8bc13c,trend_interpretation,0.8547
2f62e6917cc6856f,causal_reasoning,0.9178
ab3b15c31cfb3400,comparative_analysis,0.7391
2ee3c69012608753,comparative_analysis,0.8074
6750f98f3feac814,multi_source_synthesis,0.9152
9d58095e1debf39e,multi_source_synthesis,0.8903
3865ef1d198774bb,methodology_explanation,0.8976
185a9cf80cb8630b,methodology_explanation,0.8843
085a8cf9fa87f56a,definition_clarification,0.924
ad126394613e576b,trend_interpretation,0.782
7545826c1154d1f7,causal_reasoning,0.7292
9e3ae3d3df070613,multi_source_synthesis,0.7881
2df3ae8b91d43fbb,comparative_analysis,0.8893
53b56cbaa96c1639,multi_source_synthesis,0.8611
fa09f3bef7a35347,comparative_analysis,0.7211
18814d36b175493b,factual_retrieval,0.8656
c671334fb650a81e,source_navigation,0.7939
7d01872f62f9a479,definition_clarification,0.6937
6d24b78f7fe1b041,factual_retrieval,0.9989
5986299e2f1df7d4,factual_retrieval,0.8789
4fef94f4e12d7732,source_navigation,0.7594
d026415e14fb0e4e,factual_retrieval,0.995
da8e734b16f6f6bf,definition_clarification,0.9908
8c14970319059b2f,methodology_explanation,0.9975
96548455dc0e0e48,methodology_explanation,1.0
5ea50936b403d1a3,definition_clarification,0.989
2469d7d176cee9d9,trend_interpretation,0.9001
140095fc6b49d79b,causal_reasoning,0.8012
1391dc0df377da35,causal_reasoning,0.8598
9a35cd5f43964dc2,trend_interpretation,0.8595
2230f8b17485d1d4,comparative_analysis,0.8706
5bb5f7a383655b4b,multi_source_synthesis,0.949
a09cb48312d85f90,factual_retrieval,0.9788
6ec50c54ea48fe76,source_navigation,0.6173
43ce9f85072a0c09,definition_clarification,0.9784
f9079d35d0c7fb40,methodology_explanation,0.9656
51297df71aab497a,causal_reasoning,0.8222
9a57eb1e2ba915b2,trend_interpretation,0.7992
2b2d8ca9436cdb75,comparative_analysis,0.9175
5d0b7de75d63ec82,multi_source_synthesis,0.8733
9c31a4ebda0936c0,source_navigation,0.6114
dd4eee5ad8ec3675,factual_retrieval,0.5781
2e4a2d2c6376410b,factual_retrieval,0.3694
aef0b19195b83b9d,source_navigation,0.6479
eff983737f8c38d0,definition_clarification,0.5015
002d0bbcafa67e40,methodology_explanation,0.6328
ab2e759322ff665d,definition_clarification,0.5727
3a66fd51aa072651,trend_interpretation,0.8165
c2329264402a9c19,causal_reasoning,0.6635
058f2b36ce6ac09e,trend_interpretation,0.257
bc93941f2aa6afc3,comparative_analysis,0.2427
3e2b13647ed5b732,multi_source_synthesis,0.639
8ee0819c8404c82c,comparative_analysis,0.2378
ff5b4c951041f893,multi_source_synthesis,0.3789
b2c70ffa0c76236b,source_navigation,0.6999
57ecb008db23763e,definition_clarification,0.7803
5b2155296974e864,methodology_explanation,0.9738
0a370c884fdcae66,trend_interpretation,0.983
d4bed33412e8b906,causal_reasoning,0.9797
422c150f614b7530,comparative_analysis,0.3876
da4904b36323d437,document_overview,0.9788
215596b9c329bf35,factual_retrieval,0.9088
3c246c46b52c1941,source_navigation,0.77
31c66edb9106890b,definition_clarification,0.8166
66c6f42ab7e9a58a,definition_clarification,0.7027
ca2e2decb70167ad,methodology_explanation,0.8456
df579b16764bead4,methodology_explanation,0.9918
ce0af4f62021d1e1,trend_interpretation,0.8183
2c211b7368bbc2d3,causal_reasoning,0.9751
ffeb9e8b9e299aeb,comparative_analysis,0.6768
5c12e970fa5b443e,multi_source_synthesis,0.8392
58585a90a080d9c7,multi_source_synthesis,0.8248
0d062841010f7678,document_overview,0.9448
9c28eedd32d9048a,factual_retrieval,0.9362
f3ea2aee7b157e74,source_navigation,0.737
f740cb554c6ea3aa,definition_clarification,0.9867
3b2cbd73e47e68e3,methodology_explanation,0.634
142a380d29ae6331,causal_reasoning,0.8222
09a94fcce1c43db0,document_overview,0.5498
17e5a4e11bff016d,trend_interpretation,1.0
c9af8106d0dbc3db,causal_reasoning,0.9727
30404b392b6eaae7,trend_interpretation,0.9691
c990414a44650ba6,comparative_analysis,0.9254
e70aece6b180587e,comparative_analysis,0.9016
79aa02d7144e9171,multi_source_synthesis,0.9049
15b69abf1275dc88,source_navigation,0.642
b3d4aea058e24a12,methodology_explanation,0.9906
de946120d8e443e7,trend_interpretation,0.9599
bb160c11afd52061,causal_reasoning,0.9475
d74bcdb70992620e,multi_source_synthesis,0.8773
031374d059dc2f63,factual_retrieval,0.7286
7f7bd801701d469b,factual_retrieval,0.9191
e25723d8dfefe8b9,factual_retrieval,0.9166
9e3990488e9cf917,definition_clarification,1.0
573a5da3d8739a22,methodology_explanation,0.9149
67923a68740f4149,definition_clarification,0.9781
61dc5d62811fb1e5,methodology_explanation,0.9825
7aa61641e7443fc1,causal_reasoning,0.7524
b6df51299b25f0b1,causal_reasoning,0.97
dc7c23c09109d7f5,trend_interpretation,0.9183
f01d095be6347f54,trend_interpretation,0.9686
4a94a7d826a609b2,comparative_analysis,0.8674
31edbd4722de954f,multi_source_synthesis,0.8647
5bc671b71fa698f8,comparative_analysis,0.9519
aca64822adf98e84,multi_source_synthesis,0.8249
ba85b6e1ea69ce5f,factual_retrieval,0.9944
dba4409469e71725,source_navigation,0.6721
a5400a00d92b6a8a,definition_clarification,0.9873
b9ff7f1c06314d58,methodology_explanation,0.9611
6358dcaa3d323ac3,causal_reasoning,0.9562
a290e79b8734d1d9,trend_interpretation,0.8965
bf1ef914b8549cf6,comparative_analysis,0.9552
7882da1e3a5f1017,multi_source_synthesis,0.9721
187d0b18d3ab172e,source_navigation,0.6678
4ce87ea0d7e1e102,factual_retrieval,0.7824
f696b8df963c8823,source_navigation,0.6911
3999bed5bd11b857,methodology_explanation,0.8352
749796ad46da516d,source_navigation,0.9035
3bdfea6071147546,source_navigation,0.85
d13644dfe985acbc,definition_clarification,0.6711
5a7d71baab4e73ee,methodology_explanation,0.7989
f2fab44287ddd9be,source_navigation,0.7025
3bb590b4d5ff1f54,methodology_explanation,0.6994
7f2a158554168c83,factual_retrieval,0.9864
b3c176a3a02efcfe,source_navigation,0.6397
0b42b8cd2d37e698,methodology_explanation,0.9269
c35a5a5dc1b699b1,comparative_analysis,0.9553
18f19229a4bf43c8,factual_retrieval,0.6316
844c42630bd3ea70,source_navigation,0.6692
006db8e2a7ae2922,definition_clarification,0.7632
c9a8b11b51cf7441,methodology_explanation,0.523
e801a43c63a156fa,trend_interpretation,0.3732
c33c42cc82810111,causal_reasoning,0.857
b71dcf9a40ba253f,comparative_analysis,0.6354
46a2be6181a98ad6,multi_source_synthesis,0.4433
1921015044ce7f61,document_overview,0.5431
87669d6e3e342847,causal_reasoning,0.7095
9db5503de3eb9067,comparative_analysis,0.7408
bf2485484b398dbc,document_overview,0.7671
1f9e5d1747a21c7b,source_navigation,0.6021
60cfd1a21cbbcd62,factual_retrieval,1.0
64cf21d46637456b,factual_retrieval,0.8781
17845396bdac5f5c,source_navigation,0.532
64461822781a1a6f,definition_clarification,1.0
211a187f5d11473f,definition_clarification,0.987
2153bee5a613e51b,definition_clarification,0.9932
91e41497f218be30,definition_clarification,0.988
4979a879a7b9a1be,causal_reasoning,0.9522
040861ffe81a7262,trend_interpretation,0.9301
f7bd708f2e3cea2b,causal_reasoning,0.8932
dc545821217dadcb,comparative_analysis,0.9653
802791db3ca95493,multi_source_synthesis,0.9661
2b8b7c1fae670a2e,comparative_analysis,0.9623
49a23a1db83137b9,multi_source_synthesis,0.9671
4da17f3c3220c65f,document_overview,0.8269
c92bb35dad5264f5,factual_retrieval,0.9299
b2834f68e3fbca78,source_navigation,0.7046
35bcb4a1e686c905,definition_clarification,0.9299
eae93bc5e74bf543,methodology_explanation,0.9643
470cfafe1440c4b8,trend_interpretation,0.7872
d8ccf2c1773e9920,causal_reasoning,0.9109
78ae4a1666692b20,comparative_analysis,0.9427
8166a4f53874a355,multi_source_synthesis,0.6294
80579493fac382c1,document_overview,0.9431
fa7bc7924a99953a,source_navigation,0.4746
8769b3c5070ee262,methodology_explanation,0.9888
c5197e019adac592,trend_interpretation,0.8657
d90250c0de350622,comparative_analysis,0.7145
74d7eb1be17d9bbc,multi_source_synthesis,0.9653
ccb3c816a2d7dddf,factual_retrieval,1.0
c3bf5fddc095203c,source_navigation,0.6091
d01bfeb22fa85bd6,definition_clarification,0.9884
1773217404b989dc,trend_interpretation,0.9582
9dc567afbb46d9c6,causal_reasoning,0.8697
391caef38777eba1,comparative_analysis,0.8589
caeea8ad7327d71d,factual_retrieval,0.8898
aea4c76ed67fbb52,source_navigation,0.7109
7be5dda9c54afb26,factual_retrieval,0.9905
585e4e1b6dd44571,definition_clarification,0.9211
ac3bae5369821c4d,methodology_explanation,0.9594
abd37aeda21ceb90,methodology_explanation,0.9146
45a577738dff256f,causal_reasoning,0.8059
89950786ac8cae22,causal_reasoning,0.7867
9f3dd5b8fdeee398,trend_interpretation,0.9213
11229e4fdd17b8c0,comparative_analysis,0.9139
c3c4393dc40a6998,multi_source_synthesis,0.9535
9b45cdbb3a0fb0c3,document_overview,0.5233
c8097cb972a1333d,factual_retrieval,0.5944
4dc49c7ff4c14892,source_navigation,0.6552
e5ce9c6c20e66e0f,definition_clarification,0.5993
b3bf9e15dc461a7d,methodology_explanation,0.609
55d508acb5755fd6,causal_reasoning,0.6019
cf58ce9dd32c4861,trend_interpretation,0.8126
c0918206d4894438,comparative_analysis,0.6098
24ad83a79ad42d12,multi_source_synthesis,0.7234
383b31cc7beaaed1,document_overview,0.7387
70ca7944d3038c09,factual_retrieval,1.0
8b6fbb21268f6a68,factual_retrieval,1.0
c34f5066981cf09a,methodology_explanation,0.8963
d3cf1ebaf99a5d47,trend_interpretation,0.8921
754b46adb9b7620d,causal_reasoning,0.9813
46057831ba92558b,comparative_analysis,0.9385
8697689e9da8d299,factual_retrieval,0.8685
26ac933f781ac768,source_navigation,0.7431
84f18e51311c339a,definition_clarification,0.9442
e955bab227ea1604,methodology_explanation,0.9004
e8cb7b4d3341f305,causal_reasoning,0.8232
643cd8230be1018e,trend_interpretation,0.6894
6dec11e83865c63b,comparative_analysis,0.8926
0295ccee1f1aa76b,multi_source_synthesis,0.9614
1a998fd52e2555e8,document_overview,0.9534
c376d068cb7b4f1c,factual_retrieval,0.6225
85090feec03c4097,source_navigation,0.7041
8aa9ac0fd8668757,factual_retrieval,0.9009
ce23afd7f3eb26a3,factual_retrieval,0.8887
55e73ecf3573794b,definition_clarification,0.8086
b30e5952ad5400f2,methodology_explanation,0.5382
5ded87684aa87a7f,methodology_explanation,0.9296
93a0b915d6575e5b,trend_interpretation,0.8404
2ad998d3102ac0ad,causal_reasoning,0.7954
ad8f422d0b0be430,trend_interpretation,0.9002
f91636aa3499bcdb,comparative_analysis,0.7126
25de2662b69c3e68,multi_source_synthesis,0.5337
7687a49de98255fd,comparative_analysis,0.5346
2f2877399b3e1f49,multi_source_synthesis,0.6196
ab359b848f73137d,factual_retrieval,0.9797
d9c524cce3791c0d,source_navigation,0.756
f9b6cdb5eac696ac,definition_clarification,1.0
fabd9f82570b07ed,trend_interpretation,0.9856
d04a38a31bd78a18,comparative_analysis,0.9856
b7eea1c98cc16c88,document_overview,0.9968
b9f0ae86d2092706,factual_retrieval,0.8466
f74a4d1df91cfc6f,source_navigation,0.6332
c85cb7d224ad8b4b,factual_retrieval,0.9164
93e2e41f51fb85af,definition_clarification,0.9988
bf0cad3ca7e8e09a,methodology_explanation,0.993
92a6f0af7b6ce113,definition_clarification,1.0
00a45e4ff454884e,trend_interpretation,0.948
94a9f6506a4be34c,multi_source_synthesis,0.9975
9f1503eb62b6e773,factual_retrieval,0.9734
0c0f4a4da7cd19fa,source_navigation,0.1003
e204d54d78ea89e6,definition_clarification,0.9982
2ec3565e595c7a3f,definition_clarification,1.0
c9bbe22438448c91,causal_reasoning,0.8474
216a7c309a43afc0,trend_interpretation,0.826
f207aef0b47bb25f,comparative_analysis,0.9785
adf57cb247f16486,multi_source_synthesis,0.9782
9da8944a61eaa984,document_overview,0.8745
dfe23d3b23ebbbf2,factual_retrieval,0.4375
a6e4bbbdab1183c8,factual_retrieval,0.4655
6b8ec2f70da04ab3,source_navigation,0.7583
6784410e7589eb8d,definition_clarification,0.9978
b4d5d8baa50b8c65,methodology_explanation,0.9069
ba409ccd09a97357,definition_clarification,1.0
413eab7bec860b93,methodology_explanation,0.9518
d5e4fa55dc836462,causal_reasoning,0.854
9bdfa1da805820dd,causal_reasoning,0.8239
2a80b5cb18736d08,causal_reasoning,0.9213
b110c705e521c6dd,comparative_analysis,0.9717
7e4a6e5365c40956,multi_source_synthesis,0.9743
18775c955a32daeb,document_overview,0.8325
8fb91b38971fc9f4,factual_retrieval,0.7422
08353c2b983b876a,source_navigation,0.5465
ba72b77c90448972,definition_clarification,0.6845
2a81332943cd5de9,methodology_explanation,0.3345
7e3c35b411ab5b33,trend_interpretation,0.6781
36b00deeb5574e99,causal_reasoning,0.3313
fea0f10f72bd0039,comparative_analysis,0.7033
ddc2f30582032e94,multi_source_synthesis,0.6187
b7c248a2299faafc,document_overview,0.9454
7f109e86996b349e,factual_retrieval,0.9199
6fb8eea1b7305308,source_navigation,0.8723
f7be5eed52b4412f,factual_retrieval,0.6817
eca0a9113478eef9,source_navigation,0.9333
d7df2471706c4477,factual_retrieval,0.9659
665387984b0793c8,source_navigation,0.6368
2b33cc65f644ba29,definition_clarification,0.9909
fc9a467d79dc178a,methodology_explanation,0.8937
3e9db7a7303d7f59,trend_interpretation,0.8518
d4e4662ccd4baad3,causal_reasoning,0.7951
a742b24ce93e8f6c,comparative_analysis,0.9727
2ed1ac69b4fa3dbe,multi_source_synthesis,0.7079
bdc1f5cbe1cb4c23,document_overview,0.8197
d3f55555a71453e9,factual_retrieval,0.9267
4a853439d600db1e,factual_retrieval,0.8388
bb51328ed17bb67c,source_navigation,0.8841
f1a2415d596c2bb9,definition_clarification,0.9905
a025fe6390fd6d9f,methodology_explanation,0.8685
a2ce352c48894c10,methodology_explanation,1.0
16fe3738be25db26,causal_reasoning,0.8639
2945abbccba9a9e8,trend_interpretation,0.7078
f7858edd997437fa,trend_interpretation,0.88
7c4a87e126ec46a5,comparative_analysis,0.9198
25ba30727ef890f7,multi_source_synthesis,0.9367
e1ca87384eef8163,multi_source_synthesis,0.9784
81867afdd27f21ff,factual_retrieval,0.6895
4f5b1b63dfedb99c,source_navigation,0.2922
2ec24ea87f5c4669,definition_clarification,0.7767
7522b3b9c4669b63,methodology_explanation,0.676
315a18aec35af25c,trend_interpretation,0.6678
af86d962127159db,causal_reasoning,0.9512
e9eefb70afcedbfb,comparative_analysis,0.7676
40ba69ad4445ec2f,multi_source_synthesis,0.6459
7a773d8f0be6542b,factual_retrieval,0.9575
9e3ebeeabb4db05b,factual_retrieval,1.0
7024d31d646ee08b,source_navigation,0.9706
79647c779723d42b,definition_clarification,0.7665
24d56acf082e5110,methodology_explanation,0.9786
e58e8a81606f667c,definition_clarification,0.964
b99b724223a04800,trend_interpretation,0.8236
d93c1936257b8ce8,causal_reasoning,0.9333
8fde7ba1956924a9,factual_retrieval,0.9602
50138702959a4da4,source_navigation,0.5518
5f8d26f6f650db1b,definition_clarification,0.9629
2f4347d961d7a793,methodology_explanation,0.8499
2cc1cafb9b5287a2,trend_interpretation,0.5818
eb3f330d7e0b0a36,causal_reasoning,0.5896
85045fcd364e7ba5,comparative_analysis,0.6938
9a9089cd85dd19b6,multi_source_synthesis,0.7257
a1242703104a5bef,document_overview,0.864
0219f8ce5f71ab4c,factual_retrieval,0.7992
fa76c2845d425bdf,source_navigation,0.7585
cf79d08ecabdf573,definition_clarification,0.8916
a771baa300f66ca7,methodology_explanation,0.7849
975fb5b361ef6fd8,methodology_explanation,0.9043
eb11ad0ecf343b5b,trend_interpretation,0.4404
4f5b1a8cba75c65d,causal_reasoning,0.6695
841d9f1fb3ec8167,trend_interpretation,0.4207
b1e85f7abd32c4fa,causal_reasoning,0.5561
96c0c10df6039fdf,multi_source_synthesis,0.8122
f070e274803e1c81,comparative_analysis,0.7184
661021e2ffa684c5,multi_source_synthesis,0.871
b469cd18eb39c742,factual_retrieval,0.73
16e864aa9e4a92fa,factual_retrieval,0.8563
e86269f7b88a40d3,definition_clarification,0.762
c89a268139070fe0,definition_clarification,0.732
f3b4cded2563a158,source_navigation,0.6974
d9bc4d4ea27b164a,source_navigation,0.7008
f8a3c718e70fcf7a,comparative_analysis,0.7976
9543a51ad6363e8d,multi_source_synthesis,0.7131
3f4e0c7cfc296aad,comparative_analysis,0.5855
c316039582812c0c,multi_source_synthesis,0.6296
281450678011feb0,document_overview,0.7567
e5d9e0c31ebafd86,trend_interpretation,0.7317
d9d582e324984425,causal_reasoning,0.7294
0b7b23bc0cb89ea1,causal_reasoning,0.7292
6b921ce36f2fa2ee,comparative_analysis,0.7541
b631fe856f4c5986,factual_retrieval,0.8573
a95eb9ed5bdcdd2b,trend_interpretation,0.8459
f3a34989980cacbe,causal_reasoning,0.8384
244a67e937394f4a,trend_interpretation,0.7605
b5e89cd87528bb86,source_navigation,0.8463
ef466786cca436f6,source_navigation,0.8215
17e087741147a89a,methodology_explanation,0.8038
424a9b9d5c5a43ad,definition_clarification,0.7962
f837b70d10473eed,methodology_explanation,0.797
8e7bee42367b401f,trend_interpretation,0.729
3273c533cedafd18,causal_reasoning,0.8159
40d8bff2a1f64241,trend_interpretation,0.763
c83f4cc9a11f17fa,multi_source_synthesis,0.8102
cc8ed466fd4c59dd,comparative_analysis,0.7568
c4a3cd5ee4ef07c1,definition_clarification,0.8175
b2fe8da5ac883191,methodology_explanation,0.8126
5f115f7a77ca6d9c,definition_clarification,0.8141
56fa5576a3e2d623,methodology_explanation,0.8441
348b0aef7dcd1de6,trend_interpretation,0.7545
cba8c6a322576553,trend_interpretation,0.7602
074f8c174527a0ca,causal_reasoning,0.786
3a8da93f4ccf3a9a,causal_reasoning,0.825
89f90d3cf589eac2,comparative_analysis,0.8095
7890a7d655d68512,multi_source_synthesis,0.7662
13b9390fb5cc6d0c,comparative_analysis,0.7252
1c73409d8a2e0479,multi_source_synthesis,0.7768
ee312656b53bcb27,document_overview,0.7741
e3c4999aac66c065,source_navigation,0.6241
d17272a01caeb567,source_navigation,0.679
b5a67ea9e4e78d20,definition_clarification,0.7685
b99838c17f1295de,methodology_explanation,0.7243
1a0f4d706300b3e5,definition_clarification,0.7257
d3a80ea45eed6f9f,methodology_explanation,0.6958
245c5cd431189576,trend_interpretation,0.8011
b76bd78b52f12e85,causal_reasoning,0.5529
417390242519eea9,trend_interpretation,0.7281
9ce33b1477092e03,causal_reasoning,0.6545
469887e4511796c8,comparative_analysis,0.8363
d0e27a4764d57f24,multi_source_synthesis,0.7882
3fffdec4aa0b88b9,comparative_analysis,0.8055
32ed6c0860313286,multi_source_synthesis,0.8096
c0c53ac317e45542,source_navigation,0.8479
296ffe6ab1ba2ffb,source_navigation,0.6561
ea5c072d90fdc739,methodology_explanation,0.7349
6970449c3730e810,definition_clarification,0.8854
41de07e72f1328a8,methodology_explanation,0.8711
bd70d7b625275799,causal_reasoning,0.7242
359c985fec75eccc,trend_interpretation,0.7124
040a7d22ef9ebe82,causal_reasoning,0.6728
da747460cbe799eb,comparative_analysis,0.6686
b5cf9e6a504b5a39,source_navigation,0.5556
f56bcdcc7efb9edf,source_navigation,0.5873
250a4150c98fc334,definition_clarification,0.7142
13ce70e4049e9fec,methodology_explanation,0.6726
850e5520ae6ed5e1,trend_interpretation,0.8839
b0c28080c090fa43,causal_reasoning,0.7373
8f9cbee0f68b2c39,comparative_analysis,0.7636
171b61a2fcd4e350,multi_source_synthesis,0.6337
0205ba6ead51086d,document_overview,0.611
4ab50c84d7b45cd9,factual_retrieval,0.9855
161bdfdf755531a6,factual_retrieval,0.846
357da3bb7b2f797e,factual_retrieval,0.9293
d30212431dce42b3,source_navigation,0.6379
f9ff5fd3afd12c86,definition_clarification,0.6241
ad22c7283aa1bbc5,definition_clarification,0.6432
c158ddc3ed157ef6,methodology_explanation,0.6138
40be61508f173c5c,methodology_explanation,0.7004
adccd0fbefdb4586,causal_reasoning,0.848
36104936fdb1bf27,trend_interpretation,0.9102
90d46091d83fbf69,causal_reasoning,0.7885
29a715ec041ced4d,trend_interpretation,0.7189
9c87d25d1ad70c53,comparative_analysis,0.9428
4cec540519a6b35a,comparative_analysis,0.921
53f23c5f87ab4663,multi_source_synthesis,0.5627
c58eb351d0f66656,multi_source_synthesis,0.7917
83b41dfee406df10,factual_retrieval,0.974
8e6f101812a32aea,factual_retrieval,0.9951
0b9a797005404365,factual_retrieval,0.9168
67f156abd78d87cc,source_navigation,0.679
04dbe59e10f1091f,definition_clarification,0.9944
64983d710f4756dc,methodology_explanation,0.9598
19ff86daacfc54fd,definition_clarification,0.9967
3e183806337d897b,methodology_explanation,0.9932
f30b8e8763008d55,causal_reasoning,0.8645
39c319f5851bd3f7,trend_interpretation,0.8807
152e70f2258bf041,causal_reasoning,0.9204
5574de72570e75ee,trend_interpretation,0.8803
77995a01ad36e50c,comparative_analysis,0.9335
a815bce26c22d267,multi_source_synthesis,0.8881
17598ccdba3ec9c2,comparative_analysis,0.9325
69cbf52b9b67bcd8,document_overview,0.9628
e2e3258ed6f14bb5,factual_retrieval,0.8508
25a4f98f92916fb7,source_navigation,0.5744
c689cae375596acb,methodology_explanation,0.8637
d942941c0fe1ebb2,causal_reasoning,0.8897
702272d62c808fa6,causal_reasoning,0.9869
8c00f0a266923603,trend_interpretation,0.9253
1c617cb1a2c4589b,causal_reasoning,0.9429
5c45160d93707770,comparative_analysis,0.9537
e586206771349484,factual_retrieval,1.0
4b6f675d8372515b,factual_retrieval,1.0
303d3480e8ec65bd,factual_retrieval,0.9427
e7e4957a847ad826,source_navigation,0.5407
5e505e6989048df7,definition_clarification,0.9983
3a5f4a5c7e271955,definition_clarification,0.9956
a459b445aa7c0d3b,methodology_explanation,0.955
d9d11b53ad76487a,definition_clarification,1.0
051108e10052216c,trend_interpretation,0.7484
a7a8097502212cc3,causal_reasoning,0.4878
abec0563d48d0688,causal_reasoning,0.4264
6bd0e21ed332b04e,trend_interpretation,0.9582
0dda22b9d3893e66,comparative_analysis,0.9849
e9ba6f82070d4fd7,comparative_analysis,0.9697
199a9566a7db7d72,multi_source_synthesis,0.964
a4f09faeb0f12d83,multi_source_synthesis,0.9044
b06e39a4ad01f574,document_overview,0.9343
2da53194f0add82c,factual_retrieval,0.6244
331881caa518921e,source_navigation,0.568
a455556b41d0e30b,definition_clarification,0.7816
a1c45633bd8d86d2,methodology_explanation,0.8373
0c25bb328fa1805c,trend_interpretation,0.7971
0176ce233e3b495f,causal_reasoning,0.6228
5ea1d000f65df28e,comparative_analysis,0.6681
4330dd5695dacc3c,multi_source_synthesis,0.49
034931c0d21fde65,document_overview,0.8991
c780dc41a6a4dc2a,factual_retrieval,1.0
743d51297b95bb94,source_navigation,0.9024
a05584a8f4e402f7,factual_retrieval,0.9809
26386124b6c9734b,definition_clarification,1.0
38ea24053064a92b,methodology_explanation,0.9768
4664d2f9981e0f7d,methodology_explanation,0.9712
8c73326cb7e61179,definition_clarification,0.9992
d165cb6f6c7cc27b,trend_interpretation,0.8794
d5df0d0beca845ce,causal_reasoning,0.7685
fe0d1dac774f335a,trend_interpretation,0.9775
40bf62e55bb3ccc7,comparative_analysis,0.4615
892528840645fa44,multi_source_synthesis,0.865
2d2fe70f977d3106,document_overview,0.9481
f75c8636c85f157f,factual_retrieval,1.0
d1af30408f85e822,factual_retrieval,1.0
83ae3e82c19dbb33,source_navigation,0.7239
5a2d3a73481688b4,factual_retrieval,0.893
667a148f13bb8aad,definition_clarification,1.0
65e74b5d9e52dd53,methodology_explanation,0.9762
cb713c433f8b79ea,definition_clarification,1.0
d02ff00bc0e5d764,methodology_explanation,0.8908
f75559363f1f65d3,trend_interpretation,0.8967
69d432ee75c178df,causal_reasoning,0.7441
770eae587b2218c0,trend_interpretation,0.9047
2318eaf441afda8c,causal_reasoning,0.9474
7c49ce13d1090f4c,comparative_analysis,0.9185
fc47745db0568ae0,comparative_analysis,0.8895
7cbbc8817cf3b1da,multi_source_synthesis,0.855
bc75f60ce76d26aa,multi_source_synthesis,0.9708
e6abd01ef308a1ad,document_overview,0.9661
177c6b6773877820,factual_retrieval,1.0
0c9daf4f8927a70a,source_navigation,0.2567
04e4ff4f322df1f0,factual_retrieval,1.0
0fe8a94b1c1fff13,source_navigation,0.6859
495262e99dae1062,definition_clarification,0.9985
2914e570498362dd,methodology_explanation,0.9705
7860a14da3799ad3,methodology_explanation,0.9433
c07a2e2ede246991,trend_interpretation,0.89
e2e39b339cfcca31,causal_reasoning,0.7938
20d1eb11eb3002e6,trend_interpretation,0.4842
1b7c4fe230db117b,comparative_analysis,0.9507
06556e879e08cf92,factual_retrieval,0.8996
f32e534ff14db448,factual_retrieval,0.9602
00af3bcc9a61160f,source_navigation,0.6558
b5657306c1006e16,factual_retrieval,0.9971
97f20b6bf1b3162e,definition_clarification,0.9749
bdb019a485c00ee5,definition_clarification,0.9705
152c6ea88a0a156a,methodology_explanation,0.9881
fb5170eda9b1afb2,methodology_explanation,0.9922
6996835684b37a4c,trend_interpretation,0.931
206a4494a7e9f946,causal_reasoning,0.9387
c05acd18d68d4c5b,trend_interpretation,0.9162
ca3a52802f1ec2db,causal_reasoning,0.9025
898f8df3b318bd18,comparative_analysis,0.8446
5fadb1a7054bbd28,multi_source_synthesis,0.9209
e22e8814f5424a3c,comparative_analysis,0.9704
97ab4ae1a26acef4,document_overview,0.5497
c3bb71a6e11e07ef,factual_retrieval,0.599
3d3424ef15a34593,source_navigation,0.8965
ffcdb0d43714df5b,methodology_explanation,0.5965
fb9af8227fd443d9,definition_clarification,0.8349
fcfe86048968d539,trend_interpretation,0.9159
7206b6cc2731ae0c,causal_reasoning,0.7635
ea3db33ee35b007e,document_overview,0.6227
f37a84e7f4224882,factual_retrieval,0.8866
474e331658a0a662,source_navigation,0.5637
a356ec253e6cf8aa,factual_retrieval,0.9986
2bce4f9370ff2a17,factual_retrieval,1.0
c4fa011f43a9d667,definition_clarification,0.7039
3c1d9d22718d338e,methodology_explanation,0.8872
b3eb5c7ed359310c,definition_clarification,0.6254
d6944aee57f4a5e4,trend_interpretation,0.8506
9a6cc187f77570a8,causal_reasoning,0.8592
b0dd5e4d46d1fd27,causal_reasoning,0.948
da6f5239553ac27d,trend_interpretation,0.7198
472deef21fa7f071,comparative_analysis,0.722
906af66ea1273794,multi_source_synthesis,0.7511
e2a51d1fec2168c2,comparative_analysis,0.7064
b809bbeeca5be3ae,factual_retrieval,0.7033
a0c58e8061275a9d,factual_retrieval,0.5884
31d3fb3d83313340,factual_retrieval,0.563
a6eda889ffb5d8c5,source_navigation,0.5385
4b2efde3acf18bb3,definition_clarification,0.9797
02b43ed1ba9a0632,methodology_explanation,0.9976
75218f5ff13c5457,definition_clarification,1.0
be9b58ceed5bc487,methodology_explanation,0.9916
3401a9b8613f374d,causal_reasoning,0.9021
9c3fe0ae825d5610,causal_reasoning,0.8903
3984fbc97bc04525,trend_interpretation,0.5558
9828a5ec679f3732,comparative_analysis,0.4022
6de7db713fd94de8,multi_source_synthesis,0.5766
ed0606e36eec6483,comparative_analysis,0.7251
59811cbb83846126,document_overview,0.5375
5ab239e640e2794b,factual_retrieval,0.9917
4aa6894b6e38611b,factual_retrieval,1.0
d346ae619cd25af8,factual_retrieval,1.0
537a305fe055d96b,definition_clarification,0.9557
a4f5aac757f26390,causal_reasoning,0.8538
fd426538134186b9,causal_reasoning,0.7868
13e1506ea0c84f2e,trend_interpretation,0.8989
3547e7ac1503a946,comparative_analysis,0.9429
b7a1d305c6dde9dc,comparative_analysis,0.911
8fcd765ed8e27067,factual_retrieval,0.8749
adcf31c5f333553c,source_navigation,0.8301
70326232c7335af2,definition_clarification,0.983
54c57b8e2128e7bd,methodology_explanation,0.9862
e008c3891918704d,trend_interpretation,0.9677
a045e92e67bbf84a,causal_reasoning,0.9547
f56fd13318a0144d,comparative_analysis,0.5009
8da902aa16265f70,multi_source_synthesis,0.9587
6de3e5824269b4d7,document_overview,0.9695
edf11e55a636a765,factual_retrieval,0.9636
2d6de541ab4731cc,factual_retrieval,1.0
ab103a1a2cf97031,source_navigation,0.7262
8158b76fb2f6406a,definition_clarification,0.8339
8d153306bc8ebb95,definition_clarification,0.9994
842dcd1da69ddaa8,trend_interpretation,0.8806
35cabea1f0c2c9c8,comparative_analysis,0.979
30a4b51f18c1f3e7,document_overview,0.742
6617fefd9a4f1763,factual_retrieval,0.9225
25c038ce4b5f7d59,factual_retrieval,0.9697
29288ea72e4a2b05,factual_retrieval,0.9936
0a389e0d2d3f8d52,source_navigation,0.404
1ac44264b09f9ad2,methodology_explanation,0.9682
b40b9da5e84c6597,definition_clarification,0.9976
48b4c90b6a6ae86c,trend_interpretation,0.8983
9e7667ddbec11af5,causal_reasoning,0.8787
87158c1e589e3fe9,causal_reasoning,0.9459
4904abb170541fc2,causal_reasoning,0.9276
1dd500463d11c86b,comparative_analysis,0.9088
a1b3112c0365aa8a,multi_source_synthesis,0.8943
093dc248375a497d,comparative_analysis,0.9567
79d486eff2446185,multi_source_synthesis,0.8756
7e47812858e0ae9f,factual_retrieval,0.9857
0b495d9a9bf6d5a4,factual_retrieval,0.5462
f5ac1a6716e22706,factual_retrieval,0.9748
b47377ebf77565aa,source_navigation,0.3673
619e4c8e74342640,definition_clarification,0.6708
443f661466eac09a,definition_clarification,0.9906
f132c077cb20aa1f,methodology_explanation,0.9706
5214c132b9fdcc84,methodology_explanation,0.6056
12819e374c37e91c,causal_reasoning,0.5666
312983a117d2c32a,causal_reasoning,0.515
08af875efbc68a5c,trend_interpretation,0.4774
e54ee45141cb64dd,trend_interpretation,0.5336
0ee08424a0b06031,comparative_analysis,0.8941
03ccc3e33edfafbd,multi_source_synthesis,0.8489
aad35044390fe0d9,comparative_analysis,0.9446
8c50d18868ba33d0,document_overview,0.71
eca402aa2c111114,factual_retrieval,0.9793
df52d6c637c40bc3,source_navigation,0.5045
e9f77d598ec0789d,definition_clarification,0.9902
1610b79b2f7668b6,methodology_explanation,0.968
adabd10160a0ca38,trend_interpretation,0.9464
c28c6bc0cbba3464,causal_reasoning,0.9077
a2a683ee805b6c9c,comparative_analysis,0.8238
28dab261a7bb19e7,multi_source_synthesis,0.92
1d1a69b6632e7a52,document_overview,0.9883
d201f4c561812739,factual_retrieval,0.7706
4fac6ca9fbfa5f5b,factual_retrieval,0.6989
56445a6f34d265e5,factual_retrieval,0.8725
313cae78c921c6dc,source_navigation,0.8194
3c1e6492dd60a559,definition_clarification,0.8889
bda83a125664f246,definition_clarification,0.9283
695ceb349d78e585,methodology_explanation,0.9814
a66404d366f7db54,methodology_explanation,0.9711
dd5b3dc728afc337,trend_interpretation,0.7534
e6a1e36771826202,causal_reasoning,0.6758
a552c0dd8e1052c0,causal_reasoning,0.7769
642ed70dce706a49,trend_interpretation,0.7858
61ddebbd60742ca0,comparative_analysis,0.8851
d0f3cf5441b803de,multi_source_synthesis,0.9531
09c7f76eca226a6b,comparative_analysis,0.8889
595cd3b369feb6e6,multi_source_synthesis,0.8605
5a72140ad03dce12,document_overview,0.8466
f226d1e928f78d69,factual_retrieval,0.5939
494d43eddfeaf568,factual_retrieval,0.8474
392f977fa3f11d28,source_navigation,0.652
364e9485e2ec2993,definition_clarification,0.9867
2aada5f768a1a406,methodology_explanation,0.734
7b358b1460ea9486,definition_clarification,0.8691
291d9eef5eef5358,methodology_explanation,0.9802
313feb961fafd7f4,trend_interpretation,0.6224
bc419f44c44a72b6,causal_reasoning,0.8137
32d1cfe96a25455d,causal_reasoning,0.9568
f2f5602286292a35,trend_interpretation,0.979
a07d0d016c8d1cf1,comparative_analysis,0.6826
a9a40bc118129305,comparative_analysis,0.9641
7b278b6b6eacfadb,multi_source_synthesis,0.9889
b81a84166ad0a717,factual_retrieval,1.0
196569f707e3b649,factual_retrieval,1.0
019381f7d169e788,source_navigation,0.7048
c169df8fdcbfc564,definition_clarification,0.9864
e8fd34e7bc501ffe,methodology_explanation,0.9159
8f22a30c1b40b8fa,definition_clarification,1.0
59235f040834f013,causal_reasoning,0.9702
8c8211ad0fbe61db,multi_source_synthesis,0.7439
4a2061bdddcc4dea,document_overview,0.9577
08603bf330142ac9,factual_retrieval,0.965
848ee54d3b54bfd1,source_navigation,0.5391
35348489c6465281,definition_clarification,0.9989
c25b319b8119b46c,methodology_explanation,0.5168
fca75686e71b3fbb,trend_interpretation,0.533
44109ca4782ee387,causal_reasoning,0.9486
c9290eafebaae70d,comparative_analysis,0.846
5ed01c1c35dff123,multi_source_synthesis,0.8703
347d51d3843e08a7,document_overview,0.9552
9a2f8d4be56e6ed3,factual_retrieval,0.9542
dbac73b3525188b1,factual_retrieval,1.0
db5fa06819286d35,source_navigation,0.3421
3d09c250b67cc3d1,definition_clarification,0.9461
9090d86148c058bf,methodology_explanation,0.9548
dbac73b3525188b1,definition_clarification,0.9803
4cf9dddd6080a322,methodology_explanation,0.9781
654031034c37bd1d,comparative_analysis,0.3567
98f3445bf40297f8,multi_source_synthesis,0.3273
9bda823dadcbcba3,comparative_analysis,0.5065
2a33ef191e470e56,multi_source_synthesis,0.4751
be2f3a3a89ba5a95,definition_clarification,0.3863
e38cb399b5f168ec,definition_clarification,0.4793
7e1844bf32e0f5c5,methodology_explanation,0.2751
987c341bd9e7c7c1,methodology_explanation,0.6939
7c640cc7d3d0f58d,causal_reasoning,0.3498
597f9f425e3dbb88,causal_reasoning,0.388
72ceb60fdeeb2e17,trend_interpretation,0.4409
0143ad32b4fb2d46,comparative_analysis,0.9829
8700abfb0d9c33aa,multi_source_synthesis,0.6975
99b798e9c6d28276,comparative_analysis,0.9811
303d9786fec534a7,multi_source_synthesis,0.6599
a52c68d5b2541184,document_overview,0.4392
48bf4a2318243a18,factual_retrieval,0.9973
51c8c7e03b6d51b8,source_navigation,0.6411
780322fb6120bb38,definition_clarification,0.9638
2be5d9a221e57f68,methodology_explanation,0.9707
e5a3ff87e3df7d5c,causal_reasoning,0.8659
c18fc2ea513f7f26,trend_interpretation,0.9234
ab7e82f7da983d89,comparative_analysis,0.7987
9989e3726361394f,multi_source_synthesis,0.9647
2311d9e701d1feb1,document_overview,0.9548
a1097aa7d3249234,factual_retrieval,0.9061
e20a2a7854dbf472,factual_retrieval,0.9301
06f9a384dfed971c,source_navigation,0.8954
b1637173bcbcaa6c,definition_clarification,0.9477
b4c05a383b140ae7,methodology_explanation,0.905
cd5555c4b5ef216f,definition_clarification,0.9776
66755cceeb5ae1cd,causal_reasoning,0.9353
66fcc1451efb479c,trend_interpretation,0.9512
54c84fdbbf7034a8,causal_reasoning,0.9108
73186082e33c3250,trend_interpretation,0.9575
0281ead5f4309c6c,multi_source_synthesis,0.9634
5c0851cbd3b5159f,comparative_analysis,0.8798
00a7109ad5028762,multi_source_synthesis,0.9425
a47f51d128e2d81d,source_navigation,0.8594
3b9153d904836d76,definition_clarification,1.0
8576a9575ff73d27,methodology_explanation,1.0
5deebfa5991b7c54,trend_interpretation,0.9087
05787d5f7590a934,comparative_analysis,0.8198
f7c00827d524139c,multi_source_synthesis,0.9928
d4ae3cab44080317,factual_retrieval,0.8952
47751840587a94e9,source_navigation,0.7008
aa5e06d022325988,definition_clarification,0.968
22a79bde17971dd6,methodology_explanation,0.9297
4aa991cc3ad2d209,trend_interpretation,0.7313
dd073dbf67f5a5e5,causal_reasoning,0.8823
41051f65df12478b,comparative_analysis,0.7535
acf115a8b6152c27,multi_source_synthesis,0.8412
a3cd6207f00202d0,document_overview,0.8844
49d307b688dc0b16,comparative_analysis,0.6734
748f4d740d215224,comparative_analysis,0.7858
e2b9b1472506562f,multi_source_synthesis,0.8823
dee566de09daf52a,multi_source_synthesis,0.8851
cf01aa99f2b52076,source_navigation,0.77
ac68fa60b0b1964a,source_navigation,0.7533
632e4cec84dcdde4,source_navigation,0.7445
7d0132b7808db6fd,definition_clarification,0.9289
38ca101e60718b3b,definition_clarification,0.9245
2ae5dd9c8000a44e,methodology_explanation,0.8756
25856ac4ea1c2d21,comparative_analysis,0.7558
83ba0112280965a2,multi_source_synthesis,0.8166
121bedf429c07045,factual_retrieval,0.7968
f7240732a4b6fd84,source_navigation,0.8339
8bb2f1b498aab29a,trend_interpretation,0.3005
c97c940979a81138,causal_reasoning,0.2525
39358e1366174f48,document_overview,0.8068
f04630925fc98d3e,factual_retrieval,0.9376
01e87656d1620911,factual_retrieval,0.9923
2ea9832959d781a3,factual_retrieval,0.9434
be138443c8301a6d,source_navigation,0.66
1cc812eccabbd3b3,definition_clarification,0.9973
8d317079e7d6d3eb,methodology_explanation,0.9434
9b8c2bd1eb695161,methodology_explanation,0.972
2f4ac09e8c0d0505,trend_interpretation,0.9167
663c886713bd23fc,causal_reasoning,0.9173
f34c807b94a5c1f6,causal_reasoning,0.6982
71151d266349e249,trend_interpretation,0.9144
bb81546169914f2f,comparative_analysis,0.9162
32a77c9e6d711bf1,comparative_analysis,0.99
f0a62490fef49088,multi_source_synthesis,0.9631
7876006e890e23cf,document_overview,0.9697
f08f8dcaa5c68839,factual_retrieval,1.0
91fda728d7c085ff,source_navigation,0.6182
57e0306b222f30a1,factual_retrieval,0.9323
aeff4c65c5712ace,source_navigation,0.7063
6a5eeb4a616bb94b,definition_clarification,1.0
07f641cb4b088423,definition_clarification,0.9778
ce1907148d1241df,methodology_explanation,0.9372
e65526f82c499a82,methodology_explanation,0.9749
9e19cc5ab6abc4a1,trend_interpretation,0.9693
4783b7fa6a9162dc,trend_interpretation,0.9515
8ede608ec8debd0a,causal_reasoning,0.8876
13724f45321c7f99,multi_source_synthesis,0.919
fba966f1b07d6c8e,document_overview,0.9674
ecd0a7e1beb3c18c,factual_retrieval,0.9465
1e2d075a3b8e6c60,source_navigation,0.4503
ff20e7fcb5d81fa7,definition_clarification,0.9009
88638de30ad715b0,methodology_explanation,0.7217
b5d2f487ee6a5f6c,trend_interpretation,0.7471
739effa8300e46ec,causal_reasoning,0.8901
0564f9ad40d22f2e,comparative_analysis,0.722
372f43424b2c26b5,multi_source_synthesis,0.5781
1fec03a970de816e,document_overview,0.7926
e633e1352d3a4a57,factual_retrieval,1.0
dc4c81b6178148d2,source_navigation,0.63
36f1b57b95870db6,factual_retrieval,0.9911
e8a1a92877fe82f1,source_navigation,0.5431
65c1025e5c380725,definition_clarification,1.0
c2fb5b7db0e84d71,definition_clarification,0.9821
cfb2216df5b30273,methodology_explanation,0.9982
7e653a5a3bd5edd6,methodology_explanation,0.9685
c4b75d02ef84931f,trend_interpretation,0.6678
c0d2fefa0ac041fe,causal_reasoning,0.6497
1c0b1f1e6d9843b3,causal_reasoning,0.5377
3ffec426fbdeb590,trend_interpretation,0.4499
9500548f786bf20a,comparative_analysis,0.6108
8ba30df312d86822,multi_source_synthesis,0.6161
3a9d092d016d0ce1,multi_source_synthesis,0.4582
ddac3edc6fd072c9,factual_retrieval,0.9685
df9a3e3f1bd47320,source_navigation,0.7399
546ba88388257afe,definition_clarification,1.0
2caf72451e716714,methodology_explanation,0.9764
ddf22e001d0c14c7,causal_reasoning,0.9052
07044a52040ee12e,document_overview,0.7216
aa878fca076baee7,factual_retrieval,0.9318
ae87e8545b02f355,factual_retrieval,0.9034
ebaa07e93c3aeefd,factual_retrieval,0.7788
4bee460612c81171,methodology_explanation,0.9881
33bc479198e6234f,definition_clarification,0.9016
fde2c8af751bfcee,causal_reasoning,0.9839
692cc47894cf2ab4,trend_interpretation,0.9839
13ba8ed7ece3d782,comparative_analysis,0.77
3540b21b380c0540,multi_source_synthesis,0.7767
50f3d60f659cb1b9,comparative_analysis,0.4365
517dbffbe8b09736,document_overview,0.503
faee28d6756f2828,methodology_explanation,0.5531
6d4948273edad7b0,trend_interpretation,0.6319
f907566b57a328b4,comparative_analysis,0.9194
44ab7bc74c880aa0,source_navigation,0.7832
348b18a1540eb5c8,source_navigation,0.8555
0239760251cddf3e,source_navigation,0.8203
839c82bff8f8dcb7,definition_clarification,0.6693
5ca7bb4eccb3d92d,methodology_explanation,0.9215
0f5215983df2a42c,definition_clarification,0.804
0d53d81a18807616,methodology_explanation,0.9417
449598b218b012aa,trend_interpretation,0.7766
c0de156d292fee74,causal_reasoning,0.7577
bcdbd2294ff6f6cf,source_navigation,0.6518
9e07729e43c14a27,factual_retrieval,0.9165
d74a0edbabb225df,methodology_explanation,0.8881
6c0e75c9eb8b82b9,definition_clarification,0.9089
a58ce3f6c3e6aae9,trend_interpretation,0.2017
13c0138299e7ec2c,causal_reasoning,0.2048
183a3b5b518817c6,comparative_analysis,0.6836
b038323415a8dc34,multi_source_synthesis,0.6991
ede1cba4c30c473b,factual_retrieval,0.9892
09b0d02c379029b9,factual_retrieval,0.996
188ecab70f2cf388,source_navigation,0.6381
d71a87ad59d194be,source_navigation,0.8251
a8a4773c7cbd7cb8,definition_clarification,0.9573
2e7541cf4ac99cc1,methodology_explanation,0.9871
74dbd7213fefd218,definition_clarification,0.985
033c673a79f5249b,trend_interpretation,0.8931
93ca40da10b4314a,causal_reasoning,0.5671
1f24f58461a51868,comparative_analysis,0.8558
691492baab03a60b,comparative_analysis,0.7896
24a6de51e9183a7d,multi_source_synthesis,0.9476
502d3ffd53f209b0,factual_retrieval,0.6137
a368090a9f1977e9,source_navigation,0.9782
ad2ddd987873d116,definition_clarification,1.0
c0e5c23346998783,causal_reasoning,0.4268
0d1316ce6dd7a0de,factual_retrieval,0.997
d9ed7abcc32d52df,factual_retrieval,0.8668
26b7e94499fa47cf,factual_retrieval,0.9799
184d956ddf9ad596,source_navigation,0.4486
7521719a496c606e,definition_clarification,0.9922
9df611f414dbd21a,definition_clarification,0.9868
1a94a25e58e5855a,methodology_explanation,0.9901
714b3234cb1ba549,methodology_explanation,1.0
849c1a783e97e735,trend_interpretation,0.8273
7bacf542d2e19120,causal_reasoning,0.8396
89e67716a33773fb,trend_interpretation,0.9528
e2ca6e50d3b96584,causal_reasoning,0.7808
a72c515364813b6e,comparative_analysis,0.7872
98e437c386d5e70a,multi_source_synthesis,0.941
9f99bed04619752d,comparative_analysis,0.9725
9f8aa4e6c219e47d,multi_source_synthesis,0.9773
c973f3721c6fb893,document_overview,0.8988
db29ca97317f73f9,factual_retrieval,0.9195
c531c22225b9d503,source_navigation,0.8242
6dde80ea60057472,methodology_explanation,0.7895
6be0e225da3db030,trend_interpretation,0.4904
0e0215ac2a8cd1fe,causal_reasoning,0.5882
5b143320570f3281,document_overview,0.7224
4fafcf3bf60f3e3d,factual_retrieval,0.8863
406756a804480aec,source_navigation,0.664
23842b0bd4e1a3c5,factual_retrieval,0.8499
c199694dc7546bfa,factual_retrieval,0.8995
9639a9dda8839f5e,definition_clarification,0.9883
3bec109601a59529,methodology_explanation,0.9084
0f787f38711e972b,definition_clarification,0.953
1ebce9876a96615b,methodology_explanation,0.9885
78b1d72dfa9b90c5,causal_reasoning,0.7199
2c9af9f2579d5895,trend_interpretation,0.9248
b5e90bfaffd1fc36,causal_reasoning,0.9856
3e1f3f52da22e4c5,comparative_analysis,0.933
ef66cae34dc10a13,comparative_analysis,0.967
0e160bb73820ed66,multi_source_synthesis,0.8598
489ebffee993ed77,multi_source_synthesis,0.945
3c60200851434555,factual_retrieval,0.987
c26bf4456a0b07dc,source_navigation,0.6353
e01d7ade8dba4471,definition_clarification,0.9915
dd56e518a2385754,methodology_explanation,0.9857
248077d0fc9df4ee,trend_interpretation,0.9501
2a18f464363ca23c,causal_reasoning,0.9681
e976df9e35f32f07,comparative_analysis,0.85
ef6b8856eef1ca93,document_overview,0.9625
b5739e540bad1ce3,definition_clarification,0.7436
08d1d92d07115296,methodology_explanation,0.6852
320ae9b4152934ea,definition_clarification,0.5428
b8c7cc57d4aae9c0,methodology_explanation,0.615
a3c410224ef45804,trend_interpretation,0.8735
180d646706b54731,causal_reasoning,0.7731
69cf7a597f4fd568,comparative_analysis,0.798
427a716d9f83ea1b,source_navigation,0.5924
61a5c588ae37d0ae,methodology_explanation,0.886
493a0a39f065f495,trend_interpretation,0.7656
a4f2c1ef185f602a,causal_reasoning,0.8062
0b4df9d700887a21,comparative_analysis,0.7099
4bf06b56cefa48d1,multi_source_synthesis,0.8719
12723ef6fadaf534,factual_retrieval,0.9986
cfcc534c89d2d9b2,factual_retrieval,0.9435
c601a74890f5d5de,factual_retrieval,0.9867
deea3092fc99bcb3,source_navigation,0.4684
59cbde8dd6552112,definition_clarification,0.9986
c7b7ef6253f7a74e,definition_clarification,0.9416
29aed9bdef017b83,definition_clarification,0.9809
d05b62bc55010a47,methodology_explanation,0.9968
3aa259dacd3cf58e,causal_reasoning,0.9164
a42c8c6ea50ea7f2,causal_reasoning,0.8036
445fec15fc9ce7b7,trend_interpretation,0.988
ef039c9c6b4f4103,comparative_analysis,0.7152
c9e44d4e53fc52ce,multi_source_synthesis,0.9335
e4db533db4ea8feb,multi_source_synthesis,0.9863
77c54d7a3f15ad33,document_overview,0.5912
e2ee95d268b0e331,factual_retrieval,0.9975
57ba8c8cbf0d04d1,source_navigation,0.6925
b4a2ab6e36b38d3d,definition_clarification,0.997
37c559ccfaf20e80,methodology_explanation,0.9794
0274af759d169e09,causal_reasoning,0.5247
88739511c1636ff7,trend_interpretation,0.932
1cfe3d5600995e74,comparative_analysis,0.9499
9cffe3de572126c1,multi_source_synthesis,0.9287
5127f693e1c9dc49,factual_retrieval,1.0
2933c0bff17da3c5,source_navigation,0.6927
37de5af6677bfd55,factual_retrieval,0.9892
8b965f3a3a732bed,definition_clarification,0.9774
5274c7f761cd8383,methodology_explanation,0.6411
d6744ba3c438912e,methodology_explanation,0.9787
1085ac8bda4973d3,definition_clarification,0.9892
a96349264c403386,trend_interpretation,0.8794
02376228ff077b8e,causal_reasoning,0.9564
9f5a0c4227eeee28,comparative_analysis,0.4215
a87390e4bc5282de,multi_source_synthesis,0.9099
ae1c19ccba826076,comparative_analysis,0.6965
bc65523132195608,factual_retrieval,0.6397
8a42c61b38f8e2e0,methodology_explanation,0.9779
61020747c3ef524e,causal_reasoning,0.8836
587b031c81b6250c,trend_interpretation,0.9892
fc2a6c24f90e1245,comparative_analysis,0.85
6b45a29bd311353b,multi_source_synthesis,0.8426
b5f88cea02f06dec,factual_retrieval,1.0
7b4e42d39a954633,factual_retrieval,0.9578
91c1b226c410c28e,factual_retrieval,1.0
2d543ddc165ea2f3,source_navigation,0.7052
b77e28a2a857a353,definition_clarification,1.0
5e052b03ae77fac3,methodology_explanation,0.9747
ae2703a2c2071c43,methodology_explanation,1.0
fa0b7ad8a2eb5b46,definition_clarification,0.9954
e7698651aff5d0c7,causal_reasoning,0.9613
432522df2873e9b4,trend_interpretation,1.0
2fb27892748aec7e,causal_reasoning,0.9607
6db6cc66f832582f,trend_interpretation,0.5418
407b860920d7a7d5,comparative_analysis,0.9818
163d9beee79200c1,comparative_analysis,0.9958
aa69becaa68de1b3,multi_source_synthesis,0.9778
b0eb7ed776e18c4e,multi_source_synthesis,0.9726
cee5a61666bb991d,document_overview,0.8303
15106b85e73cb515,factual_retrieval,1.0
11dd41a256018463,source_navigation,0.8501
94a8aa1f99031e85,definition_clarification,0.2424
e2f88bb58d1c5c33,methodology_explanation,0.4257
b90b869dbf06c0a1,causal_reasoning,0.8949
a173acb1172fac79,trend_interpretation,0.4032
5d309ff2d500a29c,comparative_analysis,0.9598
7c34d910bbafdae6,multi_source_synthesis,0.9582
e284baf29fb9e1bb,definition_clarification,0.9975
4f7b2ee53a0d9c73,definition_clarification,0.9909
517b25eb6b65bb60,definition_clarification,0.9957
367ec4227422574c,methodology_explanation,0.9389
298bc4a3b035381e,causal_reasoning,0.8922
390fcb625c19b5eb,trend_interpretation,0.9871
5f1fbbd060a01614,causal_reasoning,0.8743
a2bd64854c864124,comparative_analysis,0.5351
d9b30dfec39763f1,comparative_analysis,0.5697
08c5bef227ba939d,multi_source_synthesis,0.908
55b5d389ba5a0f0a,factual_retrieval,0.4684
a7618e2408ef8335,source_navigation,0.6487
e100bd4b7850a4bc,definition_clarification,0.4301
efe2d7290b522e30,methodology_explanation,0.9913
f15c64fdcb6cfd67,trend_interpretation,0.9255
741d7ca8893003e1,causal_reasoning,0.8949
df9bb62b6c6c2a92,comparative_analysis,0.8367
d1f2e438ec8fcab2,multi_source_synthesis,0.9224
120d5bc8be1dcaf1,document_overview,0.4956
0fa7f56bfb12760e,factual_retrieval,0.885
5eb37ef486141b64,factual_retrieval,0.9529
859530b2d48d8d15,factual_retrieval,0.8831
0c1d728a3bbb387f,source_navigation,0.8847
959d291451902c2c,definition_clarification,0.9925
cba1b7c0ef0ddb52,methodology_explanation,1.0
4b863580dc0d5f05,definition_clarification,0.9864
ff8501c10e345423,trend_interpretation,0.9812
1ef08e4a63efd6a2,causal_reasoning,0.9038
48b8d36e3722df77,trend_interpretation,0.9819
e32217d66f11e4bf,causal_reasoning,0.9268
92504aae00ece216,comparative_analysis,0.9704
954540d08c9218aa,multi_source_synthesis,0.9901
327f6c4dc90593dd,comparative_analysis,0.9496
bf884dc939b3fd75,multi_source_synthesis,0.7326
3f37e0623a9dd191,document_overview,0.9525
509b7bae5cbedaeb,factual_retrieval,1.0
bb7743cd0d20beed,source_navigation,0.8807
97e293731caefdd0,trend_interpretation,0.8822
19be59239a708d33,comparative_analysis,0.9523
ad83a0464b10a08f,multi_source_synthesis,0.8507
63556e15fc28c93b,document_overview,0.9977
75f51d1008ed2912,factual_retrieval,0.5604
860bb307315f4982,source_navigation,0.9479
c1f1e89130a7f20c,source_navigation,0.7614
29be07c9d71d71e4,definition_clarification,0.9395
3362208c603ef624,methodology_explanation,0.988
8eb843178d07190a,methodology_explanation,0.9728
054c81c2ab3d6f42,definition_clarification,0.9464
f1d7f5de1dd68a42,causal_reasoning,0.8844
a779361452303d46,trend_interpretation,0.8267
7fec96da90db1f95,causal_reasoning,0.8822
194eb3b626009821,trend_interpretation,0.9322
8a032c4713009611,comparative_analysis,0.5915
57831a49da75c614,comparative_analysis,0.4926
d4137cd4beb48b29,multi_source_synthesis,0.4791
cd7741a52b9ae219,document_overview,0.9545
0d9515e39a7ec142,definition_clarification,0.9942
40ca2455c616d18f,methodology_explanation,0.9831
ea1eb9b23a9a4592,trend_interpretation,0.8984
10ce6f5a00c6fc68,causal_reasoning,0.9298
ebb5f634c0b3bd25,comparative_analysis,0.5389
b30a98e93b73dc40,multi_source_synthesis,0.6353
712fe999ebe21188,document_overview,0.5839
6432671f831e684f,factual_retrieval,0.8526
3867097e573e9fe7,definition_clarification,0.8373
239bc243d40f9ae2,document_overview,0.8427
e6e3ffa4bf7121eb,factual_retrieval,0.8516
27140b211161b91e,source_navigation,0.7567
a03b37d3fc50f763,source_navigation,0.6526
16edd77e228f4399,source_navigation,0.6468
24e01674c879d4c6,document_overview,0.759
58e92daf88c10c16,factual_retrieval,0.9723
0e3076ad8919ec89,source_navigation,0.614
803d6da38cb7c831,source_navigation,0.8619
1b03433789880784,document_overview,0.8087
89894fcefaade524,factual_retrieval,0.9037
ca950569917fea20,source_navigation,0.9201
837125f5a9cacf83,factual_retrieval,0.9422
c2046a4b39c79754,source_navigation,0.9097
1da908cd3f3ea879,methodology_explanation,0.9241
a88630a8af22cd03,methodology_explanation,0.852
78f3fcfdbde7ecf6,definition_clarification,0.8278
eb457fdc7f642afe,definition_clarification,0.8425
7c929132e5acc524,comparative_analysis,0.7633
b70f3c3de793225a,multi_source_synthesis,0.8278
0e964e041fa35b3b,comparative_analysis,0.8841
1886b000f0599ae6,document_overview,0.906
0039aa3916b4cb5a,source_navigation,0.7112
81557f7ec1a04fd0,causal_reasoning,0.692
ea337d7d38557453,multi_source_synthesis,0.5751
16f6a81e2edc7b2c,factual_retrieval,0.7206
6a665d6799a3dc33,definition_clarification,0.832
94333e221d63b217,methodology_explanation,0.6002
ce636e8512eea87b,definition_clarification,0.5427
1ad1e61ad634b9e9,trend_interpretation,0.3262
0e8b4ba777d81273,causal_reasoning,0.3379
5a2ce0cd37db4dc5,causal_reasoning,0.3951
1532f7df2c61f76b,source_navigation,0.747
106a833180c6d189,definition_clarification,0.6151
a4a448c454b0ecc7,source_navigation,0.7736
894b4d3dd24ab801,definition_clarification,0.6368
1ff4d6809de98eab,source_navigation,0.2446
35971b4f458ac0df,source_navigation,0.3371
e62c075fbbaa50fc,definition_clarification,0.7203
cbeb3be617e2f168,methodology_explanation,0.7451
8414d410845d46b7,methodology_explanation,0.738
9fc0a6bc3135e88d,definition_clarification,0.7749
41699bf7749e4dc5,source_navigation,0.7043
c3146980f1b72511,methodology_explanation,0.7851
9820f00243ef4724,definition_clarification,0.7279
ce9ade98a218aaf6,factual_retrieval,0.8444
c13958f5153768d5,factual_retrieval,0.8742
b19880a1e25f4256,source_navigation,0.6662
5f88eac3a2c3ef92,definition_clarification,0.97
a70629fba29477a7,methodology_explanation,0.9142
d8a797b5e5914086,definition_clarification,0.9976
a88bcff2cb6e29f3,methodology_explanation,0.948
1c797d5a5a481c0f,causal_reasoning,0.7184
9b184de915e027c6,causal_reasoning,0.7903
f6f032c65fd3dbcd,trend_interpretation,0.7822
c16c81737ecd2343,multi_source_synthesis,0.8364
a39aa3f3472506a3,comparative_analysis,0.9103
11eead7596440967,multi_source_synthesis,0.9017
9a37771c77b80a53,document_overview,0.9604
28f888c65221e7ca,factual_retrieval,0.7546
6c1ca13debc03faf,source_navigation,0.7482
2874c3f42342e27f,methodology_explanation,0.8648
43d6246ed5061aff,trend_interpretation,0.7643
c63b2ec2713c6dca,causal_reasoning,0.8515
37efe71395fd533d,comparative_analysis,0.8677
e44daed193ea46dd,multi_source_synthesis,0.8768
d2572306d59f96bf,document_overview,0.8668
af76711c2ab3bf96,definition_clarification,0.6176
068f1bc123cf38e5,methodology_explanation,0.7276
5a314a6497483b75,trend_interpretation,0.7669
e24b8795f2d17d09,source_navigation,0.7262
5fe3c315584ea2d0,definition_clarification,0.7087
6a8948f35cdc1571,methodology_explanation,0.8432
0387edecf0eca0f7,causal_reasoning,0.7281
4e2d3ce9346fb63b,factual_retrieval,0.6971
68784a69ef5c05da,source_navigation,0.7779
f63b937f586cdc2b,definition_clarification,0.9013
45c360d4d3dcd07f,methodology_explanation,0.8907
09fa118f9b7e2978,methodology_explanation,0.7464
f51806b98a6509a6,definition_clarification,0.729
5cc646db06b03cae,trend_interpretation,0.6534
73d24b08f806d6fe,comparative_analysis,0.7767
25e4e51911a97320,comparative_analysis,0.716
7e97eeabba1d1df0,multi_source_synthesis,0.6526
a6b11224e789cd46,document_overview,0.8508
e96058e2ffd109c7,factual_retrieval,0.92
dfe3563f7553a6e2,source_navigation,0.8222
b3ae614308302a2e,definition_clarification,0.92
fec800ece5d73e66,methodology_explanation,0.8062
0484b3eb758894b9,trend_interpretation,0.3926
8bcad2f6de93f46e,factual_retrieval,0.9204
59de3c4492bc2355,source_navigation,0.6228
2dfab47ee46d484d,methodology_explanation,0.8978
b964338f1ee39857,trend_interpretation,0.6865
8a5fe651317a13d4,comparative_analysis,0.8794
10c9eb57b73c186c,multi_source_synthesis,0.9117
53b2e38ded968e43,methodology_explanation,0.8104
23c94bf4d290319c,source_navigation,0.9337
fdb61701ec164105,definition_clarification,0.7623
4ef13d41a01d23b8,factual_retrieval,0.8575
401130a269c02792,source_navigation,0.3782
6109ec94851587e6,definition_clarification,0.8531
3ea3de0c27248b1e,methodology_explanation,0.7693
bb40655361bda43c,trend_interpretation,0.9442
fd84518d582734a7,causal_reasoning,0.9768
48012647fd9d2b7c,comparative_analysis,0.8729
98c2877a57cabc1f,multi_source_synthesis,0.8556
66f0919bf5492154,document_overview,0.8658
f0e5a5ce5d58fc5b,source_navigation,0.3606
b39b6b758040133b,methodology_explanation,0.767
bee9f998f8ed99fa,definition_clarification,0.9096
60fb84151ca6f626,source_navigation,0.3747
48e20f6c812c8545,definition_clarification,0.2492
c5620bd586518102,methodology_explanation,0.1892
9a9784349a53aa27,factual_retrieval,0.9442
3bb494f9ef5a5753,source_navigation,0.4962
0aa76863b771eca3,methodology_explanation,0.9245
79caf7dad5eea700,trend_interpretation,0.9563
d8d26d73ef6868ae,multi_source_synthesis,0.8873
6db0a5e117d92631,document_overview,0.8601
2d2a26b7fcac2d06,source_navigation,0.7009
ee80020d1e58dedd,methodology_explanation,0.8187
2798cb4f1900ce39,factual_retrieval,1.0
38299fef6fc791e6,source_navigation,0.4458
ed7bb26846cecf5c,methodology_explanation,0.8756
203fba1b14725e73,multi_source_synthesis,0.8692
655b7e5d82d614f6,factual_retrieval,0.9119
edb29fd56fe8d6bb,source_navigation,0.6722
f0da05ebbb01669c,definition_clarification,0.8641
480650fa170a38f6,methodology_explanation,0.8012
661619f7f0bd308a,trend_interpretation,0.9835
88d568f52851ff87,causal_reasoning,0.9425
d73622b14a1ea5e8,comparative_analysis,0.9831
74ce085629ca07c6,multi_source_synthesis,0.9312
cf45656efc13483c,document_overview,0.8359
bcb4b7fc04970bee,factual_retrieval,0.951
d1a196bedbde7b95,source_navigation,0.853
db0c6303d7374102,definition_clarification,0.9676
4e9368243e28a3c9,methodology_explanation,0.9562
1175424849d239b7,causal_reasoning,0.8897
30cf55eaf6a8468b,factual_retrieval,0.7882
d97b6f76f61e96db,source_navigation,0.6759
4f82bec85baae886,methodology_explanation,0.936
1b8ce21eee2209d4,definition_clarification,0.7967
ec46b0436e91bee7,factual_retrieval,0.8759
de0cee8ad7015f62,source_navigation,0.7833
f667018baf46ac1c,definition_clarification,0.8845
559988c73549b395,methodology_explanation,0.965
8ad13e048fc7cd82,trend_interpretation,0.9779
6e53f5b9151dd6d3,causal_reasoning,0.8364
47f891e40e3ebcea,comparative_analysis,0.9437
7dbead140300b739,multi_source_synthesis,0.9485
937fb8ca99a3d6ec,document_overview,0.8413
c85ab2e928aac8b9,factual_retrieval,0.3351
d4362f4193fa18c7,source_navigation,0.4687
d6c735f1b2dbf498,methodology_explanation,0.7241
0b607a511c902136,factual_retrieval,0.9033
8f0c97a6ab24b348,source_navigation,0.5496
59ee8bc301c33985,definition_clarification,0.8815
ff9122d28ead7689,methodology_explanation,0.8522
28943a2f27179051,trend_interpretation,0.8628
aab686be2f6a4c52,causal_reasoning,0.9195
430f7c6f6706143a,comparative_analysis,0.7958
7f8b49fe0a05f2e9,multi_source_synthesis,0.829
4ab3eeea80be4461,document_overview,0.9051
baa54ee01b651d8f,factual_retrieval,0.81
f1599d271d5c65d4,source_navigation,0.4078
ae67232faa6f77b7,definition_clarification,0.7441
92c2357378b19ef7,methodology_explanation,0.8761
e4a1a441a345a09e,trend_interpretation,0.7033
9a55ba9cb5d64c94,causal_reasoning,0.6531
c7de79594af5d6a8,document_overview,0.8611
910b5a99e8259499,source_navigation,0.9398
b011c1006aaf71db,source_navigation,0.9439
55f5f3db08d5d0f3,definition_clarification,0.4928
adfeacef9632ca0d,methodology_explanation,0.7784
7b8e5af8319cbef4,methodology_explanation,0.7456
3237154676554d48,source_navigation,0.3475
c494bc3fd4bf5710,methodology_explanation,0.7953
f6caa86ac8a666f3,definition_clarification,0.7657
3229ceaa5b23a8ac,methodology_explanation,0.7715
91d363da5aee7d0e,source_navigation,0.4651
2d24e2faaf34a970,definition_clarification,0.7962
a909403b0d122dc0,methodology_explanation,0.7953
aba792d82b4854a0,definition_clarification,0.4504
7d6ae0f77520052d,source_navigation,0.5518
8e3c1593c5fb6703,methodology_explanation,0.814
36af1fcf57e4dd22,source_navigation,0.9015
e766dd786552a084,source_navigation,0.9233
710442d6ba4f3220,methodology_explanation,0.8138
f47fb0fcc7765308,definition_clarification,0.3627
50df2ef44be690d5,methodology_explanation,0.8422
fdd5c761fae64e10,source_navigation,0.9116
08014785cb97c4aa,source_navigation,0.8938
df7f56078ed7d070,methodology_explanation,0.7688
a23daba8263f9aa7,definition_clarification,0.6722
324e712fd7f238f4,definition_clarification,0.6382
4bf299d9294262cf,definition_clarification,0.6018
a44b5a853e0914b8,factual_retrieval,0.3656
1b2819a16406fcc8,methodology_explanation,0.6076
44192125e7a3f622,definition_clarification,0.6342
c713973409e7a91d,source_navigation,0.8667
88765da63f933e37,methodology_explanation,0.7415
4ae50af4971ee20f,source_navigation,0.8414
4134ddb8fbfcb859,source_navigation,0.9092
7719c75d036df708,definition_clarification,0.8369
fa573f65def50ada,methodology_explanation,0.8617
1f9f064986e1e6d8,definition_clarification,0.6864
9a09805bb5993c43,source_navigation,0.76
84bb01276d9279b5,source_navigation,0.9406
940150becd75dc68,definition_clarification,0.8872
7f3b10c031f72235,methodology_explanation,0.8301
d650e3469313774d,definition_clarification,0.7025
f95fc2bbe8934020,methodology_explanation,0.7424
1bf7f82a9181e4ca,definition_clarification,0.702
f5e6190f2d208444,methodology_explanation,0.7969
95fd90076c2cfdc8,source_navigation,0.8949
bdb2d2743344ff30,methodology_explanation,0.6535
fbb76f0e3baf81a7,definition_clarification,0.8531
43ceacabd6bf6e05,methodology_explanation,0.7747
afcef78d5b345de8,source_navigation,0.388
3f7de16399475b7c,definition_clarification,0.6757
48ef0cd6c35b2d81,methodology_explanation,0.8282
066dd129eeb6cfd1,definition_clarification,0.738
c13179c7ddf21f8e,source_navigation,0.6863
c40a121479d5d76f,definition_clarification,0.8305
d007a669bb4eb547,methodology_explanation,0.7469
42489b73b21ad944,factual_retrieval,0.917
bb088271812a7aa2,factual_retrieval,0.9245
99cac2b7c6483d38,source_navigation,0.5745
9ba708a39eacf320,methodology_explanation,0.7972
d5a98e2142a28606,definition_clarification,0.7608
d5f2e72788afeb4b,definition_clarification,0.7186
ff996c1dbdb63d44,methodology_explanation,0.7314
a761d03ec4ac1ab5,trend_interpretation,0.8387
3821794e4b3c9bfd,causal_reasoning,0.816
2402850ccf9af2c8,trend_interpretation,0.9438
61f6a8575fdc6720,comparative_analysis,0.7671
636f09d2c3aaf3a6,multi_source_synthesis,0.8078
2a980d766aeedeca,multi_source_synthesis,0.7942
38d9da6efeb4492c,document_overview,0.899
a76bc8373c8012d0,source_navigation,0.8453
6a7189d912229de3,factual_retrieval,0.7996
3ac8cbb1a9964478,source_navigation,0.8913
386414feddcd0338,factual_retrieval,0.8556
3b803f2636bcf38c,methodology_explanation,0.8392
6f2f9c4c71f589c9,definition_clarification,0.8405
a6a0060ac2af5e53,trend_interpretation,0.854
a8111692b32b3196,trend_interpretation,0.8027
a40e2f99af626bb6,causal_reasoning,0.7576
c1890fe9f22b3a63,causal_reasoning,0.8267
4b8ca376377e9f87,comparative_analysis,0.7894
b6d73f59bbecca6b,multi_source_synthesis,0.723
ad3f3040adaa50cf,comparative_analysis,0.8112
e76663d0282c1dbc,multi_source_synthesis,0.8658
0ad5d69fb42de359,document_overview,0.8816
db43db181910f434,source_navigation,0.9034
91921913b65bf36c,factual_retrieval,0.9213
ac69e77b8784eed2,source_navigation,0.883
d4aaba7ebfa2b81b,definition_clarification,0.8549
f2aef6fcf1974ce0,methodology_explanation,0.7339
ec68b9bba16a5015,definition_clarification,0.8629
060073b71e115870,causal_reasoning,0.8573
1d93ee7a436aa386,trend_interpretation,0.8247
fd5f5edc6160407f,causal_reasoning,0.7454
0a3ed5c8a1a6097f,multi_source_synthesis,0.8634
d79e6506223fd202,source_navigation,0.8115
e071959e9acba850,factual_retrieval,0.9381
34215496c5b8ef5b,source_navigation,0.8233
bc7f9242f74f4feb,factual_retrieval,0.9328
c862a8984f257b6e,definition_clarification,0.1686
58946783b7db2057,methodology_explanation,0.8853
6f546c04b9e98613,definition_clarification,0.5502
c5707b487100a052,methodology_explanation,0.7227
252883ec4edf6b8c,trend_interpretation,0.7736
3fcc666a10e47674,causal_reasoning,0.6317
95a895033a8213b1,multi_source_synthesis,0.8167
29a2c38d38bd4e24,source_navigation,0.7096
6c749c3a03f25969,factual_retrieval,0.8382
b5766d08785caf31,source_navigation,0.7707
4e929f27809ad18d,definition_clarification,0.768
c1bb64aab9409d1b,methodology_explanation,0.7647
99b82bd561c673ea,methodology_explanation,0.8566
a3c52d9316e78890,trend_interpretation,0.7032
b4139c88a7ad71ea,source_navigation,0.799
e64fdb1a5f77eef0,source_navigation,0.3271
5d7f51e417ee338f,source_navigation,0.8709
b8c4ec419174ba25,definition_clarification,0.7829
b9322d194fd8107f,methodology_explanation,0.801
2038d849839b03fc,methodology_explanation,0.6249
37b3013d589c2233,definition_clarification,0.5398
511dff1cbb9bcade,source_navigation,0.7984
fb07f5a190ce1f3d,comparative_analysis,0.847
ff98b82f3093ce9e,multi_source_synthesis,0.8295
477051a6172576c0,source_navigation,0.2493
41333b7e4cfe6dc4,source_navigation,0.1846
28bde685ed98c02a,definition_clarification,0.8366
d6225d0af63ac722,methodology_explanation,0.8276
75660a189f762f70,definition_clarification,0.8288
8ea4ece85efca353,trend_interpretation,0.7287
738a0f53a3a787d1,trend_interpretation,0.8495
4045c957403afe69,causal_reasoning,0.6422
a5e8a8ac4f99f148,multi_source_synthesis,0.6519
c38c11aebe473ee1,source_navigation,0.3412
461220111611d0b5,source_navigation,0.3529
87c5ed28b8e6243d,source_navigation,0.4144
0bc0ab65c928171f,methodology_explanation,0.8009
5c2e7512f707cfb2,definition_clarification,0.8966
84f5e73ebc9cf18d,methodology_explanation,0.8688
6005bfd2c7312a64,multi_source_synthesis,0.8309
40cabe8b294ac153,factual_retrieval,0.7921
7364e7a80ca48771,source_navigation,0.6756
5988f5a8fd11c02c,comparative_analysis,0.8165
d805f5ed3e69a1c6,multi_source_synthesis,0.8624
182847aae0c6cb66,methodology_explanation,0.7935
701e7fde82edf072,definition_clarification,0.6595
adcff58624610a0d,factual_retrieval,0.6873
05678bbe072191e9,factual_retrieval,0.7201
82084bd5a21288c6,source_navigation,0.8181
aaa527a1876e72cb,source_navigation,0.8139
37dc302ea050db38,definition_clarification,0.6565
f29e0d2fc83dab36,methodology_explanation,0.6553
b9d0c0d4fa321f8a,source_navigation,0.6101
bf454392db1d2c71,source_navigation,0.7323
bea224c461b91c8d,methodology_explanation,0.7953
e1f4c9afb13506ab,methodology_explanation,0.7347
be2de219e1aceffc,trend_interpretation,0.4374
6a2cfefa5bc0aaf0,source_navigation,0.8619
bf1d53a8793d5418,factual_retrieval,0.4701
b7a200f19d5315ca,source_navigation,0.8537
46e97b4f81924b71,factual_retrieval,0.3804
fb21d3b763da5e85,definition_clarification,0.7525
04cc4d47c17ddfbb,methodology_explanation,0.7953
9b644505fc36f3ba,definition_clarification,0.7821
3287154a1b009171,causal_reasoning,0.3423
811440924c074032,source_navigation,0.8376
28bd90ae9681ff3f,source_navigation,0.8544
d9b26620a9351893,source_navigation,0.6275
a06726c60b98e5ca,factual_retrieval,0.7527
ab9a68078613c4d9,definition_clarification,0.8484
ffb9b4745d76cfa2,methodology_explanation,0.7953
c191a990259298de,definition_clarification,0.711
a88e3a73ae778d33,methodology_explanation,0.3651
712df10196d0db21,source_navigation,0.7003
9d263cc7547bf250,definition_clarification,0.8049
281b8e1a186c432a,methodology_explanation,0.7477
486c3d2626fb1f72,causal_reasoning,0.262
f8e8f16cc50fcc47,methodology_explanation,0.6477
cbd1aac4608ae799,source_navigation,0.7336
48f585879ecfa926,methodology_explanation,0.7933
683bde187098f61a,definition_clarification,0.7842
b4e71c56fbf429d7,methodology_explanation,0.6005
08a35fc8c8913464,definition_clarification,0.6883
e8a8f1b2dbf0866c,factual_retrieval,0.8438
7b7fc7822de7ba97,source_navigation,0.8093
893a448468e8afa2,definition_clarification,0.7788
79d35d0117205c6a,methodology_explanation,0.605
1d212ef6186350c2,definition_clarification,0.7281
e4e2d577689cf609,methodology_explanation,0.7377
4c79781dcad0123b,factual_retrieval,0.6474
7b671bd853fa8616,source_navigation,0.9248
50585b057ea5ed8b,definition_clarification,0.7979
6c9543998d040cfb,methodology_explanation,0.7953
6cf2b99f99ce9957,methodology_explanation,0.6907
dfa80845cf55db45,definition_clarification,0.7492
ea9366834c2e42d4,source_navigation,0.9631
fe700bae5cd026d9,source_navigation,0.9367
cc203eefb37fe3d2,methodology_explanation,0.6681
8c3cd72d9ac36515,definition_clarification,0.7407
d527732aa4131fa4,methodology_explanation,0.4639
be59cb44511372d6,source_navigation,0.7874
1e14ceb666b5b43a,factual_retrieval,0.3327
37f836eb46ee615c,definition_clarification,0.512
0088a4882c8d1d03,methodology_explanation,0.7555
c5d04cf1717049a3,definition_clarification,0.7262
11abb7a7d6efcead,methodology_explanation,0.8329
5f81981434f05e86,source_navigation,0.3911
b410c9a2d7a06e67,definition_clarification,0.1561
50c1d0862e8ef19f,methodology_explanation,0.7613
84cc00ff617bc128,definition_clarification,0.3397
9e5860e8e52fd807,source_navigation,0.5916
17db5bb1c9fad8f2,source_navigation,0.5298
6f2e0a8c94997689,source_navigation,0.4301
4ed4416a8dd59662,definition_clarification,0.7955
773300d4c943ac13,source_navigation,0.8895
b06c9ca2443ad232,source_navigation,0.4815
5842249a4c94c4b9,definition_clarification,0.7149
f409cd7be9843d0f,methodology_explanation,0.8444
4c9b0a5eb63e4b88,methodology_explanation,0.6314
947161f5686f9037,definition_clarification,0.5772
8ea15b5c499605f3,document_overview,0.8476
2dc1af437e3c3eb8,definition_clarification,0.6585
69a6456c3cded4b3,definition_clarification,0.4383
d250a749dc7ac55c,methodology_explanation,0.7982
bb0d1551326ddd59,definition_clarification,0.8039
4a4034926babbeca,document_overview,0.9012
a3db7f03ca5cd7ed,source_navigation,0.3026
9a75ccad8a7e4f56,definition_clarification,0.7381
5ebaadfc9bf0c84e,definition_clarification,0.6295
92d63b61b88e4dbb,methodology_explanation,0.5248
ad2710780e634c89,source_navigation,0.2825
f8a71e689c25183a,factual_retrieval,0.4308
dee83d83dc9962d3,methodology_explanation,0.8131
6c7d86f2a35b018a,definition_clarification,0.5815
013d4c09746d68c0,definition_clarification,0.7649
972ed12a9ee486ca,source_navigation,0.2696
432dff14723cb4bd,definition_clarification,0.5919
35bfd87cc1a0a9fb,methodology_explanation,0.5603
38f8fe8bb72bfc89,definition_clarification,0.7425
37e5737c80659633,factual_retrieval,0.8067
4a22249e6b95ec05,source_navigation,0.4101
e9e230b1090cea8d,definition_clarification,0.831
cc0e54b92feb8421,factual_retrieval,0.6577
867150a159b22737,factual_retrieval,0.6921
9a098f8ef78b9079,source_navigation,0.399
e52819f34f0e7962,source_navigation,0.6145
14c1071b78271dd9,definition_clarification,0.7263
555b1fa39339df11,methodology_explanation,0.5716
a6ab0a8c47998f63,definition_clarification,0.8835
2fb148b64a8a72cd,trend_interpretation,0.5554
7c430f533658fd84,causal_reasoning,0.4821
1d900af44e4c5bb1,trend_interpretation,0.4445
1aa7b798acd466b1,causal_reasoning,0.8242
7282a5aee6738e32,comparative_analysis,0.7179
f483eb5419d2b879,comparative_analysis,0.6618
993c77d968a9e604,source_navigation,0.3898
9e5d13056684a6b5,methodology_explanation,0.5361
9be552eb01bd30ff,causal_reasoning,0.5165
2b34366830d372d9,causal_reasoning,0.4043
9c1f5a7cc46a31d9,comparative_analysis,0.5393
4311876c003d6e75,factual_retrieval,0.5323
f52af6d0d109ffbc,source_navigation,0.6698
d2aa6f50571e2af9,factual_retrieval,0.4592
142515479aba833e,definition_clarification,0.6522
d96893221d4f517a,methodology_explanation,0.6065
449dfa89ce3b656e,definition_clarification,0.7464
4833ef377c65efac,methodology_explanation,0.7695
f71dba3ef7622f6c,trend_interpretation,0.5873
c14102af9489358d,causal_reasoning,0.445
b04432d627021ec4,trend_interpretation,0.6852
f39aec80bfba413f,causal_reasoning,0.4903
c892a2fea41d8bfd,comparative_analysis,0.4503
0b6914ad6af4577c,multi_source_synthesis,0.7034
18fcbd22dd1d4eb5,comparative_analysis,0.5532
765c6b503ca6c3c9,multi_source_synthesis,0.7194
762d4be221ac3c22,causal_reasoning,0.869
21c5429fb7498d34,comparative_analysis,0.9694
cdd507b36ba6f572,multi_source_synthesis,0.6047
e825a30dcb37024d,factual_retrieval,0.9913
dd90aeb7a5f74734,factual_retrieval,0.9775
0bc4b07b0822d7e9,source_navigation,0.9226
22991430336f392d,definition_clarification,0.9959
58c858a596bae28f,definition_clarification,1.0
b90b25c3489c10a2,definition_clarification,0.9898
32ad4d22c173c8ae,methodology_explanation,0.8457
594bbfa752a3c363,comparative_analysis,0.9757
5506ae2aa23f6b27,multi_source_synthesis,0.9754
90342f81c13cdb62,comparative_analysis,0.9218
95987b766536983c,multi_source_synthesis,0.9776
2e790ed780f653d6,document_overview,0.9874
11fe784c13ede107,source_navigation,0.7149
078760807b0107fe,definition_clarification,0.8023
ef23715ca93993b0,methodology_explanation,0.7174
d2be5ce8b1785de0,methodology_explanation,0.6777
89537be33c6f0b39,definition_clarification,0.4912
40c70dd515537579,document_overview,0.8105
ef564001aecb0d48,source_navigation,0.459
891e9076ed0bb6d9,definition_clarification,0.8749
719b44537d10df5c,methodology_explanation,0.8448
35fb4f2f3e898122,source_navigation,0.9125
f8de4c75ce855b88,definition_clarification,0.8429
026d9a1e57c41238,methodology_explanation,0.5217
09b89ea746479622,methodology_explanation,0.6225
63fe6bf268c6d813,factual_retrieval,0.7693
6a928962746c5752,source_navigation,0.8817
c9c57c5706f9a1bc,factual_retrieval,0.7796
443cacb8017d6bcd,source_navigation,0.7739
6bcd926ee76a929b,definition_clarification,0.6585
939512a0906396f0,methodology_explanation,0.9515
089180d392d6dd2f,definition_clarification,0.9481
69f6872d20a7d597,methodology_explanation,0.7219
9ee08d6c3e04094b,source_navigation,0.8699
3894b940711a3c7b,methodology_explanation,0.75
154bfcd67694efe6,methodology_explanation,0.6286
57ca791d3bbb00e9,methodology_explanation,0.8282
42e577f4d31efd29,definition_clarification,0.7544
c331d2b39a5c1568,methodology_explanation,0.7595
25d1a43f10f6f0ba,source_navigation,0.91
fb0e642909e95896,methodology_explanation,0.7908
25332e9d71c8b97f,factual_retrieval,0.7537
55cd885aa2661dc1,factual_retrieval,0.5307
885a1fb5a30f68b5,factual_retrieval,1.0
452680507e07972f,source_navigation,0.5629
443b413885536ef0,definition_clarification,0.8227
3ff292dfca9fa101,definition_clarification,0.7585
701dda0b085bf6fb,methodology_explanation,0.9676
b0172ac9e6888b21,methodology_explanation,0.9944
cd7da258e89dcd94,trend_interpretation,0.8749
b8acc46e5dacf65d,causal_reasoning,0.6558
e9eb5ecaa14dcee9,trend_interpretation,0.66
10f6289e76ba9324,causal_reasoning,0.8968
aebf9f3d655e9f06,comparative_analysis,0.5534
01c9cc7656244cc9,multi_source_synthesis,0.6087
7c26664c7ad30abb,comparative_analysis,0.437
d47e7df31e89e526,multi_source_synthesis,0.7276
9c447e8980225977,document_overview,0.8512
cceb9aa871744b67,definition_clarification,0.6651
8b246d78d83a87b0,methodology_explanation,0.7607
dad40ce4b2d7adc0,methodology_explanation,0.7177
aa79ee6f55d750f9,source_navigation,0.9328
276a23cdd0f910ca,definition_clarification,0.8278
af66006595a2e8ff,methodology_explanation,0.8188
ddeedd3846c5840d,factual_retrieval,0.7991
ad493d69dc3500c8,factual_retrieval,0.8983
67aa8c9dd7bd0290,factual_retrieval,1.0
25211e31dde636b5,source_navigation,0.8763
341aaae81c8f6513,definition_clarification,0.99
15a4a63e588a7535,definition_clarification,0.9171
a92569aa3a9a467d,definition_clarification,0.9909
3895c936e3d44f14,methodology_explanation,0.9842
6d7f1b5a7f369d36,trend_interpretation,0.7909
07f86d169fc017c5,causal_reasoning,0.9261
a7108f2bfb3b6b9e,trend_interpretation,0.948
f5f4ecd5e14acf96,causal_reasoning,0.8985
65e184b385abc53d,comparative_analysis,0.6688
b54fe2cce34e3fe7,comparative_analysis,0.8789
5cf9011cd31e5613,multi_source_synthesis,0.9606
6254fe1a6aaa2610,multi_source_synthesis,0.9725
c60e124337ad073a,factual_retrieval,0.7583
f3302771fe881bed,source_navigation,0.4314
df7962e6563ce05a,source_navigation,0.7967
db47f2a6924356d5,definition_clarification,0.563
c52a10ccbd114b01,methodology_explanation,0.8001
034f9de5ef99509b,definition_clarification,0.9144
74d828c9086a8a56,methodology_explanation,0.6175
027470b02e42fb92,document_overview,0.8155
279a97bbdc9e1ef3,source_navigation,0.4006
489b457408e7872a,methodology_explanation,0.5923
349994a6df3036de,source_navigation,0.7972
f8afde60ab2e2b08,methodology_explanation,0.6687
5ca025cbd631819e,definition_clarification,0.617
116478074d294042,methodology_explanation,0.861
f14786c5daa0c0d0,source_navigation,0.7244
5433fdd02986c389,definition_clarification,0.8136
398054476c5c90c3,methodology_explanation,0.7953
eea48ea5863d6bf1,methodology_explanation,0.7221
32018641826f1dfa,source_navigation,0.8025
d2659f87a98798c3,source_navigation,0.8984
a7fb60ebf4ff9009,source_navigation,0.8922
e9895a4afecf64d2,definition_clarification,0.3886
8653e141bcf27a0b,methodology_explanation,0.5693
4b798b14b8bf477c,definition_clarification,0.581
78cd30b6df17e921,methodology_explanation,0.9451
1917b5069e54538a,factual_retrieval,0.9452
b9ce5fd9fc1700ee,source_navigation,0.7047
468827fb066b26e6,factual_retrieval,0.9391
d9ff9dbc70fccf71,source_navigation,0.3927
b4add0258f9da52b,definition_clarification,0.6875
29c11ea8bf8e525b,methodology_explanation,0.7907
d2504f549d5bb74c,methodology_explanation,0.3917
0ee669c74096f11c,causal_reasoning,0.7432
7d9bb8729aa511a8,factual_retrieval,0.9893
f7a4d3526a9c586d,source_navigation,0.5736
a541a3080ec35fee,definition_clarification,0.885
1aa646c2de810ceb,methodology_explanation,0.8778
8d6ec36cafe49d40,trend_interpretation,0.9488
481a52dc0bb6ed5a,causal_reasoning,0.8717
07670671177dd775,comparative_analysis,0.8497
52c81315ce6a7a16,source_navigation,0.7414
5605901493f524f6,source_navigation,0.7361
8be5b33398436df0,definition_clarification,0.6784
acbfeb90aec5fa17,methodology_explanation,0.7464
47b76c42e845931a,methodology_explanation,0.7953
93e659502fc5f927,definition_clarification,0.6088
7a940d52608670c8,methodology_explanation,0.5926
1d2159c7bda8c675,source_navigation,0.8422
3555c3bcd756beb9,methodology_explanation,0.7677
eeb3f76127335028,definition_clarification,0.5545
b9b6d423ba21c64a,factual_retrieval,0.8746
ef7c2c6b47ce4498,source_navigation,0.7279
bc21e62c6e0ab2f9,source_navigation,0.8903
7ac76ba3d91e7b63,definition_clarification,0.7853
91b0b8c2607835a3,methodology_explanation,0.7953
b98a1048513db13f,definition_clarification,0.4113
462fc74ca71a6bcf,methodology_explanation,0.7677
8d50b989e695b1a0,definition_clarification,0.7305
056109edd855e173,definition_clarification,0.4211
22948d4573ffd983,source_navigation,0.3686
26d71abe681e103f,methodology_explanation,0.733
7adbf2f4def91f83,methodology_explanation,0.7712
56f94b28deeb170a,source_navigation,0.5541
a83ad4ce2a8ba876,source_navigation,0.5756
be1d38999cbe181a,methodology_explanation,0.7845
71065fc5c374f374,methodology_explanation,0.6236
4a1f6041504d55de,definition_clarification,0.5226
e486a6890b3262f9,definition_clarification,0.3135
70e02008086e7719,source_navigation,0.9519
d24593bfdeb2d457,methodology_explanation,0.7883
584cbc6086de74d3,definition_clarification,0.8624
6b35988f50278856,source_navigation,0.8825
8936b732b204ed91,source_navigation,0.7912
17eb4bc0c0119820,factual_retrieval,0.9443
6e02e890b6478075,definition_clarification,0.7136
43142f3a17a9ad7f,definition_clarification,0.8365
12007bdbf6f7b66d,methodology_explanation,0.7236
3ce6605cdabbf62e,trend_interpretation,0.7906
c2a29b3f097fc353,comparative_analysis,0.8996
49aa96551aaa5e45,source_navigation,0.9175
9176d4986770847f,source_navigation,0.8583
43d093da7891aff6,source_navigation,0.8935
f0fec023f8deb7bb,methodology_explanation,0.8604
6660c34c0fd2ab79,definition_clarification,0.4548
ef776d0a5a03e7fe,causal_reasoning,0.6086
90d2fa2c42f333d6,trend_interpretation,0.8966
30e32fe4cb8634c9,causal_reasoning,0.8017
d128adfd5adc37f0,multi_source_synthesis,0.9051
29228858146e3ba2,definition_clarification,0.6858
2b27825ed5d17854,causal_reasoning,0.7344
cb83a383e94d0ea7,source_navigation,0.3953
fcaa851d3480f5ce,definition_clarification,0.643
16a03e0121e5718e,methodology_explanation,0.6057
48f3c0dd7ca4ca9d,definition_clarification,0.5936
6b0f3e032ba85308,source_navigation,0.3748
bd489d5bd76f0f2c,source_navigation,0.7781
4275c1fa44656be1,definition_clarification,0.8204
09eb37bc708e9ea8,methodology_explanation,0.5234
bb277448a6da0321,definition_clarification,0.6694
ebd78760ea070a5d,methodology_explanation,0.481
5c5e821bff5f4aea,source_navigation,0.8282
cacf423d58a3e8f4,methodology_explanation,0.8061
dfa36f911194f5d4,definition_clarification,0.7307
da34d0966ad94fbd,source_navigation,0.8965
ea121fae520411bb,definition_clarification,0.8344
f7ed461dc9cb1535,source_navigation,0.6961
649bedcae3e6756f,definition_clarification,0.2768
5408c5294ef31d01,methodology_explanation,0.5166
451c4313d13dce2e,definition_clarification,0.6523
533920b951d235bb,methodology_explanation,0.3432
ae2cb7adf7273675,source_navigation,0.3223
77181f4c8c317dbb,methodology_explanation,0.8332
0f3d8b6a8763e3b5,definition_clarification,0.8271
3cc26e18ec52c8ef,factual_retrieval,0.4397
9ce9ae1233baa308,definition_clarification,0.7525
33eedc768870aadc,methodology_explanation,0.8219
f24527ce69ce6235,definition_clarification,0.6282
cdc80dce84761cac,methodology_explanation,0.9228
1c252bd1da682291,source_navigation,0.9452
e3544dabf676b848,source_navigation,0.4919
de8308f792c01835,definition_clarification,0.756
f0663edb1a5552d8,methodology_explanation,0.8205
dbcca08c2d6a135d,source_navigation,0.9412
cc193efd48b8dce1,source_navigation,0.6705
15382f2444a175d6,definition_clarification,0.8443
4968534422c2448e,methodology_explanation,0.7985
c8cfb19a5bc6cd14,definition_clarification,0.8802
37a0084ec352551e,methodology_explanation,0.652
4c7a91480f3b9b7b,source_navigation,0.5231
bca55ed0a078f37a,definition_clarification,0.7294
211aacfc10864011,methodology_explanation,0.7463
5d19f2f4be6f9123,source_navigation,0.5786
b6608813312594e9,definition_clarification,0.8386
18e809d8311292ae,definition_clarification,0.8048
21e068fe99b8e7f9,methodology_explanation,0.8777
4cf078f586463685,definition_clarification,0.5633
2e4ef198fa1f0063,methodology_explanation,0.4646
d83c07f82fd8e5cf,source_navigation,0.6461
8f696c2a8e6313d0,definition_clarification,0.2764
5056eb4a0a3ff3b7,methodology_explanation,0.6573
8ea1992e90e2b4e5,source_navigation,0.7127
f571a55daa3dcf53,factual_retrieval,0.9032
907c7535270d218a,source_navigation,0.9179
ecf1310b095cee7f,definition_clarification,0.7569
302781e52bcf4290,definition_clarification,0.7356
eb4139988f548db9,methodology_explanation,0.7529
fc54f96b5fdf3cab,factual_retrieval,0.8073
e39cf0e83587be14,source_navigation,0.8753
d99ea797fbf6b57e,methodology_explanation,0.6461
8322647e3929258c,definition_clarification,0.8001
ec8741766ea0aeb1,source_navigation,0.5413
52691cf22cc2f9f6,definition_clarification,0.8229
104c849d21dee062,methodology_explanation,0.8625
184a9fc0fe2c6b04,definition_clarification,0.7095
b6e11fbd9863e864,causal_reasoning,0.6545
96516a2cc8cb6690,causal_reasoning,0.8513
99a01ba7a9ec173c,source_navigation,0.8717
001d604c25ec4438,methodology_explanation,0.7352
341c0e409747412b,methodology_explanation,0.7309
60348c38b6b96349,source_navigation,0.6023
2493a89815cc375e,source_navigation,0.8901
e65343d14fe779ba,definition_clarification,0.8389
02bf71e02eb7f815,definition_clarification,0.7811
56c54473505711f2,causal_reasoning,0.6214
05eeea8db4385277,trend_interpretation,0.7869
575966b51d7bd1bb,source_navigation,0.4918
a7860360a70f4afa,definition_clarification,0.8101
9942eef42d1c8154,methodology_explanation,0.9186
a1ccdf95dbb003fc,definition_clarification,0.8429
63385f213704d3f9,source_navigation,0.9348
7835652198a1dd0e,source_navigation,0.9031
fb70a2662abf5611,methodology_explanation,0.8259
ee8c6abf4c034419,definition_clarification,0.6259
99c8b0e2701afb2c,definition_clarification,0.8775
597f8569f28063fe,methodology_explanation,0.8126
74373999f16c1e86,source_navigation,0.8773
a310d244467c85da,source_navigation,0.771
2211da5ae6fdcbf3,methodology_explanation,0.7771
788eb555eb70acbd,definition_clarification,0.8703
749173181f49f76d,methodology_explanation,0.8188
c9920da40689c2d8,source_navigation,0.7546
df46c8f8f2578e27,definition_clarification,0.7711
a6ec9ec19c282d2b,definition_clarification,0.7374
d7c2459b811f9669,methodology_explanation,0.8186
c102cb1cf4e8dd97,source_navigation,0.5457
891eb15ae7a2d2dd,definition_clarification,0.7469
d447b1ad99caf683,definition_clarification,0.6883
10705cb06e60cde2,methodology_explanation,0.6974
8060dd9b364fb5e5,definition_clarification,0.8227
aebb7602008c667a,methodology_explanation,0.7781
ebacda32571fa24b,definition_clarification,0.5915
c3a18fbf50a5e843,methodology_explanation,0.8431
be1d8868d2e6e9ca,source_navigation,0.3506
329399efae47bc44,source_navigation,0.6161
19a915049c993942,definition_clarification,0.7711
ea759d00b7f86f06,definition_clarification,0.4528
500835837efcac1d,methodology_explanation,0.814
1d4d7f2b7ab0c1de,methodology_explanation,0.7741
ffc8f50e4f7ab6d8,methodology_explanation,0.7328
cd5673e03d5f0e4f,factual_retrieval,0.4449
2d00563c99a9fdc6,source_navigation,0.8134
d89fa79cb54e1a26,causal_reasoning,0.7777
165ad3847cca8ab5,source_navigation,0.8463
18be19038c1b471e,source_navigation,0.8352
98a2f1f92e3f3dad,definition_clarification,0.8514
4c7b14b7ee8fa287,methodology_explanation,0.7344
e7049b094d0c3f28,definition_clarification,0.7284
a124641164347435,source_navigation,0.5415
c4113d10401b87ad,definition_clarification,0.6493
adeddf74ad3f3402,methodology_explanation,0.7369
8142319923a5ff9d,methodology_explanation,0.7717
94a5c917ffa06316,methodology_explanation,0.8625
7df7216c6779e32e,definition_clarification,0.5714
2eb96b60762d3c7a,source_navigation,0.683
d96eba582978e0ba,source_navigation,0.4743
53185321908d6caf,definition_clarification,0.7752
80502bd26825869b,methodology_explanation,0.6782
cf37ab76ec476d55,definition_clarification,0.7789
1f85903bec0ef69e,methodology_explanation,0.53
ea13e8e94a9a003e,source_navigation,0.943
8dcc89f5cea9b195,methodology_explanation,0.7677
b59b4f643f9dc9ae,methodology_explanation,0.8886
07673e87306b6c81,source_navigation,0.3755
4d9dd550136af411,methodology_explanation,0.6583
dd8484f07f6136e9,source_navigation,0.8797
c106545b924a9668,source_navigation,0.7932
5e2a6f766d005806,definition_clarification,0.8079
f23a3f7b6410f254,methodology_explanation,0.8145
6f6850e33f26006f,source_navigation,0.3992
b8c2452cc48f1960,source_navigation,0.6758
20b2fdaf67ae5a66,definition_clarification,0.5648
b4fba342dcbf818b,methodology_explanation,0.7845
5053ddd191ec9e8e,definition_clarification,0.8145
e969819a978665bf,source_navigation,0.5426
9b88235bf5c8380c,methodology_explanation,0.7181
564ce00af1cc4119,definition_clarification,0.4282
756babf3f5d35d19,methodology_explanation,0.2868
b54356d6b79546e3,definition_clarification,0.3375
a152e74fc4ae60fc,source_navigation,0.9335
cbf1523fdea8a5da,definition_clarification,0.6085
3e1122c3da049f67,methodology_explanation,0.86
d1f5273aa6954dcf,definition_clarification,0.8169
31922b2e2ff25cd7,source_navigation,0.9335
3eb474c4e02b5134,methodology_explanation,0.7013
ecee94930b5173d6,methodology_explanation,0.8443
5d9bce1d8efc6ae1,definition_clarification,0.8498
cea88a0eb2cbfd44,source_navigation,0.4085
c232ea9b1098ff73,methodology_explanation,0.8433
c3c96e164fd19b36,definition_clarification,0.7859
c7c1b1fd63a0fe3d,source_navigation,0.4077
77a32085a64ff78f,source_navigation,0.388
79c6c56a1b2825c9,definition_clarification,0.7024
a3de3e7e43890686,definition_clarification,0.704
68a4b85393777a1b,source_navigation,0.7621
9438d60983d949e9,methodology_explanation,0.8125
26bc8bf6eaac1ee1,methodology_explanation,0.9569
6f54e4a49393374d,source_navigation,0.5559
02fbee34e5fcfbc4,methodology_explanation,0.5771
9bcfa3606bbb263b,definition_clarification,0.7326
33f35c770ffb565c,methodology_explanation,0.7391
c41edfb76d036f36,source_navigation,0.9097
7113381b41b881ec,source_navigation,0.8458
625cb4b600f3cec7,definition_clarification,0.8192
34f606fb0dbcc7d7,definition_clarification,0.7671
6f7fbf5e7c2ac526,definition_clarification,0.775
8200ad4be9abd23f,methodology_explanation,0.7898
632f09f9a7f4ec5a,methodology_explanation,0.7977
c6abe47ceb3ffee3,source_navigation,0.4733
34af44eb95b5ab7b,source_navigation,0.5713
2009e813b2a61933,definition_clarification,0.4698
9c1373c9bc523790,methodology_explanation,0.6125
91c01600d6781f49,definition_clarification,0.5779
f8d4a4a8d475284c,methodology_explanation,0.6967
e594fd78c69e1e9e,source_navigation,0.8736
780cc6699db4ef2f,factual_retrieval,0.8166
d9b195f8c085378a,factual_retrieval,0.3975
ec112508d56e0f35,definition_clarification,0.9006
d675ff7e6d26277c,methodology_explanation,0.7802
e25cd71abbca80ae,definition_clarification,0.6618
6e620c266ec5f5db,source_navigation,0.8916
5460cd98176b4bf3,source_navigation,0.7033
9cfd586e299b7ec6,source_navigation,0.7858
62279d70089c0432,definition_clarification,0.7472
ff81e966027a4010,definition_clarification,0.8317
e0a62b08702c1f6d,causal_reasoning,0.3166
d0bf226dcdf09d69,source_navigation,0.9488
949eb0d030dc322f,factual_retrieval,0.7804
e816c99ea5ee3857,factual_retrieval,0.8898
3a1b99359b0f618e,methodology_explanation,0.8502
4cb29102b325ba1d,definition_clarification,0.8333
236e202fee06d26f,methodology_explanation,0.7949
411b420b038bf12c,source_navigation,0.8135
9b65ebaa5b70bacd,source_navigation,0.8545
03460d992d3fd3a0,methodology_explanation,0.7741
3f25cc3863855ead,definition_clarification,0.8597
94755286a0fca43d,source_navigation,0.364
c97c2a058036c218,source_navigation,0.7746
8cd8d58ada3ab310,methodology_explanation,0.7844
0cdb85c101aa75f7,source_navigation,0.4013
ef5250afa5541341,methodology_explanation,0.8034
d988a79c5178bd4f,methodology_explanation,0.6276
06e00ee2e7af2ca0,definition_clarification,0.7086
bb55f3a3d0acc29f,source_navigation,0.4643
9ede06ff61da46ac,definition_clarification,0.7218
5a7b5e942bef6a0f,definition_clarification,0.6936
b53b3b986c13070b,source_navigation,0.7042
01606a8d7a7558d9,definition_clarification,0.6478
bf2dde34eff106e7,definition_clarification,0.7265
eaaf2f7d475a6abe,source_navigation,0.4599
08de2a413eb98b72,source_navigation,0.8347
ee05ee03f80d93cd,definition_clarification,0.7505
e1a97c9bffb9dd1e,methodology_explanation,0.6784
f1f2e64497c5a0ea,source_navigation,0.8055
35fd449263ef160a,definition_clarification,0.5485
dbe4e11bad5a4a9a,methodology_explanation,0.6356
ade58d0591de695e,source_navigation,0.887
d8df96839c66405c,factual_retrieval,0.2146
a44d0709696f0afa,definition_clarification,0.7373
946b75c0936e4f4f,definition_clarification,0.6847
dfc5f79430fec655,methodology_explanation,0.776
418cf2dfa1934c39,source_navigation,0.6456
cc2f2aa54ff92f3f,source_navigation,0.6198
56cd1e28dc82193d,methodology_explanation,0.7218
b72f49e748d1f8a5,definition_clarification,0.5915
75f8bff5062971c3,methodology_explanation,0.425
d05a70f580362421,definition_clarification,0.6741
70b9a0935546e905,definition_clarification,0.7689
7de4e312483cada3,source_navigation,0.392
d3a2e60b994296f1,source_navigation,0.8498
02611123687d04b9,definition_clarification,0.6718
77cdafc6d2d512f3,methodology_explanation,0.5969
aac5b6f426f466cb,methodology_explanation,0.4623
3ad8b836abe6034e,source_navigation,0.7629
f516b069557208db,definition_clarification,0.9114
c759273787256f1d,causal_reasoning,0.7632
76c14f7e3ac3da8b,source_navigation,0.9446
d2a4b4f24ec48324,source_navigation,0.9299
6fce207783c9be4c,definition_clarification,0.6237
dc3bc4a13652f311,methodology_explanation,0.7963
120bdce8df39bb9a,source_navigation,0.8462
56353057a9ce01be,definition_clarification,0.7376
77217e1019771923,methodology_explanation,0.8917
e24d6430ab57b117,methodology_explanation,0.6878
8a5d623a3410b9d7,definition_clarification,0.7181
befb68a7496bfaf3,source_navigation,0.5317
23322eb6e91fbb82,methodology_explanation,0.3491
b998b8112cd149e5,definition_clarification,0.64
2c19209db0c07605,methodology_explanation,0.8055
2150c87f1cbf0482,factual_retrieval,0.7867
f8c23ca06ded4d09,source_navigation,0.5449
e6d42bd409b227a0,factual_retrieval,0.4672
de3ecb54bdc90df8,definition_clarification,0.7525
625e440bcc79aee3,methodology_explanation,0.845
95028a1471c9db28,definition_clarification,0.7459
4dd0c8adf602eb1f,methodology_explanation,0.8617
dde346e77cf159da,source_navigation,0.5111
105edf661b476f84,methodology_explanation,0.9004
fa4a5eba8d18df3e,definition_clarification,0.7756
dc6e4a0b7d03b1d4,methodology_explanation,0.759
ab41f2f646d48350,factual_retrieval,0.7652
c73ea2e617eabc70,source_navigation,0.7821
b6badad43396c4cf,factual_retrieval,0.399
d5f6975b4d8250d8,definition_clarification,0.7696
bc83011f1ed21bfe,methodology_explanation,0.6261
2e87bc37629ecd69,methodology_explanation,0.8417
0d342058e45b12fc,source_navigation,0.903
25b9497fd76babff,definition_clarification,0.6121
